State,District,Market,Commodity,Variety,Grade,Arrival_Date,Min_Price,Max_Price,Modal_Price,Is_Outlier
Maharashtra,Kolhapur,Kolhapur,Onion,Local,FAQ,2025-12-04,1993.0,2212.0,2110.0,False
Maharashtra,Kolhapur,Kolhapur,Onion,Local,FAQ,2025-12-05,2013.0,2237.0,2099.0,False
Maharashtra,Kolhapur,Kolhapur,Onion,Local,FAQ,2025-12-06,2035.0,2217.0,2129.0,False
Maharashtra,Kolhapur,Kolhapur,Onion,Local,FAQ,2025-12-07,2023.0,2199.0,2119.0,False
Maharashtra,Kolhapur,Kolhapur,Onion,Local,FAQ,2025-12-09,2074.0,2266.0,2162.0,False
Maharashtra,Kolhapur,Kolhapur,Onion,Local,FAQ,2025-12-10,2105.0,2311.0,2167.0,False
Maharashtra,Kolhapur,Kolhapur,Onion,Local,FAQ,2025-12-11,2074.0,2270.0,2187.0,False
Maharashtra,Kolhapur,Kolhapur,Onion,Local,FAQ,2025-12-12,2083.0,2298.0,2195.0,False
Maharashtra,Kolhapur,Kolhapur,Onion,Local,FAQ,2025-12-13,2046.0,2314.0,2185.0,False
Maharashtra,Kolhapur,Kolhapur,Onion,Local,FAQ,2025-12-14,2098.0,2297.0,2173.0,False
Maharashtra,Kolhapur,Kolhapur,Onion,Local,FAQ,2025-12-15,2099.0,2259.0,2152.0,False
Maharashtra,Kolhapur,Kolhapur,Onion,Local,FAQ,2025-12-16,2080.0,2296.0,2164.0,False
Maharashtra,Kolhapur,Kolhapur,Onion,Local,FAQ,2025-12-17,2111.0,2307.0,2172.0,False
Maharashtra,Kolhapur,Kolhapur,Onion,Local,FAQ,2025-12-18,2036.0,2231.0,2166.0,False
Maharashtra,Kolhapur,Kolhapur,Onion,Local,FAQ,2025-12-19,2068.0,2263.0,2141.0,False
Maharashtra,Kolhapur,Kolhapur,Onion,Local,FAQ,2025-12-20,2044.0,2267.0,2163.0,False
Maharashtra,Kolhapur,Kolhapur,Onion,Local,FAQ,2025-12-21,2122.0,2282.0,2197.0,False
Maharashtra,Kolhapur,Kolhapur,Onion,Local,FAQ,2025-12-22,2056.0,2297.0,2152.0,False
Maharashtra,Kolhapur,Kolhapur,Onion,Local,FAQ,2025-12-23,2125.0,2299.0,2190.0,False
Maharashtra,Kolhapur,Kolhapur,Onion,Local,FAQ,2025-12-24,2199.0,2388.0,2251.0,False
Maharashtra,Kolhapur,Kolhapur,Onion,Local,FAQ,2025-12-25,2111.0,2361.0,2254.0,False
Maharashtra,Kolhapur,Kolhapur,Onion,Local,FAQ,2025-12-26,2145.0,2331.0,2266.0,False
Maharashtra,Kolhapur,Kolhapur,Onion,Local,FAQ,2025-12-27,2164.0,2383.0,2272.0,False
Maharashtra,Kolhapur,Kolhapur,Onion,Local,FAQ,2025-12-28,2169.0,2455.0,2312.0,False
Maharashtra,Kolhapur,Kolhapur,Onion,Local,FAQ,2025-12-29,2204.0,2360.0,2299.0,False
Maharashtra,Kolhapur,Kolhapur,Onion,Local,FAQ,2025-12-30,2191.0,2390.0,2300.0,False
Maharashtra,Kolhapur,Kolhapur,Onion,Local,FAQ,2025-12-31,2273.0,2412.0,2328.0,False
Maharashtra,Kolhapur,Kolhapur,Onion,Local,FAQ,2026-01-01,2198.0,2444.0,2302.0,False
Maharashtra,Kolhapur,Kolhapur,Onion,Local,FAQ,2026-01-02,2176.0,2346.0,2261.0,False
Maharashtra,Kolhapur,Kolhapur,Onion,Local,FAQ,2026-01-03,2180.0,2347.0,2252.0,False
Maharashtra,Kolhapur,Kolhapur,Onion,Local,FAQ,2026-01-04,2230.0,2362.0,2294.0,False
Maharashtra,Kolhapur,Kolhapur,Onion,Local,FAQ,2026-01-05,2086.0,2313.0,2227.0,False
Maharashtra,Kolhapur,Kolhapur,Onion,Local,FAQ,2026-01-06,2117.0,2338.0,2225.0,False
Maharashtra,Kolhapur,Kolhapur,Onion,Local,FAQ,2026-01-08,2091.0,2301.0,2191.0,False
Maharashtra,Kolhapur,Kolhapur,Onion,Local,FAQ,2026-01-09,2120.0,2331.0,2191.0,False
Maharashtra,Kolhapur,Kolhapur,Onion,Local,FAQ,2026-01-10,2120.0,2260.0,2191.0,False
Maharashtra,Kolhapur,Kolhapur,Onion,Local,FAQ,2026-01-11,2084.0,2247.0,2190.0,False
Maharashtra,Kolhapur,Kolhapur,Onion,Local,FAQ,2026-01-12,2048.0,2271.0,2176.0,False
Maharashtra,Kolhapur,Kolhapur,Onion,Local,FAQ,2026-01-13,2020.0,2216.0,2110.0,False
Maharashtra,Kolhapur,Kolhapur,Onion,Local,FAQ,2026-01-14,2071.0,2205.0,2137.0,False
Maharashtra,Kolhapur,Kolhapur,Onion,Local,FAQ,2026-01-15,1988.0,2193.0,2102.0,False
Maharashtra,Kolhapur,Kolhapur,Onion,Local,FAQ,2026-01-16,2030.0,2149.0,2083.0,False
Maharashtra,Kolhapur,Kolhapur,Onion,Local,FAQ,2026-01-17,2053.0,2178.0,2106.0,False
Maharashtra,Kolhapur,Kolhapur,Onion,Local,FAQ,2026-01-18,2065.0,2255.0,2138.0,False
Maharashtra,Kolhapur,Kolhapur,Onion,Local,FAQ,2026-01-19,2010.0,2199.0,2125.0,False
Maharashtra,Kolhapur,Kolhapur,Onion,Local,FAQ,2026-01-20,2077.0,2211.0,2137.0,False
Maharashtra,Kolhapur,Kolhapur,Onion,Local,FAQ,2026-01-21,2022.0,2245.0,2155.0,False
Maharashtra,Kolhapur,Kolhapur,Onion,Local,FAQ,2026-01-22,2049.0,2236.0,2166.0,False
Maharashtra,Kolhapur,Kolhapur,Onion,Local,FAQ,2026-01-23,2130.0,2240.0,2181.0,False
Maharashtra,Kolhapur,Kolhapur,Onion,Local,FAQ,2026-01-24,2102.0,2226.0,2173.0,False
Maharashtra,Kolhapur,Kolhapur,Onion,Local,FAQ,2026-01-25,2089.0,2320.0,2181.0,False
Maharashtra,Kolhapur,Kolhapur,Onion,Local,FAQ,2026-01-26,2018.0,2234.0,2150.0,False
Maharashtra,Kolhapur,Kolhapur,Onion,Local,FAQ,2026-01-27,2023.0,2209.0,2132.0,False
Maharashtra,Kolhapur,Kolhapur,Onion,Local,FAQ,2026-01-28,1985.0,2188.0,2097.0,False
Maharashtra,Kolhapur,Kolhapur,Onion,Local,FAQ,2026-01-29,1966.0,2190.0,2045.0,False
Maharashtra,Kolhapur,Kolhapur,Onion,Local,FAQ,2026-01-30,1961.0,2151.0,2087.0,False
Maharashtra,Kolhapur,Kolhapur,Onion,Local,FAQ,2026-01-31,1947.0,2216.0,2086.0,False
Maharashtra,Kolhapur,Kolhapur,Onion,Local,FAQ,2026-02-01,2021.0,2166.0,2114.0,False
Maharashtra,Kolhapur,Kolhapur,Onion,Local,FAQ,2026-02-02,2009.0,2198.0,2122.0,False
Maharashtra,Kolhapur,Kolhapur,Onion,Local,FAQ,2026-02-03,2015.0,2212.0,2079.0,False
Maharashtra,Kolhapur,Kolhapur,Onion,Local,FAQ,2026-02-04,2012.0,2156.0,2079.0,False
Maharashtra,Kolhapur,Kolhapur,Onion,Local,FAQ,2026-02-05,2036.0,2229.0,2088.0,False
Maharashtra,Kolhapur,Kolhapur,Onion,Local,FAQ,2026-02-06,2016.0,2198.0,2093.0,False
Maharashtra,Kolhapur,Kolhapur,Onion,Local,FAQ,2026-02-07,1954.0,2202.0,2069.0,False
Maharashtra,Kolhapur,Kolhapur,Onion,Local,FAQ,2026-02-08,1965.0,2192.0,2075.0,False
Maharashtra,Kolhapur,Kolhapur,Onion,Local,FAQ,2026-02-09,2032.0,2241.0,2100.0,False
Maharashtra,Kolhapur,Kolhapur,Onion,Local,FAQ,2026-02-10,1952.0,2109.0,2054.0,False
Maharashtra,Kolhapur,Kolhapur,Onion,Local,FAQ,2026-02-11,1955.0,2146.0,2022.0,False
Maharashtra,Kolhapur,Kolhapur,Onion,Local,FAQ,2026-02-12,1951.0,2115.0,2026.0,False
Maharashtra,Kolhapur,Kolhapur,Onion,Local,FAQ,2026-02-13,1928.0,2093.0,2007.0,False
Maharashtra,Kolhapur,Kolhapur,Onion,Local,FAQ,2026-02-14,1876.0,2081.0,1983.0,False
Maharashtra,Kolhapur,Kolhapur,Onion,Local,FAQ,2026-02-15,1893.0,2153.0,2009.0,False
Maharashtra,Kolhapur,Kolhapur,Onion,Local,FAQ,2026-02-16,1935.0,2064.0,1988.0,False
Maharashtra,Kolhapur,Kolhapur,Onion,Local,FAQ,2026-02-17,1895.0,2060.0,2005.0,False
Maharashtra,Kolhapur,Kolhapur,Onion,Local,FAQ,2026-02-18,1986.0,2196.0,2069.0,False
Maharashtra,Kolhapur,Kolhapur,Onion,Local,FAQ,2026-02-19,2006.0,2125.0,2067.0,False
Maharashtra,Kolhapur,Kolhapur,Onion,Local,FAQ,2026-02-20,1947.0,2159.0,2066.0,False
Maharashtra,Kolhapur,Kolhapur,Onion,Local,FAQ,2026-02-21,2035.0,2242.0,2110.0,False
Maharashtra,Kolhapur,Kolhapur,Onion,Local,FAQ,2026-02-22,2049.0,2235.0,2126.0,False
Maharashtra,Kolhapur,Kolhapur,Onion,Local,FAQ,2026-02-23,2064.0,2209.0,2150.0,False
Maharashtra,Kolhapur,Kolhapur,Onion,Local,FAQ,2026-02-24,2080.0,2253.0,2149.0,False
Maharashtra,Kolhapur,Kolhapur,Onion,Local,FAQ,2026-02-25,2027.0,2287.0,2164.0,False
Maharashtra,Kolhapur,Kolhapur,Onion,Local,FAQ,2026-02-26,2059.0,2313.0,2178.0,False
Maharashtra,Kolhapur,Kolhapur,Onion,Local,FAQ,2026-02-27,2130.0,2304.0,2205.0,False
Maharashtra,Kolhapur,Kolhapur,Onion,Local,FAQ,2026-02-28,2148.0,2323.0,2216.0,False
Maharashtra,Kolhapur,Kolhapur,Onion,Local,FAQ,2026-03-01,2079.0,2274.0,2221.0,False
Maharashtra,Kolhapur,Kolhapur,Onion,Local,FAQ,2026-03-02,2052.0,2341.0,2194.0,False
Maharashtra,Kolhapur,Kolhapur,Onion,Local,FAQ,2026-03-03,2076.0,2317.0,2220.0,False
Maharashtra,Kolhapur,Kolhapur,Onion,Local,FAQ,2026-03-04,2139.0,2354.0,2221.0,False
Maharashtra,Kolhapur,Kolhapur,Onion,Local,FAQ,2026-03-05,2168.0,2332.0,2222.0,False
Maharashtra,Kolhapur,Kolhapur,Onion,Local,FAQ,2026-03-06,2153.0,2331.0,2211.0,False
Maharashtra,Kolhapur,Kolhapur,Onion,Local,FAQ,2026-03-07,2119.0,2325.0,2203.0,False
Maharashtra,Kolhapur,Kolhapur,Onion,Local,FAQ,2026-03-08,2095.0,2328.0,2199.0,False
Maharashtra,Kolhapur,Kolhapur,Onion,Local,FAQ,2026-03-09,2106.0,2301.0,2188.0,False
Maharashtra,Kolhapur,Kolhapur,Onion,Local,FAQ,2026-03-10,2121.0,2246.0,2194.0,False
Maharashtra,Kolhapur,Kolhapur,Onion,Local,FAQ,2026-03-12,2075.0,2349.0,2219.0,False
Maharashtra,Kolhapur,Kolhapur,Onion,Local,FAQ,2026-03-13,2095.0,2330.0,2245.0,False
Maharashtra,Kolhapur,Kolhapur,Onion,Local,FAQ,2026-03-14,2134.0,2345.0,2232.0,False
Maharashtra,Kolhapur,Kolhapur,Onion,Local,FAQ,2026-03-15,2130.0,2415.0,2267.0,False
Maharashtra,Kolhapur,Kolhapur,Onion,Local,FAQ,2026-03-16,2164.0,2380.0,2256.0,False
Maharashtra,Kolhapur,Kolhapur,Onion,Local,FAQ,2026-03-17,2219.0,2354.0,2293.0,False
Maharashtra,Kolhapur,Kolhapur,Onion,Local,FAQ,2026-03-18,2179.0,2332.0,2259.0,False
Maharashtra,Kolhapur,Kolhapur,Onion,Local,FAQ,2026-03-19,2182.0,2288.0,2236.0,False
Maharashtra,Kolhapur,Kolhapur,Onion,Local,FAQ,2026-03-20,2147.0,2353.0,2235.0,False
Maharashtra,Kolhapur,Kolhapur,Onion,Local,FAQ,2026-03-21,2169.0,2386.0,2241.0,False
Maharashtra,Kolhapur,Kolhapur,Onion,Local,FAQ,2026-03-22,2122.0,2363.0,2266.0,False
Maharashtra,Kolhapur,Kolhapur,Onion,Local,FAQ,2026-03-23,2149.0,2327.0,2260.0,False
Maharashtra,Kolhapur,Kolhapur,Onion,Local,FAQ,2026-03-24,2153.0,2365.0,2264.0,False
Maharashtra,Kolhapur,Kolhapur,Onion,Local,FAQ,2026-03-25,2204.0,2345.0,2277.0,False
Maharashtra,Kolhapur,Kolhapur,Onion,Local,FAQ,2026-03-26,2133.0,2346.0,2261.0,False
Maharashtra,Kolhapur,Kolhapur,Onion,Local,FAQ,2026-03-27,2191.0,2394.0,2247.0,False
Maharashtra,Kolhapur,Kolhapur,Onion,Local,FAQ,2026-03-28,2163.0,2348.0,2283.0,False
Maharashtra,Kolhapur,Kolhapur,Onion,Local,FAQ,2026-03-29,2137.0,2341.0,2269.0,False
Maharashtra,Kolhapur,Kolhapur,Onion,Local,FAQ,2026-03-30,2165.0,2382.0,2274.0,False
Maharashtra,Kolhapur,Kolhapur,Onion,Local,FAQ,2026-03-31,2177.0,2374.0,2236.0,False
Maharashtra,Kolhapur,Kolhapur,Onion,Local,FAQ,2026-04-01,2081.0,2366.0,2220.0,False
Maharashtra,Kolhapur,Kolhapur,Onion,Local,FAQ,2026-04-02,2075.0,2342.0,2211.0,False
Maharashtra,Kolhapur,Kolhapur,Onion,Local,FAQ,2026-04-03,2168.0,2318.0,2227.0,False
Maharashtra,Kolhapur,Kolhapur,Onion,Local,FAQ,2026-04-04,2190.0,2353.0,2277.0,False
Maharashtra,Kolhapur,Kolhapur,Onion,Local,FAQ,2026-04-05,2219.0,2349.0,2277.0,False
Maharashtra,Kolhapur,Kolhapur,Onion,Local,FAQ,2026-04-06,2203.0,2379.0,2321.0,False
Maharashtra,Kolhapur,Kolhapur,Onion,Local,FAQ,2026-04-07,2223.0,2430.0,2321.0,False
Maharashtra,Kolhapur,Kolhapur,Onion,Local,FAQ,2026-04-08,2219.0,2436.0,2351.0,False
Maharashtra,Kolhapur,Kolhapur,Onion,Local,FAQ,2026-04-09,2291.0,2506.0,2368.0,False
Maharashtra,Kolhapur,Kolhapur,Onion,Local,FAQ,2026-04-10,2284.0,2530.0,2414.0,False
Maharashtra,Kolhapur,Kolhapur,Onion,Local,FAQ,2026-04-11,2315.0,2553.0,2435.0,False
Maharashtra,Kolhapur,Kolhapur,Onion,Local,FAQ,2026-04-12,2335.0,2572.0,2447.0,False
Maharashtra,Kolhapur,Kolhapur,Onion,Local,FAQ,2026-04-13,2359.0,2567.0,2443.0,False
Maharashtra,Kolhapur,Kolhapur,Onion,Local,FAQ,2026-04-14,2381.0,2579.0,2447.0,False
Maharashtra,Kolhapur,Kolhapur,Onion,Local,FAQ,2026-04-15,2396.0,2526.0,2447.0,False
Maharashtra,Kolhapur,Kolhapur,Onion,Local,FAQ,2026-04-16,2367.0,2627.0,2479.0,False
Maharashtra,Kolhapur,Kolhapur,Onion,Local,FAQ,2026-04-17,2332.0,2549.0,2445.0,False
Maharashtra,Kolhapur,Kolhapur,Onion,Local,FAQ,2026-04-18,2336.0,2525.0,2464.0,False
Maharashtra,Kolhapur,Kolhapur,Onion,Local,FAQ,2026-04-19,2324.0,2554.0,2470.0,False
Maharashtra,Kolhapur,Kolhapur,Onion,Local,FAQ,2026-04-20,2397.0,2653.0,2510.0,False
Maharashtra,Kolhapur,Kolhapur,Onion,Local,FAQ,2026-04-21,2419.0,2620.0,2499.0,False
Maharashtra,Kolhapur,Kolhapur,Onion,Local,FAQ,2026-04-22,2446.0,2611.0,2503.0,False
Maharashtra,Kolhapur,Kolhapur,Onion,Local,FAQ,2026-04-23,2478.0,2670.0,2533.0,False
Maharashtra,Kolhapur,Kolhapur,Onion,Local,FAQ,2026-04-24,2348.0,2642.0,2495.0,False
Maharashtra,Kolhapur,Kolhapur,Onion,Local,FAQ,2026-04-25,2355.0,2533.0,2481.0,False
Maharashtra,Kolhapur,Kolhapur,Onion,Local,FAQ,2026-04-26,2439.0,2573.0,2491.0,False
Maharashtra,Kolhapur,Kolhapur,Onion,Local,FAQ,2026-04-27,2412.0,2625.0,2530.0,False
Maharashtra,Kolhapur,Kolhapur,Onion,Local,FAQ,2026-04-28,2451.0,2678.0,2528.0,False
Maharashtra,Kolhapur,Kolhapur,Onion,Local,FAQ,2026-04-29,2426.0,2621.0,2492.0,False
Maharashtra,Kolhapur,Kolhapur,Onion,Local,FAQ,2026-04-30,2318.0,2509.0,2437.0,False
Maharashtra,Kolhapur,Kolhapur,Onion,Local,FAQ,2026-05-01,2328.0,2520.0,2443.0,False
Maharashtra,Kolhapur,Kolhapur,Onion,Local,FAQ,2026-05-02,2284.0,2494.0,2429.0,False
Maharashtra,Kolhapur,Kolhapur,Onion,Local,FAQ,2026-05-03,2353.0,2559.0,2445.0,False
Maharashtra,Kolhapur,Kolhapur,Onion,Local,FAQ,2026-05-04,2353.0,2520.0,2443.0,False
Maharashtra,Kolhapur,Kolhapur,Onion,Local,FAQ,2026-05-05,2303.0,2515.0,2442.0,False
Maharashtra,Kolhapur,Kolhapur,Onion,Local,FAQ,2026-05-06,2377.0,2501.0,2448.0,False
Maharashtra,Kolhapur,Kolhapur,Onion,Local,FAQ,2026-05-07,2280.0,2513.0,2416.0,False
Maharashtra,Kolhapur,Kolhapur,Onion,Local,FAQ,2026-05-08,2305.0,2521.0,2452.0,False
Maharashtra,Kolhapur,Kolhapur,Onion,Local,FAQ,2026-05-09,2334.0,2595.0,2461.0,False
Maharashtra,Kolhapur,Kolhapur,Onion,Local,FAQ,2026-05-10,2346.0,2585.0,2472.0,False
Maharashtra,Kolhapur,Kolhapur,Onion,Local,FAQ,2026-05-11,2347.0,2575.0,2477.0,False
Maharashtra,Kolhapur,Kolhapur,Onion,Local,FAQ,2026-05-12,2433.0,2558.0,2495.0,False
Maharashtra,Kolhapur,Kolhapur,Onion,Local,FAQ,2026-05-13,2408.0,2577.0,2478.0,False
Maharashtra,Kolhapur,Kolhapur,Onion,Local,FAQ,2026-05-14,2467.0,2631.0,2523.0,False
Maharashtra,Kolhapur,Kolhapur,Onion,Local,FAQ,2026-05-15,2463.0,2640.0,2544.0,False
Maharashtra,Kolhapur,Kolhapur,Onion,Local,FAQ,2026-05-16,2477.0,2585.0,2528.0,False
Maharashtra,Kolhapur,Kolhapur,Onion,Local,FAQ,2026-05-17,2407.0,2596.0,2517.0,False
Maharashtra,Kolhapur,Kolhapur,Onion,Local,FAQ,2026-05-18,2337.0,2592.0,2456.0,False
Maharashtra,Kolhapur,Kolhapur,Onion,Local,FAQ,2026-05-19,2358.0,2581.0,2432.0,False
Maharashtra,Kolhapur,Kolhapur,Onion,Local,FAQ,2026-05-20,2367.0,2531.0,2431.0,False
Maharashtra,Kolhapur,Kolhapur,Onion,Local,FAQ,2026-05-21,2362.0,2519.0,2468.0,False
Maharashtra,Kolhapur,Kolhapur,Onion,Local,FAQ,2026-05-22,2407.0,2592.0,2490.0,False
Maharashtra,Kolhapur,Kolhapur,Onion,Local,FAQ,2026-05-23,2431.0,2542.0,2484.0,False
Maharashtra,Kolhapur,Kolhapur,Onion,Local,FAQ,2026-05-24,2377.0,2530.0,2467.0,False
Maharashtra,Kolhapur,Kolhapur,Onion,Local,FAQ,2026-05-25,2382.0,2582.0,2512.0,False
Maharashtra,Kolhapur,Kolhapur,Onion,Local,FAQ,2026-05-26,2461.0,2588.0,2528.0,False
Maharashtra,Kolhapur,Kolhapur,Onion,Local,FAQ,2026-05-27,2510.0,2707.0,2563.0,False
Maharashtra,Kolhapur,Kolhapur,Onion,Local,FAQ,2026-05-28,2531.0,2690.0,2586.0,False
Maharashtra,Kolhapur,Kolhapur,Onion,Local,FAQ,2026-05-29,2482.0,2733.0,2603.0,False
Maharashtra,Kolhapur,Kolhapur,Onion,Local,FAQ,2026-05-30,2529.0,2744.0,2613.0,False
Maharashtra,Kolhapur,Kolhapur,Onion,Local,FAQ,2026-05-31,2551.0,2760.0,2646.0,False
Maharashtra,Kolhapur,Kolhapur,Onion,Local,FAQ,2026-06-01,2548.0,2774.0,2651.0,False
Maharashtra,Kolhapur,Kolhapur,Onion,Local,FAQ,2026-06-02,2498.0,2707.0,2635.0,False
Maharashtra,Kolhapur,Kolhapur,Onion,Local,FAQ,2026-06-03,2475.0,2707.0,2623.0,False
Maharashtra,Kolhapur,Kolhapur,Onion,Local,FAQ,2026-06-04,2520.0,2736.0,2636.0,False
Maharashtra,Kolhapur,Kolhapur,Onion,Local,FAQ,2026-06-05,2516.0,2744.0,2622.0,False
Maharashtra,Kolhapur,Kolhapur,Onion,Local,FAQ,2026-06-06,2552.0,2740.0,2622.0,False
Maharashtra,Kolhapur,Kolhapur,Onion,Local,FAQ,2026-06-07,2568.0,2678.0,2625.0,False
Maharashtra,Kolhapur,Kolhapur,Onion,Local,FAQ,2026-06-08,2482.0,2742.0,2619.0,False
Maharashtra,Kolhapur,Kolhapur,Onion,Local,FAQ,2026-06-09,2453.0,2670.0,2577.0,False
Maharashtra,Kolhapur,Kolhapur,Onion,Local,FAQ,2026-06-10,2398.0,2601.0,2547.0,False
Maharashtra,Kolhapur,Kolhapur,Onion,Local,FAQ,2026-06-11,2373.0,2618.0,2510.0,False
Maharashtra,Kolhapur,Kolhapur,Onion,Local,FAQ,2026-06-12,2453.0,2689.0,2552.0,False
Maharashtra,Kolhapur,Kolhapur,Onion,Local,FAQ,2026-06-13,2401.0,2633.0,2541.0,False
Maharashtra,Kolhapur,Kolhapur,Onion,Local,FAQ,2026-06-14,2416.0,2628.0,2557.0,False
Maharashtra,Kolhapur,Kolhapur,Onion,Local,FAQ,2026-06-15,2406.0,2631.0,2518.0,False
Maharashtra,Kolhapur,Kolhapur,Onion,Local,FAQ,2026-06-16,2380.0,2643.0,2502.0,False
Maharashtra,Kolhapur,Kolhapur,Onion,Local,FAQ,2026-06-17,2444.0,2586.0,2512.0,False
Maharashtra,Kolhapur,Kolhapur,Onion,Local,FAQ,2026-06-18,2436.0,2648.0,2511.0,False
Maharashtra,Kolhapur,Kolhapur,Onion,Local,FAQ,2026-06-19,2446.0,2642.0,2541.0,False
Maharashtra,Kolhapur,Kolhapur,Onion,Local,FAQ,2026-06-20,2503.0,2658.0,2569.0,False
Maharashtra,Kolhapur,Kolhapur,Onion,Local,FAQ,2026-06-21,2379.0,2602.0,2526.0,False
Maharashtra,Kolhapur,Kolhapur,Onion,Local,FAQ,2026-06-22,2366.0,2556.0,2493.0,False
Maharashtra,Kolhapur,Kolhapur,Onion,Local,FAQ,2026-06-23,2375.0,2617.0,2522.0,False
Maharashtra,Kolhapur,Kolhapur,Onion,Local,FAQ,2026-06-24,2440.0,2657.0,2524.0,False
Maharashtra,Kolhapur,Kolhapur,Onion,Local,FAQ,2026-06-25,2399.0,2567.0,2492.0,False
Maharashtra,Kolhapur,Kolhapur,Onion,Local,FAQ,2026-06-26,2463.0,2597.0,2530.0,False
Maharashtra,Kolhapur,Kolhapur,Onion,Local,FAQ,2026-06-27,2497.0,2675.0,2551.0,False
Maharashtra,Kolhapur,Kolhapur,Onion,Local,FAQ,2026-06-28,2409.0,2674.0,2543.0,False
Maharashtra,Kolhapur,Kolhapur,Onion,Local,FAQ,2026-06-29,2486.0,2732.0,2595.0,False
Maharashtra,Kolhapur,Kolhapur,Onion,Local,FAQ,2026-06-30,2511.0,2644.0,2588.0,False
Maharashtra,Kolhapur,Kolhapur,Onion,Local,FAQ,2026-07-01,2481.0,2728.0,2584.0,False
Maharashtra,Kolhapur,Kolhapur,Onion,Local,FAQ,2026-07-02,2520.0,2703.0,2602.0,False
Maharashtra,Kolhapur,Kolhapur,Onion,Local,FAQ,2026-07-03,2546.0,2665.0,2600.0,False
Maharashtra,Kolhapur,Kolhapur,Onion,Local,FAQ,2026-07-04,2528.0,2725.0,2623.0,False
Maharashtra,Kolhapur,Kolhapur,Onion,Local,FAQ,2026-07-05,2532.0,2748.0,2631.0,False
Maharashtra,Kolhapur,Kolhapur,Onion,Local,FAQ,2026-07-06,2589.0,2776.0,2659.0,False
Maharashtra,Kolhapur,Kolhapur,Onion,Local,FAQ,2026-07-07,2486.0,2692.0,2633.0,False
Maharashtra,Kolhapur,Kolhapur,Onion,Local,FAQ,2026-07-08,2480.0,2685.0,2617.0,False
Maharashtra,Kolhapur,Kolhapur,Onion,Local,FAQ,2026-07-09,2546.0,2799.0,2665.0,False
Maharashtra,Kolhapur,Kolhapur,Onion,Local,FAQ,2026-07-10,2569.0,2781.0,2669.0,False
Maharashtra,Kolhapur,Kolhapur,Onion,Local,FAQ,2026-07-11,2541.0,2785.0,2678.0,False
Maharashtra,Nashik,Nashik,Onion,Local,FAQ,2025-12-04,2352.0,2555.0,2417.0,False
Maharashtra,Nashik,Nashik,Onion,Local,FAQ,2025-12-05,2343.0,2525.0,2447.0,False
Maharashtra,Nashik,Nashik,Onion,Local,FAQ,2025-12-06,2371.0,2561.0,2434.0,False
Maharashtra,Nashik,Nashik,Onion,Local,FAQ,2025-12-07,2382.0,2524.0,2432.0,False
Maharashtra,Nashik,Nashik,Onion,Local,FAQ,2025-12-08,2268.0,2488.0,2415.0,False
Maharashtra,Nashik,Nashik,Onion,Local,FAQ,2025-12-10,2309.0,2568.0,2433.0,False
Maharashtra,Nashik,Nashik,Onion,Local,FAQ,2025-12-11,2312.0,2484.0,2404.0,False
Maharashtra,Nashik,Nashik,Onion,Local,FAQ,2025-12-12,2302.0,2502.0,2434.0,False
Maharashtra,Nashik,Nashik,Onion,Local,FAQ,2025-12-13,2323.0,2550.0,2410.0,False
Maharashtra,Nashik,Nashik,Onion,Local,FAQ,2025-12-14,2286.0,2511.0,2395.0,False
Maharashtra,Nashik,Nashik,Onion,Local,FAQ,2025-12-15,2372.0,2534.0,2430.0,False
Maharashtra,Nashik,Nashik,Onion,Local,FAQ,2025-12-16,2282.0,2518.0,2410.0,False
Maharashtra,Nashik,Nashik,Onion,Local,FAQ,2025-12-17,2278.0,2477.0,2423.0,False
Maharashtra,Nashik,Nashik,Onion,Local,FAQ,2025-12-18,2359.0,2560.0,2439.0,False
Maharashtra,Nashik,Nashik,Onion,Local,FAQ,2025-12-19,2275.0,2461.0,2401.0,False
Maharashtra,Nashik,Nashik,Onion,Local,FAQ,2025-12-20,2364.0,2594.0,2451.0,False
Maharashtra,Nashik,Nashik,Onion,Local,FAQ,2025-12-21,2396.0,2649.0,2529.0,False
Maharashtra,Nashik,Nashik,Onion,Local,FAQ,2025-12-22,2379.0,2640.0,2521.0,False
Maharashtra,Nashik,Nashik,Onion,Local,FAQ,2025-12-23,2443.0,2702.0,2566.0,False
Maharashtra,Nashik,Nashik,Onion,Local,FAQ,2025-12-24,2517.0,2672.0,2587.0,False
Maharashtra,Nashik,Nashik,Onion,Local,FAQ,2025-12-25,2487.0,2719.0,2571.0,False
Maharashtra,Nashik,Nashik,Onion,Local,FAQ,2025-12-26,2459.0,2688.0,2582.0,False
Maharashtra,Nashik,Nashik,Onion,Local,FAQ,2025-12-27,2457.0,2702.0,2602.0,False
Maharashtra,Nashik,Nashik,Onion,Local,FAQ,2025-12-28,2446.0,2698.0,2575.0,False
Maharashtra,Nashik,Nashik,Onion,Local,FAQ,2025-12-29,2477.0,2618.0,2565.0,False
Maharashtra,Nashik,Nashik,Onion,Local,FAQ,2025-12-30,2407.0,2659.0,2527.0,False
Maharashtra,Nashik,Nashik,Onion,Local,FAQ,2025-12-31,2413.0,2665.0,2518.0,False
Maharashtra,Nashik,Nashik,Onion,Local,FAQ,2026-01-01,2396.0,2654.0,2518.0,False
Maharashtra,Nashik,Nashik,Onion,Local,FAQ,2026-01-02,2434.0,2632.0,2502.0,False
Maharashtra,Nashik,Nashik,Onion,Local,FAQ,2026-01-03,2385.0,2585.0,2448.0,False
Maharashtra,Nashik,Nashik,Onion,Local,FAQ,2026-01-04,2409.0,2556.0,2475.0,False
Maharashtra,Nashik,Nashik,Onion,Local,FAQ,2026-01-05,2376.0,2623.0,2493.0,False
Maharashtra,Nashik,Nashik,Onion,Local,FAQ,2026-01-06,2408.0,2595.0,2483.0,False
Maharashtra,Nashik,Nashik,Onion,Local,FAQ,2026-01-07,2372.0,2564.0,2513.0,False
Maharashtra,Nashik,Nashik,Onion,Local,FAQ,2026-01-08,2403.0,2575.0,2520.0,False
Maharashtra,Nashik,Nashik,Onion,Local,FAQ,2026-01-09,2394.0,2560.0,2475.0,False
Maharashtra,Nashik,Nashik,Onion,Local,FAQ,2026-01-10,2373.0,2568.0,2485.0,False
Maharashtra,Nashik,Nashik,Onion,Local,FAQ,2026-01-11,2413.0,2598.0,2470.0,False
Maharashtra,Nashik,Nashik,Onion,Local,FAQ,2026-01-12,2429.0,2601.0,2508.0,False
Maharashtra,Nashik,Nashik,Onion,Local,FAQ,2026-01-13,2424.0,2567.0,2480.0,False
Maharashtra,Nashik,Nashik,Onion,Local,FAQ,2026-01-14,2367.0,2625.0,2511.0,False
Maharashtra,Nashik,Nashik,Onion,Local,FAQ,2026-01-15,2469.0,2631.0,2539.0,False
Maharashtra,Nashik,Nashik,Onion,Local,FAQ,2026-01-16,2450.0,2635.0,2575.0,False
Maharashtra,Nashik,Nashik,Onion,Local,FAQ,2026-01-17,2458.0,2699.0,2551.0,False
Maharashtra,Nashik,Nashik,Onion,Local,FAQ,2026-01-18,2470.0,2629.0,2527.0,False
Maharashtra,Nashik,Nashik,Onion,Local,FAQ,2026-01-19,2397.0,2641.0,2521.0,False
Maharashtra,Nashik,Nashik,Onion,Local,FAQ,2026-01-20,2406.0,2583.0,2498.0,False
Maharashtra,Nashik,Nashik,Onion,Local,FAQ,2026-01-21,2390.0,2559.0,2461.0,False
Maharashtra,Nashik,Nashik,Onion,Local,FAQ,2026-01-22,2368.0,2524.0,2445.0,False
Maharashtra,Nashik,Nashik,Onion,Local,FAQ,2026-01-23,2340.0,2508.0,2450.0,False
Maharashtra,Nashik,Nashik,Onion,Local,FAQ,2026-01-24,2394.0,2597.0,2452.0,False
Maharashtra,Nashik,Nashik,Onion,Local,FAQ,2026-01-25,2328.0,2550.0,2438.0,False
Maharashtra,Nashik,Nashik,Onion,Local,FAQ,2026-01-26,2316.0,2508.0,2431.0,False
Maharashtra,Nashik,Nashik,Onion,Local,FAQ,2026-01-27,2330.0,2562.0,2451.0,False
Maharashtra,Nashik,Nashik,Onion,Local,FAQ,2026-01-28,2342.0,2500.0,2423.0,False
Maharashtra,Nashik,Nashik,Onion,Local,FAQ,2026-01-29,2303.0,2509.0,2448.0,False
Maharashtra,Nashik,Nashik,Onion,Local,FAQ,2026-01-30,2390.0,2599.0,2455.0,False
Maharashtra,Nashik,Nashik,Onion,Local,FAQ,2026-01-31,2399.0,2578.0,2469.0,False
Maharashtra,Nashik,Nashik,Onion,Local,FAQ,2026-02-01,2357.0,2595.0,2477.0,False
Maharashtra,Nashik,Nashik,Onion,Local,FAQ,2026-02-02,2363.0,2546.0,2471.0,False
Maharashtra,Nashik,Nashik,Onion,Local,FAQ,2026-02-03,2375.0,2616.0,2470.0,False
Maharashtra,Nashik,Nashik,Onion,Local,FAQ,2026-02-04,2429.0,2615.0,2498.0,False
Maharashtra,Nashik,Nashik,Onion,Local,FAQ,2026-02-05,2342.0,2550.0,2490.0,False
Maharashtra,Nashik,Nashik,Onion,Local,FAQ,2026-02-06,2431.0,2615.0,2490.0,False
Maharashtra,Nashik,Nashik,Onion,Local,FAQ,2026-02-07,2344.0,2578.0,2485.0,False
Maharashtra,Nashik,Nashik,Onion,Local,FAQ,2026-02-08,2352.0,2525.0,2474.0,False
Maharashtra,Nashik,Nashik,Onion,Local,FAQ,2026-02-09,2325.0,2545.0,2434.0,False
Maharashtra,Nashik,Nashik,Onion,Local,FAQ,2026-02-10,2281.0,2461.0,2402.0,False
Maharashtra,Nashik,Nashik,Onion,Local,FAQ,2026-02-11,2349.0,2557.0,2419.0,False
Maharashtra,Nashik,Nashik,Onion,Local,FAQ,2026-02-12,2322.0,2474.0,2399.0,False
Maharashtra,Nashik,Nashik,Onion,Local,FAQ,2026-02-13,2326.0,2478.0,2382.0,False
Maharashtra,Nashik,Nashik,Onion,Local,FAQ,2026-02-14,2282.0,2457.0,2399.0,False
Maharashtra,Nashik,Nashik,Onion,Local,FAQ,2026-02-15,2291.0,2570.0,2436.0,False
Maharashtra,Nashik,Nashik,Onion,Local,FAQ,2026-02-16,2306.0,2553.0,2449.0,False
Maharashtra,Nashik,Nashik,Onion,Local,FAQ,2026-02-17,2391.0,2573.0,2461.0,False
Maharashtra,Nashik,Nashik,Onion,Local,FAQ,2026-02-18,2380.0,2539.0,2482.0,False
Maharashtra,Nashik,Nashik,Onion,Local,FAQ,2026-02-19,2418.0,2647.0,2505.0,False
Maharashtra,Nashik,Nashik,Onion,Local,FAQ,2026-02-20,2454.0,2618.0,2531.0,False
Maharashtra,Nashik,Nashik,Onion,Local,FAQ,2026-02-22,2472.0,2660.0,2585.0,False
Maharashtra,Nashik,Nashik,Onion,Local,FAQ,2026-02-23,2500.0,2714.0,2621.0,False
Maharashtra,Nashik,Nashik,Onion,Local,FAQ,2026-02-24,2527.0,2727.0,2671.0,False
Maharashtra,Nashik,Nashik,Onion,Local,FAQ,2026-02-25,2520.0,2731.0,2652.0,False
Maharashtra,Nashik,Nashik,Onion,Local,FAQ,2026-02-26,2562.0,2742.0,2642.0,False
Maharashtra,Nashik,Nashik,Onion,Local,FAQ,2026-02-27,2585.0,2740.0,2641.0,False
Maharashtra,Nashik,Nashik,Onion,Local,FAQ,2026-02-28,2513.0,2705.0,2629.0,False
Maharashtra,Nashik,Nashik,Onion,Local,FAQ,2026-03-01,2599.0,2731.0,2665.0,False
Maharashtra,Nashik,Nashik,Onion,Local,FAQ,2026-03-02,2553.0,2803.0,2684.0,False
Maharashtra,Nashik,Nashik,Onion,Local,FAQ,2026-03-03,2632.0,2772.0,2693.0,False
Maharashtra,Nashik,Nashik,Onion,Local,FAQ,2026-03-04,2564.0,2770.0,2666.0,False
Maharashtra,Nashik,Nashik,Onion,Local,FAQ,2026-03-05,2559.0,2730.0,2645.0,False
Maharashtra,Nashik,Nashik,Onion,Local,FAQ,2026-03-06,2576.0,2798.0,2657.0,False
Maharashtra,Nashik,Nashik,Onion,Local,FAQ,2026-03-07,2526.0,2754.0,2671.0,False
Maharashtra,Nashik,Nashik,Onion,Local,FAQ,2026-03-08,2529.0,2811.0,2673.0,False
Maharashtra,Nashik,Nashik,Onion,Local,FAQ,2026-03-09,2558.0,2707.0,2618.0,False
Maharashtra,Nashik,Nashik,Onion,Local,FAQ,2026-03-10,2553.0,2758.0,2622.0,False
Maharashtra,Nashik,Nashik,Onion,Local,FAQ,2026-03-11,2579.0,2831.0,2697.0,False
Maharashtra,Nashik,Nashik,Onion,Local,FAQ,2026-03-12,2613.0,2818.0,2707.0,False
Maharashtra,Nashik,Nashik,Onion,Local,FAQ,2026-03-14,2663.0,2798.0,2736.0,False
Maharashtra,Nashik,Nashik,Onion,Local,FAQ,2026-03-15,2646.0,2763.0,2713.0,False
Maharashtra,Nashik,Nashik,Onion,Local,FAQ,2026-03-16,2637.0,2804.0,2738.0,False
Maharashtra,Nashik,Nashik,Onion,Local,FAQ,2026-03-17,2703.0,2813.0,2761.0,False
Maharashtra,Nashik,Nashik,Onion,Local,FAQ,2026-03-18,2682.0,2815.0,2743.0,False
Maharashtra,Nashik,Nashik,Onion,Local,FAQ,2026-03-19,2609.0,2822.0,2711.0,False
Maharashtra,Nashik,Nashik,Onion,Local,FAQ,2026-03-20,2605.0,2823.0,2677.0,False
Maharashtra,Nashik,Nashik,Onion,Local,FAQ,2026-03-21,2551.0,2769.0,2663.0,False
Maharashtra,Nashik,Nashik,Onion,Local,FAQ,2026-03-22,2519.0,2743.0,2623.0,False
Maharashtra,Nashik,Nashik,Onion,Local,FAQ,2026-03-23,2456.0,2643.0,2576.0,False
Maharashtra,Nashik,Nashik,Onion,Local,FAQ,2026-03-24,2373.0,2623.0,2510.0,False
Maharashtra,Nashik,Nashik,Onion,Local,FAQ,2026-03-25,2407.0,2572.0,2510.0,False
Maharashtra,Nashik,Nashik,Onion,Local,FAQ,2026-03-26,2403.0,2551.0,2487.0,False
Maharashtra,Nashik,Nashik,Onion,Local,FAQ,2026-03-27,2375.0,2565.0,2494.0,False
Maharashtra,Nashik,Nashik,Onion,Local,FAQ,2026-03-28,2445.0,2616.0,2515.0,False
Maharashtra,Nashik,Nashik,Onion,Local,FAQ,2026-03-29,2417.0,2561.0,2509.0,False
Maharashtra,Nashik,Nashik,Onion,Local,FAQ,2026-03-30,2462.0,2694.0,2575.0,False
Maharashtra,Nashik,Nashik,Onion,Local,FAQ,2026-03-31,2472.0,2598.0,2547.0,False
Maharashtra,Nashik,Nashik,Onion,Local,FAQ,2026-04-01,2420.0,2686.0,2554.0,False
Maharashtra,Nashik,Nashik,Onion,Local,FAQ,2026-04-02,2464.0,2697.0,2598.0,False
Maharashtra,Nashik,Nashik,Onion,Local,FAQ,2026-04-03,2530.0,2693.0,2625.0,False
Maharashtra,Nashik,Nashik,Onion,Local,FAQ,2026-04-04,2475.0,2748.0,2610.0,False
Maharashtra,Nashik,Nashik,Onion,Local,FAQ,2026-04-05,2501.0,2720.0,2590.0,False
Maharashtra,Nashik,Nashik,Onion,Local,FAQ,2026-04-06,2448.0,2658.0,2588.0,False
Maharashtra,Nashik,Nashik,Onion,Local,FAQ,2026-04-07,2462.0,2666.0,2609.0,False
Maharashtra,Nashik,Nashik,Onion,Local,FAQ,2026-04-08,2438.0,2610.0,2553.0,False
Maharashtra,Nashik,Nashik,Onion,Local,FAQ,2026-04-09,2490.0,2733.0,2583.0,False
Maharashtra,Nashik,Nashik,Onion,Local,FAQ,2026-04-10,2465.0,2653.0,2571.0,False
Maharashtra,Nashik,Nashik,Onion,Local,FAQ,2026-04-11,2468.0,2612.0,2555.0,False
Maharashtra,Nashik,Nashik,Onion,Local,FAQ,2026-04-12,2438.0,2621.0,2525.0,False
Maharashtra,Nashik,Nashik,Onion,Local,FAQ,2026-04-13,2427.0,2599.0,2548.0,False
Maharashtra,Nashik,Nashik,Onion,Local,FAQ,2026-04-14,2507.0,2695.0,2579.0,False
Maharashtra,Nashik,Nashik,Onion,Local,FAQ,2026-04-15,2444.0,2701.0,2574.0,False
Maharashtra,Nashik,Nashik,Onion,Local,FAQ,2026-04-16,2469.0,2631.0,2574.0,False
Maharashtra,Nashik,Nashik,Onion,Local,FAQ,2026-04-17,2458.0,2711.0,2586.0,False
Maharashtra,Nashik,Nashik,Onion,Local,FAQ,2026-04-18,2492.0,2724.0,2622.0,False
Maharashtra,Nashik,Nashik,Onion,Local,FAQ,2026-04-19,2520.0,2756.0,2632.0,False
Maharashtra,Nashik,Nashik,Onion,Local,FAQ,2026-04-20,2544.0,2680.0,2611.0,False
Maharashtra,Nashik,Nashik,Onion,Local,FAQ,2026-04-21,2477.0,2744.0,2618.0,False
Maharashtra,Nashik,Nashik,Onion,Local,FAQ,2026-04-22,2520.0,2745.0,2630.0,False
Maharashtra,Nashik,Nashik,Onion,Local,FAQ,2026-04-23,2522.0,2701.0,2635.0,False
Maharashtra,Nashik,Nashik,Onion,Local,FAQ,2026-04-24,2561.0,2780.0,2658.0,False
Maharashtra,Nashik,Nashik,Onion,Local,FAQ,2026-04-25,2556.0,2711.0,2637.0,False
Maharashtra,Nashik,Nashik,Onion,Local,FAQ,2026-04-26,2550.0,2713.0,2621.0,False
Maharashtra,Nashik,Nashik,Onion,Local,FAQ,2026-04-27,2552.0,2679.0,2621.0,False
Maharashtra,Nashik,Nashik,Onion,Local,FAQ,2026-04-28,2524.0,2732.0,2644.0,False
Maharashtra,Nashik,Nashik,Onion,Local,FAQ,2026-04-29,2526.0,2733.0,2656.0,False
Maharashtra,Nashik,Nashik,Onion,Local,FAQ,2026-04-30,2563.0,2758.0,2682.0,False
Maharashtra,Nashik,Nashik,Onion,Local,FAQ,2026-05-01,2604.0,2763.0,2686.0,False
Maharashtra,Nashik,Nashik,Onion,Local,FAQ,2026-05-02,2631.0,2819.0,2700.0,False
Maharashtra,Nashik,Nashik,Onion,Local,FAQ,2026-05-03,2636.0,2828.0,2712.0,False
Maharashtra,Nashik,Nashik,Onion,Local,FAQ,2026-05-04,2547.0,2806.0,2678.0,False
Maharashtra,Nashik,Nashik,Onion,Local,FAQ,2026-05-05,2601.0,2780.0,2660.0,False
Maharashtra,Nashik,Nashik,Onion,Local,FAQ,2026-05-06,2588.0,2768.0,2675.0,False
Maharashtra,Nashik,Nashik,Onion,Local,FAQ,2026-05-07,2629.0,2800.0,2683.0,False
Maharashtra,Nashik,Nashik,Onion,Local,FAQ,2026-05-08,2562.0,2784.0,2644.0,False
Maharashtra,Nashik,Nashik,Onion,Local,FAQ,2026-05-09,2496.0,2786.0,2636.0,False
Maharashtra,Nashik,Nashik,Onion,Local,FAQ,2026-05-10,2521.0,2788.0,2654.0,False
Maharashtra,Nashik,Nashik,Onion,Local,FAQ,2026-05-11,2609.0,2725.0,2666.0,False
Maharashtra,Nashik,Nashik,Onion,Local,FAQ,2026-05-12,2478.0,2711.0,2628.0,False
Maharashtra,Nashik,Nashik,Onion,Local,FAQ,2026-05-13,2511.0,2797.0,2647.0,False
Maharashtra,Nashik,Nashik,Onion,Local,FAQ,2026-05-14,2588.0,2716.0,2662.0,False
Maharashtra,Nashik,Nashik,Onion,Local,FAQ,2026-05-15,2585.0,2723.0,2637.0,False
Maharashtra,Nashik,Nashik,Onion,Local,FAQ,2026-05-16,2502.0,2737.0,2630.0,False
Maharashtra,Nashik,Nashik,Onion,Local,FAQ,2026-05-17,2585.0,2709.0,2658.0,False
Maharashtra,Nashik,Nashik,Onion,Local,FAQ,2026-05-18,2499.0,2737.0,2625.0,False
Maharashtra,Nashik,Nashik,Onion,Local,FAQ,2026-05-19,2528.0,2746.0,2634.0,False
Maharashtra,Nashik,Nashik,Onion,Local,FAQ,2026-05-20,2526.0,2771.0,2662.0,False
Maharashtra,Nashik,Nashik,Onion,Local,FAQ,2026-05-21,2539.0,2759.0,2665.0,False
Maharashtra,Nashik,Nashik,Onion,Local,FAQ,2026-05-22,2545.0,2755.0,2666.0,False
Maharashtra,Nashik,Nashik,Onion,Local,FAQ,2026-05-23,2535.0,2821.0,2678.0,False
Maharashtra,Nashik,Nashik,Onion,Local,FAQ,2026-05-24,2559.0,2746.0,2643.0,False
Maharashtra,Nashik,Nashik,Onion,Local,FAQ,2026-05-25,2550.0,2714.0,2659.0,False
Maharashtra,Nashik,Nashik,Onion,Local,FAQ,2026-05-26,2586.0,2798.0,2681.0,False
Maharashtra,Nashik,Nashik,Onion,Local,FAQ,2026-05-27,2511.0,2722.0,2655.0,False
Maharashtra,Nashik,Nashik,Onion,Local,FAQ,2026-05-28,2592.0,2811.0,2692.0,False
Maharashtra,Nashik,Nashik,Onion,Local,FAQ,2026-05-29,2639.0,2783.0,2717.0,False
Maharashtra,Nashik,Nashik,Onion,Local,FAQ,2026-05-30,2637.0,2861.0,2751.0,False
Maharashtra,Nashik,Nashik,Onion,Local,FAQ,2026-05-31,2669.0,2882.0,2765.0,False
Maharashtra,Nashik,Nashik,Onion,Local,FAQ,2026-06-01,2609.0,2810.0,2743.0,False
Maharashtra,Nashik,Nashik,Onion,Local,FAQ,2026-06-03,2657.0,2907.0,2803.0,False
Maharashtra,Nashik,Nashik,Onion,Local,FAQ,2026-06-04,2675.0,2847.0,2740.0,False
Maharashtra,Nashik,Nashik,Onion,Local,FAQ,2026-06-05,2654.0,2874.0,2732.0,False
Maharashtra,Nashik,Nashik,Onion,Local,FAQ,2026-06-06,2691.0,2831.0,2776.0,False
Maharashtra,Nashik,Nashik,Onion,Local,FAQ,2026-06-07,2762.0,2907.0,2815.0,False
Maharashtra,Nashik,Nashik,Onion,Local,FAQ,2026-06-08,2682.0,2958.0,2820.0,False
Maharashtra,Nashik,Nashik,Onion,Local,FAQ,2026-06-09,2685.0,2872.0,2801.0,False
Maharashtra,Nashik,Nashik,Onion,Local,FAQ,2026-06-10,2738.0,2947.0,2817.0,False
Maharashtra,Nashik,Nashik,Onion,Local,FAQ,2026-06-11,2647.0,2850.0,2797.0,False
Maharashtra,Nashik,Nashik,Onion,Local,FAQ,2026-06-12,2656.0,2900.0,2803.0,False
Maharashtra,Nashik,Nashik,Onion,Local,FAQ,2026-06-13,2689.0,2880.0,2824.0,False
Maharashtra,Nashik,Nashik,Onion,Local,FAQ,2026-06-14,2663.0,2943.0,2811.0,False
Maharashtra,Nashik,Nashik,Onion,Local,FAQ,2026-06-15,2671.0,2950.0,2806.0,False
Maharashtra,Nashik,Nashik,Onion,Local,FAQ,2026-06-16,2744.0,2872.0,2801.0,False
Maharashtra,Nashik,Nashik,Onion,Local,FAQ,2026-06-17,2709.0,2879.0,2782.0,False
Maharashtra,Nashik,Nashik,Onion,Local,FAQ,2026-06-18,2703.0,2835.0,2770.0,False
Maharashtra,Nashik,Nashik,Onion,Local,FAQ,2026-06-19,2616.0,2889.0,2763.0,False
Maharashtra,Nashik,Nashik,Onion,Local,FAQ,2026-06-20,2683.0,2891.0,2761.0,False
Maharashtra,Nashik,Nashik,Onion,Local,FAQ,2026-06-21,2690.0,2853.0,2773.0,False
Maharashtra,Nashik,Nashik,Onion,Local,FAQ,2026-06-22,2685.0,2847.0,2761.0,False
Maharashtra,Nashik,Nashik,Onion,Local,FAQ,2026-06-23,2635.0,2808.0,2752.0,False
Maharashtra,Nashik,Nashik,Onion,Local,FAQ,2026-06-24,2702.0,2851.0,2767.0,False
Maharashtra,Nashik,Nashik,Onion,Local,FAQ,2026-06-25,2617.0,2818.0,2753.0,False
Maharashtra,Nashik,Nashik,Onion,Local,FAQ,2026-06-26,2672.0,2858.0,2752.0,False
Maharashtra,Nashik,Nashik,Onion,Local,FAQ,2026-06-27,2601.0,2795.0,2731.0,False
Maharashtra,Nashik,Nashik,Onion,Local,FAQ,2026-06-28,2672.0,2848.0,2736.0,False
Maharashtra,Nashik,Nashik,Onion,Local,FAQ,2026-06-29,2726.0,2902.0,2803.0,False
Maharashtra,Nashik,Nashik,Onion,Local,FAQ,2026-06-30,2720.0,2933.0,2801.0,False
Maharashtra,Nashik,Nashik,Onion,Local,FAQ,2026-07-01,2724.0,2872.0,2780.0,False
Maharashtra,Nashik,Nashik,Onion,Local,FAQ,2026-07-02,2717.0,2941.0,2824.0,False
Maharashtra,Nashik,Nashik,Onion,Local,FAQ,2026-07-03,2688.0,2952.0,2816.0,False
Maharashtra,Nashik,Nashik,Onion,Local,FAQ,2026-07-04,2692.0,2975.0,2826.0,False
Maharashtra,Nashik,Nashik,Onion,Local,FAQ,2026-07-05,2638.0,2864.0,2777.0,False
Maharashtra,Nashik,Nashik,Onion,Local,FAQ,2026-07-06,2652.0,2875.0,2776.0,False
Maharashtra,Nashik,Nashik,Onion,Local,FAQ,2026-07-07,2643.0,2875.0,2741.0,False
Maharashtra,Nashik,Nashik,Onion,Local,FAQ,2026-07-08,2674.0,2848.0,2765.0,False
Maharashtra,Nashik,Nashik,Onion,Local,FAQ,2026-07-09,2661.0,2882.0,2756.0,False
Maharashtra,Nashik,Nashik,Onion,Local,FAQ,2026-07-10,2605.0,2818.0,2750.0,False
Maharashtra,Nashik,Nashik,Onion,Local,FAQ,2026-07-11,2635.0,2850.0,2742.0,False
Maharashtra,Pune,Pune,Onion,Local,FAQ,2025-12-04,2176.0,2440.0,2313.0,False
Maharashtra,Pune,Pune,Onion,Local,FAQ,2025-12-05,2188.0,2433.0,2317.0,False
Maharashtra,Pune,Pune,Onion,Local,FAQ,2025-12-06,2211.0,2434.0,2328.0,False
Maharashtra,Pune,Pune,Onion,Local,FAQ,2025-12-07,2261.0,2417.0,2322.0,False
Maharashtra,Pune,Pune,Onion,Local,FAQ,2025-12-08,2244.0,2437.0,2349.0,False
Maharashtra,Pune,Pune,Onion,Local,FAQ,2025-12-09,2198.0,2407.0,2346.0,False
Maharashtra,Pune,Pune,Onion,Local,Non-FAQ,2025-12-09,2198.0,2407.0,2346.0,False
Maharashtra,Pune,Pune,Onion,Local,FAQ,2025-12-10,2209.0,2475.0,2333.0,False
Maharashtra,Pune,Pune,Onion,Local,FAQ,2025-12-11,2253.0,2467.0,2331.0,False
Maharashtra,Pune,Pune,Onion,Local,FAQ,2025-12-12,2218.0,2473.0,2343.0,False
Maharashtra,Pune,Pune,Onion,Local,FAQ,2025-12-13,2285.0,2483.0,2337.0,False
Maharashtra,Pune,Pune,Onion,Local,FAQ,2025-12-14,2181.0,2392.0,2314.0,False
Maharashtra,Pune,Pune,Onion,Local,FAQ,2025-12-15,2204.0,2402.0,2341.0,False
Maharashtra,Pune,Pune,Onion,Local,FAQ,2025-12-16,2290.0,2424.0,2350.0,False
Maharashtra,Pune,Pune,Onion,Local,FAQ,2025-12-17,2345.0,2493.0,2396.0,False
Maharashtra,Pune,Pune,Onion,Local,FAQ,2025-12-18,2336.0,2496.0,2416.0,False
Maharashtra,Pune,Pune,Onion,Local,FAQ,2025-12-19,2251.0,2430.0,2375.0,False
Maharashtra,Pune,Pune,Onion,Local,FAQ,2025-12-20,2260.0,2468.0,2399.0,False
Maharashtra,Pune,Pune,Onion,Local,FAQ,2025-12-21,2384.0,2516.0,2442.0,False
Maharashtra,Pune,Pune,Onion,Local,FAQ,2025-12-22,2388.0,2577.0,2444.0,False
Maharashtra,Pune,Pune,Onion,Local,FAQ,2025-12-23,2363.0,2534.0,2473.0,False
Maharashtra,Pune,Pune,Onion,Local,FAQ,2025-12-24,2359.0,2604.0,2497.0,False
Maharashtra,Pune,Pune,Onion,Local,FAQ,2025-12-25,2408.0,2603.0,2510.0,False
Maharashtra,Pune,Pune,Onion,Local,FAQ,2025-12-26,2366.0,2603.0,2493.0,False
Maharashtra,Pune,Pune,Onion,Local,FAQ,2025-12-27,2309.0,2542.0,2448.0,False
Maharashtra,Pune,Pune,Onion,Local,FAQ,2025-12-28,2379.0,2608.0,2488.0,False
Maharashtra,Pune,Pune,Onion,Local,FAQ,2025-12-29,2447.0,2622.0,2521.0,False
Maharashtra,Pune,Pune,Onion,Local,FAQ,2025-12-30,2416.0,2630.0,2515.0,False
Maharashtra,Pune,Pune,Onion,Local,FAQ,2025-12-31,2348.0,2603.0,2493.0,False
Maharashtra,Pune,Pune,Onion,Local,FAQ,2026-01-01,2382.0,2552.0,2495.0,False
Maharashtra,Pune,Pune,Onion,Local,FAQ,2026-01-02,2462.0,2623.0,2537.0,False
Maharashtra,Pune,Pune,Onion,Local,FAQ,2026-01-03,2458.0,2600.0,2522.0,False
Maharashtra,Pune,Pune,Onion,Local,FAQ,2026-01-04,2374.0,2604.0,2521.0,False
Maharashtra,Pune,Pune,Onion,Local,FAQ,2026-01-06,2412.0,2585.0,2483.0,False
Maharashtra,Pune,Pune,Onion,Local,FAQ,2026-01-07,2346.0,2583.0,2476.0,False
Maharashtra,Pune,Pune,Onion,Local,FAQ,2026-01-08,2356.0,2536.0,2457.0,False
Maharashtra,Pune,Pune,Onion,Local,FAQ,2026-01-09,2394.0,2565.0,2453.0,False
Maharashtra,Pune,Pune,Onion,Local,FAQ,2026-01-10,2409.0,2555.0,2470.0,False
Maharashtra,Pune,Pune,Onion,Local,FAQ,2026-01-11,2398.0,2617.0,2497.0,False
Maharashtra,Pune,Pune,Onion,Local,FAQ,2026-01-12,2348.0,2560.0,2497.0,False
Maharashtra,Pune,Pune,Onion,Local,FAQ,2026-01-14,2301.0,2563.0,2442.0,False
Maharashtra,Pune,Pune,Onion,Local,FAQ,2026-01-15,2270.0,2548.0,2402.0,False
Maharashtra,Pune,Pune,Onion,Local,FAQ,2026-01-16,2292.0,2474.0,2424.0,False
Maharashtra,Pune,Pune,Onion,Local,FAQ,2026-01-17,2336.0,2468.0,2412.0,False
Maharashtra,Pune,Pune,Onion,Local,FAQ,2026-01-18,2306.0,2535.0,2416.0,False
Maharashtra,Pune,Pune,Onion,Local,FAQ,2026-01-19,2313.0,2496.0,2409.0,False
Maharashtra,Pune,Pune,Onion,Local,FAQ,2026-01-20,2325.0,2479.0,2387.0,False
Maharashtra,Pune,Pune,Onion,Local,FAQ,2026-01-21,2326.0,2469.0,2384.0,False
Maharashtra,Pune,Pune,Onion,Local,FAQ,2026-01-22,2242.0,2503.0,2386.0,False
Maharashtra,Pune,Pune,Onion,Local,FAQ,2026-01-23,2249.0,2409.0,2358.0,False
Maharashtra,Pune,Pune,Onion,Local,FAQ,2026-01-24,2280.0,2535.0,2394.0,False
Maharashtra,Pune,Pune,Onion,Local,FAQ,2026-01-25,2296.0,2480.0,2418.0,False
Maharashtra,Pune,Pune,Onion,Local,FAQ,2026-01-26,2285.0,2482.0,2425.0,False
Maharashtra,Pune,Pune,Onion,Local,FAQ,2026-01-27,2345.0,2488.0,2396.0,False
Maharashtra,Pune,Pune,Onion,Local,FAQ,2026-01-28,2319.0,2498.0,2399.0,False
Maharashtra,Pune,Pune,Onion,Local,FAQ,2026-01-29,2323.0,2491.0,2385.0,False
Maharashtra,Pune,Pune,Onion,Local,FAQ,2026-01-30,2303.0,2510.0,2387.0,False
Maharashtra,Pune,Pune,Onion,Local,FAQ,2026-01-31,2293.0,2505.0,2412.0,False
Maharashtra,Pune,Pune,Onion,Local,FAQ,2026-02-01,2305.0,2500.0,2422.0,False
Maharashtra,Pune,Pune,Onion,Local,FAQ,2026-02-02,2352.0,2577.0,2447.0,False
Maharashtra,Pune,Pune,Onion,Local,FAQ,2026-02-03,2299.0,2567.0,2431.0,False
Maharashtra,Pune,Pune,Onion,Local,FAQ,2026-02-04,2345.0,2535.0,2427.0,False
Maharashtra,Pune,Pune,Onion,Local,FAQ,2026-02-05,2361.0,2558.0,2448.0,False
Maharashtra,Pune,Pune,Onion,Local,FAQ,2026-02-06,2386.0,2540.0,2473.0,False
Maharashtra,Pune,Pune,Onion,Local,FAQ,2026-02-07,2408.0,2565.0,2501.0,False
Maharashtra,Pune,Pune,Onion,Local,FAQ,2026-02-08,2429.0,2547.0,2494.0,False
Maharashtra,Pune,Pune,Onion,Local,FAQ,2026-02-09,2398.0,2627.0,2513.0,False
Maharashtra,Pune,Pune,Onion,Local,FAQ,2026-02-10,2408.0,2580.0,2499.0,False
Maharashtra,Pune,Pune,Onion,Local,FAQ,2026-02-11,2376.0,2605.0,2494.0,False
Maharashtra,Pune,Pune,Onion,Local,FAQ,2026-02-12,2314.0,2558.0,2463.0,False
Maharashtra,Pune,Pune,Onion,Local,FAQ,2026-02-13,2329.0,2512.0,2448.0,False
Maharashtra,Pune,Pune,Onion,Local,FAQ,2026-02-14,2335.0,2582.0,2436.0,False
Maharashtra,Pune,Pune,Onion,Local,FAQ,2026-02-15,2348.0,2490.0,2436.0,False
Maharashtra,Pune,Pune,Onion,Local,FAQ,2026-02-16,2368.0,2486.0,2434.0,False
Maharashtra,Pune,Pune,Onion,Local,FAQ,2026-02-17,2299.0,2521.0,2425.0,False
Maharashtra,Pune,Pune,Onion,Local,FAQ,2026-02-18,2377.0,2585.0,2439.0,False
Maharashtra,Pune,Pune,Onion,Local,FAQ,2026-02-19,2350.0,2570.0,2431.0,False
Maharashtra,Pune,Pune,Onion,Local,FAQ,2026-02-20,2313.0,2540.0,2461.0,False
Maharashtra,Pune,Pune,Onion,Local,FAQ,2026-02-21,2324.0,2559.0,2470.0,False
Maharashtra,Pune,Pune,Onion,Local,FAQ,2026-02-22,2327.0,2496.0,2431.0,False
Maharashtra,Pune,Pune,Onion,Local,FAQ,2026-02-23,2297.0,2506.0,2402.0,False
Maharashtra,Pune,Pune,Onion,Local,FAQ,2026-02-24,2324.0,2498.0,2418.0,False
Maharashtra,Pune,Pune,Onion,Local,FAQ,2026-02-25,2355.0,2500.0,2431.0,False
Maharashtra,Pune,Pune,Onion,Local,FAQ,2026-02-26,2350.0,2574.0,2427.0,False
Maharashtra,Pune,Pune,Onion,Local,FAQ,2026-02-27,2309.0,2500.0,2415.0,False
Maharashtra,Pune,Pune,Onion,Local,FAQ,2026-02-28,2294.0,2501.0,2388.0,False
Maharashtra,Pune,Pune,Onion,Local,FAQ,2026-03-01,2295.0,2484.0,2394.0,False
Maharashtra,Pune,Pune,Onion,Local,FAQ,2026-03-02,2310.0,2492.0,2422.0,False
Maharashtra,Pune,Pune,Onion,Local,FAQ,2026-03-03,2381.0,2525.0,2471.0,False
Maharashtra,Pune,Pune,Onion,Local,FAQ,2026-03-04,2464.0,2683.0,2537.0,False
Maharashtra,Pune,Pune,Onion,Local,FAQ,2026-03-05,2358.0,2621.0,2499.0,False
Maharashtra,Pune,Pune,Onion,Local,FAQ,2026-03-06,2463.0,2655.0,2526.0,False
Maharashtra,Pune,Pune,Onion,Local,FAQ,2026-03-07,2467.0,2658.0,2529.0,False
Maharashtra,Pune,Pune,Onion,Local,FAQ,2026-03-08,2400.0,2609.0,2544.0,False
Maharashtra,Pune,Pune,Onion,Local,FAQ,2026-03-09,2439.0,2683.0,2535.0,False
Maharashtra,Pune,Pune,Onion,Local,FAQ,2026-03-11,2483.0,2632.0,2562.0,False
Maharashtra,Pune,Pune,Onion,Local,FAQ,2026-03-12,2446.0,2646.0,2547.0,False
Maharashtra,Pune,Pune,Onion,Local,FAQ,2026-03-13,2473.0,2718.0,2581.0,False
Maharashtra,Pune,Pune,Onion,Local,FAQ,2026-03-14,2447.0,2706.0,2580.0,False
Maharashtra,Pune,Pune,Onion,Local,FAQ,2026-03-15,2480.0,2733.0,2587.0,False
Maharashtra,Pune,Pune,Onion,Local,FAQ,2026-03-16,2447.0,2676.0,2582.0,False
Maharashtra,Pune,Pune,Onion,Local,FAQ,2026-03-17,2443.0,2717.0,2578.0,False
Maharashtra,Pune,Pune,Onion,Local,FAQ,2026-03-18,2480.0,2736.0,2593.0,False
Maharashtra,Pune,Pune,Onion,Local,FAQ,2026-03-19,2468.0,2618.0,2520.0,False
Maharashtra,Pune,Pune,Onion,Local,FAQ,2026-03-20,2429.0,2611.0,2548.0,False
Maharashtra,Pune,Pune,Onion,Local,FAQ,2026-03-21,2491.0,2657.0,2571.0,False
Maharashtra,Pune,Pune,Onion,Local,FAQ,2026-03-22,2485.0,2702.0,2556.0,False
Maharashtra,Pune,Pune,Onion,Local,FAQ,2026-03-23,2526.0,2727.0,2577.0,False
Maharashtra,Pune,Pune,Onion,Local,FAQ,2026-03-24,2522.0,2652.0,2601.0,False
Maharashtra,Pune,Pune,Onion,Local,FAQ,2026-03-25,2490.0,2747.0,2614.0,False
Maharashtra,Pune,Pune,Onion,Local,FAQ,2026-03-26,2473.0,2725.0,2598.0,False
Maharashtra,Pune,Pune,Onion,Local,FAQ,2026-03-27,2493.0,2736.0,2609.0,False
Maharashtra,Pune,Pune,Onion,Local,FAQ,2026-03-28,2559.0,2717.0,2618.0,False
Maharashtra,Pune,Pune,Onion,Local,FAQ,2026-03-29,2586.0,2735.0,2644.0,False
Maharashtra,Pune,Pune,Onion,Local,FAQ,2026-03-30,2542.0,2688.0,2627.0,False
Maharashtra,Pune,Pune,Onion,Local,FAQ,2026-03-31,2493.0,2769.0,2624.0,False
Maharashtra,Pune,Pune,Onion,Local,FAQ,2026-04-01,2518.0,2676.0,2576.0,False
Maharashtra,Pune,Pune,Onion,Local,FAQ,2026-04-02,2453.0,2703.0,2582.0,False
Maharashtra,Pune,Pune,Onion,Local,FAQ,2026-04-03,2469.0,2620.0,2542.0,False
Maharashtra,Pune,Pune,Onion,Local,FAQ,2026-04-04,2393.0,2666.0,2523.0,False
Maharashtra,Pune,Pune,Onion,Local,FAQ,2026-04-05,2461.0,2641.0,2543.0,False
Maharashtra,Pune,Pune,Onion,Local,FAQ,2026-04-06,2465.0,2652.0,2538.0,False
Maharashtra,Pune,Pune,Onion,Local,FAQ,2026-04-07,2454.0,2655.0,2540.0,False
Maharashtra,Pune,Pune,Onion,Local,FAQ,2026-04-08,2485.0,2686.0,2547.0,False
Maharashtra,Pune,Pune,Onion,Local,FAQ,2026-04-09,2362.0,2583.0,2471.0,False
Maharashtra,Pune,Pune,Onion,Local,FAQ,2026-04-10,2419.0,2594.0,2476.0,False
Maharashtra,Pune,Pune,Onion,Local,FAQ,2026-04-11,2364.0,2626.0,2496.0,False
Maharashtra,Pune,Pune,Onion,Local,FAQ,2026-04-12,2367.0,2574.0,2472.0,False
Maharashtra,Pune,Pune,Onion,Local,FAQ,2026-04-13,2405.0,2582.0,2482.0,False
Maharashtra,Pune,Pune,Onion,Local,FAQ,2026-04-14,2391.0,2532.0,2469.0,False
Maharashtra,Pune,Pune,Onion,Local,FAQ,2026-04-15,2331.0,2538.0,2456.0,False
Maharashtra,Pune,Pune,Onion,Local,FAQ,2026-04-16,2410.0,2561.0,2460.0,False
Maharashtra,Pune,Pune,Onion,Local,FAQ,2026-04-17,2317.0,2501.0,2451.0,False
Maharashtra,Pune,Pune,Onion,Local,FAQ,2026-04-18,2380.0,2579.0,2455.0,False
Maharashtra,Pune,Pune,Onion,Local,FAQ,2026-04-19,2353.0,2516.0,2439.0,False
Maharashtra,Pune,Pune,Onion,Local,FAQ,2026-04-20,2297.0,2512.0,2431.0,False
Maharashtra,Pune,Pune,Onion,Local,FAQ,2026-04-21,2345.0,2579.0,2438.0,False
Maharashtra,Pune,Pune,Onion,Local,FAQ,2026-04-22,2355.0,2589.0,2443.0,False
Maharashtra,Pune,Pune,Onion,Local,FAQ,2026-04-23,2350.0,2538.0,2449.0,False
Maharashtra,Pune,Pune,Onion,Local,FAQ,2026-04-24,2322.0,2555.0,2435.0,False
Maharashtra,Pune,Pune,Onion,Local,FAQ,2026-04-25,2312.0,2585.0,2459.0,False
Maharashtra,Pune,Pune,Onion,Local,FAQ,2026-04-26,2345.0,2610.0,2490.0,False
Maharashtra,Pune,Pune,Onion,Local,FAQ,2026-04-27,2346.0,2588.0,2474.0,False
Maharashtra,Pune,Pune,Onion,Local,FAQ,2026-04-28,2411.0,2552.0,2466.0,False
Maharashtra,Pune,Pune,Onion,Local,FAQ,2026-04-29,2373.0,2562.0,2466.0,False
Maharashtra,Pune,Pune,Onion,Local,FAQ,2026-04-30,2410.0,2568.0,2481.0,False
Maharashtra,Pune,Pune,Onion,Local,FAQ,2026-05-01,2342.0,2561.0,2469.0,False
Maharashtra,Pune,Pune,Onion,Local,FAQ,2026-05-02,2333.0,2600.0,2465.0,False
Maharashtra,Pune,Pune,Onion,Local,FAQ,2026-05-03,2384.0,2619.0,2481.0,False
Maharashtra,Pune,Pune,Onion,Local,FAQ,2026-05-04,2380.0,2570.0,2452.0,False
Maharashtra,Pune,Pune,Onion,Local,FAQ,2026-05-05,2349.0,2528.0,2413.0,False
Maharashtra,Pune,Pune,Onion,Local,FAQ,2026-05-06,2310.0,2516.0,2434.0,False
Maharashtra,Pune,Pune,Onion,Local,FAQ,2026-05-07,2283.0,2474.0,2404.0,False
Maharashtra,Pune,Pune,Onion,Local,FAQ,2026-05-08,2306.0,2524.0,2445.0,False
Maharashtra,Pune,Pune,Onion,Local,FAQ,2026-05-09,2370.0,2533.0,2431.0,False
Maharashtra,Pune,Pune,Onion,Local,FAQ,2026-05-10,2350.0,2561.0,2427.0,False
Maharashtra,Pune,Pune,Onion,Local,FAQ,2026-05-11,2323.0,2512.0,2422.0,False
Maharashtra,Pune,Pune,Onion,Local,FAQ,2026-05-12,2294.0,2507.0,2397.0,False
Maharashtra,Pune,Pune,Onion,Local,FAQ,2026-05-13,2250.0,2498.0,2396.0,False
Maharashtra,Pune,Pune,Onion,Local,FAQ,2026-05-14,2272.0,2471.0,2390.0,False
Maharashtra,Pune,Pune,Onion,Local,FAQ,2026-05-15,2306.0,2556.0,2408.0,False
Maharashtra,Pune,Pune,Onion,Local,FAQ,2026-05-16,2363.0,2478.0,2426.0,False
Maharashtra,Pune,Pune,Onion,Local,FAQ,2026-05-17,2380.0,2519.0,2442.0,False
Maharashtra,Pune,Pune,Onion,Local,FAQ,2026-05-18,2405.0,2536.0,2457.0,False
Maharashtra,Pune,Pune,Onion,Local,FAQ,2026-05-19,2375.0,2547.0,2460.0,False
Maharashtra,Pune,Pune,Onion,Local,FAQ,2026-05-20,2449.0,2579.0,2499.0,False
Maharashtra,Pune,Pune,Onion,Local,FAQ,2026-05-21,2368.0,2555.0,2503.0,False
Maharashtra,Pune,Pune,Onion,Local,FAQ,2026-05-22,2364.0,2632.0,2504.0,False
Maharashtra,Pune,Pune,Onion,Local,FAQ,2026-05-23,2408.0,2578.0,2498.0,False
Maharashtra,Pune,Pune,Onion,Local,FAQ,2026-05-24,2479.0,2609.0,2536.0,False
Maharashtra,Pune,Pune,Onion,Local,FAQ,2026-05-25,2408.0,2630.0,2533.0,False
Maharashtra,Pune,Pune,Onion,Local,FAQ,2026-05-26,2436.0,2638.0,2492.0,False
Maharashtra,Pune,Pune,Onion,Local,FAQ,2026-05-27,2346.0,2550.0,2492.0,False
Maharashtra,Pune,Pune,Onion,Local,FAQ,2026-05-28,2411.0,2571.0,2498.0,False
Maharashtra,Pune,Pune,Onion,Local,FAQ,2026-05-29,2377.0,2617.0,2489.0,False
Maharashtra,Pune,Pune,Onion,Local,FAQ,2026-05-30,2373.0,2546.0,2481.0,False
Maharashtra,Pune,Pune,Onion,Local,FAQ,2026-05-31,2404.0,2610.0,2493.0,False
Maharashtra,Pune,Pune,Onion,Local,FAQ,2026-06-01,2446.0,2607.0,2522.0,False
Maharashtra,Pune,Pune,Onion,Local,FAQ,2026-06-02,2419.0,2655.0,2516.0,False
Maharashtra,Pune,Pune,Onion,Local,FAQ,2026-06-03,2407.0,2584.0,2528.0,False
Maharashtra,Pune,Pune,Onion,Local,FAQ,2026-06-04,2444.0,2653.0,2507.0,False
Maharashtra,Pune,Pune,Onion,Local,FAQ,2026-06-05,2456.0,2633.0,2559.0,False
Maharashtra,Pune,Pune,Onion,Local,FAQ,2026-06-06,2552.0,2687.0,2610.0,False
Maharashtra,Pune,Pune,Onion,Local,FAQ,2026-06-07,2479.0,2706.0,2610.0,False
Maharashtra,Pune,Pune,Onion,Local,FAQ,2026-06-08,2500.0,2621.0,2554.0,False
Maharashtra,Pune,Pune,Onion,Local,FAQ,2026-06-09,2498.0,2664.0,2593.0,False
Maharashtra,Pune,Pune,Onion,Local,FAQ,2026-06-10,2436.0,2652.0,2582.0,False
Maharashtra,Pune,Pune,Onion,Local,FAQ,2026-06-12,2463.0,2666.0,2557.0,False
Maharashtra,Pune,Pune,Onion,Local,FAQ,2026-06-13,2511.0,2680.0,2568.0,False
Maharashtra,Pune,Pune,Onion,Local,FAQ,2026-06-14,2453.0,2645.0,2579.0,False
Maharashtra,Pune,Pune,Onion,Local,FAQ,2026-06-15,2482.0,2702.0,2580.0,False
Maharashtra,Pune,Pune,Onion,Local,FAQ,2026-06-16,2481.0,2664.0,2598.0,False
Maharashtra,Pune,Pune,Onion,Local,FAQ,2026-06-17,2458.0,2692.0,2565.0,False
Maharashtra,Pune,Pune,Onion,Local,FAQ,2026-06-18,2506.0,2643.0,2557.0,False
Maharashtra,Pune,Pune,Onion,Local,FAQ,2026-06-19,2414.0,2630.0,2557.0,False
Maharashtra,Pune,Pune,Onion,Local,FAQ,2026-06-20,2444.0,2661.0,2526.0,False
Maharashtra,Pune,Pune,Onion,Local,FAQ,2026-06-21,2418.0,2601.0,2541.0,False
Maharashtra,Pune,Pune,Onion,Local,FAQ,2026-06-22,2432.0,2646.0,2530.0,False
Maharashtra,Pune,Pune,Onion,Local,FAQ,2026-06-23,2467.0,2608.0,2529.0,False
Maharashtra,Pune,Pune,Onion,Local,FAQ,2026-06-24,2398.0,2601.0,2547.0,False
Maharashtra,Pune,Pune,Onion,Local,FAQ,2026-06-25,2417.0,2630.0,2543.0,False
Maharashtra,Pune,Pune,Onion,Local,FAQ,2026-06-26,2436.0,2723.0,2578.0,False
Maharashtra,Pune,Pune,Onion,Local,FAQ,2026-06-27,2455.0,2649.0,2563.0,False
Maharashtra,Pune,Pune,Onion,Local,FAQ,2026-06-28,2440.0,2632.0,2546.0,False
Maharashtra,Pune,Pune,Onion,Local,FAQ,2026-06-29,2450.0,2640.0,2566.0,False
Maharashtra,Pune,Pune,Onion,Local,FAQ,2026-06-30,2494.0,2620.0,2566.0,False
Maharashtra,Pune,Pune,Onion,Local,FAQ,2026-07-01,2488.0,2610.0,2542.0,False
Maharashtra,Pune,Pune,Onion,Local,FAQ,2026-07-02,2387.0,2640.0,2532.0,False
Maharashtra,Pune,Pune,Onion,Local,FAQ,2026-07-03,2455.0,2657.0,2549.0,False
Maharashtra,Pune,Pune,Onion,Local,FAQ,2026-07-04,2512.0,2675.0,2590.0,False
Maharashtra,Pune,Pune,Onion,Local,FAQ,2026-07-05,2453.0,2737.0,2592.0,False
Maharashtra,Pune,Pune,Onion,Local,FAQ,2026-07-06,2460.0,2686.0,2588.0,False
Maharashtra,Pune,Pune,Onion,Local,FAQ,2026-07-07,2511.0,2681.0,2611.0,False
Maharashtra,Pune,Pune,Onion,Local,FAQ,2026-07-08,2496.0,2715.0,2579.0,False
Maharashtra,Pune,Pune,Onion,Local,FAQ,2026-07-09,2517.0,2645.0,2588.0,False
Maharashtra,Pune,Pune,Onion,Local,FAQ,2026-07-10,2392.0,2657.0,2523.0,False
Maharashtra,Pune,Pune,Onion,Local,FAQ,2026-07-11,2445.0,2647.0,2528.0,False
Maharashtra,Sangli,Sangli,Onion,Local,FAQ,2025-12-04,2089.0,2322.0,2212.0,False
Maharashtra,Sangli,Sangli,Onion,Local,FAQ,2025-12-05,2143.0,2275.0,2209.0,False
Maharashtra,Sangli,Sangli,Onion,Local,FAQ,2025-12-06,2196.0,2395.0,2248.0,False
Maharashtra,Sangli,Sangli,Onion,Local,FAQ,2025-12-07,2135.0,2339.0,2268.0,False
Maharashtra,Sangli,Sangli,Onion,Local,FAQ,2025-12-08,2176.0,2358.0,2256.0,False
Maharashtra,Sangli,Sangli,Onion,Local,FAQ,2025-12-09,2151.0,2323.0,2244.0,False
Maharashtra,Sangli,Sangli,Onion,Local,FAQ,2025-12-10,2140.0,2306.0,2219.0,False
Maharashtra,Sangli,Sangli,Onion,Local,FAQ,2025-12-12,2120.0,2284.0,2229.0,False
Maharashtra,Sangli,Sangli,Onion,Local,FAQ,2025-12-13,2082.0,2260.0,2193.0,False
Maharashtra,Sangli,Sangli,Onion,Local,FAQ,2025-12-14,2060.0,2272.0,2178.0,False
Maharashtra,Sangli,Sangli,Onion,Local,FAQ,2025-12-15,2109.0,2271.0,2171.0,False
Maharashtra,Sangli,Sangli,Onion,Local,FAQ,2025-12-16,2110.0,2293.0,2191.0,False
Maharashtra,Sangli,Sangli,Onion,Local,FAQ,2025-12-17,2056.0,2229.0,2161.0,False
Maharashtra,Sangli,Sangli,Onion,Local,FAQ,2025-12-18,2120.0,2249.0,2179.0,False
Maharashtra,Sangli,Sangli,Onion,Local,FAQ,2025-12-19,2128.0,2266.0,2183.0,False
Maharashtra,Sangli,Sangli,Onion,Local,FAQ,2025-12-20,2014.0,2233.0,2147.0,False
Maharashtra,Sangli,Sangli,Onion,Local,FAQ,2025-12-21,2051.0,2233.0,2129.0,False
Maharashtra,Sangli,Sangli,Onion,Local,FAQ,2025-12-22,2080.0,2286.0,2137.0,False
Maharashtra,Sangli,Sangli,Onion,Local,FAQ,2025-12-23,2000.0,2197.0,2127.0,False
Maharashtra,Sangli,Sangli,Onion,Local,FAQ,2025-12-24,2026.0,2210.0,2153.0,False
Maharashtra,Sangli,Sangli,Onion,Local,FAQ,2025-12-25,2090.0,2238.0,2176.0,False
Maharashtra,Sangli,Sangli,Onion,Local,FAQ,2025-12-26,2101.0,2240.0,2184.0,False
Maharashtra,Sangli,Sangli,Onion,Local,FAQ,2025-12-27,2128.0,2292.0,2209.0,False
Maharashtra,Sangli,Sangli,Onion,Local,FAQ,2025-12-28,2090.0,2326.0,2229.0,False
Maharashtra,Sangli,Sangli,Onion,Local,FAQ,2025-12-29,2201.0,2384.0,2263.0,False
Maharashtra,Sangli,Sangli,Onion,Local,FAQ,2025-12-30,2145.0,2371.0,2272.0,False
Maharashtra,Sangli,Sangli,Onion,Local,FAQ,2025-12-31,2208.0,2403.0,2310.0,False
Maharashtra,Sangli,Sangli,Onion,Local,FAQ,2026-01-01,2232.0,2414.0,2313.0,False
Maharashtra,Sangli,Sangli,Onion,Local,FAQ,2026-01-02,2164.0,2380.0,2305.0,False
Maharashtra,Sangli,Sangli,Onion,Local,FAQ,2026-01-03,2269.0,2400.0,2342.0,False
Maharashtra,Sangli,Sangli,Onion,Local,FAQ,2026-01-04,2250.0,2395.0,2329.0,False
Maharashtra,Sangli,Sangli,Onion,Local,FAQ,2026-01-05,2222.0,2421.0,2352.0,False
Maharashtra,Sangli,Sangli,Onion,Local,FAQ,2026-01-06,2221.0,2464.0,2360.0,False
Maharashtra,Sangli,Sangli,Onion,Local,FAQ,2026-01-07,2270.0,2436.0,2343.0,False
Maharashtra,Sangli,Sangli,Onion,Local,FAQ,2026-01-08,2202.0,2470.0,2334.0,False
Maharashtra,Sangli,Sangli,Onion,Local,FAQ,2026-01-09,2243.0,2407.0,2335.0,False
Maharashtra,Sangli,Sangli,Onion,Local,FAQ,2026-01-10,2267.0,2413.0,2329.0,False
Maharashtra,Sangli,Sangli,Onion,Local,FAQ,2026-01-11,2223.0,2445.0,2325.0,False
Maharashtra,Sangli,Sangli,Onion,Local,FAQ,2026-01-12,2249.0,2482.0,2335.0,False
Maharashtra,Sangli,Sangli,Onion,Local,FAQ,2026-01-13,2209.0,2341.0,2287.0,False
Maharashtra,Sangli,Sangli,Onion,Local,FAQ,2026-01-14,2175.0,2386.0,2286.0,False
Maharashtra,Sangli,Sangli,Onion,Local,FAQ,2026-01-15,2217.0,2380.0,2281.0,False
Maharashtra,Sangli,Sangli,Onion,Local,FAQ,2026-01-16,2140.0,2363.0,2289.0,False
Maharashtra,Sangli,Sangli,Onion,Local,FAQ,2026-01-17,2243.0,2440.0,2317.0,False
Maharashtra,Sangli,Sangli,Onion,Local,FAQ,2026-01-18,2249.0,2449.0,2336.0,False
Maharashtra,Sangli,Sangli,Onion,Local,FAQ,2026-01-19,2292.0,2485.0,2351.0,False
Maharashtra,Sangli,Sangli,Onion,Local,FAQ,2026-01-20,2324.0,2475.0,2406.0,False
Maharashtra,Sangli,Sangli,Onion,Local,FAQ,2026-01-21,2290.0,2460.0,2408.0,False
Maharashtra,Sangli,Sangli,Onion,Local,FAQ,2026-01-22,2295.0,2469.0,2396.0,False
Maharashtra,Sangli,Sangli,Onion,Local,FAQ,2026-01-23,2250.0,2458.0,2369.0,False
Maharashtra,Sangli,Sangli,Onion,Local,FAQ,2026-01-24,2237.0,2445.0,2381.0,False
Maharashtra,Sangli,Sangli,Onion,Local,FAQ,2026-01-25,2219.0,2499.0,2361.0,False
Maharashtra,Sangli,Sangli,Onion,Local,FAQ,2026-01-26,2277.0,2469.0,2353.0,False
Maharashtra,Sangli,Sangli,Onion,Local,FAQ,2026-01-27,2256.0,2433.0,2359.0,False
Maharashtra,Sangli,Sangli,Onion,Local,FAQ,2026-01-28,2333.0,2532.0,2392.0,False
Maharashtra,Sangli,Sangli,Onion,Local,FAQ,2026-01-29,2314.0,2483.0,2398.0,False
Maharashtra,Sangli,Sangli,Onion,Local,FAQ,2026-01-30,2295.0,2558.0,2418.0,False
Maharashtra,Sangli,Sangli,Onion,Local,FAQ,2026-01-31,2310.0,2482.0,2424.0,False
Maharashtra,Sangli,Sangli,Onion,Local,FAQ,2026-02-01,2367.0,2573.0,2433.0,False
Maharashtra,Sangli,Sangli,Onion,Local,FAQ,2026-02-02,2389.0,2506.0,2440.0,False
Maharashtra,Sangli,Sangli,Onion,Local,FAQ,2026-02-03,2317.0,2541.0,2422.0,False
Maharashtra,Sangli,Sangli,Onion,Local,FAQ,2026-02-04,2271.0,2466.0,2392.0,False
Maharashtra,Sangli,Sangli,Onion,Local,FAQ,2026-02-05,2326.0,2534.0,2409.0,False
Maharashtra,Sangli,Sangli,Onion,Local,FAQ,2026-02-06,2317.0,2540.0,2433.0,False
Maharashtra,Sangli,Sangli,Onion,Local,FAQ,2026-02-07,2384.0,2530.0,2443.0,False
Maharashtra,Sangli,Sangli,Onion,Local,FAQ,2026-02-08,2274.0,2510.0,2421.0,False
Maharashtra,Sangli,Sangli,Onion,Local,FAQ,2026-02-09,2261.0,2513.0,2400.0,False
Maharashtra,Sangli,Sangli,Onion,Local,FAQ,2026-02-10,2293.0,2500.0,2401.0,False
Maharashtra,Sangli,Sangli,Onion,Local,FAQ,2026-02-11,2367.0,2559.0,2437.0,False
Maharashtra,Sangli,Sangli,Onion,Local,FAQ,2026-02-12,2266.0,2555.0,2410.0,False
Maharashtra,Sangli,Sangli,Onion,Local,FAQ,2026-02-13,2281.0,2509.0,2422.0,False
Maharashtra,Sangli,Sangli,Onion,Local,FAQ,2026-02-14,2288.0,2569.0,2434.0,False
Maharashtra,Sangli,Sangli,Onion,Local,FAQ,2026-02-15,2353.0,2521.0,2432.0,False
Maharashtra,Sangli,Sangli,Onion,Local,FAQ,2026-02-16,2354.0,2527.0,2421.0,False
Maharashtra,Sangli,Sangli,Onion,Local,FAQ,2026-02-17,2299.0,2563.0,2443.0,False
Maharashtra,Sangli,Sangli,Onion,Local,FAQ,2026-02-18,2309.0,2570.0,2421.0,False
Maharashtra,Sangli,Sangli,Onion,Local,FAQ,2026-02-19,2360.0,2526.0,2424.0,False
Maharashtra,Sangli,Sangli,Onion,Local,FAQ,2026-02-20,2313.0,2553.0,2433.0,False
Maharashtra,Sangli,Sangli,Onion,Local,FAQ,2026-02-21,2361.0,2526.0,2447.0,False
Maharashtra,Sangli,Sangli,Onion,Local,FAQ,2026-02-22,2323.0,2601.0,2460.0,False
Maharashtra,Sangli,Sangli,Onion,Local,FAQ,2026-02-23,2372.0,2573.0,2473.0,False
Maharashtra,Sangli,Sangli,Onion,Local,FAQ,2026-02-24,2367.0,2617.0,2487.0,False
Maharashtra,Sangli,Sangli,Onion,Local,FAQ,2026-02-25,2377.0,2600.0,2516.0,False
Maharashtra,Sangli,Sangli,Onion,Local,FAQ,2026-02-26,2388.0,2550.0,2496.0,False
Maharashtra,Sangli,Sangli,Onion,Local,FAQ,2026-02-27,2394.0,2595.0,2491.0,False
Maharashtra,Sangli,Sangli,Onion,Local,FAQ,2026-02-28,2455.0,2562.0,2508.0,False
Maharashtra,Sangli,Sangli,Onion,Local,FAQ,2026-03-01,2335.0,2553.0,2467.0,False
Maharashtra,Sangli,Sangli,Onion,Local,FAQ,2026-03-02,2342.0,2541.0,2469.0,False
Maharashtra,Sangli,Sangli,Onion,Local,FAQ,2026-03-03,2330.0,2501.0,2442.0,False
Maharashtra,Sangli,Sangli,Onion,Local,FAQ,2026-03-04,2339.0,2557.0,2443.0,False
Maharashtra,Sangli,Sangli,Onion,Local,FAQ,2026-03-05,2304.0,2575.0,2427.0,False
Maharashtra,Sangli,Sangli,Onion,Local,FAQ,2026-03-06,2246.0,2453.0,2376.0,False
Maharashtra,Sangli,Sangli,Onion,Local,FAQ,2026-03-08,2303.0,2461.0,2394.0,False
Maharashtra,Sangli,Sangli,Onion,Local,FAQ,2026-03-09,2349.0,2490.0,2415.0,False
Maharashtra,Sangli,Sangli,Onion,Local,FAQ,2026-03-10,2343.0,2537.0,2459.0,False
Maharashtra,Sangli,Sangli,Onion,Local,FAQ,2026-03-11,2324.0,2593.0,2469.0,False
Maharashtra,Sangli,Sangli,Onion,Local,FAQ,2026-03-12,2431.0,2598.0,2523.0,False
Maharashtra,Sangli,Sangli,Onion,Local,FAQ,2026-03-14,2462.0,2619.0,2559.0,False
Maharashtra,Sangli,Sangli,Onion,Local,FAQ,2026-03-15,2480.0,2676.0,2579.0,False
Maharashtra,Sangli,Sangli,Onion,Local,FAQ,2026-03-16,2482.0,2684.0,2572.0,False
Maharashtra,Sangli,Sangli,Onion,Local,FAQ,2026-03-17,2427.0,2596.0,2541.0,False
Maharashtra,Sangli,Sangli,Onion,Local,FAQ,2026-03-18,2477.0,2713.0,2577.0,False
Maharashtra,Sangli,Sangli,Onion,Local,FAQ,2026-03-19,2425.0,2607.0,2541.0,False
Maharashtra,Sangli,Sangli,Onion,Local,FAQ,2026-03-20,2493.0,2655.0,2546.0,False
Maharashtra,Sangli,Sangli,Onion,Local,FAQ,2026-03-21,2387.0,2639.0,2531.0,False
Maharashtra,Sangli,Sangli,Onion,Local,FAQ,2026-03-22,2475.0,2676.0,2571.0,False
Maharashtra,Sangli,Sangli,Onion,Local,FAQ,2026-03-23,2396.0,2629.0,2540.0,False
Maharashtra,Sangli,Sangli,Onion,Local,FAQ,2026-03-24,2490.0,2629.0,2547.0,False
Maharashtra,Sangli,Sangli,Onion,Local,FAQ,2026-03-25,2398.0,2584.0,2532.0,False
Maharashtra,Sangli,Sangli,Onion,Local,FAQ,2026-03-26,2455.0,2637.0,2517.0,False
Maharashtra,Sangli,Sangli,Onion,Local,FAQ,2026-03-27,2425.0,2676.0,2538.0,False
Maharashtra,Sangli,Sangli,Onion,Local,FAQ,2026-03-28,2480.0,2626.0,2558.0,False
Maharashtra,Sangli,Sangli,Onion,Local,FAQ,2026-03-29,2449.0,2705.0,2574.0,False
Maharashtra,Sangli,Sangli,Onion,Local,FAQ,2026-03-30,2487.0,2702.0,2574.0,False
Maharashtra,Sangli,Sangli,Onion,Local,FAQ,2026-03-31,2493.0,2720.0,2577.0,False
Maharashtra,Sangli,Sangli,Onion,Local,FAQ,2026-04-01,2446.0,2696.0,2571.0,False
Maharashtra,Sangli,Sangli,Onion,Local,FAQ,2026-04-02,2539.0,2739.0,2599.0,False
Maharashtra,Sangli,Sangli,Onion,Local,FAQ,2026-04-03,2549.0,2771.0,2631.0,False
Maharashtra,Sangli,Sangli,Onion,Local,FAQ,2026-04-04,2543.0,2683.0,2632.0,False
Maharashtra,Sangli,Sangli,Onion,Local,FAQ,2026-04-05,2495.0,2747.0,2640.0,False
Maharashtra,Sangli,Sangli,Onion,Local,FAQ,2026-04-06,2524.0,2732.0,2637.0,False
Maharashtra,Sangli,Sangli,Onion,Local,FAQ,2026-04-07,2494.0,2736.0,2611.0,False
Maharashtra,Sangli,Sangli,Onion,Local,FAQ,2026-04-08,2452.0,2710.0,2581.0,False
Maharashtra,Sangli,Sangli,Onion,Local,FAQ,2026-04-09,2525.0,2686.0,2581.0,False
Maharashtra,Sangli,Sangli,Onion,Local,FAQ,2026-04-10,2464.0,2697.0,2558.0,False
Maharashtra,Sangli,Sangli,Onion,Local,FAQ,2026-04-11,2474.0,2664.0,2538.0,False
Maharashtra,Sangli,Sangli,Onion,Local,FAQ,2026-04-12,2418.0,2590.0,2530.0,False
Maharashtra,Sangli,Sangli,Onion,Local,FAQ,2026-04-13,2479.0,2668.0,2536.0,False
Maharashtra,Sangli,Sangli,Onion,Local,FAQ,2026-04-14,2402.0,2581.0,2523.0,False
Maharashtra,Sangli,Sangli,Onion,Local,FAQ,2026-04-15,2356.0,2632.0,2487.0,False
Maharashtra,Sangli,Sangli,Onion,Local,FAQ,2026-04-16,2303.0,2577.0,2452.0,False
Maharashtra,Sangli,Sangli,Onion,Local,FAQ,2026-04-17,2306.0,2540.0,2434.0,False
Maharashtra,Sangli,Sangli,Onion,Local,FAQ,2026-04-18,2336.0,2569.0,2428.0,False
Maharashtra,Sangli,Sangli,Onion,Local,FAQ,2026-04-19,2377.0,2525.0,2428.0,False
Maharashtra,Sangli,Sangli,Onion,Local,FAQ,2026-04-20,2347.0,2465.0,2403.0,False
Maharashtra,Sangli,Sangli,Onion,Local,FAQ,2026-04-21,2286.0,2519.0,2411.0,False
Maharashtra,Sangli,Sangli,Onion,Local,FAQ,2026-04-22,2244.0,2477.0,2390.0,False
Maharashtra,Sangli,Sangli,Onion,Local,FAQ,2026-04-23,2336.0,2554.0,2408.0,False
Maharashtra,Sangli,Sangli,Onion,Local,FAQ,2026-04-24,2346.0,2544.0,2397.0,False
Maharashtra,Sangli,Sangli,Onion,Local,FAQ,2026-04-25,2346.0,2508.0,2403.0,False
Maharashtra,Sangli,Sangli,Onion,Local,FAQ,2026-04-26,2256.0,2505.0,2403.0,False
Maharashtra,Sangli,Sangli,Onion,Local,FAQ,2026-04-27,2345.0,2553.0,2440.0,False
Maharashtra,Sangli,Sangli,Onion,Local,FAQ,2026-04-28,2356.0,2604.0,2464.0,False
Maharashtra,Sangli,Sangli,Onion,Local,FAQ,2026-04-29,2440.0,2587.0,2518.0,False
Maharashtra,Sangli,Sangli,Onion,Local,FAQ,2026-04-30,2402.0,2583.0,2498.0,False
Maharashtra,Sangli,Sangli,Onion,Local,FAQ,2026-05-01,2332.0,2628.0,2479.0,False
Maharashtra,Sangli,Sangli,Onion,Local,FAQ,2026-05-02,2363.0,2587.0,2483.0,False
Maharashtra,Sangli,Sangli,Onion,Local,FAQ,2026-05-03,2389.0,2573.0,2507.0,False
Maharashtra,Sangli,Sangli,Onion,Local,FAQ,2026-05-04,2351.0,2624.0,2492.0,False
Maharashtra,Sangli,Sangli,Onion,Local,FAQ,2026-05-05,2316.0,2596.0,2459.0,False
Maharashtra,Sangli,Sangli,Onion,Local,FAQ,2026-05-06,2450.0,2558.0,2505.0,False
Maharashtra,Sangli,Sangli,Onion,Local,FAQ,2026-05-07,2386.0,2600.0,2535.0,False
Maharashtra,Sangli,Sangli,Onion,Local,FAQ,2026-05-08,2414.0,2611.0,2523.0,False
Maharashtra,Sangli,Sangli,Onion,Local,FAQ,2026-05-09,2429.0,2597.0,2520.0,False
Maharashtra,Sangli,Sangli,Onion,Local,FAQ,2026-05-10,2495.0,2687.0,2551.0,False
Maharashtra,Sangli,Sangli,Onion,Local,FAQ,2026-05-11,2424.0,2695.0,2551.0,False
Maharashtra,Sangli,Sangli,Onion,Local,FAQ,2026-05-12,2417.0,2627.0,2552.0,False
Maharashtra,Sangli,Sangli,Onion,Local,FAQ,2026-05-13,2381.0,2637.0,2526.0,False
Maharashtra,Sangli,Sangli,Onion,Local,FAQ,2026-05-14,2449.0,2639.0,2522.0,False
Maharashtra,Sangli,Sangli,Onion,Local,FAQ,2026-05-15,2423.0,2601.0,2484.0,False
Maharashtra,Sangli,Sangli,Onion,Local,FAQ,2026-05-16,2414.0,2643.0,2516.0,False
Maharashtra,Sangli,Sangli,Onion,Local,FAQ,2026-05-17,2440.0,2651.0,2545.0,False
Maharashtra,Sangli,Sangli,Onion,Local,FAQ,2026-05-18,2409.0,2637.0,2547.0,False
Maharashtra,Sangli,Sangli,Onion,Local,FAQ,2026-05-19,2443.0,2634.0,2563.0,False
Maharashtra,Sangli,Sangli,Onion,Local,FAQ,2026-05-20,2533.0,2648.0,2597.0,False
Maharashtra,Sangli,Sangli,Onion,Local,FAQ,2026-05-21,2535.0,2718.0,2624.0,False
Maharashtra,Sangli,Sangli,Onion,Local,FAQ,2026-05-22,2440.0,2665.0,2580.0,False
Maharashtra,Sangli,Sangli,Onion,Local,FAQ,2026-05-23,2527.0,2729.0,2617.0,False
Maharashtra,Sangli,Sangli,Onion,Local,FAQ,2026-05-24,2483.0,2764.0,2619.0,False
Maharashtra,Sangli,Sangli,Onion,Local,FAQ,2026-05-25,2480.0,2724.0,2576.0,False
Maharashtra,Sangli,Sangli,Onion,Local,FAQ,2026-05-26,2476.0,2658.0,2575.0,False
Maharashtra,Sangli,Sangli,Onion,Local,FAQ,2026-05-27,2484.0,2605.0,2542.0,False
Maharashtra,Sangli,Sangli,Onion,Local,FAQ,2026-05-28,2496.0,2624.0,2559.0,False
Maharashtra,Sangli,Sangli,Onion,Local,FAQ,2026-05-29,2500.0,2653.0,2568.0,False
Maharashtra,Sangli,Sangli,Onion,Local,FAQ,2026-05-30,2405.0,2642.0,2545.0,False
Maharashtra,Sangli,Sangli,Onion,Local,FAQ,2026-05-31,2451.0,2574.0,2520.0,False
Maharashtra,Sangli,Sangli,Onion,Local,FAQ,2026-06-01,2466.0,2611.0,2533.0,False
Maharashtra,Sangli,Sangli,Onion,Local,FAQ,2026-06-02,2459.0,2616.0,2530.0,False
Maharashtra,Sangli,Sangli,Onion,Local,FAQ,2026-06-03,2404.0,2623.0,2504.0,False
Maharashtra,Sangli,Sangli,Onion,Local,FAQ,2026-06-04,2350.0,2629.0,2487.0,False
Maharashtra,Sangli,Sangli,Onion,Local,FAQ,2026-06-05,2436.0,2570.0,2492.0,False
Maharashtra,Sangli,Sangli,Onion,Local,FAQ,2026-06-06,2439.0,2578.0,2507.0,False
Maharashtra,Sangli,Sangli,Onion,Local,FAQ,2026-06-07,2439.0,2624.0,2526.0,False
Maharashtra,Sangli,Sangli,Onion,Local,FAQ,2026-06-08,2392.0,2613.0,2488.0,False
Maharashtra,Sangli,Sangli,Onion,Local,FAQ,2026-06-09,2469.0,2598.0,2523.0,False
Maharashtra,Sangli,Sangli,Onion,Local,FAQ,2026-06-10,2436.0,2640.0,2537.0,False
Maharashtra,Sangli,Sangli,Onion,Local,FAQ,2026-06-11,2484.0,2640.0,2545.0,False
Maharashtra,Sangli,Sangli,Onion,Local,FAQ,2026-06-12,2428.0,2593.0,2505.0,False
Maharashtra,Sangli,Sangli,Onion,Local,FAQ,2026-06-13,2458.0,2592.0,2510.0,False
Maharashtra,Sangli,Sangli,Onion,Local,FAQ,2026-06-14,2432.0,2633.0,2494.0,False
Maharashtra,Sangli,Sangli,Onion,Local,FAQ,2026-06-15,2358.0,2585.0,2467.0,False
Maharashtra,Sangli,Sangli,Onion,Local,FAQ,2026-06-16,2407.0,2570.0,2466.0,False
Maharashtra,Sangli,Sangli,Onion,Local,FAQ,2026-06-17,2394.0,2628.0,2503.0,False
Maharashtra,Sangli,Sangli,Onion,Local,FAQ,2026-06-18,2399.0,2563.0,2477.0,False
Maharashtra,Sangli,Sangli,Onion,Local,FAQ,2026-06-19,2358.0,2580.0,2473.0,False
Maharashtra,Sangli,Sangli,Onion,Local,FAQ,2026-06-20,2378.0,2503.0,2438.0,False
Maharashtra,Sangli,Sangli,Onion,Local,FAQ,2026-06-21,2377.0,2518.0,2452.0,False
Maharashtra,Sangli,Sangli,Onion,Local,FAQ,2026-06-22,2370.0,2577.0,2437.0,False
Maharashtra,Sangli,Sangli,Onion,Local,FAQ,2026-06-23,2357.0,2517.0,2415.0,False
Maharashtra,Sangli,Sangli,Onion,Local,FAQ,2026-06-24,2361.0,2512.0,2422.0,False
Maharashtra,Sangli,Sangli,Onion,Local,FAQ,2026-06-25,2274.0,2558.0,2421.0,False
Maharashtra,Sangli,Sangli,Onion,Local,FAQ,2026-06-26,2339.0,2523.0,2406.0,False
Maharashtra,Sangli,Sangli,Onion,Local,FAQ,2026-06-27,2282.0,2531.0,2425.0,False
Maharashtra,Sangli,Sangli,Onion,Local,FAQ,2026-06-28,2257.0,2453.0,2384.0,False
Maharashtra,Sangli,Sangli,Onion,Local,FAQ,2026-06-29,2315.0,2490.0,2397.0,False
Maharashtra,Sangli,Sangli,Onion,Local,FAQ,2026-06-30,2296.0,2468.0,2357.0,False
Maharashtra,Sangli,Sangli,Onion,Local,FAQ,2026-07-01,2279.0,2466.0,2358.0,False
Maharashtra,Sangli,Sangli,Onion,Local,FAQ,2026-07-02,2253.0,2411.0,2356.0,False
Maharashtra,Sangli,Sangli,Onion,Local,FAQ,2026-07-03,2242.0,2389.0,2326.0,False
Maharashtra,Sangli,Sangli,Onion,Local,FAQ,2026-07-04,2276.0,2469.0,2351.0,False
Maharashtra,Sangli,Sangli,Onion,Local,FAQ,2026-07-05,2211.0,2447.0,2337.0,False
Maharashtra,Sangli,Sangli,Onion,Local,FAQ,2026-07-06,2190.0,2418.0,2275.0,False
Maharashtra,Sangli,Sangli,Onion,Local,FAQ,2026-07-07,2122.0,2402.0,2255.0,False
Maharashtra,Sangli,Sangli,Onion,Local,FAQ,2026-07-08,2120.0,2332.0,2264.0,False
Maharashtra,Sangli,Sangli,Onion,Local,FAQ,2026-07-09,2192.0,2373.0,2249.0,False
Maharashtra,Sangli,Sangli,Onion,Local,FAQ,2026-07-10,2214.0,2408.0,2278.0,False
Maharashtra,Sangli,Sangli,Onion,Local,FAQ,2026-07-11,2215.0,2351.0,2285.0,False
Maharashtra,Satara,Satara,Onion,Local,FAQ,2025-12-04,2006.0,2194.0,2078.0,False
Maharashtra,Satara,Satara,Onion,Local,FAQ,2025-12-05,2018.0,2222.0,2107.0,False
Maharashtra,Satara,Satara,Onion,Local,FAQ,2025-12-06,1965.0,2170.0,2115.0,False
Maharashtra,Satara,Satara,Onion,Local,FAQ,2025-12-07,1948.0,2187.0,2096.0,False
Maharashtra,Satara,Satara,Onion,Local,FAQ,2025-12-08,1997.0,2228.0,2104.0,False
Maharashtra,Satara,Satara,Onion,Local,FAQ,2025-12-09,1977.0,2205.0,2115.0,False
Maharashtra,Satara,Satara,Onion,Local,FAQ,2025-12-10,2013.0,2270.0,2144.0,False
Maharashtra,Satara,Satara,Onion,Local,FAQ,2025-12-11,1984.0,2208.0,2114.0,False
Maharashtra,Satara,Satara,Onion,Local,FAQ,2025-12-12,2006.0,2161.0,2110.0,False
Maharashtra,Satara,Satara,Onion,Local,FAQ,2025-12-13,2031.0,2200.0,2113.0,False
Maharashtra,Satara,Satara,Onion,Local,FAQ,2025-12-14,2064.0,2248.0,2153.0,False
Maharashtra,Satara,Satara,Onion,Local,FAQ,2025-12-15,2058.0,2219.0,2132.0,False
Maharashtra,Satara,Satara,Onion,Local,FAQ,2025-12-16,2061.0,2269.0,2173.0,False
Maharashtra,Satara,Satara,Onion,Local,FAQ,2025-12-17,2110.0,2334.0,2198.0,False
Maharashtra,Satara,Satara,Onion,Local,FAQ,2025-12-18,2083.0,2220.0,2136.0,False
Maharashtra,Satara,Satara,Onion,Local,FAQ,2025-12-19,2105.0,2283.0,2193.0,False
Maharashtra,Satara,Satara,Onion,Local,FAQ,2025-12-20,2107.0,2344.0,2218.0,False
Maharashtra,Satara,Satara,Onion,Local,FAQ,2025-12-21,2148.0,2401.0,2279.0,False
Maharashtra,Satara,Satara,Onion,Local,FAQ,2025-12-22,2224.0,2441.0,2298.0,False
Maharashtra,Satara,Satara,Onion,Local,FAQ,2025-12-23,2249.0,2448.0,2305.0,False
Maharashtra,Satara,Satara,Onion,Local,FAQ,2025-12-25,2202.0,2361.0,2280.0,False
Maharashtra,Satara,Satara,Onion,Local,FAQ,2025-12-26,2203.0,2395.0,2284.0,False
Maharashtra,Satara,Satara,Onion,Local,FAQ,2025-12-27,2197.0,2396.0,2319.0,False
Maharashtra,Satara,Satara,Onion,Local,FAQ,2025-12-28,2226.0,2412.0,2294.0,False
Maharashtra,Satara,Satara,Onion,Local,FAQ,2025-12-29,2221.0,2392.0,2289.0,False
Maharashtra,Satara,Satara,Onion,Local,FAQ,2025-12-30,2167.0,2350.0,2274.0,False
Maharashtra,Satara,Satara,Onion,Local,FAQ,2025-12-31,2136.0,2380.0,2282.0,False
Maharashtra,Satara,Satara,Onion,Local,FAQ,2026-01-01,2233.0,2400.0,2287.0,False
Maharashtra,Satara,Satara,Onion,Local,FAQ,2026-01-02,2176.0,2431.0,2321.0,False
Maharashtra,Satara,Satara,Onion,Local,FAQ,2026-01-03,2250.0,2394.0,2323.0,False
Maharashtra,Satara,Satara,Onion,Local,FAQ,2026-01-04,2213.0,2415.0,2324.0,False
Maharashtra,Satara,Satara,Onion,Local,FAQ,2026-01-05,2164.0,2369.0,2292.0,False
Maharashtra,Satara,Satara,Onion,Local,FAQ,2026-01-06,2143.0,2367.0,2275.0,False
Maharashtra,Satara,Satara,Onion,Local,FAQ,2026-01-07,2146.0,2353.0,2258.0,False
Maharashtra,Satara,Satara,Onion,Local,FAQ,2026-01-08,2156.0,2332.0,2265.0,False
Maharashtra,Satara,Satara,Onion,Local,FAQ,2026-01-09,2209.0,2341.0,2281.0,False
Maharashtra,Satara,Satara,Onion,Local,FAQ,2026-01-10,2239.0,2405.0,2291.0,False
Maharashtra,Satara,Satara,Onion,Local,FAQ,2026-01-11,2243.0,2405.0,2316.0,False
Maharashtra,Satara,Satara,Onion,Local,FAQ,2026-01-12,2262.0,2471.0,2371.0,False
Maharashtra,Satara,Satara,Onion,Local,FAQ,2026-01-13,2258.0,2473.0,2351.0,False
Maharashtra,Satara,Satara,Onion,Local,FAQ,2026-01-15,2329.0,2464.0,2406.0,False
Maharashtra,Satara,Satara,Onion,Local,FAQ,2026-01-16,2388.0,2586.0,2447.0,False
Maharashtra,Satara,Satara,Onion,Local,FAQ,2026-01-17,2359.0,2517.0,2432.0,False
Maharashtra,Satara,Satara,Onion,Local,FAQ,2026-01-18,2350.0,2509.0,2407.0,False
Maharashtra,Satara,Satara,Onion,Local,FAQ,2026-01-19,2275.0,2528.0,2413.0,False
Maharashtra,Satara,Satara,Onion,Local,FAQ,2026-01-20,2271.0,2456.0,2374.0,False
Maharashtra,Satara,Satara,Onion,Local,FAQ,2026-01-21,2255.0,2520.0,2404.0,False
Maharashtra,Satara,Satara,Onion,Local,FAQ,2026-01-22,2268.0,2497.0,2374.0,False
Maharashtra,Satara,Satara,Onion,Local,FAQ,2026-01-23,2250.0,2502.0,2356.0,False
Maharashtra,Satara,Satara,Onion,Local,FAQ,2026-01-24,2287.0,2474.0,2355.0,False
Maharashtra,Satara,Satara,Onion,Local,FAQ,2026-01-25,2299.0,2454.0,2359.0,False
Maharashtra,Satara,Satara,Onion,Local,FAQ,2026-01-26,2198.0,2409.0,2324.0,False
Maharashtra,Satara,Satara,Onion,Local,FAQ,2026-01-27,2208.0,2424.0,2351.0,False
Maharashtra,Satara,Satara,Onion,Local,FAQ,2026-01-28,2276.0,2431.0,2366.0,False
Maharashtra,Satara,Satara,Onion,Local,FAQ,2026-01-29,2295.0,2509.0,2397.0,False
Maharashtra,Satara,Satara,Onion,Local,FAQ,2026-01-30,2341.0,2526.0,2400.0,False
Maharashtra,Satara,Satara,Onion,Local,FAQ,2026-01-31,2276.0,2525.0,2404.0,False
Maharashtra,Satara,Satara,Onion,Local,FAQ,2026-02-01,2346.0,2480.0,2400.0,False
Maharashtra,Satara,Satara,Onion,Local,FAQ,2026-02-02,2321.0,2524.0,2380.0,False
Maharashtra,Satara,Satara,Onion,Local,FAQ,2026-02-03,2242.0,2428.0,2347.0,False
Maharashtra,Satara,Satara,Onion,Local,FAQ,2026-02-04,2209.0,2421.0,2319.0,False
Maharashtra,Satara,Satara,Onion,Local,FAQ,2026-02-05,2124.0,2366.0,2266.0,False
Maharashtra,Satara,Satara,Onion,Local,FAQ,2026-02-06,2180.0,2406.0,2268.0,False
Maharashtra,Satara,Satara,Onion,Local,FAQ,2026-02-07,2128.0,2396.0,2265.0,False
Maharashtra,Satara,Satara,Onion,Local,FAQ,2026-02-08,2190.0,2338.0,2248.0,False
Maharashtra,Satara,Satara,Onion,Local,FAQ,2026-02-09,2206.0,2392.0,2273.0,False
Maharashtra,Satara,Satara,Onion,Local,FAQ,2026-02-10,2160.0,2406.0,2274.0,False
Maharashtra,Satara,Satara,Onion,Local,FAQ,2026-02-11,2211.0,2410.0,2274.0,False
Maharashtra,Satara,Satara,Onion,Local,FAQ,2026-02-12,2162.0,2399.0,2273.0,False
Maharashtra,Satara,Satara,Onion,Local,FAQ,2026-02-13,2227.0,2394.0,2294.0,False
Maharashtra,Satara,Satara,Onion,Local,FAQ,2026-02-14,2180.0,2324.0,2267.0,False
Maharashtra,Satara,Satara,Onion,Local,FAQ,2026-02-15,2206.0,2323.0,2259.0,False
Maharashtra,Satara,Satara,Onion,Local,FAQ,2026-02-16,2114.0,2354.0,2261.0,False
Maharashtra,Satara,Satara,Onion,Local,FAQ,2026-02-17,2193.0,2375.0,2274.0,False
Maharashtra,Satara,Satara,Onion,Local,FAQ,2026-02-20,2185.0,2390.0,2241.0,False
Maharashtra,Satara,Satara,Onion,Local,FAQ,2026-02-21,2223.0,2399.0,2279.0,False
Maharashtra,Satara,Satara,Onion,Local,FAQ,2026-02-22,2144.0,2319.0,2263.0,False
Maharashtra,Satara,Satara,Onion,Local,FAQ,2026-02-23,2155.0,2406.0,2256.0,False
Maharashtra,Satara,Satara,Onion,Local,FAQ,2026-02-24,2186.0,2379.0,2267.0,False
Maharashtra,Satara,Satara,Onion,Local,FAQ,2026-02-25,2194.0,2390.0,2297.0,False
Maharashtra,Satara,Satara,Onion,Local,FAQ,2026-02-26,2175.0,2353.0,2262.0,False
Maharashtra,Satara,Satara,Onion,Local,FAQ,2026-02-27,2124.0,2380.0,2257.0,False
Maharashtra,Satara,Satara,Onion,Local,FAQ,2026-02-28,2190.0,2318.0,2242.0,False
Maharashtra,Satara,Satara,Onion,Local,FAQ,2026-03-01,2052.0,2242.0,2178.0,False
Maharashtra,Satara,Satara,Onion,Local,FAQ,2026-03-02,2090.0,2215.0,2141.0,False
Maharashtra,Satara,Satara,Onion,Local,FAQ,2026-03-03,1997.0,2275.0,2145.0,False
Maharashtra,Satara,Satara,Onion,Local,FAQ,2026-03-04,2084.0,2250.0,2145.0,False
Maharashtra,Satara,Satara,Onion,Local,FAQ,2026-03-05,2064.0,2293.0,2159.0,False
Maharashtra,Satara,Satara,Onion,Local,FAQ,2026-03-06,2094.0,2241.0,2159.0,False
Maharashtra,Satara,Satara,Onion,Local,FAQ,2026-03-07,2011.0,2233.0,2135.0,False
Maharashtra,Satara,Satara,Onion,Local,FAQ,2026-03-08,2005.0,2230.0,2101.0,False
Maharashtra,Satara,Satara,Onion,Local,FAQ,2026-03-09,1922.0,2207.0,2061.0,False
Maharashtra,Satara,Satara,Onion,Local,FAQ,2026-03-10,1925.0,2138.0,2044.0,False
Maharashtra,Satara,Satara,Onion,Local,FAQ,2026-03-11,1995.0,2204.0,2070.0,False
Maharashtra,Satara,Satara,Onion,Local,FAQ,2026-03-12,2008.0,2264.0,2124.0,False
Maharashtra,Satara,Satara,Onion,Local,FAQ,2026-03-13,1995.0,2220.0,2109.0,False
Maharashtra,Satara,Satara,Onion,Local,FAQ,2026-03-14,2044.0,2233.0,2109.0,False
Maharashtra,Satara,Satara,Onion,Local,FAQ,2026-03-15,1990.0,2209.0,2091.0,False
Maharashtra,Satara,Satara,Onion,Local,FAQ,2026-03-16,2025.0,2133.0,2082.0,False
Maharashtra,Satara,Satara,Onion,Local,FAQ,2026-03-17,1940.0,2210.0,2086.0,False
Maharashtra,Satara,Satara,Onion,Local,FAQ,2026-03-18,1967.0,2179.0,2052.0,False
Maharashtra,Satara,Satara,Onion,Local,FAQ,2026-03-19,1912.0,2097.0,2028.0,False
Maharashtra,Satara,Satara,Onion,Local,FAQ,2026-03-20,1981.0,2110.0,2058.0,False
Maharashtra,Satara,Satara,Onion,Local,FAQ,2026-03-21,2018.0,2223.0,2076.0,False
Maharashtra,Satara,Satara,Onion,Local,FAQ,2026-03-22,1989.0,2189.0,2101.0,False
Maharashtra,Satara,Satara,Onion,Local,FAQ,2026-03-23,2011.0,2144.0,2082.0,False
Maharashtra,Satara,Satara,Onion,Local,FAQ,2026-03-24,2001.0,2218.0,2115.0,False
Maharashtra,Satara,Satara,Onion,Local,FAQ,2026-03-25,2075.0,2276.0,2129.0,False
Maharashtra,Satara,Satara,Onion,Local,FAQ,2026-03-26,1965.0,2223.0,2113.0,False
Maharashtra,Satara,Satara,Onion,Local,FAQ,2026-03-27,2028.0,2261.0,2136.0,False
Maharashtra,Satara,Satara,Onion,Local,FAQ,2026-03-28,2086.0,2233.0,2149.0,False
Maharashtra,Satara,Satara,Onion,Local,FAQ,2026-03-29,2033.0,2248.0,2176.0,False
Maharashtra,Satara,Satara,Onion,Local,FAQ,2026-03-30,2056.0,2261.0,2150.0,False
Maharashtra,Satara,Satara,Onion,Local,FAQ,2026-03-31,1957.0,2175.0,2101.0,False
Maharashtra,Satara,Satara,Onion,Local,FAQ,2026-04-01,1956.0,2210.0,2095.0,False
Maharashtra,Satara,Satara,Onion,Local,FAQ,2026-04-02,2010.0,2221.0,2089.0,False
Maharashtra,Satara,Satara,Onion,Local,FAQ,2026-04-04,1957.0,2214.0,2091.0,False
Maharashtra,Satara,Satara,Onion,Local,FAQ,2026-04-05,2040.0,2213.0,2108.0,False
Maharashtra,Satara,Satara,Onion,Local,FAQ,2026-04-06,1989.0,2281.0,2137.0,False
Maharashtra,Satara,Satara,Onion,Local,FAQ,2026-04-07,2015.0,2218.0,2147.0,False
Maharashtra,Satara,Satara,Onion,Local,FAQ,2026-04-08,2030.0,2265.0,2131.0,False
Maharashtra,Satara,Satara,Onion,Local,FAQ,2026-04-09,2030.0,2240.0,2139.0,False
Maharashtra,Satara,Satara,Onion,Local,FAQ,2026-04-10,2101.0,2288.0,2181.0,False
Maharashtra,Satara,Satara,Onion,Local,FAQ,2026-04-11,2086.0,2326.0,2200.0,False
Maharashtra,Satara,Satara,Onion,Local,FAQ,2026-04-12,2144.0,2306.0,2210.0,False
Maharashtra,Satara,Satara,Onion,Local,FAQ,2026-04-13,2074.0,2274.0,2204.0,False
Maharashtra,Satara,Satara,Onion,Local,FAQ,2026-04-14,2077.0,2306.0,2183.0,False
Maharashtra,Satara,Satara,Onion,Local,FAQ,2026-04-15,2067.0,2281.0,2153.0,False
Maharashtra,Satara,Satara,Onion,Local,FAQ,2026-04-16,2059.0,2215.0,2164.0,False
Maharashtra,Satara,Satara,Onion,Local,FAQ,2026-04-17,1999.0,2232.0,2145.0,False
Maharashtra,Satara,Satara,Onion,Local,FAQ,2026-04-18,2078.0,2226.0,2161.0,False
Maharashtra,Satara,Satara,Onion,Local,FAQ,2026-04-19,2029.0,2266.0,2179.0,False
Maharashtra,Satara,Satara,Onion,Local,FAQ,2026-04-20,2075.0,2292.0,2170.0,False
Maharashtra,Satara,Satara,Onion,Local,FAQ,2026-04-21,2086.0,2266.0,2175.0,False
Maharashtra,Satara,Satara,Onion,Local,FAQ,2026-04-22,2079.0,2249.0,2199.0,False
Maharashtra,Satara,Satara,Onion,Local,FAQ,2026-04-23,2032.0,2220.0,2161.0,False
Maharashtra,Satara,Satara,Onion,Local,FAQ,2026-04-24,2083.0,2290.0,2192.0,False
Maharashtra,Satara,Satara,Onion,Local,FAQ,2026-04-25,2070.0,2284.0,2178.0,False
Maharashtra,Satara,Satara,Onion,Local,FAQ,2026-04-26,2077.0,2293.0,2183.0,False
Maharashtra,Satara,Satara,Onion,Local,FAQ,2026-04-27,2131.0,2341.0,2208.0,False
Maharashtra,Satara,Satara,Onion,Local,FAQ,2026-04-28,2123.0,2281.0,2223.0,False
Maharashtra,Satara,Satara,Onion,Local,FAQ,2026-04-29,2091.0,2340.0,2219.0,False
Maharashtra,Satara,Satara,Onion,Local,FAQ,2026-04-30,2078.0,2309.0,2207.0,False
Maharashtra,Satara,Satara,Onion,Local,FAQ,2026-05-01,2096.0,2272.0,2179.0,False
Maharashtra,Satara,Satara,Onion,Local,FAQ,2026-05-02,2115.0,2246.0,2174.0,False
Maharashtra,Satara,Satara,Onion,Local,FAQ,2026-05-03,2062.0,2355.0,2212.0,False
Maharashtra,Satara,Satara,Onion,Local,FAQ,2026-05-04,2114.0,2320.0,2228.0,False
Maharashtra,Satara,Satara,Onion,Local,FAQ,2026-05-06,2139.0,2361.0,2273.0,False
Maharashtra,Satara,Satara,Onion,Local,FAQ,2026-05-07,2252.0,2406.0,2320.0,False
Maharashtra,Satara,Satara,Onion,Local,FAQ,2026-05-09,2282.0,2506.0,2362.0,False
Maharashtra,Satara,Satara,Onion,Local,FAQ,2026-05-10,2242.0,2411.0,2318.0,False
Maharashtra,Satara,Satara,Onion,Local,FAQ,2026-05-11,2235.0,2429.0,2331.0,False
Maharashtra,Satara,Satara,Onion,Local,FAQ,2026-05-12,2254.0,2375.0,2317.0,False
Maharashtra,Satara,Satara,Onion,Local,FAQ,2026-05-13,2223.0,2440.0,2317.0,False
Maharashtra,Satara,Satara,Onion,Local,FAQ,2026-05-14,2234.0,2427.0,2361.0,False
Maharashtra,Satara,Satara,Onion,Local,FAQ,2026-05-15,2211.0,2452.0,2336.0,False
Maharashtra,Satara,Satara,Onion,Local,FAQ,2026-05-16,2197.0,2400.0,2343.0,False
Maharashtra,Satara,Satara,Onion,Local,FAQ,2026-05-17,2265.0,2416.0,2341.0,False
Maharashtra,Satara,Satara,Onion,Local,FAQ,2026-05-18,2195.0,2411.0,2336.0,False
Maharashtra,Satara,Satara,Onion,Local,FAQ,2026-05-19,2264.0,2487.0,2359.0,False
Maharashtra,Satara,Satara,Onion,Local,FAQ,2026-05-20,2282.0,2438.0,2339.0,False
Maharashtra,Satara,Satara,Onion,Local,FAQ,2026-05-21,2193.0,2418.0,2278.0,False
Maharashtra,Satara,Satara,Onion,Local,FAQ,2026-05-22,2248.0,2416.0,2300.0,False
Maharashtra,Satara,Satara,Onion,Local,FAQ,2026-05-23,2158.0,2357.0,2302.0,False
Maharashtra,Satara,Satara,Onion,Local,FAQ,2026-05-24,2223.0,2391.0,2315.0,False
Maharashtra,Satara,Satara,Onion,Local,FAQ,2026-05-25,2265.0,2442.0,2335.0,False
Maharashtra,Satara,Satara,Onion,Local,FAQ,2026-05-27,2202.0,2328.0,2263.0,False
Maharashtra,Satara,Satara,Onion,Local,FAQ,2026-05-28,2219.0,2367.0,2292.0,False
Maharashtra,Satara,Satara,Onion,Local,FAQ,2026-05-29,2195.0,2358.0,2297.0,False
Maharashtra,Satara,Satara,Onion,Local,FAQ,2026-05-30,2190.0,2448.0,2326.0,False
Maharashtra,Satara,Satara,Onion,Local,FAQ,2026-05-31,2226.0,2388.0,2330.0,False
Maharashtra,Satara,Satara,Onion,Local,FAQ,2026-06-01,2225.0,2419.0,2321.0,False
Maharashtra,Satara,Satara,Onion,Local,FAQ,2026-06-02,2236.0,2423.0,2332.0,False
Maharashtra,Satara,Satara,Onion,Local,FAQ,2026-06-03,2239.0,2459.0,2354.0,False
Maharashtra,Satara,Satara,Onion,Local,FAQ,2026-06-04,2224.0,2451.0,2355.0,False
Maharashtra,Satara,Satara,Onion,Local,FAQ,2026-06-05,2282.0,2466.0,2337.0,False
Maharashtra,Satara,Satara,Onion,Local,FAQ,2026-06-06,2255.0,2404.0,2321.0,False
Maharashtra,Satara,Satara,Onion,Local,FAQ,2026-06-07,2175.0,2403.0,2301.0,False
Maharashtra,Satara,Satara,Onion,Local,FAQ,2026-06-08,2171.0,2446.0,2309.0,False
Maharashtra,Satara,Satara,Onion,Local,FAQ,2026-06-09,2228.0,2397.0,2302.0,False
Maharashtra,Satara,Satara,Onion,Local,FAQ,2026-06-10,2220.0,2424.0,2324.0,False
Maharashtra,Satara,Satara,Onion,Local,FAQ,2026-06-11,2261.0,2438.0,2322.0,False
Maharashtra,Satara,Satara,Onion,Local,FAQ,2026-06-12,2184.0,2458.0,2312.0,False
Maharashtra,Satara,Satara,Onion,Local,FAQ,2026-06-13,2271.0,2443.0,2341.0,False
Maharashtra,Satara,Satara,Onion,Local,FAQ,2026-06-14,2256.0,2477.0,2364.0,False
Maharashtra,Satara,Satara,Onion,Local,FAQ,2026-06-15,2217.0,2437.0,2347.0,False
Maharashtra,Satara,Satara,Onion,Local,FAQ,2026-06-16,2283.0,2469.0,2349.0,False
Maharashtra,Satara,Satara,Onion,Local,FAQ,2026-06-17,2241.0,2452.0,2370.0,False
Maharashtra,Satara,Satara,Onion,Local,FAQ,2026-06-18,2293.0,2500.0,2361.0,False
Maharashtra,Satara,Satara,Onion,Local,FAQ,2026-06-19,2236.0,2416.0,2351.0,False
Maharashtra,Satara,Satara,Onion,Local,FAQ,2026-06-20,2345.0,2541.0,2403.0,False
Maharashtra,Satara,Satara,Onion,Local,FAQ,2026-06-21,2246.0,2477.0,2376.0,False
Maharashtra,Satara,Satara,Onion,Local,FAQ,2026-06-22,2226.0,2491.0,2374.0,False
Maharashtra,Satara,Satara,Onion,Local,FAQ,2026-06-23,2273.0,2453.0,2386.0,False
Maharashtra,Satara,Satara,Onion,Local,FAQ,2026-06-24,2315.0,2432.0,2381.0,False
Maharashtra,Satara,Satara,Onion,Local,FAQ,2026-06-25,2300.0,2509.0,2406.0,False
Maharashtra,Satara,Satara,Onion,Local,FAQ,2026-06-26,2362.0,2543.0,2420.0,False
Maharashtra,Satara,Satara,Onion,Local,FAQ,2026-06-27,2359.0,2564.0,2428.0,False
Maharashtra,Satara,Satara,Onion,Local,FAQ,2026-06-28,2311.0,2513.0,2432.0,False
Maharashtra,Satara,Satara,Onion,Local,FAQ,2026-06-29,2368.0,2597.0,2465.0,False
Maharashtra,Satara,Satara,Onion,Local,FAQ,2026-06-30,2313.0,2545.0,2412.0,False
Maharashtra,Satara,Satara,Onion,Local,FAQ,2026-07-01,2313.0,2464.0,2397.0,False
Maharashtra,Satara,Satara,Onion,Local,FAQ,2026-07-02,2358.0,2492.0,2418.0,False
Maharashtra,Satara,Satara,Onion,Local,FAQ,2026-07-03,2368.0,2517.0,2432.0,False
Maharashtra,Satara,Satara,Onion,Local,FAQ,2026-07-04,2357.0,2584.0,2472.0,False
Maharashtra,Satara,Satara,Onion,Local,FAQ,2026-07-05,2379.0,2598.0,2464.0,False
Maharashtra,Satara,Satara,Onion,Local,FAQ,2026-07-06,2361.0,2537.0,2474.0,False
Maharashtra,Satara,Satara,Onion,Local,FAQ,2026-07-07,2356.0,2557.0,2474.0,False
Maharashtra,Satara,Satara,Onion,Local,FAQ,2026-07-08,2395.0,2598.0,2462.0,False
Maharashtra,Satara,Satara,Onion,Local,FAQ,2026-07-09,2394.0,2601.0,2467.0,False
Maharashtra,Satara,Satara,Onion,Local,FAQ,2026-07-10,2370.0,2590.0,2489.0,False
Maharashtra,Satara,Satara,Onion,Local,FAQ,2026-07-11,2374.0,2526.0,2455.0,False
Maharashtra,Nashik,Nashik,Potato,Local,FAQ,2026-02-12,1058.0,1190.0,1113.0,False
Maharashtra,Nashik,Nashik,Potato,Local,FAQ,2026-02-13,977.0,1195.0,1092.0,False
Maharashtra,Nashik,Nashik,Potato,Local,FAQ,2026-02-14,969.0,1187.0,1088.0,False
Maharashtra,Nashik,Nashik,Potato,Local,FAQ,2026-02-15,1005.0,1183.0,1106.0,False
Maharashtra,Nashik,Nashik,Potato,Local,FAQ,2026-02-16,936.0,1201.0,1057.0,False
Maharashtra,Nashik,Nashik,Potato,Local,FAQ,2026-02-17,899.0,1036.0,982.0,False
Maharashtra,Nashik,Nashik,Potato,Local,FAQ,2026-02-18,1008.0,1201.0,1075.0,False
Maharashtra,Nashik,Nashik,Potato,Local,FAQ,2026-02-19,919.0,1212.0,1067.0,False
Maharashtra,Nashik,Nashik,Potato,Local,FAQ,2026-02-20,956.0,1171.0,1076.0,False
Maharashtra,Nashik,Nashik,Potato,Local,FAQ,2026-02-21,965.0,1204.0,1069.0,False
Maharashtra,Nashik,Nashik,Potato,Local,FAQ,2026-02-22,901.0,1108.0,1000.0,False
Maharashtra,Nashik,Nashik,Potato,Local,FAQ,2026-02-23,920.0,1129.0,989.0,False
Maharashtra,Nashik,Nashik,Potato,Local,FAQ,2026-02-24,962.0,1132.0,1022.0,False
Maharashtra,Nashik,Nashik,Potato,Local,FAQ,2026-02-25,1003.0,1123.0,1065.0,False
Maharashtra,Nashik,Nashik,Potato,Local,FAQ,2026-02-26,883.0,1051.0,992.0,False
Maharashtra,Nashik,Nashik,Potato,Local,FAQ,2026-02-27,920.0,1080.0,1013.0,False
Maharashtra,Nashik,Nashik,Potato,Local,FAQ,2026-02-28,895.0,1097.0,1014.0,False
Maharashtra,Nashik,Nashik,Potato,Local,FAQ,2026-03-01,963.0,1170.0,1022.0,False
Maharashtra,Nashik,Nashik,Potato,Local,FAQ,2026-03-02,889.0,1056.0,1004.0,False
Maharashtra,Nashik,Nashik,Potato,Local,FAQ,2026-03-03,823.0,1058.0,954.0,False
Maharashtra,Nashik,Nashik,Potato,Local,FAQ,2026-03-04,881.0,1087.0,947.0,False
Maharashtra,Nashik,Nashik,Potato,Local,FAQ,2026-03-05,824.0,1018.0,943.0,False
Maharashtra,Nashik,Nashik,Potato,Local,FAQ,2026-03-06,842.0,1039.0,949.0,False
Maharashtra,Nashik,Nashik,Potato,Local,FAQ,2026-03-07,850.0,1008.0,936.0,False
Maharashtra,Nashik,Nashik,Potato,Local,FAQ,2026-03-08,855.0,1042.0,947.0,False
Maharashtra,Nashik,Nashik,Potato,Local,FAQ,2026-03-09,836.0,1044.0,911.0,False
Maharashtra,Nashik,Nashik,Potato,Local,FAQ,2026-03-10,919.0,1067.0,999.0,False
Maharashtra,Nashik,Nashik,Potato,Local,FAQ,2026-03-11,910.0,1090.0,969.0,False
Maharashtra,Nashik,Nashik,Potato,Local,FAQ,2026-03-12,898.0,1079.0,987.0,False
Maharashtra,Nashik,Nashik,Potato,Local,FAQ,2026-03-13,861.0,1045.0,958.0,False
Maharashtra,Nashik,Nashik,Potato,Local,FAQ,2026-03-14,833.0,1066.0,949.0,False
Maharashtra,Nashik,Nashik,Potato,Local,FAQ,2026-03-15,851.0,1026.0,930.0,False
Maharashtra,Nashik,Nashik,Potato,Local,FAQ,2026-03-16,861.0,1053.0,913.0,False
Maharashtra,Nashik,Nashik,Potato,Local,FAQ,2026-03-17,824.0,968.0,895.0,False
Maharashtra,Nashik,Nashik,Potato,Local,FAQ,2026-03-18,761.0,933.0,875.0,False
Maharashtra,Nashik,Nashik,Potato,Local,FAQ,2026-03-19,801.0,978.0,864.0,False
Maharashtra,Nashik,Nashik,Potato,Local,FAQ,2026-03-20,796.0,978.0,902.0,False
Maharashtra,Nashik,Nashik,Potato,Local,FAQ,2026-03-21,757.0,934.0,872.0,False
Maharashtra,Nashik,Nashik,Potato,Local,FAQ,2026-03-22,723.0,910.0,800.0,False
Maharashtra,Nashik,Nashik,Potato,Local,FAQ,2026-03-23,705.0,992.0,842.0,False
Maharashtra,Nashik,Nashik,Potato,Local,FAQ,2026-03-24,725.0,874.0,798.0,False
Maharashtra,Nashik,Nashik,Potato,Local,FAQ,2026-03-25,750.0,935.0,848.0,False
Maharashtra,Nashik,Nashik,Potato,Local,FAQ,2026-03-26,754.0,929.0,841.0,False
Maharashtra,Nashik,Nashik,Potato,Local,FAQ,2026-03-27,729.0,978.0,863.0,False
Maharashtra,Nashik,Nashik,Potato,Local,FAQ,2026-03-28,683.0,869.0,815.0,False
Maharashtra,Nashik,Nashik,Potato,Local,FAQ,2026-03-29,711.0,949.0,848.0,False
Maharashtra,Nashik,Nashik,Potato,Local,FAQ,2026-03-30,729.0,897.0,846.0,False
Maharashtra,Nashik,Nashik,Potato,Local,FAQ,2026-03-31,633.0,865.0,770.0,False
Maharashtra,Nashik,Nashik,Potato,Local,FAQ,2026-04-01,649.0,843.0,743.0,False
Maharashtra,Nashik,Nashik,Potato,Local,FAQ,2026-04-02,642.0,850.0,732.0,False
Maharashtra,Nashik,Nashik,Potato,Local,FAQ,2026-04-03,637.0,878.0,747.0,False
Maharashtra,Nashik,Nashik,Potato,Local,FAQ,2026-04-04,683.0,834.0,744.0,False
Maharashtra,Nashik,Nashik,Potato,Local,FAQ,2026-04-05,632.0,826.0,768.0,False
Maharashtra,Nashik,Nashik,Potato,Local,FAQ,2026-04-06,655.0,847.0,712.0,False
Maharashtra,Nashik,Nashik,Potato,Local,FAQ,2026-04-07,627.0,864.0,731.0,False
Maharashtra,Nashik,Nashik,Potato,Local,FAQ,2026-04-08,635.0,761.0,698.0,False
Maharashtra,Nashik,Nashik,Potato,Local,FAQ,2026-04-09,627.0,801.0,718.0,False
Maharashtra,Nashik,Nashik,Potato,Local,FAQ,2026-04-10,609.0,863.0,720.0,False
Maharashtra,Nashik,Nashik,Potato,Local,FAQ,2026-04-11,677.0,830.0,756.0,False
Maharashtra,Nashik,Nashik,Potato,Local,FAQ,2026-04-12,639.0,824.0,768.0,False
Maharashtra,Nashik,Nashik,Potato,Local,FAQ,2026-04-13,665.0,894.0,771.0,False
Maharashtra,Nashik,Nashik,Potato,Local,FAQ,2026-04-14,616.0,812.0,701.0,False
Maharashtra,Nashik,Nashik,Potato,Local,FAQ,2026-04-15,625.0,815.0,739.0,False
Maharashtra,Nashik,Nashik,Potato,Local,FAQ,2026-04-16,748.0,868.0,806.0,False
Maharashtra,Nashik,Nashik,Potato,Local,FAQ,2026-04-17,672.0,926.0,806.0,False
Maharashtra,Nashik,Nashik,Potato,Local,FAQ,2026-04-18,630.0,844.0,759.0,False
Maharashtra,Nashik,Nashik,Potato,Local,FAQ,2026-04-19,640.0,765.0,709.0,False
Maharashtra,Nashik,Nashik,Potato,Local,FAQ,2026-04-20,555.0,813.0,664.0,False
Maharashtra,Nashik,Nashik,Potato,Local,FAQ,2026-04-21,510.0,763.0,643.0,False
Maharashtra,Nashik,Nashik,Potato,Local,FAQ,2026-04-22,522.0,758.0,667.0,False
Maharashtra,Nashik,Nashik,Potato,Local,FAQ,2026-04-23,541.0,749.0,654.0,False
Maharashtra,Nashik,Nashik,Potato,Local,FAQ,2026-04-24,647.0,817.0,716.0,False
Maharashtra,Nashik,Nashik,Potato,Local,FAQ,2026-04-25,633.0,873.0,757.0,False
Maharashtra,Nashik,Nashik,Potato,Local,FAQ,2026-04-26,699.0,882.0,760.0,False
Maharashtra,Nashik,Nashik,Potato,Local,FAQ,2026-04-27,648.0,846.0,790.0,False
Maharashtra,Nashik,Nashik,Potato,Local,FAQ,2026-04-28,658.0,844.0,790.0,False
Maharashtra,Nashik,Nashik,Potato,Local,FAQ,2026-04-29,745.0,935.0,810.0,False
Maharashtra,Nashik,Nashik,Potato,Local,FAQ,2026-04-30,695.0,813.0,746.0,False
Maharashtra,Nashik,Nashik,Potato,Local,FAQ,2026-05-01,653.0,916.0,795.0,False
Maharashtra,Nashik,Nashik,Potato,Local,FAQ,2026-05-02,697.0,903.0,814.0,False
Maharashtra,Nashik,Nashik,Potato,Local,FAQ,2026-05-03,782.0,997.0,874.0,False
Maharashtra,Nashik,Nashik,Potato,Local,FAQ,2026-05-04,783.0,942.0,885.0,False
Maharashtra,Nashik,Nashik,Potato,Local,FAQ,2026-05-05,776.0,1037.0,898.0,False
Maharashtra,Nashik,Nashik,Potato,Local,FAQ,2026-05-06,825.0,1036.0,887.0,False
Maharashtra,Nashik,Nashik,Potato,Local,FAQ,2026-05-07,749.0,997.0,857.0,False
Maharashtra,Nashik,Nashik,Potato,Local,FAQ,2026-05-08,790.0,989.0,872.0,False
Maharashtra,Nashik,Nashik,Potato,Local,FAQ,2026-05-09,802.0,957.0,886.0,False
Maharashtra,Nashik,Nashik,Potato,Local,FAQ,2026-05-10,770.0,919.0,851.0,False
Maharashtra,Nashik,Nashik,Potato,Local,FAQ,2026-05-11,770.0,940.0,845.0,False
Maharashtra,Nashik,Nashik,Potato,Local,FAQ,2026-05-12,788.0,994.0,870.0,False
Maharashtra,Nashik,Nashik,Potato,Local,FAQ,2026-05-13,732.0,975.0,868.0,False
Maharashtra,Nashik,Nashik,Potato,Local,FAQ,2026-05-14,816.0,1001.0,882.0,False
Maharashtra,Nashik,Nashik,Potato,Local,FAQ,2026-05-15,808.0,1041.0,947.0,False
Maharashtra,Nashik,Nashik,Potato,Local,FAQ,2026-05-16,813.0,1078.0,953.0,False
Maharashtra,Nashik,Nashik,Potato,Local,FAQ,2026-05-17,944.0,1175.0,1027.0,False
Maharashtra,Nashik,Nashik,Potato,Local,FAQ,2026-05-19,995.0,1103.0,1051.0,False
Maharashtra,Nashik,Nashik,Potato,Local,FAQ,2026-05-20,911.0,1089.0,1006.0,False
Maharashtra,Nashik,Nashik,Potato,Local,FAQ,2026-05-21,891.0,1076.0,957.0,False
Maharashtra,Nashik,Nashik,Potato,Local,FAQ,2026-05-22,843.0,1014.0,944.0,False
Maharashtra,Nashik,Nashik,Potato,Local,FAQ,2026-05-23,913.0,1035.0,970.0,False
Maharashtra,Nashik,Nashik,Potato,Local,FAQ,2026-05-24,862.0,1050.0,919.0,False
Maharashtra,Nashik,Nashik,Potato,Local,FAQ,2026-05-25,822.0,1061.0,944.0,False
Maharashtra,Nashik,Nashik,Potato,Local,FAQ,2026-05-26,871.0,1083.0,969.0,False
Maharashtra,Nashik,Nashik,Potato,Local,FAQ,2026-05-27,844.0,1072.0,972.0,False
Maharashtra,Nashik,Nashik,Potato,Local,FAQ,2026-05-28,873.0,1037.0,959.0,False
Maharashtra,Nashik,Nashik,Potato,Local,FAQ,2026-05-29,864.0,1085.0,1001.0,False
Maharashtra,Nashik,Nashik,Potato,Local,FAQ,2026-05-30,904.0,1137.0,1031.0,False
Maharashtra,Nashik,Nashik,Potato,Local,FAQ,2026-05-31,932.0,1142.0,1034.0,False
Maharashtra,Nashik,Nashik,Potato,Local,FAQ,2026-06-02,955.0,1164.0,1066.0,False
Maharashtra,Nashik,Nashik,Potato,Local,FAQ,2026-06-03,1028.0,1214.0,1087.0,False
Maharashtra,Nashik,Nashik,Potato,Local,FAQ,2026-06-04,981.0,1196.0,1062.0,False
Maharashtra,Nashik,Nashik,Potato,Local,FAQ,2026-06-05,1038.0,1233.0,1095.0,False
Maharashtra,Nashik,Nashik,Potato,Local,FAQ,2026-06-06,969.0,1231.0,1113.0,False
Maharashtra,Nashik,Nashik,Potato,Local,FAQ,2026-06-07,976.0,1186.0,1067.0,False
Maharashtra,Nashik,Nashik,Potato,Local,FAQ,2026-06-08,879.0,1154.0,1029.0,False
Maharashtra,Nashik,Nashik,Potato,Local,FAQ,2026-06-09,888.0,1088.0,1002.0,False
Maharashtra,Nashik,Nashik,Potato,Local,FAQ,2026-06-10,945.0,1183.0,1049.0,False
Maharashtra,Nashik,Nashik,Potato,Local,FAQ,2026-06-11,1005.0,1145.0,1058.0,False
Maharashtra,Nashik,Nashik,Potato,Local,FAQ,2026-06-12,992.0,1194.0,1049.0,False
Maharashtra,Nashik,Nashik,Potato,Local,FAQ,2026-06-13,930.0,1144.0,1002.0,False
Maharashtra,Nashik,Nashik,Potato,Local,FAQ,2026-06-14,905.0,1153.0,1010.0,False
Maharashtra,Nashik,Nashik,Potato,Local,FAQ,2026-06-15,958.0,1134.0,1009.0,False
Maharashtra,Nashik,Nashik,Potato,Local,FAQ,2026-06-16,861.0,1108.0,1004.0,False
Maharashtra,Nashik,Nashik,Potato,Local,FAQ,2026-06-17,875.0,1042.0,978.0,False
Maharashtra,Nashik,Nashik,Potato,Local,FAQ,2026-06-18,844.0,1056.0,985.0,False
Maharashtra,Nashik,Nashik,Potato,Local,FAQ,2026-06-19,847.0,1022.0,964.0,False
Maharashtra,Nashik,Nashik,Potato,Local,FAQ,2026-06-20,806.0,1010.0,930.0,False
Maharashtra,Nashik,Nashik,Potato,Local,FAQ,2026-06-21,844.0,1050.0,940.0,False
Maharashtra,Nashik,Nashik,Potato,Local,FAQ,2026-06-22,876.0,1072.0,956.0,False
Maharashtra,Nashik,Nashik,Potato,Local,FAQ,2026-06-24,853.0,1053.0,928.0,False
Maharashtra,Nashik,Nashik,Potato,Local,FAQ,2026-06-25,821.0,1035.0,897.0,False
Maharashtra,Nashik,Nashik,Potato,Local,FAQ,2026-06-26,783.0,953.0,894.0,False
Maharashtra,Nashik,Nashik,Potato,Local,FAQ,2026-06-27,809.0,1019.0,898.0,False
Maharashtra,Nashik,Nashik,Potato,Local,FAQ,2026-06-28,855.0,1021.0,933.0,False
Maharashtra,Nashik,Nashik,Potato,Local,FAQ,2026-06-29,918.0,1100.0,978.0,False
Maharashtra,Nashik,Nashik,Potato,Local,FAQ,2026-06-30,959.0,1116.0,1034.0,False
Maharashtra,Nashik,Nashik,Potato,Local,FAQ,2026-07-01,952.0,1088.0,1035.0,False
Maharashtra,Nashik,Nashik,Potato,Local,FAQ,2026-07-02,928.0,1170.0,1068.0,False
Maharashtra,Nashik,Nashik,Potato,Local,FAQ,2026-07-03,955.0,1104.0,1051.0,False
Maharashtra,Nashik,Nashik,Potato,Local,FAQ,2026-07-04,966.0,1192.0,1050.0,False
Maharashtra,Nashik,Nashik,Potato,Local,FAQ,2026-07-05,1019.0,1179.0,1071.0,False
Maharashtra,Nashik,Nashik,Potato,Local,FAQ,2026-07-06,934.0,1142.0,1027.0,False
Maharashtra,Nashik,Nashik,Potato,Local,FAQ,2026-07-07,911.0,1084.0,1034.0,False
Maharashtra,Nashik,Nashik,Potato,Local,FAQ,2026-07-08,957.0,1073.0,1011.0,False
Maharashtra,Nashik,Nashik,Potato,Local,FAQ,2026-07-09,836.0,1067.0,985.0,False
Maharashtra,Nashik,Nashik,Potato,Local,FAQ,2026-07-10,931.0,1059.0,1007.0,False
Maharashtra,Nashik,Nashik,Potato,Local,FAQ,2026-07-11,948.0,1076.0,1020.0,False
Maharashtra,Pune,Pune,Potato,Local,FAQ,2026-02-12,1054.0,1211.0,1143.0,False
Maharashtra,Pune,Pune,Potato,Local,FAQ,2026-02-13,1045.0,1299.0,1153.0,False
Maharashtra,Pune,Pune,Potato,Local,FAQ,2026-02-14,1015.0,1211.0,1127.0,False
Maharashtra,Pune,Pune,Potato,Local,FAQ,2026-02-15,991.0,1220.0,1127.0,False
Maharashtra,Pune,Pune,Potato,Local,FAQ,2026-02-16,984.0,1188.0,1111.0,False
Maharashtra,Pune,Pune,Potato,Local,FAQ,2026-02-17,969.0,1167.0,1096.0,False
Maharashtra,Pune,Pune,Potato,Local,FAQ,2026-02-18,940.0,1227.0,1084.0,False
Maharashtra,Pune,Pune,Potato,Local,FAQ,2026-02-19,954.0,1111.0,1025.0,False
Maharashtra,Pune,Pune,Potato,Local,FAQ,2026-02-20,930.0,1166.0,1026.0,False
Maharashtra,Pune,Pune,Potato,Local,FAQ,2026-02-21,847.0,1078.0,990.0,False
Maharashtra,Pune,Pune,Potato,Local,FAQ,2026-02-22,888.0,1069.0,1019.0,False
Maharashtra,Pune,Pune,Potato,Local,FAQ,2026-02-23,937.0,1111.0,1019.0,False
Maharashtra,Pune,Pune,Potato,Local,FAQ,2026-02-24,944.0,1112.0,998.0,False
Maharashtra,Pune,Pune,Potato,Local,FAQ,2026-02-25,903.0,1034.0,979.0,False
Maharashtra,Pune,Pune,Potato,Local,FAQ,2026-02-26,865.0,1098.0,1000.0,False
Maharashtra,Pune,Pune,Potato,Local,FAQ,2026-02-27,890.0,1130.0,982.0,False
Maharashtra,Pune,Pune,Potato,Local,FAQ,2026-02-28,885.0,1031.0,964.0,False
Maharashtra,Pune,Pune,Potato,Local,FAQ,2026-03-01,857.0,1086.0,945.0,False
Maharashtra,Pune,Pune,Potato,Local,FAQ,2026-03-02,761.0,959.0,904.0,False
Maharashtra,Pune,Pune,Potato,Local,FAQ,2026-03-03,886.0,1064.0,957.0,False
Maharashtra,Pune,Pune,Potato,Local,FAQ,2026-03-04,854.0,1059.0,944.0,False
Maharashtra,Pune,Pune,Potato,Local,FAQ,2026-03-05,827.0,1061.0,947.0,False
Maharashtra,Pune,Pune,Potato,Local,FAQ,2026-03-06,835.0,991.0,928.0,False
Maharashtra,Pune,Pune,Potato,Local,FAQ,2026-03-07,775.0,1018.0,920.0,False
Maharashtra,Pune,Pune,Potato,Local,FAQ,2026-03-08,853.0,1034.0,953.0,False
Maharashtra,Pune,Pune,Potato,Local,FAQ,2026-03-09,799.0,1067.0,930.0,False
Maharashtra,Pune,Pune,Potato,Local,FAQ,2026-03-10,814.0,1047.0,921.0,False
Maharashtra,Pune,Pune,Potato,Local,FAQ,2026-03-11,860.0,997.0,924.0,False
Maharashtra,Pune,Pune,Potato,Local,FAQ,2026-03-12,824.0,970.0,919.0,False
Maharashtra,Pune,Pune,Potato,Local,FAQ,2026-03-13,836.0,1054.0,968.0,False
Maharashtra,Pune,Pune,Potato,Local,FAQ,2026-03-14,907.0,1173.0,1027.0,False
Maharashtra,Pune,Pune,Potato,Local,FAQ,2026-03-15,938.0,1131.0,1041.0,False
Maharashtra,Pune,Pune,Potato,Local,FAQ,2026-03-16,965.0,1108.0,1045.0,False
Maharashtra,Pune,Pune,Potato,Local,FAQ,2026-03-17,924.0,1144.0,1058.0,False
Maharashtra,Pune,Pune,Potato,Local,FAQ,2026-03-18,976.0,1156.0,1046.0,False
Maharashtra,Pune,Pune,Potato,Local,FAQ,2026-03-19,1053.0,1200.0,1109.0,False
Maharashtra,Pune,Pune,Potato,Local,FAQ,2026-03-20,918.0,1176.0,1043.0,False
Maharashtra,Pune,Pune,Potato,Local,FAQ,2026-03-21,964.0,1145.0,1091.0,False
Maharashtra,Pune,Pune,Potato,Local,FAQ,2026-03-22,953.0,1229.0,1096.0,False
Maharashtra,Pune,Pune,Potato,Local,FAQ,2026-03-23,920.0,1134.0,1054.0,False
Maharashtra,Pune,Pune,Potato,Local,FAQ,2026-03-24,957.0,1076.0,1023.0,False
Maharashtra,Pune,Pune,Potato,Local,FAQ,2026-03-25,802.0,1021.0,947.0,False
Maharashtra,Pune,Pune,Potato,Local,FAQ,2026-03-26,797.0,1048.0,940.0,False
Maharashtra,Pune,Pune,Potato,Local,FAQ,2026-03-27,819.0,1077.0,936.0,False
Maharashtra,Pune,Pune,Potato,Local,FAQ,2026-03-28,918.0,1041.0,972.0,False
Maharashtra,Pune,Pune,Potato,Local,FAQ,2026-03-29,793.0,1053.0,926.0,False
Maharashtra,Pune,Pune,Potato,Local,FAQ,2026-03-30,786.0,939.0,889.0,False
Maharashtra,Pune,Pune,Potato,Local,FAQ,2026-03-31,770.0,915.0,844.0,False
Maharashtra,Pune,Pune,Potato,Local,FAQ,2026-04-01,788.0,935.0,866.0,False
Maharashtra,Pune,Pune,Potato,Local,FAQ,2026-04-02,748.0,985.0,848.0,False
Maharashtra,Pune,Pune,Potato,Local,FAQ,2026-04-03,757.0,968.0,843.0,False
Maharashtra,Pune,Pune,Potato,Local,FAQ,2026-04-04,734.0,971.0,839.0,False
Maharashtra,Pune,Pune,Potato,Local,FAQ,2026-04-05,780.0,982.0,834.0,False
Maharashtra,Pune,Pune,Potato,Local,FAQ,2026-04-06,821.0,974.0,909.0,False
Maharashtra,Pune,Pune,Potato,Local,FAQ,2026-04-07,763.0,981.0,872.0,False
Maharashtra,Pune,Pune,Potato,Local,FAQ,2026-04-08,806.0,1035.0,901.0,False
Maharashtra,Pune,Pune,Potato,Local,FAQ,2026-04-09,786.0,1006.0,890.0,False
Maharashtra,Pune,Pune,Potato,Local,FAQ,2026-04-10,712.0,929.0,840.0,False
Maharashtra,Pune,Pune,Potato,Local,FAQ,2026-04-11,668.0,899.0,811.0,False
Maharashtra,Pune,Pune,Potato,Local,FAQ,2026-04-12,700.0,875.0,823.0,False
Maharashtra,Pune,Pune,Potato,Local,FAQ,2026-04-13,683.0,924.0,821.0,False
Maharashtra,Pune,Pune,Potato,Local,FAQ,2026-04-14,635.0,876.0,778.0,False
Maharashtra,Pune,Pune,Potato,Local,FAQ,2026-04-15,616.0,821.0,746.0,False
Maharashtra,Pune,Pune,Potato,Local,FAQ,2026-04-16,605.0,886.0,745.0,False
Maharashtra,Pune,Pune,Potato,Local,FAQ,2026-04-17,628.0,874.0,746.0,False
Maharashtra,Pune,Pune,Potato,Local,FAQ,2026-04-18,704.0,877.0,767.0,False
Maharashtra,Pune,Pune,Potato,Local,FAQ,2026-04-19,702.0,835.0,767.0,False
Maharashtra,Pune,Pune,Potato,Local,FAQ,2026-04-20,664.0,844.0,751.0,False
Maharashtra,Pune,Pune,Potato,Local,FAQ,2026-04-21,631.0,799.0,731.0,False
Maharashtra,Pune,Pune,Potato,Local,FAQ,2026-04-23,702.0,913.0,786.0,False
Maharashtra,Pune,Pune,Potato,Local,FAQ,2026-04-24,705.0,896.0,798.0,False
Maharashtra,Pune,Pune,Potato,Local,FAQ,2026-04-25,752.0,892.0,833.0,False
Maharashtra,Pune,Pune,Potato,Local,FAQ,2026-04-26,821.0,1022.0,880.0,False
Maharashtra,Pune,Pune,Potato,Local,FAQ,2026-04-27,771.0,966.0,857.0,False
Maharashtra,Pune,Pune,Potato,Local,FAQ,2026-04-28,734.0,922.0,868.0,False
Maharashtra,Pune,Pune,Potato,Local,FAQ,2026-04-29,830.0,951.0,881.0,False
Maharashtra,Pune,Pune,Potato,Local,FAQ,2026-04-30,726.0,983.0,872.0,False
Maharashtra,Pune,Pune,Potato,Local,FAQ,2026-05-01,814.0,941.0,867.0,False
Maharashtra,Pune,Pune,Potato,Local,FAQ,2026-05-02,726.0,956.0,864.0,False
Maharashtra,Pune,Pune,Potato,Local,FAQ,2026-05-03,785.0,945.0,876.0,False
Maharashtra,Pune,Pune,Potato,Local,FAQ,2026-05-04,781.0,1024.0,883.0,False
Maharashtra,Pune,Pune,Potato,Local,FAQ,2026-05-05,762.0,965.0,903.0,False
Maharashtra,Pune,Pune,Potato,Local,FAQ,2026-05-06,853.0,1094.0,956.0,False
Maharashtra,Pune,Pune,Potato,Local,FAQ,2026-05-07,883.0,1018.0,940.0,False
Maharashtra,Pune,Pune,Potato,Local,FAQ,2026-05-08,782.0,1009.0,864.0,False
Maharashtra,Pune,Pune,Potato,Local,FAQ,2026-05-09,737.0,920.0,854.0,False
Maharashtra,Pune,Pune,Potato,Local,FAQ,2026-05-10,702.0,925.0,801.0,False
Maharashtra,Pune,Pune,Potato,Local,FAQ,2026-05-11,694.0,874.0,811.0,False
Maharashtra,Pune,Pune,Potato,Local,FAQ,2026-05-12,694.0,902.0,839.0,False
Maharashtra,Pune,Pune,Potato,Local,FAQ,2026-05-14,718.0,915.0,843.0,False
Maharashtra,Pune,Pune,Potato,Local,FAQ,2026-05-15,778.0,965.0,905.0,False
Maharashtra,Pune,Pune,Potato,Local,FAQ,2026-05-16,729.0,1014.0,875.0,False
Maharashtra,Pune,Pune,Potato,Local,FAQ,2026-05-17,797.0,995.0,899.0,False
Maharashtra,Pune,Pune,Potato,Local,FAQ,2026-05-18,801.0,990.0,882.0,False
Maharashtra,Pune,Pune,Potato,Local,FAQ,2026-05-19,751.0,984.0,864.0,False
Maharashtra,Pune,Pune,Potato,Local,FAQ,2026-05-20,790.0,966.0,911.0,False
Maharashtra,Pune,Pune,Potato,Local,FAQ,2026-05-21,831.0,981.0,907.0,False
Maharashtra,Pune,Pune,Potato,Local,FAQ,2026-05-22,843.0,1080.0,941.0,False
Maharashtra,Pune,Pune,Potato,Local,FAQ,2026-05-23,922.0,1080.0,982.0,False
Maharashtra,Pune,Pune,Potato,Local,FAQ,2026-05-24,813.0,1089.0,962.0,False
Maharashtra,Pune,Pune,Potato,Local,FAQ,2026-05-25,889.0,1053.0,962.0,False
Maharashtra,Pune,Pune,Potato,Local,FAQ,2026-05-26,790.0,1045.0,918.0,False
Maharashtra,Pune,Pune,Potato,Local,FAQ,2026-05-27,766.0,977.0,866.0,False
Maharashtra,Pune,Pune,Potato,Local,FAQ,2026-05-28,800.0,1005.0,906.0,False
Maharashtra,Pune,Pune,Potato,Local,FAQ,2026-05-29,735.0,970.0,866.0,False
Maharashtra,Pune,Pune,Potato,Local,FAQ,2026-05-30,804.0,994.0,867.0,False
Maharashtra,Pune,Pune,Potato,Local,FAQ,2026-05-31,736.0,899.0,838.0,False
Maharashtra,Pune,Pune,Potato,Local,FAQ,2026-06-01,685.0,896.0,828.0,False
Maharashtra,Pune,Pune,Potato,Local,FAQ,2026-06-02,723.0,940.0,811.0,False
Maharashtra,Pune,Pune,Potato,Local,FAQ,2026-06-03,670.0,833.0,766.0,False
Maharashtra,Pune,Pune,Potato,Local,FAQ,2026-06-04,703.0,879.0,768.0,False
Maharashtra,Pune,Pune,Potato,Local,FAQ,2026-06-05,609.0,837.0,716.0,False
Maharashtra,Pune,Pune,Potato,Local,FAQ,2026-06-06,564.0,851.0,704.0,False
Maharashtra,Pune,Pune,Potato,Local,FAQ,2026-06-07,546.0,743.0,682.0,False
Maharashtra,Pune,Pune,Potato,Local,FAQ,2026-06-08,627.0,772.0,678.0,False
Maharashtra,Pune,Pune,Potato,Local,FAQ,2026-06-09,642.0,801.0,697.0,False
Maharashtra,Pune,Pune,Potato,Local,FAQ,2026-06-10,576.0,824.0,687.0,False
Maharashtra,Pune,Pune,Potato,Local,FAQ,2026-06-11,508.0,717.0,624.0,False
Maharashtra,Pune,Pune,Potato,Local,FAQ,2026-06-12,549.0,682.0,627.0,False
Maharashtra,Pune,Pune,Potato,Local,FAQ,2026-06-13,479.0,732.0,596.0,False
Maharashtra,Pune,Pune,Potato,Local,FAQ,2026-06-14,472.0,748.0,607.0,False
Maharashtra,Pune,Pune,Potato,Local,FAQ,2026-06-15,518.0,735.0,595.0,False
Maharashtra,Pune,Pune,Potato,Local,FAQ,2026-06-16,556.0,665.0,611.0,False
Maharashtra,Pune,Pune,Potato,Local,FAQ,2026-06-17,432.0,648.0,554.0,False
Maharashtra,Pune,Pune,Potato,Local,FAQ,2026-06-18,414.0,581.0,531.0,False
Maharashtra,Pune,Pune,Potato,Local,FAQ,2026-06-19,382.0,571.0,513.0,False
Maharashtra,Pune,Pune,Potato,Local,FAQ,2026-06-20,402.0,585.0,500.0,False
Maharashtra,Pune,Pune,Potato,Local,FAQ,2026-06-21,381.0,609.0,463.0,False
Maharashtra,Pune,Pune,Potato,Local,FAQ,2026-06-22,366.0,597.0,459.0,False
Maharashtra,Pune,Pune,Potato,Local,FAQ,2026-06-23,380.0,519.0,460.0,False
Maharashtra,Pune,Pune,Potato,Local,FAQ,2026-06-24,370.0,532.0,477.0,False
Maharashtra,Pune,Pune,Potato,Local,FAQ,2026-06-25,456.0,632.0,520.0,False
Maharashtra,Pune,Pune,Potato,Local,FAQ,2026-06-26,416.0,598.0,520.0,False
Maharashtra,Pune,Pune,Potato,Local,FAQ,2026-06-27,331.0,610.0,476.0,False
Maharashtra,Pune,Pune,Potato,Local,FAQ,2026-06-28,404.0,564.0,465.0,False
Maharashtra,Pune,Pune,Potato,Local,FAQ,2026-06-29,405.0,619.0,471.0,False
Maharashtra,Pune,Pune,Potato,Local,FAQ,2026-06-30,384.0,584.0,470.0,False
Maharashtra,Pune,Pune,Potato,Local,FAQ,2026-07-01,370.0,526.0,433.0,False
Maharashtra,Pune,Pune,Potato,Local,FAQ,2026-07-02,396.0,591.0,450.0,False
Maharashtra,Pune,Pune,Potato,Local,FAQ,2026-07-03,307.0,520.0,440.0,False
Maharashtra,Pune,Pune,Potato,Local,FAQ,2026-07-04,361.0,527.0,441.0,False
Maharashtra,Pune,Pune,Potato,Local,FAQ,2026-07-05,399.0,605.0,456.0,False
Maharashtra,Pune,Pune,Potato,Local,FAQ,2026-07-06,365.0,604.0,459.0,False
Maharashtra,Pune,Pune,Potato,Local,FAQ,2026-07-07,375.0,553.0,450.0,False
Maharashtra,Pune,Pune,Potato,Local,FAQ,2026-07-08,449.0,575.0,506.0,False
Maharashtra,Pune,Pune,Potato,Local,FAQ,2026-07-09,431.0,626.0,502.0,False
Maharashtra,Pune,Pune,Potato,Local,FAQ,2026-07-10,439.0,647.0,511.0,False
Maharashtra,Pune,Pune,Potato,Local,FAQ,2026-07-11,328.0,574.0,472.0,False
Maharashtra,Satara,Satara,Potato,Local,FAQ,2026-02-12,1022.0,1197.0,1095.0,False
Maharashtra,Satara,Satara,Potato,Local,FAQ,2026-02-13,993.0,1212.0,1068.0,False
Maharashtra,Satara,Satara,Potato,Local,FAQ,2026-02-14,987.0,1160.0,1072.0,False
Maharashtra,Satara,Satara,Potato,Local,FAQ,2026-02-15,1007.0,1221.0,1098.0,False
Maharashtra,Satara,Satara,Potato,Local,FAQ,2026-02-16,988.0,1216.0,1132.0,False
Maharashtra,Satara,Satara,Potato,Local,FAQ,2026-02-17,1022.0,1188.0,1128.0,False
Maharashtra,Satara,Satara,Potato,Local,FAQ,2026-02-18,1045.0,1254.0,1116.0,False
Maharashtra,Satara,Satara,Potato,Local,FAQ,2026-02-19,1011.0,1173.0,1077.0,False
Maharashtra,Satara,Satara,Potato,Local,FAQ,2026-02-20,1036.0,1261.0,1124.0,False
Maharashtra,Satara,Satara,Potato,Local,FAQ,2026-02-21,1044.0,1245.0,1151.0,False
Maharashtra,Satara,Satara,Potato,Local,FAQ,2026-02-22,1017.0,1260.0,1149.0,False
Maharashtra,Satara,Satara,Potato,Local,FAQ,2026-02-23,993.0,1225.0,1126.0,False
Maharashtra,Satara,Satara,Potato,Local,FAQ,2026-02-24,1030.0,1239.0,1159.0,False
Maharashtra,Satara,Satara,Potato,Local,FAQ,2026-02-25,1026.0,1218.0,1126.0,False
Maharashtra,Satara,Satara,Potato,Local,FAQ,2026-02-26,1020.0,1154.0,1084.0,False
Maharashtra,Satara,Satara,Potato,Local,FAQ,2026-02-27,1013.0,1139.0,1069.0,False
Maharashtra,Satara,Satara,Potato,Local,FAQ,2026-02-28,967.0,1104.0,1053.0,False
Maharashtra,Satara,Satara,Potato,Local,FAQ,2026-03-01,886.0,1073.0,1020.0,False
Maharashtra,Satara,Satara,Potato,Local,FAQ,2026-03-02,974.0,1178.0,1089.0,False
Maharashtra,Satara,Satara,Potato,Local,FAQ,2026-03-03,1030.0,1199.0,1145.0,False
Maharashtra,Satara,Satara,Potato,Local,FAQ,2026-03-04,1038.0,1282.0,1143.0,False
Maharashtra,Satara,Satara,Potato,Local,FAQ,2026-03-05,1063.0,1255.0,1123.0,False
Maharashtra,Satara,Satara,Potato,Local,FAQ,2026-03-06,1027.0,1199.0,1109.0,False
Maharashtra,Satara,Satara,Potato,Local,FAQ,2026-03-07,1004.0,1169.0,1069.0,False
Maharashtra,Satara,Satara,Potato,Local,FAQ,2026-03-08,962.0,1196.0,1061.0,False
Maharashtra,Satara,Satara,Potato,Local,FAQ,2026-03-09,982.0,1202.0,1103.0,False
Maharashtra,Satara,Satara,Potato,Local,FAQ,2026-03-10,1010.0,1190.0,1118.0,False
Maharashtra,Satara,Satara,Potato,Local,FAQ,2026-03-11,1031.0,1238.0,1108.0,False
Maharashtra,Satara,Satara,Potato,Local,FAQ,2026-03-12,1028.0,1216.0,1117.0,False
Maharashtra,Satara,Satara,Potato,Local,FAQ,2026-03-13,968.0,1197.0,1106.0,False
Maharashtra,Satara,Satara,Potato,Local,FAQ,2026-03-14,1037.0,1161.0,1087.0,False
Maharashtra,Satara,Satara,Potato,Local,FAQ,2026-03-15,971.0,1151.0,1089.0,False
Maharashtra,Satara,Satara,Potato,Local,FAQ,2026-03-16,967.0,1203.0,1082.0,False
Maharashtra,Satara,Satara,Potato,Local,FAQ,2026-03-17,986.0,1112.0,1054.0,False
Maharashtra,Satara,Satara,Potato,Local,FAQ,2026-03-18,904.0,1163.0,1036.0,False
Maharashtra,Satara,Satara,Potato,Local,FAQ,2026-03-19,941.0,1135.0,1051.0,False
Maharashtra,Satara,Satara,Potato,Local,FAQ,2026-03-20,933.0,1143.0,1034.0,False
Maharashtra,Satara,Satara,Potato,Local,FAQ,2026-03-21,937.0,1121.0,1023.0,False
Maharashtra,Satara,Satara,Potato,Local,FAQ,2026-03-22,925.0,1131.0,1065.0,False
Maharashtra,Satara,Satara,Potato,Local,FAQ,2026-03-23,936.0,1088.0,1024.0,False
Maharashtra,Satara,Satara,Potato,Local,FAQ,2026-03-24,924.0,1145.0,1067.0,False
Maharashtra,Satara,Satara,Potato,Local,FAQ,2026-03-25,945.0,1146.0,1090.0,False
Maharashtra,Satara,Satara,Potato,Local,FAQ,2026-03-26,933.0,1175.0,1072.0,False
Maharashtra,Satara,Satara,Potato,Local,FAQ,2026-03-27,959.0,1209.0,1076.0,False
Maharashtra,Satara,Satara,Potato,Local,FAQ,2026-03-28,1002.0,1162.0,1065.0,False
Maharashtra,Satara,Satara,Potato,Local,FAQ,2026-03-29,978.0,1141.0,1088.0,False
Maharashtra,Satara,Satara,Potato,Local,FAQ,2026-03-30,967.0,1229.0,1115.0,False
Maharashtra,Satara,Satara,Potato,Local,FAQ,2026-03-31,1044.0,1251.0,1110.0,False
Maharashtra,Satara,Satara,Potato,Local,FAQ,2026-04-01,931.0,1199.0,1073.0,False
Maharashtra,Satara,Satara,Potato,Local,FAQ,2026-04-02,952.0,1196.0,1075.0,False
Maharashtra,Satara,Satara,Potato,Local,FAQ,2026-04-03,938.0,1129.0,1057.0,False
Maharashtra,Satara,Satara,Potato,Local,FAQ,2026-04-04,945.0,1167.0,1039.0,False
Maharashtra,Satara,Satara,Potato,Local,FAQ,2026-04-06,960.0,1148.0,1075.0,False
Maharashtra,Satara,Satara,Potato,Local,FAQ,2026-04-07,986.0,1125.0,1048.0,False
Maharashtra,Satara,Satara,Potato,Local,FAQ,2026-04-08,942.0,1109.0,1013.0,False
Maharashtra,Satara,Satara,Potato,Local,FAQ,2026-04-09,982.0,1184.0,1042.0,False
Maharashtra,Satara,Satara,Potato,Local,FAQ,2026-04-10,969.0,1162.0,1076.0,False
Maharashtra,Satara,Satara,Potato,Local,FAQ,2026-04-11,933.0,1106.0,1052.0,False
Maharashtra,Satara,Satara,Potato,Local,FAQ,2026-04-12,943.0,1172.0,1077.0,False
Maharashtra,Satara,Satara,Potato,Local,FAQ,2026-04-13,922.0,1167.0,1040.0,False
Maharashtra,Satara,Satara,Potato,Local,FAQ,2026-04-14,962.0,1171.0,1059.0,False
Maharashtra,Satara,Satara,Potato,Local,FAQ,2026-04-15,987.0,1221.0,1087.0,False
Maharashtra,Satara,Satara,Potato,Local,FAQ,2026-04-16,954.0,1175.0,1084.0,False
Maharashtra,Satara,Satara,Potato,Local,FAQ,2026-04-17,936.0,1142.0,1069.0,False
Maharashtra,Satara,Satara,Potato,Local,FAQ,2026-04-18,925.0,1158.0,1027.0,False
Maharashtra,Satara,Satara,Potato,Local,FAQ,2026-04-19,991.0,1127.0,1066.0,False
Maharashtra,Satara,Satara,Potato,Local,FAQ,2026-04-20,897.0,1086.0,1026.0,False
Maharashtra,Satara,Satara,Potato,Local,FAQ,2026-04-21,961.0,1193.0,1046.0,False
Maharashtra,Satara,Satara,Potato,Local,FAQ,2026-04-22,885.0,1110.0,1033.0,False
Maharashtra,Satara,Satara,Potato,Local,FAQ,2026-04-23,884.0,1058.0,1005.0,False
Maharashtra,Satara,Satara,Potato,Local,FAQ,2026-04-24,865.0,1066.0,1002.0,False
Maharashtra,Satara,Satara,Potato,Local,FAQ,2026-04-25,852.0,1117.0,998.0,False
Maharashtra,Satara,Satara,Potato,Local,FAQ,2026-04-26,863.0,1083.0,993.0,False
Maharashtra,Satara,Satara,Potato,Local,FAQ,2026-04-27,860.0,1063.0,958.0,False
Maharashtra,Satara,Satara,Potato,Local,FAQ,2026-04-28,823.0,1012.0,936.0,False
Maharashtra,Satara,Satara,Potato,Local,FAQ,2026-04-29,779.0,981.0,874.0,False
Maharashtra,Satara,Satara,Potato,Local,FAQ,2026-04-30,773.0,958.0,867.0,False
Maharashtra,Satara,Satara,Potato,Local,FAQ,2026-05-01,761.0,969.0,894.0,False
Maharashtra,Satara,Satara,Potato,Local,FAQ,2026-05-02,816.0,1036.0,927.0,False
Maharashtra,Satara,Satara,Potato,Local,FAQ,2026-05-03,839.0,984.0,920.0,False
Maharashtra,Satara,Satara,Potato,Local,FAQ,2026-05-04,780.0,912.0,851.0,False
Maharashtra,Satara,Satara,Potato,Local,FAQ,2026-05-05,739.0,1007.0,884.0,False
Maharashtra,Satara,Satara,Potato,Local,FAQ,2026-05-06,868.0,1061.0,923.0,False
Maharashtra,Satara,Satara,Potato,Local,FAQ,2026-05-07,808.0,1065.0,917.0,False
Maharashtra,Satara,Satara,Potato,Local,FAQ,2026-05-08,847.0,1091.0,950.0,False
Maharashtra,Satara,Satara,Potato,Local,FAQ,2026-05-09,880.0,1161.0,1012.0,False
Maharashtra,Satara,Satara,Potato,Local,FAQ,2026-05-10,880.0,1024.0,969.0,False
Maharashtra,Satara,Satara,Potato,Local,FAQ,2026-05-11,912.0,1081.0,982.0,False
Maharashtra,Satara,Satara,Potato,Local,FAQ,2026-05-12,896.0,1147.0,1020.0,False
Maharashtra,Satara,Satara,Potato,Local,FAQ,2026-05-13,815.0,1078.0,962.0,False
Maharashtra,Satara,Satara,Potato,Local,FAQ,2026-05-14,871.0,1040.0,962.0,False
Maharashtra,Satara,Satara,Potato,Local,FAQ,2026-05-15,868.0,1038.0,935.0,False
Maharashtra,Satara,Satara,Potato,Local,FAQ,2026-05-16,880.0,1072.0,959.0,False
Maharashtra,Satara,Satara,Potato,Local,FAQ,2026-05-17,891.0,1019.0,969.0,False
Maharashtra,Satara,Satara,Potato,Local,FAQ,2026-05-18,882.0,1088.0,945.0,False
Maharashtra,Satara,Satara,Potato,Local,FAQ,2026-05-19,806.0,1045.0,934.0,False
Maharashtra,Satara,Satara,Potato,Local,FAQ,2026-05-20,802.0,1036.0,949.0,False
Maharashtra,Satara,Satara,Potato,Local,FAQ,2026-05-21,846.0,1082.0,936.0,False
Maharashtra,Satara,Satara,Potato,Local,FAQ,2026-05-22,837.0,1020.0,941.0,False
Maharashtra,Satara,Satara,Potato,Local,FAQ,2026-05-23,838.0,1039.0,952.0,False
Maharashtra,Satara,Satara,Potato,Local,FAQ,2026-05-25,864.0,1021.0,946.0,False
Maharashtra,Satara,Satara,Potato,Local,FAQ,2026-05-26,836.0,1071.0,939.0,False
Maharashtra,Satara,Satara,Potato,Local,FAQ,2026-05-27,802.0,1011.0,923.0,False
Maharashtra,Satara,Satara,Potato,Local,FAQ,2026-05-28,848.0,1066.0,938.0,False
Maharashtra,Satara,Satara,Potato,Local,FAQ,2026-05-29,831.0,1005.0,919.0,False
Maharashtra,Satara,Satara,Potato,Local,FAQ,2026-05-30,786.0,960.0,841.0,False
Maharashtra,Satara,Satara,Potato,Local,FAQ,2026-05-31,668.0,930.0,800.0,False
Maharashtra,Satara,Satara,Potato,Local,FAQ,2026-06-01,693.0,872.0,792.0,False
Maharashtra,Satara,Satara,Potato,Local,FAQ,2026-06-02,677.0,874.0,751.0,False
Maharashtra,Satara,Satara,Potato,Local,FAQ,2026-06-03,724.0,837.0,778.0,False
Maharashtra,Satara,Satara,Potato,Local,FAQ,2026-06-04,681.0,899.0,755.0,False
Maharashtra,Satara,Satara,Potato,Local,FAQ,2026-06-05,639.0,827.0,741.0,False
Maharashtra,Satara,Satara,Potato,Local,FAQ,2026-06-06,649.0,804.0,733.0,False
Maharashtra,Satara,Satara,Potato,Local,FAQ,2026-06-07,674.0,844.0,762.0,False
Maharashtra,Satara,Satara,Potato,Local,FAQ,2026-06-08,618.0,783.0,726.0,False
Maharashtra,Satara,Satara,Potato,Local,FAQ,2026-06-10,635.0,827.0,751.0,False
Maharashtra,Satara,Satara,Potato,Local,FAQ,2026-06-11,706.0,825.0,769.0,False
Maharashtra,Satara,Satara,Potato,Local,FAQ,2026-06-12,677.0,870.0,744.0,False
Maharashtra,Satara,Satara,Potato,Local,FAQ,2026-06-13,677.0,835.0,729.0,False
Maharashtra,Satara,Satara,Potato,Local,FAQ,2026-06-14,627.0,814.0,733.0,False
Maharashtra,Satara,Satara,Potato,Local,FAQ,2026-06-15,581.0,784.0,661.0,False
Maharashtra,Satara,Satara,Potato,Local,FAQ,2026-06-16,594.0,794.0,654.0,False
Maharashtra,Satara,Satara,Potato,Local,FAQ,2026-06-17,578.0,768.0,663.0,False
Maharashtra,Satara,Satara,Potato,Local,FAQ,2026-06-18,527.0,739.0,636.0,False
Maharashtra,Satara,Satara,Potato,Local,FAQ,2026-06-19,556.0,721.0,626.0,False
Maharashtra,Satara,Satara,Potato,Local,FAQ,2026-06-20,579.0,744.0,639.0,False
Maharashtra,Satara,Satara,Potato,Local,FAQ,2026-06-21,558.0,807.0,678.0,False
Maharashtra,Satara,Satara,Potato,Local,FAQ,2026-06-22,526.0,765.0,647.0,False
Maharashtra,Satara,Satara,Potato,Local,FAQ,2026-06-23,607.0,750.0,659.0,False
Maharashtra,Satara,Satara,Potato,Local,FAQ,2026-06-24,624.0,805.0,696.0,False
Maharashtra,Satara,Satara,Potato,Local,FAQ,2026-06-25,518.0,789.0,659.0,False
Maharashtra,Satara,Satara,Potato,Local,FAQ,2026-06-26,616.0,839.0,691.0,False
Maharashtra,Satara,Satara,Potato,Local,FAQ,2026-06-27,573.0,813.0,684.0,False
Maharashtra,Satara,Satara,Potato,Local,FAQ,2026-06-28,536.0,767.0,647.0,False
Maharashtra,Satara,Satara,Potato,Local,FAQ,2026-06-29,606.0,751.0,690.0,False
Maharashtra,Satara,Satara,Potato,Local,FAQ,2026-06-30,592.0,818.0,694.0,False
Maharashtra,Satara,Satara,Potato,Local,FAQ,2026-07-01,572.0,765.0,673.0,False
Maharashtra,Satara,Satara,Potato,Local,FAQ,2026-07-02,578.0,810.0,662.0,False
Maharashtra,Satara,Satara,Potato,Local,FAQ,2026-07-03,523.0,743.0,660.0,False
Maharashtra,Satara,Satara,Potato,Local,FAQ,2026-07-04,600.0,746.0,694.0,False
Maharashtra,Satara,Satara,Potato,Local,FAQ,2026-07-05,645.0,803.0,702.0,False
Maharashtra,Satara,Satara,Potato,Local,FAQ,2026-07-06,608.0,834.0,720.0,False
Maharashtra,Satara,Satara,Potato,Local,FAQ,2026-07-07,680.0,866.0,733.0,False
Maharashtra,Satara,Satara,Potato,Local,FAQ,2026-07-08,592.0,784.0,713.0,False
Maharashtra,Satara,Satara,Potato,Local,FAQ,2026-07-09,683.0,807.0,737.0,False
Maharashtra,Satara,Satara,Potato,Local,FAQ,2026-07-10,630.0,823.0,722.0,False
Maharashtra,Satara,Satara,Potato,Local,FAQ,2026-07-11,593.0,768.0,691.0,False
Maharashtra,Kolhapur,Kolhapur,Soybean,Yellow,FAQ,2026-02-02,4079.0,4232.0,4164.0,False
Maharashtra,Kolhapur,Kolhapur,Soybean,Yellow,FAQ,2026-02-03,4049.0,4260.0,4164.0,False
Maharashtra,Kolhapur,Kolhapur,Soybean,Yellow,FAQ,2026-02-04,3852.0,4069.0,3998.0,False
Maharashtra,Kolhapur,Kolhapur,Soybean,Yellow,FAQ,2026-02-05,3885.0,4111.0,3987.0,False
Maharashtra,Kolhapur,Kolhapur,Soybean,Yellow,FAQ,2026-02-06,3944.0,4128.0,4032.0,False
Maharashtra,Kolhapur,Kolhapur,Soybean,Yellow,FAQ,2026-02-07,3979.0,4149.0,4038.0,False
Maharashtra,Kolhapur,Kolhapur,Soybean,Yellow,FAQ,2026-02-08,3886.0,4093.0,3990.0,False
Maharashtra,Kolhapur,Kolhapur,Soybean,Yellow,FAQ,2026-02-09,3902.0,4080.0,3960.0,False
Maharashtra,Kolhapur,Kolhapur,Soybean,Yellow,FAQ,2026-02-10,3792.0,4011.0,3889.0,False
Maharashtra,Kolhapur,Kolhapur,Soybean,Yellow,FAQ,2026-02-11,3814.0,4007.0,3917.0,False
Maharashtra,Kolhapur,Kolhapur,Soybean,Yellow,FAQ,2026-02-12,3833.0,4094.0,3977.0,False
Maharashtra,Kolhapur,Kolhapur,Soybean,Yellow,FAQ,2026-02-13,3824.0,3977.0,3881.0,False
Maharashtra,Kolhapur,Kolhapur,Soybean,Yellow,FAQ,2026-02-14,3850.0,4036.0,3942.0,False
Maharashtra,Kolhapur,Kolhapur,Soybean,Yellow,FAQ,2026-02-15,3805.0,4045.0,3918.0,False
Maharashtra,Kolhapur,Kolhapur,Soybean,Yellow,FAQ,2026-02-16,3854.0,4008.0,3923.0,False
Maharashtra,Kolhapur,Kolhapur,Soybean,Yellow,FAQ,2026-02-17,3812.0,3994.0,3897.0,False
Maharashtra,Kolhapur,Kolhapur,Soybean,Yellow,FAQ,2026-02-18,3788.0,3906.0,3853.0,False
Maharashtra,Kolhapur,Kolhapur,Soybean,Yellow,FAQ,2026-02-19,3737.0,3979.0,3834.0,False
Maharashtra,Kolhapur,Kolhapur,Soybean,Yellow,FAQ,2026-02-20,3767.0,4015.0,3882.0,False
Maharashtra,Kolhapur,Kolhapur,Soybean,Yellow,FAQ,2026-02-21,3902.0,4063.0,3963.0,False
Maharashtra,Kolhapur,Kolhapur,Soybean,Yellow,FAQ,2026-02-22,3874.0,4064.0,4007.0,False
Maharashtra,Kolhapur,Kolhapur,Soybean,Yellow,FAQ,2026-02-23,3989.0,4211.0,4108.0,False
Maharashtra,Kolhapur,Kolhapur,Soybean,Yellow,FAQ,2026-02-24,3905.0,4156.0,4017.0,False
Maharashtra,Kolhapur,Kolhapur,Soybean,Yellow,FAQ,2026-02-25,3847.0,4079.0,3947.0,False
Maharashtra,Kolhapur,Kolhapur,Soybean,Yellow,FAQ,2026-02-26,3839.0,3950.0,3895.0,False
Maharashtra,Kolhapur,Kolhapur,Soybean,Yellow,FAQ,2026-02-27,3794.0,3966.0,3882.0,False
Maharashtra,Kolhapur,Kolhapur,Soybean,Yellow,FAQ,2026-02-28,3886.0,4013.0,3941.0,False
Maharashtra,Kolhapur,Kolhapur,Soybean,Yellow,FAQ,2026-03-02,3886.0,4101.0,3972.0,False
Maharashtra,Kolhapur,Kolhapur,Soybean,Yellow,FAQ,2026-03-03,3797.0,3961.0,3898.0,False
Maharashtra,Kolhapur,Kolhapur,Soybean,Yellow,FAQ,2026-03-04,3784.0,3948.0,3860.0,False
Maharashtra,Kolhapur,Kolhapur,Soybean,Yellow,FAQ,2026-03-05,3849.0,4033.0,3949.0,False
Maharashtra,Kolhapur,Kolhapur,Soybean,Yellow,FAQ,2026-03-06,3863.0,4042.0,3915.0,False
Maharashtra,Kolhapur,Kolhapur,Soybean,Yellow,FAQ,2026-03-07,3762.0,3883.0,3829.0,False
Maharashtra,Kolhapur,Kolhapur,Soybean,Yellow,FAQ,2026-03-08,3770.0,4000.0,3901.0,False
Maharashtra,Kolhapur,Kolhapur,Soybean,Yellow,FAQ,2026-03-09,3870.0,4065.0,3941.0,False
Maharashtra,Kolhapur,Kolhapur,Soybean,Yellow,FAQ,2026-03-10,3738.0,3938.0,3878.0,False
Maharashtra,Kolhapur,Kolhapur,Soybean,Yellow,FAQ,2026-03-11,3779.0,4063.0,3927.0,False
Maharashtra,Kolhapur,Kolhapur,Soybean,Yellow,FAQ,2026-03-12,3829.0,4020.0,3951.0,False
Maharashtra,Kolhapur,Kolhapur,Soybean,Yellow,FAQ,2026-03-13,3867.0,4018.0,3961.0,False
Maharashtra,Kolhapur,Kolhapur,Soybean,Yellow,FAQ,2026-03-15,3898.0,4145.0,4008.0,False
Maharashtra,Kolhapur,Kolhapur,Soybean,Yellow,FAQ,2026-03-16,3935.0,4121.0,4001.0,False
Maharashtra,Kolhapur,Kolhapur,Soybean,Yellow,FAQ,2026-03-17,3909.0,4086.0,3970.0,False
Maharashtra,Kolhapur,Kolhapur,Soybean,Yellow,FAQ,2026-03-18,3772.0,3968.0,3916.0,False
Maharashtra,Kolhapur,Kolhapur,Soybean,Yellow,FAQ,2026-03-19,3784.0,3930.0,3878.0,False
Maharashtra,Kolhapur,Kolhapur,Soybean,Yellow,FAQ,2026-03-20,3810.0,3955.0,3892.0,False
Maharashtra,Kolhapur,Kolhapur,Soybean,Yellow,FAQ,2026-03-21,3583.0,3788.0,3671.0,False
Maharashtra,Kolhapur,Kolhapur,Soybean,Yellow,FAQ,2026-03-22,3572.0,3751.0,3681.0,False
Maharashtra,Kolhapur,Kolhapur,Soybean,Yellow,FAQ,2026-03-23,3691.0,3836.0,3770.0,False
Maharashtra,Kolhapur,Kolhapur,Soybean,Yellow,FAQ,2026-03-24,3620.0,3828.0,3722.0,False
Maharashtra,Kolhapur,Kolhapur,Soybean,Yellow,FAQ,2026-03-25,3534.0,3748.0,3678.0,False
Maharashtra,Kolhapur,Kolhapur,Soybean,Yellow,FAQ,2026-03-26,3638.0,3820.0,3744.0,False
Maharashtra,Kolhapur,Kolhapur,Soybean,Yellow,FAQ,2026-03-27,3698.0,3828.0,3774.0,False
Maharashtra,Kolhapur,Kolhapur,Soybean,Yellow,FAQ,2026-03-28,3783.0,3910.0,3838.0,False
Maharashtra,Kolhapur,Kolhapur,Soybean,Yellow,FAQ,2026-03-29,3666.0,3915.0,3787.0,False
Maharashtra,Kolhapur,Kolhapur,Soybean,Yellow,FAQ,2026-03-30,3809.0,3964.0,3898.0,False
Maharashtra,Kolhapur,Kolhapur,Soybean,Yellow,FAQ,2026-03-31,3783.0,3981.0,3873.0,False
Maharashtra,Kolhapur,Kolhapur,Soybean,Yellow,FAQ,2026-04-01,3648.0,3801.0,3749.0,False
Maharashtra,Kolhapur,Kolhapur,Soybean,Yellow,FAQ,2026-04-02,3673.0,3886.0,3754.0,False
Maharashtra,Kolhapur,Kolhapur,Soybean,Yellow,FAQ,2026-04-03,3563.0,3722.0,3642.0,False
Maharashtra,Kolhapur,Kolhapur,Soybean,Yellow,FAQ,2026-04-04,3677.0,3899.0,3765.0,False
Maharashtra,Kolhapur,Kolhapur,Soybean,Yellow,FAQ,2026-04-05,3672.0,3896.0,3761.0,False
Maharashtra,Kolhapur,Kolhapur,Soybean,Yellow,FAQ,2026-04-06,3697.0,3895.0,3790.0,False
Maharashtra,Kolhapur,Kolhapur,Soybean,Yellow,FAQ,2026-04-07,3732.0,3966.0,3835.0,False
Maharashtra,Kolhapur,Kolhapur,Soybean,Yellow,FAQ,2026-04-08,3657.0,3857.0,3785.0,False
Maharashtra,Kolhapur,Kolhapur,Soybean,Yellow,FAQ,2026-04-09,3754.0,3906.0,3839.0,False
Maharashtra,Kolhapur,Kolhapur,Soybean,Yellow,FAQ,2026-04-10,3827.0,3972.0,3877.0,False
Maharashtra,Kolhapur,Kolhapur,Soybean,Yellow,FAQ,2026-04-11,3853.0,4058.0,3922.0,False
Maharashtra,Kolhapur,Kolhapur,Soybean,Yellow,FAQ,2026-04-12,3725.0,3874.0,3801.0,False
Maharashtra,Kolhapur,Kolhapur,Soybean,Yellow,FAQ,2026-04-13,3716.0,3865.0,3788.0,False
Maharashtra,Kolhapur,Kolhapur,Soybean,Yellow,FAQ,2026-04-14,3505.0,3694.0,3572.0,False
Maharashtra,Kolhapur,Kolhapur,Soybean,Yellow,FAQ,2026-04-15,3438.0,3683.0,3559.0,False
Maharashtra,Kolhapur,Kolhapur,Soybean,Yellow,FAQ,2026-04-16,3588.0,3799.0,3652.0,False
Maharashtra,Kolhapur,Kolhapur,Soybean,Yellow,FAQ,2026-04-17,3553.0,3685.0,3622.0,False
Maharashtra,Kolhapur,Kolhapur,Soybean,Yellow,FAQ,2026-04-18,3591.0,3780.0,3655.0,False
Maharashtra,Kolhapur,Kolhapur,Soybean,Yellow,FAQ,2026-04-19,3619.0,3854.0,3744.0,False
Maharashtra,Kolhapur,Kolhapur,Soybean,Yellow,FAQ,2026-04-20,3616.0,3787.0,3735.0,False
Maharashtra,Kolhapur,Kolhapur,Soybean,Yellow,FAQ,2026-04-21,3745.0,3849.0,3796.0,False
Maharashtra,Kolhapur,Kolhapur,Soybean,Yellow,FAQ,2026-04-22,3577.0,3830.0,3712.0,False
Maharashtra,Kolhapur,Kolhapur,Soybean,Yellow,FAQ,2026-04-23,3636.0,3846.0,3765.0,False
Maharashtra,Kolhapur,Kolhapur,Soybean,Yellow,FAQ,2026-04-24,3645.0,3842.0,3699.0,False
Maharashtra,Kolhapur,Kolhapur,Soybean,Yellow,FAQ,2026-04-25,3554.0,3780.0,3653.0,False
Maharashtra,Kolhapur,Kolhapur,Soybean,Yellow,FAQ,2026-04-26,3563.0,3712.0,3635.0,False
Maharashtra,Kolhapur,Kolhapur,Soybean,Yellow,FAQ,2026-04-27,3512.0,3720.0,3655.0,False
Maharashtra,Kolhapur,Kolhapur,Soybean,Yellow,FAQ,2026-04-28,3428.0,3720.0,3575.0,False
Maharashtra,Kolhapur,Kolhapur,Soybean,Yellow,FAQ,2026-04-29,3447.0,3686.0,3560.0,False
Maharashtra,Kolhapur,Kolhapur,Soybean,Yellow,FAQ,2026-04-30,3431.0,3648.0,3580.0,False
Maharashtra,Kolhapur,Kolhapur,Soybean,Yellow,FAQ,2026-05-01,3469.0,3629.0,3537.0,False
Maharashtra,Kolhapur,Kolhapur,Soybean,Yellow,FAQ,2026-05-02,3479.0,3704.0,3608.0,False
Maharashtra,Kolhapur,Kolhapur,Soybean,Yellow,FAQ,2026-05-03,3528.0,3730.0,3618.0,False
Maharashtra,Kolhapur,Kolhapur,Soybean,Yellow,FAQ,2026-05-04,3532.0,3708.0,3619.0,False
Maharashtra,Kolhapur,Kolhapur,Soybean,Yellow,FAQ,2026-05-05,3537.0,3768.0,3641.0,False
Maharashtra,Kolhapur,Kolhapur,Soybean,Yellow,FAQ,2026-05-06,3592.0,3722.0,3651.0,False
Maharashtra,Kolhapur,Kolhapur,Soybean,Yellow,FAQ,2026-05-07,3552.0,3729.0,3627.0,False
Maharashtra,Kolhapur,Kolhapur,Soybean,Yellow,FAQ,2026-05-08,3576.0,3703.0,3627.0,False
Maharashtra,Kolhapur,Kolhapur,Soybean,Yellow,FAQ,2026-05-09,3646.0,3904.0,3789.0,False
Maharashtra,Kolhapur,Kolhapur,Soybean,Yellow,FAQ,2026-05-10,3730.0,3964.0,3821.0,False
Maharashtra,Kolhapur,Kolhapur,Soybean,Yellow,FAQ,2026-05-11,3720.0,3901.0,3783.0,False
Maharashtra,Kolhapur,Kolhapur,Soybean,Yellow,FAQ,2026-05-12,3713.0,3948.0,3819.0,False
Maharashtra,Kolhapur,Kolhapur,Soybean,Yellow,FAQ,2026-05-13,3713.0,3965.0,3862.0,False
Maharashtra,Kolhapur,Kolhapur,Soybean,Yellow,FAQ,2026-05-14,3885.0,4079.0,3946.0,False
Maharashtra,Kolhapur,Kolhapur,Soybean,Yellow,FAQ,2026-05-15,3849.0,4115.0,3995.0,False
Maharashtra,Kolhapur,Kolhapur,Soybean,Yellow,FAQ,2026-05-16,3841.0,4047.0,3951.0,False
Maharashtra,Kolhapur,Kolhapur,Soybean,Yellow,FAQ,2026-05-17,3753.0,3992.0,3867.0,False
Maharashtra,Kolhapur,Kolhapur,Soybean,Yellow,FAQ,2026-05-18,3671.0,3859.0,3789.0,False
Maharashtra,Kolhapur,Kolhapur,Soybean,Yellow,FAQ,2026-05-19,3779.0,3981.0,3877.0,False
Maharashtra,Kolhapur,Kolhapur,Soybean,Yellow,FAQ,2026-05-20,3748.0,3991.0,3875.0,False
Maharashtra,Kolhapur,Kolhapur,Soybean,Yellow,FAQ,2026-05-21,3863.0,4079.0,3929.0,False
Maharashtra,Kolhapur,Kolhapur,Soybean,Yellow,FAQ,2026-05-22,3854.0,3967.0,3916.0,False
Maharashtra,Kolhapur,Kolhapur,Soybean,Yellow,FAQ,2026-05-23,3776.0,4030.0,3899.0,False
Maharashtra,Kolhapur,Kolhapur,Soybean,Yellow,FAQ,2026-05-24,3789.0,4074.0,3925.0,False
Maharashtra,Kolhapur,Kolhapur,Soybean,Yellow,FAQ,2026-05-25,3926.0,4079.0,3988.0,False
Maharashtra,Kolhapur,Kolhapur,Soybean,Yellow,FAQ,2026-05-26,3792.0,4014.0,3927.0,False
Maharashtra,Kolhapur,Kolhapur,Soybean,Yellow,FAQ,2026-05-28,4034.0,4197.0,4090.0,False
Maharashtra,Kolhapur,Kolhapur,Soybean,Yellow,FAQ,2026-05-29,4028.0,4192.0,4086.0,False
Maharashtra,Kolhapur,Kolhapur,Soybean,Yellow,FAQ,2026-05-30,4071.0,4219.0,4154.0,False
Maharashtra,Kolhapur,Kolhapur,Soybean,Yellow,FAQ,2026-05-31,4015.0,4289.0,4158.0,False
Maharashtra,Kolhapur,Kolhapur,Soybean,Yellow,FAQ,2026-06-01,4111.0,4281.0,4230.0,False
Maharashtra,Kolhapur,Kolhapur,Soybean,Yellow,FAQ,2026-06-02,4008.0,4216.0,4149.0,False
Maharashtra,Kolhapur,Kolhapur,Soybean,Yellow,FAQ,2026-06-03,4051.0,4232.0,4130.0,False
Maharashtra,Kolhapur,Kolhapur,Soybean,Yellow,FAQ,2026-06-04,3970.0,4139.0,4080.0,False
Maharashtra,Kolhapur,Kolhapur,Soybean,Yellow,FAQ,2026-06-05,3983.0,4126.0,4039.0,False
Maharashtra,Kolhapur,Kolhapur,Soybean,Yellow,FAQ,2026-06-06,3973.0,4172.0,4065.0,False
Maharashtra,Kolhapur,Kolhapur,Soybean,Yellow,FAQ,2026-06-07,4082.0,4313.0,4169.0,False
Maharashtra,Kolhapur,Kolhapur,Soybean,Yellow,FAQ,2026-06-08,4039.0,4308.0,4178.0,False
Maharashtra,Kolhapur,Kolhapur,Soybean,Yellow,FAQ,2026-06-09,4086.0,4234.0,4154.0,False
Maharashtra,Kolhapur,Kolhapur,Soybean,Yellow,FAQ,2026-06-10,3996.0,4249.0,4127.0,False
Maharashtra,Kolhapur,Kolhapur,Soybean,Yellow,FAQ,2026-06-11,4018.0,4201.0,4141.0,False
Maharashtra,Kolhapur,Kolhapur,Soybean,Yellow,FAQ,2026-06-12,4066.0,4253.0,4199.0,False
Maharashtra,Kolhapur,Kolhapur,Soybean,Yellow,FAQ,2026-06-13,4217.0,4356.0,4269.0,False
Maharashtra,Kolhapur,Kolhapur,Soybean,Yellow,FAQ,2026-06-14,4138.0,4369.0,4280.0,False
Maharashtra,Kolhapur,Kolhapur,Soybean,Yellow,FAQ,2026-06-15,4077.0,4261.0,4211.0,False
Maharashtra,Kolhapur,Kolhapur,Soybean,Yellow,FAQ,2026-06-16,4190.0,4361.0,4250.0,False
Maharashtra,Kolhapur,Kolhapur,Soybean,Yellow,FAQ,2026-06-17,4139.0,4378.0,4234.0,False
Maharashtra,Kolhapur,Kolhapur,Soybean,Yellow,FAQ,2026-06-18,4164.0,4310.0,4217.0,False
Maharashtra,Kolhapur,Kolhapur,Soybean,Yellow,FAQ,2026-06-19,4117.0,4332.0,4195.0,False
Maharashtra,Kolhapur,Kolhapur,Soybean,Yellow,FAQ,2026-06-20,4188.0,4350.0,4291.0,False
Maharashtra,Kolhapur,Kolhapur,Soybean,Yellow,FAQ,2026-06-21,4284.0,4529.0,4379.0,False
Maharashtra,Kolhapur,Kolhapur,Soybean,Yellow,FAQ,2026-06-22,4243.0,4458.0,4340.0,False
Maharashtra,Kolhapur,Kolhapur,Soybean,Yellow,FAQ,2026-06-23,4183.0,4445.0,4320.0,False
Maharashtra,Kolhapur,Kolhapur,Soybean,Yellow,FAQ,2026-06-25,4108.0,4303.0,4209.0,False
Maharashtra,Kolhapur,Kolhapur,Soybean,Yellow,FAQ,2026-06-26,4243.0,4407.0,4332.0,False
Maharashtra,Kolhapur,Kolhapur,Soybean,Yellow,FAQ,2026-06-27,4274.0,4426.0,4341.0,False
Maharashtra,Kolhapur,Kolhapur,Soybean,Yellow,FAQ,2026-06-28,4276.0,4466.0,4393.0,False
Maharashtra,Kolhapur,Kolhapur,Soybean,Yellow,FAQ,2026-06-29,4332.0,4548.0,4441.0,False
Maharashtra,Kolhapur,Kolhapur,Soybean,Yellow,FAQ,2026-06-30,4514.0,4720.0,4613.0,False
Maharashtra,Kolhapur,Kolhapur,Soybean,Yellow,FAQ,2026-07-01,4437.0,4620.0,4559.0,False
Maharashtra,Kolhapur,Kolhapur,Soybean,Yellow,FAQ,2026-07-02,4467.0,4672.0,4524.0,False
Maharashtra,Kolhapur,Kolhapur,Soybean,Yellow,FAQ,2026-07-03,4402.0,4604.0,4548.0,False
Maharashtra,Kolhapur,Kolhapur,Soybean,Yellow,FAQ,2026-07-04,4370.0,4602.0,4469.0,False
Maharashtra,Kolhapur,Kolhapur,Soybean,Yellow,FAQ,2026-07-05,4309.0,4567.0,4454.0,False
Maharashtra,Kolhapur,Kolhapur,Soybean,Yellow,FAQ,2026-07-06,4444.0,4666.0,4525.0,False
Maharashtra,Kolhapur,Kolhapur,Soybean,Yellow,FAQ,2026-07-07,4288.0,4531.0,4425.0,False
Maharashtra,Kolhapur,Kolhapur,Soybean,Yellow,FAQ,2026-07-08,4301.0,4486.0,4354.0,False
Maharashtra,Kolhapur,Kolhapur,Soybean,Yellow,FAQ,2026-07-09,4198.0,4376.0,4293.0,False
Maharashtra,Kolhapur,Kolhapur,Soybean,Yellow,FAQ,2026-07-10,4311.0,4509.0,4373.0,False
Maharashtra,Kolhapur,Kolhapur,Soybean,Yellow,FAQ,2026-07-11,4226.0,4511.0,4366.0,False
Maharashtra,Sangli,Sangli,Soybean,Yellow,FAQ,2026-06-22,3982.0,4124.0,4065.0,False
Maharashtra,Sangli,Sangli,Soybean,Yellow,FAQ,2026-06-23,4073.0,4277.0,4179.0,False
Maharashtra,Sangli,Sangli,Soybean,Yellow,FAQ,2026-06-24,4070.0,4321.0,4194.0,False
Maharashtra,Sangli,Sangli,Soybean,Yellow,FAQ,2026-06-25,4002.0,4234.0,4143.0,False
Maharashtra,Sangli,Sangli,Soybean,Yellow,FAQ,2026-06-26,3999.0,4183.0,4093.0,False
Maharashtra,Sangli,Sangli,Soybean,Yellow,FAQ,2026-06-27,3956.0,4172.0,4064.0,False
Maharashtra,Sangli,Sangli,Soybean,Yellow,FAQ,2026-06-28,4008.0,4204.0,4068.0,False
Maharashtra,Sangli,Sangli,Soybean,Yellow,FAQ,2026-06-29,4086.0,4314.0,4167.0,False
Maharashtra,Sangli,Sangli,Soybean,Yellow,FAQ,2026-06-30,4103.0,4279.0,4158.0,False
Maharashtra,Sangli,Sangli,Soybean,Yellow,FAQ,2026-07-01,4008.0,4236.0,4143.0,False
Maharashtra,Sangli,Sangli,Soybean,Yellow,FAQ,2026-07-02,4039.0,4287.0,4152.0,False
Maharashtra,Sangli,Sangli,Soybean,Yellow,FAQ,2026-07-03,4115.0,4280.0,4195.0,False
Maharashtra,Satara,Satara,Soybean,Yellow,FAQ,2026-02-02,3933.0,4103.0,4020.0,False
Maharashtra,Satara,Satara,Soybean,Yellow,FAQ,2026-02-03,3922.0,4101.0,3990.0,False
Maharashtra,Satara,Satara,Soybean,Yellow,FAQ,2026-02-04,4004.0,4171.0,4057.0,False
Maharashtra,Satara,Satara,Soybean,Yellow,FAQ,2026-02-05,3927.0,4179.0,4053.0,False
Maharashtra,Satara,Satara,Soybean,Yellow,FAQ,2026-02-06,3930.0,4156.0,4073.0,False
Maharashtra,Satara,Satara,Soybean,Yellow,FAQ,2026-02-07,4007.0,4158.0,4107.0,False
Maharashtra,Satara,Satara,Soybean,Yellow,FAQ,2026-02-08,4022.0,4143.0,4090.0,False
Maharashtra,Satara,Satara,Soybean,Yellow,FAQ,2026-02-09,3922.0,4114.0,4063.0,False
Maharashtra,Satara,Satara,Soybean,Yellow,FAQ,2026-02-10,3881.0,4161.0,4022.0,False
Maharashtra,Satara,Satara,Soybean,Yellow,FAQ,2026-02-11,3935.0,4167.0,4050.0,False
Maharashtra,Satara,Satara,Soybean,Yellow,FAQ,2026-02-12,3835.0,4053.0,3974.0,False
Maharashtra,Satara,Satara,Soybean,Yellow,FAQ,2026-02-13,3946.0,4112.0,4052.0,False
Maharashtra,Satara,Satara,Soybean,Yellow,FAQ,2026-02-14,3945.0,4183.0,4071.0,False
Maharashtra,Satara,Satara,Soybean,Yellow,FAQ,2026-02-15,3908.0,4031.0,3981.0,False
Maharashtra,Satara,Satara,Soybean,Yellow,FAQ,2026-02-16,3831.0,4062.0,3971.0,False
Maharashtra,Satara,Satara,Soybean,Yellow,FAQ,2026-02-17,3951.0,4151.0,4053.0,False
Maharashtra,Satara,Satara,Soybean,Yellow,FAQ,2026-02-18,4039.0,4224.0,4142.0,False
Maharashtra,Satara,Satara,Soybean,Yellow,FAQ,2026-02-19,4049.0,4179.0,4125.0,False
Maharashtra,Satara,Satara,Soybean,Yellow,FAQ,2026-02-20,3974.0,4154.0,4039.0,False
Maharashtra,Satara,Satara,Soybean,Yellow,FAQ,2026-02-21,3947.0,4190.0,4065.0,False
Maharashtra,Satara,Satara,Soybean,Yellow,FAQ,2026-02-22,3980.0,4255.0,4124.0,False
Maharashtra,Satara,Satara,Soybean,Yellow,FAQ,2026-02-23,4010.0,4204.0,4124.0,False
Maharashtra,Satara,Satara,Soybean,Yellow,FAQ,2026-02-24,4052.0,4256.0,4108.0,False
Maharashtra,Satara,Satara,Soybean,Yellow,FAQ,2026-02-25,3916.0,4131.0,4025.0,False
Maharashtra,Satara,Satara,Soybean,Yellow,FAQ,2026-02-26,3969.0,4133.0,4022.0,False
Maharashtra,Satara,Satara,Soybean,Yellow,FAQ,2026-02-27,4030.0,4244.0,4152.0,False
Maharashtra,Satara,Satara,Soybean,Yellow,FAQ,2026-02-28,4033.0,4171.0,4105.0,False
Maharashtra,Satara,Satara,Soybean,Yellow,FAQ,2026-03-01,4062.0,4284.0,4149.0,False
Maharashtra,Satara,Satara,Soybean,Yellow,FAQ,2026-03-02,4016.0,4247.0,4125.0,False
Maharashtra,Satara,Satara,Soybean,Yellow,FAQ,2026-03-03,4119.0,4260.0,4193.0,False
Maharashtra,Satara,Satara,Soybean,Yellow,FAQ,2026-03-04,4050.0,4282.0,4198.0,False
Maharashtra,Satara,Satara,Soybean,Yellow,FAQ,2026-03-05,4097.0,4289.0,4217.0,False
Maharashtra,Satara,Satara,Soybean,Yellow,FAQ,2026-03-06,4140.0,4289.0,4222.0,False
Maharashtra,Satara,Satara,Soybean,Yellow,FAQ,2026-03-07,4043.0,4173.0,4119.0,False
Maharashtra,Satara,Satara,Soybean,Yellow,FAQ,2026-03-08,4056.0,4182.0,4115.0,False
Maharashtra,Satara,Satara,Soybean,Yellow,FAQ,2026-03-09,4168.0,4339.0,4228.0,False
Maharashtra,Satara,Satara,Soybean,Yellow,FAQ,2026-03-10,4189.0,4316.0,4241.0,False
Maharashtra,Satara,Satara,Soybean,Yellow,FAQ,2026-03-11,4081.0,4342.0,4220.0,False
Maharashtra,Satara,Satara,Soybean,Yellow,FAQ,2026-03-12,4183.0,4411.0,4293.0,False
Maharashtra,Satara,Satara,Soybean,Yellow,FAQ,2026-03-13,4142.0,4364.0,4291.0,False
Maharashtra,Satara,Satara,Soybean,Yellow,FAQ,2026-03-14,4195.0,4300.0,4249.0,False
Maharashtra,Satara,Satara,Soybean,Yellow,FAQ,2026-03-15,4319.0,4496.0,4381.0,False
Maharashtra,Satara,Satara,Soybean,Yellow,FAQ,2026-03-16,4428.0,4578.0,4481.0,False
Maharashtra,Satara,Satara,Soybean,Yellow,FAQ,2026-03-17,4463.0,4695.0,4605.0,False
Maharashtra,Satara,Satara,Soybean,Yellow,FAQ,2026-03-19,4580.0,4805.0,4716.0,True
Maharashtra,Satara,Satara,Soybean,Yellow,FAQ,2026-03-20,4621.0,4754.0,4699.0,True
Maharashtra,Satara,Satara,Soybean,Yellow,FAQ,2026-03-21,4595.0,4817.0,4725.0,True
Maharashtra,Satara,Satara,Soybean,Yellow,FAQ,2026-03-22,4541.0,4814.0,4681.0,True
Maharashtra,Satara,Satara,Soybean,Yellow,FAQ,2026-03-23,4531.0,4748.0,4636.0,True
Maharashtra,Satara,Satara,Soybean,Yellow,FAQ,2026-03-24,4351.0,4556.0,4493.0,False
Maharashtra,Satara,Satara,Soybean,Yellow,FAQ,2026-03-25,4367.0,4543.0,4459.0,False
Maharashtra,Satara,Satara,Soybean,Yellow,FAQ,2026-03-26,4169.0,4335.0,4271.0,False
Maharashtra,Satara,Satara,Soybean,Yellow,FAQ,2026-03-27,4162.0,4337.0,4263.0,False
Maharashtra,Satara,Satara,Soybean,Yellow,FAQ,2026-03-28,4125.0,4361.0,4238.0,False
Maharashtra,Satara,Satara,Soybean,Yellow,FAQ,2026-03-29,4210.0,4425.0,4328.0,False
Maharashtra,Satara,Satara,Soybean,Yellow,FAQ,2026-03-30,4121.0,4334.0,4235.0,False
Maharashtra,Satara,Satara,Soybean,Yellow,FAQ,2026-03-31,4016.0,4288.0,4151.0,False
Maharashtra,Satara,Satara,Soybean,Yellow,FAQ,2026-04-01,4025.0,4218.0,4138.0,False
Maharashtra,Satara,Satara,Soybean,Yellow,FAQ,2026-04-02,4075.0,4266.0,4127.0,False
Maharashtra,Satara,Satara,Soybean,Yellow,FAQ,2026-04-03,4115.0,4258.0,4185.0,False
Maharashtra,Satara,Satara,Soybean,Yellow,FAQ,2026-04-04,4130.0,4299.0,4232.0,False
Maharashtra,Satara,Satara,Soybean,Yellow,FAQ,2026-04-05,4101.0,4238.0,4167.0,False
Maharashtra,Satara,Satara,Soybean,Yellow,FAQ,2026-04-06,3968.0,4164.0,4097.0,False
Maharashtra,Satara,Satara,Soybean,Yellow,FAQ,2026-04-07,3953.0,4184.0,4101.0,False
Maharashtra,Satara,Satara,Soybean,Yellow,FAQ,2026-04-08,4022.0,4191.0,4084.0,False
Maharashtra,Satara,Satara,Soybean,Yellow,FAQ,2026-04-09,3978.0,4172.0,4090.0,False
Maharashtra,Satara,Satara,Soybean,Yellow,FAQ,2026-04-10,3995.0,4158.0,4099.0,False
Maharashtra,Satara,Satara,Soybean,Yellow,FAQ,2026-04-11,4022.0,4245.0,4169.0,False
Maharashtra,Satara,Satara,Soybean,Yellow,FAQ,2026-04-12,4173.0,4330.0,4225.0,False
Maharashtra,Satara,Satara,Soybean,Yellow,FAQ,2026-04-13,4213.0,4358.0,4282.0,False
Maharashtra,Satara,Satara,Soybean,Yellow,FAQ,2026-04-14,4221.0,4405.0,4322.0,False
Maharashtra,Satara,Satara,Soybean,Yellow,FAQ,2026-04-15,4187.0,4425.0,4317.0,False
Maharashtra,Satara,Satara,Soybean,Yellow,FAQ,2026-04-16,4258.0,4468.0,4385.0,False
Maharashtra,Satara,Satara,Soybean,Yellow,FAQ,2026-04-17,4249.0,4425.0,4354.0,False
Maharashtra,Satara,Satara,Soybean,Yellow,FAQ,2026-04-18,4302.0,4482.0,4400.0,False
Maharashtra,Satara,Satara,Soybean,Yellow,FAQ,2026-04-19,4279.0,4479.0,4427.0,False
Maharashtra,Satara,Satara,Soybean,Yellow,FAQ,2026-04-20,4275.0,4470.0,4395.0,False
Maharashtra,Satara,Satara,Soybean,Yellow,FAQ,2026-04-21,4245.0,4440.0,4389.0,False
Maharashtra,Satara,Satara,Soybean,Yellow,FAQ,2026-04-22,4251.0,4460.0,4360.0,False
Maharashtra,Satara,Satara,Soybean,Yellow,FAQ,2026-04-23,4312.0,4573.0,4429.0,False
Maharashtra,Satara,Satara,Soybean,Yellow,FAQ,2026-04-24,4367.0,4553.0,4499.0,False
Maharashtra,Satara,Satara,Soybean,Yellow,FAQ,2026-04-25,4274.0,4450.0,4355.0,False
Maharashtra,Satara,Satara,Soybean,Yellow,FAQ,2026-04-26,4226.0,4407.0,4314.0,False
Maharashtra,Satara,Satara,Soybean,Yellow,FAQ,2026-04-27,4200.0,4445.0,4312.0,False
Maharashtra,Satara,Satara,Soybean,Yellow,FAQ,2026-04-28,4275.0,4454.0,4361.0,False
Maharashtra,Satara,Satara,Soybean,Yellow,FAQ,2026-04-29,4113.0,4389.0,4256.0,False
Maharashtra,Satara,Satara,Soybean,Yellow,FAQ,2026-04-30,4119.0,4241.0,4180.0,False
Maharashtra,Satara,Satara,Soybean,Yellow,FAQ,2026-05-01,4014.0,4190.0,4126.0,False
Maharashtra,Satara,Satara,Soybean,Yellow,FAQ,2026-05-02,4015.0,4168.0,4117.0,False
Maharashtra,Satara,Satara,Soybean,Yellow,FAQ,2026-05-03,4087.0,4333.0,4185.0,False
Maharashtra,Satara,Satara,Soybean,Yellow,FAQ,2026-05-04,3977.0,4200.0,4114.0,False
Maharashtra,Satara,Satara,Soybean,Yellow,FAQ,2026-05-05,4026.0,4241.0,4167.0,False
Maharashtra,Satara,Satara,Soybean,Yellow,FAQ,2026-05-07,4029.0,4199.0,4127.0,False
Maharashtra,Satara,Satara,Soybean,Yellow,FAQ,2026-05-08,4116.0,4306.0,4237.0,False
Maharashtra,Satara,Satara,Soybean,Yellow,FAQ,2026-05-09,3994.0,4193.0,4140.0,False
Maharashtra,Satara,Satara,Soybean,Yellow,FAQ,2026-05-10,4091.0,4235.0,4161.0,False
Maharashtra,Satara,Satara,Soybean,Yellow,FAQ,2026-05-11,3975.0,4211.0,4074.0,False
Maharashtra,Satara,Satara,Soybean,Yellow,FAQ,2026-05-12,3925.0,4154.0,4046.0,False
Maharashtra,Satara,Satara,Soybean,Yellow,FAQ,2026-05-13,3995.0,4191.0,4062.0,False
Maharashtra,Satara,Satara,Soybean,Yellow,FAQ,2026-05-14,3953.0,4120.0,4028.0,False
Maharashtra,Satara,Satara,Soybean,Yellow,FAQ,2026-05-15,4021.0,4191.0,4084.0,False
Maharashtra,Satara,Satara,Soybean,Yellow,FAQ,2026-05-16,3997.0,4181.0,4061.0,False
Maharashtra,Satara,Satara,Soybean,Yellow,FAQ,2026-05-17,3953.0,4195.0,4052.0,False
Maharashtra,Satara,Satara,Soybean,Yellow,FAQ,2026-05-18,4003.0,4204.0,4105.0,False
Maharashtra,Satara,Satara,Soybean,Yellow,FAQ,2026-05-19,4149.0,4342.0,4210.0,False
Maharashtra,Satara,Satara,Soybean,Yellow,FAQ,2026-05-20,4159.0,4310.0,4253.0,False
Maharashtra,Satara,Satara,Soybean,Yellow,FAQ,2026-05-21,4160.0,4333.0,4220.0,False
Maharashtra,Satara,Satara,Soybean,Yellow,FAQ,2026-05-22,4158.0,4435.0,4296.0,False
Maharashtra,Satara,Satara,Soybean,Yellow,FAQ,2026-05-23,4158.0,4379.0,4268.0,False
Maharashtra,Satara,Satara,Soybean,Yellow,FAQ,2026-05-24,4248.0,4475.0,4335.0,False
Maharashtra,Satara,Satara,Soybean,Yellow,FAQ,2026-05-25,3991.0,4240.0,4141.0,False
Maharashtra,Satara,Satara,Soybean,Yellow,FAQ,2026-05-26,4091.0,4260.0,4159.0,False
Maharashtra,Satara,Satara,Soybean,Yellow,FAQ,2026-05-27,4063.0,4313.0,4192.0,False
Maharashtra,Satara,Satara,Soybean,Yellow,FAQ,2026-05-28,4155.0,4366.0,4230.0,False
Maharashtra,Satara,Satara,Soybean,Yellow,FAQ,2026-05-29,4163.0,4374.0,4226.0,False
Maharashtra,Satara,Satara,Soybean,Yellow,FAQ,2026-05-30,4094.0,4370.0,4231.0,False
Maharashtra,Satara,Satara,Soybean,Yellow,FAQ,2026-05-31,4123.0,4343.0,4238.0,False
Maharashtra,Satara,Satara,Soybean,Yellow,FAQ,2026-06-01,4243.0,4423.0,4298.0,False
Maharashtra,Satara,Satara,Soybean,Yellow,FAQ,2026-06-02,4330.0,4529.0,4430.0,False
Maharashtra,Satara,Satara,Soybean,Yellow,FAQ,2026-06-03,4368.0,4513.0,4435.0,False
Maharashtra,Satara,Satara,Soybean,Yellow,FAQ,2026-06-04,4264.0,4476.0,4411.0,False
Maharashtra,Satara,Satara,Soybean,Yellow,FAQ,2026-06-05,4307.0,4493.0,4384.0,False
Maharashtra,Satara,Satara,Soybean,Yellow,FAQ,2026-06-06,4190.0,4448.0,4319.0,False
Maharashtra,Satara,Satara,Soybean,Yellow,FAQ,2026-06-07,4266.0,4419.0,4340.0,False
Maharashtra,Satara,Satara,Soybean,Yellow,FAQ,2026-06-08,4218.0,4416.0,4310.0,False
Maharashtra,Satara,Satara,Soybean,Yellow,FAQ,2026-06-09,4255.0,4419.0,4324.0,False
Maharashtra,Satara,Satara,Soybean,Yellow,FAQ,2026-06-10,4097.0,4359.0,4225.0,False
Maharashtra,Satara,Satara,Soybean,Yellow,FAQ,2026-06-11,4201.0,4417.0,4283.0,False
Maharashtra,Satara,Satara,Soybean,Yellow,FAQ,2026-06-12,4116.0,4343.0,4257.0,False
Maharashtra,Satara,Satara,Soybean,Yellow,FAQ,2026-06-13,4309.0,4488.0,4388.0,False
Maharashtra,Satara,Satara,Soybean,Yellow,FAQ,2026-06-14,4146.0,4391.0,4265.0,False
Maharashtra,Satara,Satara,Soybean,Yellow,FAQ,2026-06-15,4096.0,4378.0,4231.0,False
Maharashtra,Satara,Satara,Soybean,Yellow,FAQ,2026-06-16,4196.0,4403.0,4285.0,False
Maharashtra,Satara,Satara,Soybean,Yellow,FAQ,2026-06-17,4128.0,4375.0,4226.0,False
Maharashtra,Satara,Satara,Soybean,Yellow,FAQ,2026-06-18,4141.0,4303.0,4216.0,False
Maharashtra,Satara,Satara,Soybean,Yellow,FAQ,2026-06-19,4244.0,4398.0,4296.0,False
Maharashtra,Satara,Satara,Soybean,Yellow,FAQ,2026-06-20,4352.0,4640.0,4499.0,False
Maharashtra,Satara,Satara,Soybean,Yellow,FAQ,2026-06-21,4473.0,4626.0,4539.0,False
Maharashtra,Satara,Satara,Soybean,Yellow,FAQ,2026-06-22,4297.0,4529.0,4427.0,False
Maharashtra,Satara,Satara,Soybean,Yellow,FAQ,2026-06-23,4258.0,4500.0,4365.0,False
Maharashtra,Satara,Satara,Soybean,Yellow,FAQ,2026-06-24,4225.0,4440.0,4346.0,False
Maharashtra,Satara,Satara,Soybean,Yellow,FAQ,2026-06-25,4283.0,4417.0,4362.0,False
Maharashtra,Satara,Satara,Soybean,Yellow,FAQ,2026-06-26,4154.0,4348.0,4229.0,False
Maharashtra,Satara,Satara,Soybean,Yellow,FAQ,2026-06-27,4090.0,4291.0,4217.0,False
Maharashtra,Satara,Satara,Soybean,Yellow,FAQ,2026-06-28,4053.0,4179.0,4128.0,False
Maharashtra,Satara,Satara,Soybean,Yellow,FAQ,2026-06-29,4118.0,4256.0,4192.0,False
Maharashtra,Satara,Satara,Soybean,Yellow,FAQ,2026-06-30,4022.0,4234.0,4125.0,False
Maharashtra,Satara,Satara,Soybean,Yellow,FAQ,2026-07-01,4067.0,4201.0,4147.0,False
Maharashtra,Satara,Satara,Soybean,Yellow,FAQ,2026-07-02,3965.0,4188.0,4095.0,False
Maharashtra,Satara,Satara,Soybean,Yellow,FAQ,2026-07-03,4068.0,4264.0,4163.0,False
Maharashtra,Satara,Satara,Soybean,Yellow,FAQ,2026-07-04,4041.0,4209.0,4103.0,False
Maharashtra,Satara,Satara,Soybean,Yellow,FAQ,2026-07-05,4077.0,4254.0,4160.0,False
Maharashtra,Satara,Satara,Soybean,Yellow,FAQ,2026-07-06,4043.0,4259.0,4155.0,False
Maharashtra,Satara,Satara,Soybean,Yellow,FAQ,2026-07-07,4163.0,4408.0,4287.0,False
Maharashtra,Satara,Satara,Soybean,Yellow,FAQ,2026-07-08,4269.0,4499.0,4406.0,False
Maharashtra,Satara,Satara,Soybean,Yellow,FAQ,2026-07-09,4337.0,4554.0,4428.0,False
Maharashtra,Satara,Satara,Soybean,Yellow,FAQ,2026-07-10,4246.0,4438.0,4385.0,False
Maharashtra,Satara,Satara,Soybean,Yellow,FAQ,2026-07-11,4268.0,4519.0,4393.0,False
Maharashtra,Kolhapur,Kolhapur,Tomato,Hybrid,FAQ,2025-12-24,1263.0,1448.0,1347.0,False
Maharashtra,Kolhapur,Kolhapur,Tomato,Hybrid,FAQ,2025-12-25,1266.0,1448.0,1332.0,False
Maharashtra,Kolhapur,Kolhapur,Tomato,Hybrid,FAQ,2025-12-26,1166.0,1366.0,1228.0,False
Maharashtra,Kolhapur,Kolhapur,Tomato,Hybrid,FAQ,2025-12-27,985.0,1165.0,1076.0,False
Maharashtra,Kolhapur,Kolhapur,Tomato,Hybrid,FAQ,2025-12-28,897.0,1068.0,1012.0,False
Maharashtra,Kolhapur,Kolhapur,Tomato,Hybrid,FAQ,2025-12-29,1057.0,1332.0,1188.0,False
Maharashtra,Kolhapur,Kolhapur,Tomato,Hybrid,FAQ,2025-12-30,1159.0,1322.0,1224.0,False
Maharashtra,Kolhapur,Kolhapur,Tomato,Hybrid,FAQ,2025-12-31,1126.0,1344.0,1236.0,False
Maharashtra,Kolhapur,Kolhapur,Tomato,Hybrid,FAQ,2026-01-01,1021.0,1173.0,1084.0,False
Maharashtra,Kolhapur,Kolhapur,Tomato,Hybrid,FAQ,2026-01-02,926.0,1115.0,992.0,False
Maharashtra,Kolhapur,Kolhapur,Tomato,Hybrid,FAQ,2026-01-03,1050.0,1295.0,1187.0,False
Maharashtra,Kolhapur,Kolhapur,Tomato,Hybrid,FAQ,2026-01-04,1209.0,1424.0,1294.0,False
Maharashtra,Kolhapur,Kolhapur,Tomato,Hybrid,FAQ,2026-01-05,1114.0,1362.0,1221.0,False
Maharashtra,Kolhapur,Kolhapur,Tomato,Hybrid,FAQ,2026-01-06,1138.0,1308.0,1228.0,False
Maharashtra,Kolhapur,Kolhapur,Tomato,Hybrid,FAQ,2026-01-07,1128.0,1331.0,1221.0,False
Maharashtra,Kolhapur,Kolhapur,Tomato,Hybrid,FAQ,2026-01-08,1156.0,1358.0,1214.0,False
Maharashtra,Kolhapur,Kolhapur,Tomato,Hybrid,FAQ,2026-01-09,1127.0,1318.0,1260.0,False
Maharashtra,Kolhapur,Kolhapur,Tomato,Hybrid,FAQ,2026-01-10,1296.0,1507.0,1394.0,False
Maharashtra,Kolhapur,Kolhapur,Tomato,Hybrid,FAQ,2026-01-11,1360.0,1582.0,1438.0,False
Maharashtra,Kolhapur,Kolhapur,Tomato,Hybrid,FAQ,2026-01-12,1427.0,1627.0,1489.0,False
Maharashtra,Kolhapur,Kolhapur,Tomato,Hybrid,FAQ,2026-01-13,1421.0,1673.0,1529.0,False
Maharashtra,Kolhapur,Kolhapur,Tomato,Hybrid,FAQ,2026-01-14,1184.0,1399.0,1301.0,False
Maharashtra,Kolhapur,Kolhapur,Tomato,Hybrid,FAQ,2026-01-15,1146.0,1354.0,1240.0,False
Maharashtra,Kolhapur,Kolhapur,Tomato,Hybrid,FAQ,2026-01-16,1116.0,1259.0,1204.0,False
Maharashtra,Kolhapur,Kolhapur,Tomato,Hybrid,FAQ,2026-01-17,1191.0,1351.0,1279.0,False
Maharashtra,Kolhapur,Kolhapur,Tomato,Hybrid,FAQ,2026-01-18,1204.0,1353.0,1298.0,False
Maharashtra,Kolhapur,Kolhapur,Tomato,Hybrid,FAQ,2026-01-19,1227.0,1421.0,1336.0,False
Maharashtra,Kolhapur,Kolhapur,Tomato,Hybrid,FAQ,2026-01-20,1244.0,1479.0,1374.0,False
Maharashtra,Kolhapur,Kolhapur,Tomato,Hybrid,FAQ,2026-01-21,1286.0,1524.0,1414.0,False
Maharashtra,Kolhapur,Kolhapur,Tomato,Hybrid,FAQ,2026-01-22,1422.0,1659.0,1513.0,False
Maharashtra,Kolhapur,Kolhapur,Tomato,Hybrid,FAQ,2026-01-23,1646.0,1831.0,1718.0,False
Maharashtra,Kolhapur,Kolhapur,Tomato,Hybrid,FAQ,2026-01-24,1691.0,1866.0,1798.0,False
Maharashtra,Kolhapur,Kolhapur,Tomato,Hybrid,FAQ,2026-01-25,1685.0,1913.0,1811.0,False
Maharashtra,Kolhapur,Kolhapur,Tomato,Hybrid,FAQ,2026-01-26,1682.0,1872.0,1755.0,False
Maharashtra,Kolhapur,Kolhapur,Tomato,Hybrid,FAQ,2026-01-27,1679.0,1813.0,1745.0,False
Maharashtra,Kolhapur,Kolhapur,Tomato,Hybrid,FAQ,2026-01-28,1603.0,1762.0,1673.0,False
Maharashtra,Kolhapur,Kolhapur,Tomato,Hybrid,FAQ,2026-01-29,1560.0,1759.0,1661.0,False
Maharashtra,Kolhapur,Kolhapur,Tomato,Hybrid,FAQ,2026-01-30,1523.0,1745.0,1611.0,False
Maharashtra,Kolhapur,Kolhapur,Tomato,Hybrid,FAQ,2026-01-31,1557.0,1670.0,1613.0,False
Maharashtra,Kolhapur,Kolhapur,Tomato,Hybrid,FAQ,2026-02-01,1400.0,1614.0,1507.0,False
Maharashtra,Kolhapur,Kolhapur,Tomato,Hybrid,FAQ,2026-02-02,1375.0,1576.0,1521.0,False
Maharashtra,Kolhapur,Kolhapur,Tomato,Hybrid,FAQ,2026-02-03,1553.0,1667.0,1613.0,False
Maharashtra,Kolhapur,Kolhapur,Tomato,Hybrid,FAQ,2026-02-04,1514.0,1684.0,1629.0,False
Maharashtra,Kolhapur,Kolhapur,Tomato,Hybrid,FAQ,2026-02-05,1364.0,1643.0,1509.0,False
Maharashtra,Kolhapur,Kolhapur,Tomato,Hybrid,FAQ,2026-02-06,1401.0,1531.0,1468.0,False
Maharashtra,Kolhapur,Kolhapur,Tomato,Hybrid,FAQ,2026-02-07,1386.0,1550.0,1448.0,False
Maharashtra,Kolhapur,Kolhapur,Tomato,Hybrid,FAQ,2026-02-08,1235.0,1502.0,1384.0,False
Maharashtra,Kolhapur,Kolhapur,Tomato,Hybrid,FAQ,2026-02-09,1123.0,1332.0,1268.0,False
Maharashtra,Kolhapur,Kolhapur,Tomato,Hybrid,FAQ,2026-02-10,1298.0,1406.0,1356.0,False
Maharashtra,Kolhapur,Kolhapur,Tomato,Hybrid,FAQ,2026-02-11,1050.0,1281.0,1167.0,False
Maharashtra,Kolhapur,Kolhapur,Tomato,Hybrid,FAQ,2026-02-12,1048.0,1192.0,1140.0,False
Maharashtra,Kolhapur,Kolhapur,Tomato,Hybrid,FAQ,2026-02-13,821.0,973.0,905.0,False
Maharashtra,Kolhapur,Kolhapur,Tomato,Hybrid,FAQ,2026-02-15,1029.0,1163.0,1103.0,False
Maharashtra,Kolhapur,Kolhapur,Tomato,Hybrid,FAQ,2026-02-16,1029.0,1252.0,1147.0,False
Maharashtra,Kolhapur,Kolhapur,Tomato,Hybrid,FAQ,2026-02-17,1001.0,1241.0,1099.0,False
Maharashtra,Kolhapur,Kolhapur,Tomato,Hybrid,FAQ,2026-02-18,998.0,1211.0,1083.0,False
Maharashtra,Kolhapur,Kolhapur,Tomato,Hybrid,FAQ,2026-02-19,902.0,1125.0,1051.0,False
Maharashtra,Kolhapur,Kolhapur,Tomato,Hybrid,FAQ,2026-02-20,983.0,1145.0,1055.0,False
Maharashtra,Kolhapur,Kolhapur,Tomato,Hybrid,FAQ,2026-02-21,968.0,1207.0,1059.0,False
Maharashtra,Kolhapur,Kolhapur,Tomato,Hybrid,FAQ,2026-02-22,1021.0,1227.0,1104.0,False
Maharashtra,Kolhapur,Kolhapur,Tomato,Hybrid,FAQ,2026-02-23,964.0,1164.0,1056.0,False
Maharashtra,Kolhapur,Kolhapur,Tomato,Hybrid,FAQ,2026-02-24,959.0,1152.0,1096.0,False
Maharashtra,Kolhapur,Kolhapur,Tomato,Hybrid,FAQ,2026-02-25,1019.0,1202.0,1138.0,False
Maharashtra,Kolhapur,Kolhapur,Tomato,Hybrid,FAQ,2026-02-26,1163.0,1355.0,1253.0,False
Maharashtra,Kolhapur,Kolhapur,Tomato,Hybrid,FAQ,2026-02-27,904.0,1118.0,1054.0,False
Maharashtra,Kolhapur,Kolhapur,Tomato,Hybrid,FAQ,2026-02-28,904.0,1033.0,967.0,False
Maharashtra,Kolhapur,Kolhapur,Tomato,Hybrid,FAQ,2026-03-01,969.0,1252.0,1114.0,False
Maharashtra,Kolhapur,Kolhapur,Tomato,Hybrid,FAQ,2026-03-02,944.0,1159.0,1061.0,False
Maharashtra,Kolhapur,Kolhapur,Tomato,Hybrid,FAQ,2026-03-03,864.0,1042.0,956.0,False
Maharashtra,Kolhapur,Kolhapur,Tomato,Hybrid,FAQ,2026-03-04,1024.0,1187.0,1090.0,False
Maharashtra,Kolhapur,Kolhapur,Tomato,Hybrid,FAQ,2026-03-05,1153.0,1365.0,1258.0,False
Maharashtra,Kolhapur,Kolhapur,Tomato,Hybrid,FAQ,2026-03-06,1266.0,1404.0,1319.0,False
Maharashtra,Kolhapur,Kolhapur,Tomato,Hybrid,FAQ,2026-03-07,1118.0,1352.0,1246.0,False
Maharashtra,Kolhapur,Kolhapur,Tomato,Hybrid,FAQ,2026-03-08,1218.0,1455.0,1325.0,False
Maharashtra,Kolhapur,Kolhapur,Tomato,Hybrid,FAQ,2026-03-09,1104.0,1339.0,1228.0,False
Maharashtra,Kolhapur,Kolhapur,Tomato,Hybrid,FAQ,2026-03-10,1052.0,1220.0,1128.0,False
Maharashtra,Kolhapur,Kolhapur,Tomato,Hybrid,FAQ,2026-03-11,1015.0,1226.0,1125.0,False
Maharashtra,Kolhapur,Kolhapur,Tomato,Hybrid,FAQ,2026-03-12,836.0,1011.0,959.0,False
Maharashtra,Kolhapur,Kolhapur,Tomato,Hybrid,FAQ,2026-03-13,848.0,1100.0,956.0,False
Maharashtra,Kolhapur,Kolhapur,Tomato,Hybrid,FAQ,2026-03-14,887.0,1059.0,946.0,False
Maharashtra,Kolhapur,Kolhapur,Tomato,Hybrid,FAQ,2026-03-15,724.0,920.0,829.0,False
Maharashtra,Kolhapur,Kolhapur,Tomato,Hybrid,FAQ,2026-03-16,845.0,967.0,915.0,False
Maharashtra,Kolhapur,Kolhapur,Tomato,Hybrid,FAQ,2026-03-17,784.0,1028.0,920.0,False
Maharashtra,Kolhapur,Kolhapur,Tomato,Hybrid,FAQ,2026-03-18,809.0,1033.0,940.0,False
Maharashtra,Kolhapur,Kolhapur,Tomato,Hybrid,FAQ,2026-03-19,896.0,1162.0,1021.0,False
Maharashtra,Kolhapur,Kolhapur,Tomato,Hybrid,FAQ,2026-03-20,830.0,977.0,907.0,False
Maharashtra,Kolhapur,Kolhapur,Tomato,Hybrid,FAQ,2026-03-21,858.0,1014.0,933.0,False
Maharashtra,Kolhapur,Kolhapur,Tomato,Hybrid,FAQ,2026-03-22,1031.0,1236.0,1124.0,False
Maharashtra,Kolhapur,Kolhapur,Tomato,Hybrid,FAQ,2026-03-23,1186.0,1303.0,1244.0,False
Maharashtra,Kolhapur,Kolhapur,Tomato,Hybrid,FAQ,2026-03-24,1179.0,1328.0,1250.0,False
Maharashtra,Kolhapur,Kolhapur,Tomato,Hybrid,FAQ,2026-03-25,1044.0,1265.0,1134.0,False
Maharashtra,Kolhapur,Kolhapur,Tomato,Hybrid,FAQ,2026-03-26,1087.0,1282.0,1230.0,False
Maharashtra,Kolhapur,Kolhapur,Tomato,Hybrid,FAQ,2026-03-27,1219.0,1423.0,1284.0,False
Maharashtra,Kolhapur,Kolhapur,Tomato,Hybrid,FAQ,2026-03-28,1376.0,1610.0,1492.0,False
Maharashtra,Kolhapur,Kolhapur,Tomato,Hybrid,FAQ,2026-03-29,1216.0,1509.0,1359.0,False
Maharashtra,Kolhapur,Kolhapur,Tomato,Hybrid,FAQ,2026-03-30,1133.0,1326.0,1271.0,False
Maharashtra,Kolhapur,Kolhapur,Tomato,Hybrid,FAQ,2026-03-31,1289.0,1502.0,1362.0,False
Maharashtra,Kolhapur,Kolhapur,Tomato,Hybrid,FAQ,2026-04-01,1223.0,1423.0,1287.0,False
Maharashtra,Kolhapur,Kolhapur,Tomato,Hybrid,FAQ,2026-04-02,1123.0,1340.0,1223.0,False
Maharashtra,Kolhapur,Kolhapur,Tomato,Hybrid,FAQ,2026-04-03,1167.0,1374.0,1293.0,False
Maharashtra,Kolhapur,Kolhapur,Tomato,Hybrid,FAQ,2026-04-04,1131.0,1293.0,1222.0,False
Maharashtra,Kolhapur,Kolhapur,Tomato,Hybrid,FAQ,2026-04-05,1082.0,1305.0,1225.0,False
Maharashtra,Kolhapur,Kolhapur,Tomato,Hybrid,FAQ,2026-04-06,1107.0,1362.0,1235.0,False
Maharashtra,Kolhapur,Kolhapur,Tomato,Hybrid,FAQ,2026-04-07,1029.0,1269.0,1146.0,False
Maharashtra,Kolhapur,Kolhapur,Tomato,Hybrid,FAQ,2026-04-08,1013.0,1192.0,1121.0,False
Maharashtra,Kolhapur,Kolhapur,Tomato,Hybrid,FAQ,2026-04-09,850.0,1058.0,943.0,False
Maharashtra,Kolhapur,Kolhapur,Tomato,Hybrid,FAQ,2026-04-10,822.0,1020.0,947.0,False
Maharashtra,Kolhapur,Kolhapur,Tomato,Hybrid,FAQ,2026-04-11,738.0,936.0,808.0,False
Maharashtra,Kolhapur,Kolhapur,Tomato,Hybrid,FAQ,2026-04-12,610.0,838.0,751.0,False
Maharashtra,Kolhapur,Kolhapur,Tomato,Hybrid,FAQ,2026-04-13,654.0,857.0,789.0,False
Maharashtra,Kolhapur,Kolhapur,Tomato,Hybrid,FAQ,2026-04-14,667.0,901.0,813.0,False
Maharashtra,Kolhapur,Kolhapur,Tomato,Hybrid,FAQ,2026-04-15,669.0,829.0,768.0,False
Maharashtra,Kolhapur,Kolhapur,Tomato,Hybrid,FAQ,2026-04-16,677.0,834.0,752.0,False
Maharashtra,Kolhapur,Kolhapur,Tomato,Hybrid,FAQ,2026-04-17,695.0,911.0,775.0,False
Maharashtra,Kolhapur,Kolhapur,Tomato,Hybrid,FAQ,2026-04-18,658.0,920.0,794.0,False
Maharashtra,Kolhapur,Kolhapur,Tomato,Hybrid,FAQ,2026-04-19,689.0,952.0,834.0,False
Maharashtra,Kolhapur,Kolhapur,Tomato,Hybrid,FAQ,2026-04-20,677.0,860.0,760.0,False
Maharashtra,Kolhapur,Kolhapur,Tomato,Hybrid,FAQ,2026-04-21,713.0,856.0,775.0,False
Maharashtra,Kolhapur,Kolhapur,Tomato,Hybrid,FAQ,2026-04-22,844.0,1110.0,974.0,False
Maharashtra,Kolhapur,Kolhapur,Tomato,Hybrid,FAQ,2026-04-23,956.0,1212.0,1081.0,False
Maharashtra,Kolhapur,Kolhapur,Tomato,Hybrid,FAQ,2026-04-24,823.0,1049.0,968.0,False
Maharashtra,Kolhapur,Kolhapur,Tomato,Hybrid,FAQ,2026-04-25,942.0,1135.0,1060.0,False
Maharashtra,Kolhapur,Kolhapur,Tomato,Hybrid,FAQ,2026-04-26,1002.0,1206.0,1139.0,False
Maharashtra,Kolhapur,Kolhapur,Tomato,Hybrid,FAQ,2026-04-27,1048.0,1281.0,1146.0,False
Maharashtra,Kolhapur,Kolhapur,Tomato,Hybrid,FAQ,2026-04-28,1044.0,1199.0,1132.0,False
Maharashtra,Kolhapur,Kolhapur,Tomato,Hybrid,FAQ,2026-04-29,1079.0,1270.0,1148.0,False
Maharashtra,Kolhapur,Kolhapur,Tomato,Hybrid,FAQ,2026-04-30,1158.0,1369.0,1259.0,False
Maharashtra,Kolhapur,Kolhapur,Tomato,Hybrid,FAQ,2026-05-01,1241.0,1495.0,1374.0,False
Maharashtra,Kolhapur,Kolhapur,Tomato,Hybrid,FAQ,2026-05-02,1299.0,1494.0,1360.0,False
Maharashtra,Kolhapur,Kolhapur,Tomato,Hybrid,FAQ,2026-05-03,1384.0,1608.0,1470.0,False
Maharashtra,Kolhapur,Kolhapur,Tomato,Hybrid,FAQ,2026-05-04,1442.0,1626.0,1565.0,False
Maharashtra,Kolhapur,Kolhapur,Tomato,Hybrid,FAQ,2026-05-05,1594.0,1795.0,1649.0,False
Maharashtra,Kolhapur,Kolhapur,Tomato,Hybrid,FAQ,2026-05-06,1511.0,1742.0,1629.0,False
Maharashtra,Kolhapur,Kolhapur,Tomato,Hybrid,FAQ,2026-05-07,1402.0,1626.0,1546.0,False
Maharashtra,Kolhapur,Kolhapur,Tomato,Hybrid,FAQ,2026-05-08,1343.0,1560.0,1471.0,False
Maharashtra,Kolhapur,Kolhapur,Tomato,Hybrid,FAQ,2026-05-09,1422.0,1595.0,1509.0,False
Maharashtra,Kolhapur,Kolhapur,Tomato,Hybrid,FAQ,2026-05-10,1429.0,1615.0,1513.0,False
Maharashtra,Kolhapur,Kolhapur,Tomato,Hybrid,FAQ,2026-05-11,1503.0,1705.0,1604.0,False
Maharashtra,Kolhapur,Kolhapur,Tomato,Hybrid,FAQ,2026-05-12,1525.0,1737.0,1589.0,False
Maharashtra,Kolhapur,Kolhapur,Tomato,Hybrid,FAQ,2026-05-13,1457.0,1683.0,1573.0,False
Maharashtra,Kolhapur,Kolhapur,Tomato,Hybrid,FAQ,2026-05-14,1472.0,1656.0,1564.0,False
Maharashtra,Kolhapur,Kolhapur,Tomato,Hybrid,FAQ,2026-05-15,1376.0,1623.0,1508.0,False
Maharashtra,Kolhapur,Kolhapur,Tomato,Hybrid,FAQ,2026-05-16,1468.0,1656.0,1560.0,False
Maharashtra,Kolhapur,Kolhapur,Tomato,Hybrid,FAQ,2026-05-17,1536.0,1719.0,1637.0,False
Maharashtra,Kolhapur,Kolhapur,Tomato,Hybrid,FAQ,2026-05-18,1453.0,1713.0,1563.0,False
Maharashtra,Kolhapur,Kolhapur,Tomato,Hybrid,FAQ,2026-05-19,1549.0,1689.0,1634.0,False
Maharashtra,Kolhapur,Kolhapur,Tomato,Hybrid,FAQ,2026-05-20,1553.0,1715.0,1623.0,False
Maharashtra,Kolhapur,Kolhapur,Tomato,Hybrid,FAQ,2026-05-21,1497.0,1616.0,1559.0,False
Maharashtra,Kolhapur,Kolhapur,Tomato,Hybrid,FAQ,2026-05-22,1484.0,1749.0,1606.0,False
Maharashtra,Kolhapur,Kolhapur,Tomato,Hybrid,FAQ,2026-05-23,1415.0,1601.0,1516.0,False
Maharashtra,Kolhapur,Kolhapur,Tomato,Hybrid,FAQ,2026-05-24,1413.0,1612.0,1500.0,False
Maharashtra,Kolhapur,Kolhapur,Tomato,Hybrid,FAQ,2026-05-25,1393.0,1596.0,1447.0,False
Maharashtra,Kolhapur,Kolhapur,Tomato,Hybrid,FAQ,2026-05-27,1505.0,1683.0,1589.0,False
Maharashtra,Kolhapur,Kolhapur,Tomato,Hybrid,FAQ,2026-05-28,1431.0,1650.0,1549.0,False
Maharashtra,Kolhapur,Kolhapur,Tomato,Hybrid,FAQ,2026-05-29,1476.0,1723.0,1574.0,False
Maharashtra,Kolhapur,Kolhapur,Tomato,Hybrid,FAQ,2026-05-30,1447.0,1647.0,1572.0,False
Maharashtra,Kolhapur,Kolhapur,Tomato,Hybrid,FAQ,2026-05-31,1456.0,1652.0,1592.0,False
Maharashtra,Kolhapur,Kolhapur,Tomato,Hybrid,FAQ,2026-06-01,1473.0,1679.0,1594.0,False
Maharashtra,Kolhapur,Kolhapur,Tomato,Hybrid,FAQ,2026-06-02,1570.0,1787.0,1654.0,False
Maharashtra,Kolhapur,Kolhapur,Tomato,Hybrid,FAQ,2026-06-03,1554.0,1685.0,1604.0,False
Maharashtra,Kolhapur,Kolhapur,Tomato,Hybrid,FAQ,2026-06-04,1477.0,1603.0,1534.0,False
Maharashtra,Kolhapur,Kolhapur,Tomato,Hybrid,FAQ,2026-06-05,1359.0,1544.0,1465.0,False
Maharashtra,Kolhapur,Kolhapur,Tomato,Hybrid,FAQ,2026-06-06,1162.0,1441.0,1300.0,False
Maharashtra,Kolhapur,Kolhapur,Tomato,Hybrid,FAQ,2026-06-07,1091.0,1273.0,1190.0,False
Maharashtra,Kolhapur,Kolhapur,Tomato,Hybrid,FAQ,2026-06-08,1096.0,1258.0,1176.0,False
Maharashtra,Kolhapur,Kolhapur,Tomato,Hybrid,FAQ,2026-06-09,1081.0,1275.0,1147.0,False
Maharashtra,Kolhapur,Kolhapur,Tomato,Hybrid,FAQ,2026-06-10,1113.0,1232.0,1175.0,False
Maharashtra,Kolhapur,Kolhapur,Tomato,Hybrid,FAQ,2026-06-11,955.0,1165.0,1096.0,False
Maharashtra,Kolhapur,Kolhapur,Tomato,Hybrid,FAQ,2026-06-12,1054.0,1258.0,1112.0,False
Maharashtra,Kolhapur,Kolhapur,Tomato,Hybrid,FAQ,2026-06-13,1154.0,1365.0,1229.0,False
Maharashtra,Kolhapur,Kolhapur,Tomato,Hybrid,FAQ,2026-06-14,1202.0,1354.0,1253.0,False
Maharashtra,Kolhapur,Kolhapur,Tomato,Hybrid,FAQ,2026-06-15,1104.0,1374.0,1231.0,False
Maharashtra,Kolhapur,Kolhapur,Tomato,Hybrid,FAQ,2026-06-16,1138.0,1295.0,1216.0,False
Maharashtra,Kolhapur,Kolhapur,Tomato,Hybrid,FAQ,2026-06-17,1147.0,1324.0,1235.0,False
Maharashtra,Kolhapur,Kolhapur,Tomato,Hybrid,FAQ,2026-06-18,1007.0,1193.0,1126.0,False
Maharashtra,Kolhapur,Kolhapur,Tomato,Hybrid,FAQ,2026-06-19,1059.0,1240.0,1140.0,False
Maharashtra,Kolhapur,Kolhapur,Tomato,Hybrid,FAQ,2026-06-20,1084.0,1265.0,1199.0,False
Maharashtra,Kolhapur,Kolhapur,Tomato,Hybrid,FAQ,2026-06-21,1167.0,1331.0,1272.0,False
Maharashtra,Kolhapur,Kolhapur,Tomato,Hybrid,FAQ,2026-06-22,1104.0,1235.0,1158.0,False
Maharashtra,Kolhapur,Kolhapur,Tomato,Hybrid,FAQ,2026-06-23,851.0,1142.0,997.0,False
Maharashtra,Kolhapur,Kolhapur,Tomato,Hybrid,FAQ,2026-06-24,894.0,1051.0,962.0,False
Maharashtra,Kolhapur,Kolhapur,Tomato,Hybrid,FAQ,2026-06-25,806.0,1015.0,951.0,False
Maharashtra,Kolhapur,Kolhapur,Tomato,Hybrid,FAQ,2026-06-26,767.0,1003.0,915.0,False
Maharashtra,Kolhapur,Kolhapur,Tomato,Hybrid,FAQ,2026-06-27,811.0,1023.0,939.0,False
Maharashtra,Kolhapur,Kolhapur,Tomato,Hybrid,FAQ,2026-06-28,768.0,977.0,833.0,False
Maharashtra,Kolhapur,Kolhapur,Tomato,Hybrid,FAQ,2026-06-29,735.0,1016.0,877.0,False
Maharashtra,Kolhapur,Kolhapur,Tomato,Hybrid,FAQ,2026-07-01,946.0,1141.0,1027.0,False
Maharashtra,Kolhapur,Kolhapur,Tomato,Hybrid,FAQ,2026-07-02,830.0,1071.0,940.0,False
Maharashtra,Kolhapur,Kolhapur,Tomato,Hybrid,FAQ,2026-07-03,816.0,967.0,904.0,False
Maharashtra,Kolhapur,Kolhapur,Tomato,Hybrid,FAQ,2026-07-04,769.0,963.0,849.0,False
Maharashtra,Kolhapur,Kolhapur,Tomato,Hybrid,FAQ,2026-07-05,675.0,905.0,785.0,False
Maharashtra,Kolhapur,Kolhapur,Tomato,Hybrid,FAQ,2026-07-06,813.0,980.0,883.0,False
Maharashtra,Kolhapur,Kolhapur,Tomato,Hybrid,FAQ,2026-07-07,711.0,909.0,841.0,False
Maharashtra,Kolhapur,Kolhapur,Tomato,Hybrid,FAQ,2026-07-08,905.0,1077.0,958.0,False
Maharashtra,Kolhapur,Kolhapur,Tomato,Hybrid,FAQ,2026-07-09,776.0,914.0,858.0,False
Maharashtra,Kolhapur,Kolhapur,Tomato,Hybrid,FAQ,2026-07-10,644.0,791.0,733.0,False
Maharashtra,Kolhapur,Kolhapur,Tomato,Hybrid,FAQ,2026-07-11,721.0,866.0,786.0,False
Maharashtra,Nashik,Nashik,Tomato,Hybrid,FAQ,2025-12-24,1271.0,1528.0,1398.0,False
Maharashtra,Nashik,Nashik,Tomato,Hybrid,FAQ,2025-12-25,1232.0,1384.0,1297.0,False
Maharashtra,Nashik,Nashik,Tomato,Hybrid,FAQ,2025-12-26,1075.0,1326.0,1205.0,False
Maharashtra,Nashik,Nashik,Tomato,Hybrid,FAQ,2025-12-27,1102.0,1258.0,1171.0,False
Maharashtra,Nashik,Nashik,Tomato,Hybrid,FAQ,2025-12-28,1133.0,1344.0,1195.0,False
Maharashtra,Nashik,Nashik,Tomato,Hybrid,FAQ,2025-12-29,993.0,1210.0,1121.0,False
Maharashtra,Nashik,Nashik,Tomato,Hybrid,FAQ,2025-12-30,1091.0,1263.0,1196.0,False
Maharashtra,Nashik,Nashik,Tomato,Hybrid,FAQ,2025-12-31,1122.0,1344.0,1210.0,False
Maharashtra,Nashik,Nashik,Tomato,Hybrid,FAQ,2026-01-01,1194.0,1470.0,1331.0,False
Maharashtra,Nashik,Nashik,Tomato,Hybrid,FAQ,2026-01-02,1306.0,1507.0,1448.0,False
Maharashtra,Nashik,Nashik,Tomato,Hybrid,FAQ,2026-01-03,1471.0,1708.0,1597.0,False
Maharashtra,Nashik,Nashik,Tomato,Hybrid,FAQ,2026-01-04,1558.0,1755.0,1625.0,False
Maharashtra,Nashik,Nashik,Tomato,Hybrid,FAQ,2026-01-05,1489.0,1652.0,1585.0,False
Maharashtra,Nashik,Nashik,Tomato,Hybrid,FAQ,2026-01-06,1522.0,1658.0,1606.0,False
Maharashtra,Nashik,Nashik,Tomato,Hybrid,FAQ,2026-01-07,1593.0,1821.0,1705.0,False
Maharashtra,Nashik,Nashik,Tomato,Hybrid,FAQ,2026-01-08,1374.0,1580.0,1508.0,False
Maharashtra,Nashik,Nashik,Tomato,Hybrid,FAQ,2026-01-09,1360.0,1568.0,1508.0,False
Maharashtra,Nashik,Nashik,Tomato,Hybrid,FAQ,2026-01-10,1539.0,1733.0,1619.0,False
Maharashtra,Nashik,Nashik,Tomato,Hybrid,FAQ,2026-01-11,1614.0,1776.0,1671.0,False
Maharashtra,Nashik,Nashik,Tomato,Hybrid,FAQ,2026-01-12,1544.0,1768.0,1653.0,False
Maharashtra,Nashik,Nashik,Tomato,Hybrid,FAQ,2026-01-13,1452.0,1655.0,1586.0,False
Maharashtra,Nashik,Nashik,Tomato,Hybrid,FAQ,2026-01-14,1333.0,1572.0,1466.0,False
Maharashtra,Nashik,Nashik,Tomato,Hybrid,FAQ,2026-01-15,1466.0,1644.0,1537.0,False
Maharashtra,Nashik,Nashik,Tomato,Hybrid,FAQ,2026-01-16,1488.0,1718.0,1625.0,False
Maharashtra,Nashik,Nashik,Tomato,Hybrid,FAQ,2026-01-17,1556.0,1709.0,1620.0,False
Maharashtra,Nashik,Nashik,Tomato,Hybrid,FAQ,2026-01-18,1520.0,1747.0,1665.0,False
Maharashtra,Nashik,Nashik,Tomato,Hybrid,FAQ,2026-01-19,1484.0,1687.0,1606.0,False
Maharashtra,Nashik,Nashik,Tomato,Hybrid,FAQ,2026-01-20,1457.0,1679.0,1585.0,False
Maharashtra,Nashik,Nashik,Tomato,Hybrid,FAQ,2026-01-21,1635.0,1817.0,1723.0,False
Maharashtra,Nashik,Nashik,Tomato,Hybrid,FAQ,2026-01-23,1753.0,1941.0,1839.0,False
Maharashtra,Nashik,Nashik,Tomato,Hybrid,FAQ,2026-01-24,1733.0,1927.0,1850.0,False
Maharashtra,Nashik,Nashik,Tomato,Hybrid,FAQ,2026-01-25,1754.0,1984.0,1876.0,False
Maharashtra,Nashik,Nashik,Tomato,Hybrid,FAQ,2026-01-26,1747.0,1915.0,1862.0,False
Maharashtra,Nashik,Nashik,Tomato,Hybrid,FAQ,2026-01-27,1775.0,1966.0,1880.0,False
Maharashtra,Nashik,Nashik,Tomato,Hybrid,FAQ,2026-01-28,2037.0,2164.0,2095.0,False
Maharashtra,Nashik,Nashik,Tomato,Hybrid,FAQ,2026-01-29,1988.0,2140.0,2085.0,False
Maharashtra,Nashik,Nashik,Tomato,Hybrid,FAQ,2026-01-30,2082.0,2258.0,2136.0,False
Maharashtra,Nashik,Nashik,Tomato,Hybrid,FAQ,2026-01-31,2126.0,2324.0,2200.0,False
Maharashtra,Nashik,Nashik,Tomato,Hybrid,FAQ,2026-02-01,2413.0,2549.0,2480.0,False
Maharashtra,Nashik,Nashik,Tomato,Hybrid,FAQ,2026-02-02,2243.0,2433.0,2318.0,False
Maharashtra,Nashik,Nashik,Tomato,Hybrid,FAQ,2026-02-03,2173.0,2420.0,2288.0,False
Maharashtra,Nashik,Nashik,Tomato,Hybrid,FAQ,2026-02-04,2145.0,2370.0,2222.0,False
Maharashtra,Nashik,Nashik,Tomato,Hybrid,FAQ,2026-02-05,2100.0,2331.0,2210.0,False
Maharashtra,Nashik,Nashik,Tomato,Hybrid,FAQ,2026-02-06,2156.0,2317.0,2210.0,False
Maharashtra,Nashik,Nashik,Tomato,Hybrid,FAQ,2026-02-07,2047.0,2336.0,2189.0,False
Maharashtra,Nashik,Nashik,Tomato,Hybrid,FAQ,2026-02-08,1855.0,2117.0,2000.0,False
Maharashtra,Nashik,Nashik,Tomato,Hybrid,FAQ,2026-02-09,2127.0,2280.0,2183.0,False
Maharashtra,Nashik,Nashik,Tomato,Hybrid,FAQ,2026-02-10,2071.0,2275.0,2167.0,False
Maharashtra,Nashik,Nashik,Tomato,Hybrid,FAQ,2026-02-11,1937.0,2089.0,2023.0,False
Maharashtra,Nashik,Nashik,Tomato,Hybrid,FAQ,2026-02-12,2023.0,2223.0,2139.0,False
Maharashtra,Nashik,Nashik,Tomato,Hybrid,FAQ,2026-02-13,1996.0,2281.0,2140.0,False
Maharashtra,Nashik,Nashik,Tomato,Hybrid,FAQ,2026-02-14,2059.0,2345.0,2206.0,False
Maharashtra,Nashik,Nashik,Tomato,Hybrid,FAQ,2026-02-15,2144.0,2357.0,2254.0,False
Maharashtra,Nashik,Nashik,Tomato,Hybrid,FAQ,2026-02-16,2345.0,2575.0,2451.0,False
Maharashtra,Nashik,Nashik,Tomato,Hybrid,FAQ,2026-02-18,2249.0,2493.0,2374.0,False
Maharashtra,Nashik,Nashik,Tomato,Hybrid,FAQ,2026-02-19,2152.0,2379.0,2301.0,False
Maharashtra,Nashik,Nashik,Tomato,Hybrid,FAQ,2026-02-20,2020.0,2250.0,2114.0,False
Maharashtra,Nashik,Nashik,Tomato,Hybrid,FAQ,2026-02-21,1994.0,2250.0,2112.0,False
Maharashtra,Nashik,Nashik,Tomato,Hybrid,FAQ,2026-02-22,2087.0,2282.0,2143.0,False
Maharashtra,Nashik,Nashik,Tomato,Hybrid,FAQ,2026-02-23,2035.0,2199.0,2118.0,False
Maharashtra,Nashik,Nashik,Tomato,Hybrid,FAQ,2026-02-24,2127.0,2267.0,2182.0,False
Maharashtra,Nashik,Nashik,Tomato,Hybrid,FAQ,2026-02-25,2048.0,2274.0,2184.0,False
Maharashtra,Nashik,Nashik,Tomato,Hybrid,FAQ,2026-02-26,2065.0,2296.0,2154.0,False
Maharashtra,Nashik,Nashik,Tomato,Hybrid,FAQ,2026-02-27,1907.0,2134.0,2033.0,False
Maharashtra,Nashik,Nashik,Tomato,Hybrid,FAQ,2026-02-28,1975.0,2107.0,2031.0,False
Maharashtra,Nashik,Nashik,Tomato,Hybrid,FAQ,2026-03-01,1963.0,2123.0,2057.0,False
Maharashtra,Nashik,Nashik,Tomato,Hybrid,FAQ,2026-03-02,1990.0,2256.0,2112.0,False
Maharashtra,Nashik,Nashik,Tomato,Hybrid,FAQ,2026-03-03,1834.0,2074.0,1972.0,False
Maharashtra,Nashik,Nashik,Tomato,Hybrid,FAQ,2026-03-04,1897.0,2063.0,2002.0,False
Maharashtra,Nashik,Nashik,Tomato,Hybrid,FAQ,2026-03-05,2072.0,2238.0,2135.0,False
Maharashtra,Nashik,Nashik,Tomato,Hybrid,FAQ,2026-03-06,2074.0,2319.0,2221.0,False
Maharashtra,Nashik,Nashik,Tomato,Hybrid,FAQ,2026-03-07,2374.0,2535.0,2430.0,False
Maharashtra,Nashik,Nashik,Tomato,Hybrid,FAQ,2026-03-08,2126.0,2336.0,2267.0,False
Maharashtra,Nashik,Nashik,Tomato,Hybrid,FAQ,2026-03-09,2091.0,2294.0,2203.0,False
Maharashtra,Nashik,Nashik,Tomato,Hybrid,FAQ,2026-03-10,2116.0,2312.0,2193.0,False
Maharashtra,Nashik,Nashik,Tomato,Hybrid,FAQ,2026-03-11,2017.0,2239.0,2162.0,False
Maharashtra,Nashik,Nashik,Tomato,Hybrid,FAQ,2026-03-12,1950.0,2220.0,2093.0,False
Maharashtra,Nashik,Nashik,Tomato,Hybrid,FAQ,2026-03-13,1983.0,2231.0,2099.0,False
Maharashtra,Nashik,Nashik,Tomato,Hybrid,FAQ,2026-03-14,2000.0,2263.0,2121.0,False
Maharashtra,Nashik,Nashik,Tomato,Hybrid,FAQ,2026-03-15,2026.0,2190.0,2128.0,False
Maharashtra,Nashik,Nashik,Tomato,Hybrid,FAQ,2026-03-16,1922.0,2129.0,2031.0,False
Maharashtra,Nashik,Nashik,Tomato,Hybrid,FAQ,2026-03-17,1927.0,2090.0,2039.0,False
Maharashtra,Nashik,Nashik,Tomato,Hybrid,FAQ,2026-03-18,1890.0,2123.0,2035.0,False
Maharashtra,Nashik,Nashik,Tomato,Hybrid,FAQ,2026-03-19,1817.0,2030.0,1909.0,False
Maharashtra,Nashik,Nashik,Tomato,Hybrid,FAQ,2026-03-20,1675.0,1838.0,1766.0,False
Maharashtra,Nashik,Nashik,Tomato,Hybrid,FAQ,2026-03-21,1693.0,1903.0,1840.0,False
Maharashtra,Nashik,Nashik,Tomato,Hybrid,FAQ,2026-03-22,1745.0,1945.0,1817.0,False
Maharashtra,Nashik,Nashik,Tomato,Hybrid,FAQ,2026-03-23,1740.0,1868.0,1810.0,False
Maharashtra,Nashik,Nashik,Tomato,Hybrid,FAQ,2026-03-24,1728.0,1917.0,1786.0,False
Maharashtra,Nashik,Nashik,Tomato,Hybrid,FAQ,2026-03-25,1657.0,1926.0,1784.0,False
Maharashtra,Nashik,Nashik,Tomato,Hybrid,FAQ,2026-03-26,1769.0,1952.0,1824.0,False
Maharashtra,Nashik,Nashik,Tomato,Hybrid,FAQ,2026-03-28,1622.0,1880.0,1757.0,False
Maharashtra,Nashik,Nashik,Tomato,Hybrid,FAQ,2026-03-29,1614.0,1828.0,1762.0,False
Maharashtra,Nashik,Nashik,Tomato,Hybrid,FAQ,2026-03-30,1570.0,1768.0,1699.0,False
Maharashtra,Nashik,Nashik,Tomato,Hybrid,FAQ,2026-03-31,1583.0,1790.0,1640.0,False
Maharashtra,Nashik,Nashik,Tomato,Hybrid,FAQ,2026-04-01,1628.0,1873.0,1733.0,False
Maharashtra,Nashik,Nashik,Tomato,Hybrid,FAQ,2026-04-02,1554.0,1748.0,1697.0,False
Maharashtra,Nashik,Nashik,Tomato,Hybrid,FAQ,2026-04-03,1568.0,1824.0,1685.0,False
Maharashtra,Nashik,Nashik,Tomato,Hybrid,FAQ,2026-04-04,1570.0,1777.0,1666.0,False
Maharashtra,Nashik,Nashik,Tomato,Hybrid,FAQ,2026-04-05,1566.0,1790.0,1713.0,False
Maharashtra,Nashik,Nashik,Tomato,Hybrid,FAQ,2026-04-06,1566.0,1724.0,1665.0,False
Maharashtra,Nashik,Nashik,Tomato,Hybrid,FAQ,2026-04-07,1614.0,1772.0,1678.0,False
Maharashtra,Nashik,Nashik,Tomato,Hybrid,FAQ,2026-04-08,1857.0,2042.0,1940.0,False
Maharashtra,Nashik,Nashik,Tomato,Hybrid,FAQ,2026-04-09,1806.0,2053.0,1932.0,False
Maharashtra,Nashik,Nashik,Tomato,Hybrid,FAQ,2026-04-10,1846.0,1988.0,1933.0,False
Maharashtra,Nashik,Nashik,Tomato,Hybrid,FAQ,2026-04-11,1797.0,1973.0,1865.0,False
Maharashtra,Nashik,Nashik,Tomato,Hybrid,FAQ,2026-04-12,1698.0,1849.0,1763.0,False
Maharashtra,Nashik,Nashik,Tomato,Hybrid,FAQ,2026-04-13,1723.0,1904.0,1812.0,False
Maharashtra,Nashik,Nashik,Tomato,Hybrid,FAQ,2026-04-14,1869.0,2026.0,1975.0,False
Maharashtra,Nashik,Nashik,Tomato,Hybrid,FAQ,2026-04-15,1852.0,2071.0,1994.0,False
Maharashtra,Nashik,Nashik,Tomato,Hybrid,FAQ,2026-04-16,1867.0,2061.0,1954.0,False
Maharashtra,Nashik,Nashik,Tomato,Hybrid,FAQ,2026-04-17,1804.0,2012.0,1921.0,False
Maharashtra,Nashik,Nashik,Tomato,Hybrid,FAQ,2026-04-18,1843.0,1995.0,1940.0,False
Maharashtra,Nashik,Nashik,Tomato,Hybrid,FAQ,2026-04-19,1895.0,2070.0,1990.0,False
Maharashtra,Nashik,Nashik,Tomato,Hybrid,FAQ,2026-04-20,1849.0,2072.0,1937.0,False
Maharashtra,Nashik,Nashik,Tomato,Hybrid,FAQ,2026-04-21,1799.0,1936.0,1861.0,False
Maharashtra,Nashik,Nashik,Tomato,Hybrid,FAQ,2026-04-22,1802.0,2052.0,1944.0,False
Maharashtra,Nashik,Nashik,Tomato,Hybrid,FAQ,2026-04-23,2071.0,2289.0,2158.0,False
Maharashtra,Nashik,Nashik,Tomato,Hybrid,FAQ,2026-04-24,2131.0,2295.0,2233.0,False
Maharashtra,Nashik,Nashik,Tomato,Hybrid,FAQ,2026-04-25,2099.0,2324.0,2243.0,False
Maharashtra,Nashik,Nashik,Tomato,Hybrid,FAQ,2026-04-26,2008.0,2271.0,2145.0,False
Maharashtra,Nashik,Nashik,Tomato,Hybrid,FAQ,2026-04-27,2102.0,2259.0,2172.0,False
Maharashtra,Nashik,Nashik,Tomato,Hybrid,FAQ,2026-04-28,2026.0,2249.0,2126.0,False
Maharashtra,Nashik,Nashik,Tomato,Hybrid,FAQ,2026-04-29,2007.0,2210.0,2106.0,False
Maharashtra,Nashik,Nashik,Tomato,Hybrid,FAQ,2026-04-30,1890.0,2089.0,2022.0,False
Maharashtra,Nashik,Nashik,Tomato,Hybrid,FAQ,2026-05-01,1970.0,2196.0,2076.0,False
Maharashtra,Nashik,Nashik,Tomato,Hybrid,FAQ,2026-05-02,2071.0,2226.0,2162.0,False
Maharashtra,Nashik,Nashik,Tomato,Hybrid,FAQ,2026-05-03,2076.0,2274.0,2190.0,False
Maharashtra,Nashik,Nashik,Tomato,Hybrid,FAQ,2026-05-04,2235.0,2485.0,2376.0,False
Maharashtra,Nashik,Nashik,Tomato,Hybrid,FAQ,2026-05-05,2241.0,2496.0,2367.0,False
Maharashtra,Nashik,Nashik,Tomato,Hybrid,FAQ,2026-05-06,2192.0,2430.0,2291.0,False
Maharashtra,Nashik,Nashik,Tomato,Hybrid,FAQ,2026-05-08,1978.0,2233.0,2097.0,False
Maharashtra,Nashik,Nashik,Tomato,Hybrid,FAQ,2026-05-09,1936.0,2102.0,2010.0,False
Maharashtra,Nashik,Nashik,Tomato,Hybrid,FAQ,2026-05-10,1887.0,2044.0,1962.0,False
Maharashtra,Nashik,Nashik,Tomato,Hybrid,FAQ,2026-05-11,1817.0,2018.0,1924.0,False
Maharashtra,Nashik,Nashik,Tomato,Hybrid,FAQ,2026-05-12,1773.0,1983.0,1858.0,False
Maharashtra,Nashik,Nashik,Tomato,Hybrid,FAQ,2026-05-13,1800.0,2007.0,1883.0,False
Maharashtra,Nashik,Nashik,Tomato,Hybrid,FAQ,2026-05-14,1855.0,1983.0,1920.0,False
Maharashtra,Nashik,Nashik,Tomato,Hybrid,FAQ,2026-05-15,1943.0,2074.0,2018.0,False
Maharashtra,Nashik,Nashik,Tomato,Hybrid,FAQ,2026-05-16,1906.0,2105.0,1969.0,False
Maharashtra,Nashik,Nashik,Tomato,Hybrid,FAQ,2026-05-17,1743.0,1952.0,1849.0,False
Maharashtra,Nashik,Nashik,Tomato,Hybrid,FAQ,2026-05-18,1798.0,1987.0,1914.0,False
Maharashtra,Nashik,Nashik,Tomato,Hybrid,FAQ,2026-05-19,1758.0,1929.0,1877.0,False
Maharashtra,Nashik,Nashik,Tomato,Hybrid,FAQ,2026-05-20,1861.0,2033.0,1948.0,False
Maharashtra,Nashik,Nashik,Tomato,Hybrid,FAQ,2026-05-21,1749.0,1950.0,1878.0,False
Maharashtra,Nashik,Nashik,Tomato,Hybrid,FAQ,2026-05-22,1767.0,2015.0,1885.0,False
Maharashtra,Nashik,Nashik,Tomato,Hybrid,FAQ,2026-05-23,1915.0,2117.0,2031.0,False
Maharashtra,Nashik,Nashik,Tomato,Hybrid,FAQ,2026-05-24,1937.0,2147.0,2068.0,False
Maharashtra,Nashik,Nashik,Tomato,Hybrid,FAQ,2026-05-25,2122.0,2290.0,2210.0,False
Maharashtra,Nashik,Nashik,Tomato,Hybrid,FAQ,2026-05-26,2155.0,2383.0,2251.0,False
Maharashtra,Nashik,Nashik,Tomato,Hybrid,FAQ,2026-05-27,2142.0,2398.0,2258.0,False
Maharashtra,Nashik,Nashik,Tomato,Hybrid,FAQ,2026-05-28,2266.0,2399.0,2326.0,False
Maharashtra,Nashik,Nashik,Tomato,Hybrid,FAQ,2026-05-29,2267.0,2495.0,2403.0,False
Maharashtra,Nashik,Nashik,Tomato,Hybrid,FAQ,2026-05-30,2394.0,2547.0,2453.0,False
Maharashtra,Nashik,Nashik,Tomato,Hybrid,FAQ,2026-05-31,2258.0,2443.0,2385.0,False
Maharashtra,Nashik,Nashik,Tomato,Hybrid,FAQ,2026-06-01,2164.0,2390.0,2297.0,False
Maharashtra,Nashik,Nashik,Tomato,Hybrid,FAQ,2026-06-02,2140.0,2283.0,2224.0,False
Maharashtra,Nashik,Nashik,Tomato,Hybrid,FAQ,2026-06-03,2095.0,2372.0,2241.0,False
Maharashtra,Nashik,Nashik,Tomato,Hybrid,FAQ,2026-06-04,1962.0,2189.0,2105.0,False
Maharashtra,Nashik,Nashik,Tomato,Hybrid,FAQ,2026-06-05,2020.0,2192.0,2086.0,False
Maharashtra,Nashik,Nashik,Tomato,Hybrid,FAQ,2026-06-06,2085.0,2332.0,2183.0,False
Maharashtra,Nashik,Nashik,Tomato,Hybrid,FAQ,2026-06-07,2084.0,2259.0,2202.0,False
Maharashtra,Nashik,Nashik,Tomato,Hybrid,FAQ,2026-06-08,2165.0,2304.0,2245.0,False
Maharashtra,Nashik,Nashik,Tomato,Hybrid,FAQ,2026-06-09,2038.0,2183.0,2088.0,False
Maharashtra,Nashik,Nashik,Tomato,Hybrid,FAQ,2026-06-10,1961.0,2190.0,2111.0,False
Maharashtra,Nashik,Nashik,Tomato,Hybrid,FAQ,2026-06-11,2140.0,2284.0,2218.0,False
Maharashtra,Nashik,Nashik,Tomato,Hybrid,FAQ,2026-06-12,2043.0,2313.0,2172.0,False
Maharashtra,Nashik,Nashik,Tomato,Hybrid,FAQ,2026-06-13,1952.0,2173.0,2100.0,False
Maharashtra,Nashik,Nashik,Tomato,Hybrid,FAQ,2026-06-14,2008.0,2206.0,2069.0,False
Maharashtra,Nashik,Nashik,Tomato,Hybrid,FAQ,2026-06-15,2024.0,2204.0,2138.0,False
Maharashtra,Nashik,Nashik,Tomato,Hybrid,FAQ,2026-06-16,1861.0,2080.0,1985.0,False
Maharashtra,Nashik,Nashik,Tomato,Hybrid,FAQ,2026-06-17,1785.0,1989.0,1934.0,False
Maharashtra,Nashik,Nashik,Tomato,Hybrid,FAQ,2026-06-18,1810.0,1992.0,1910.0,False
Maharashtra,Nashik,Nashik,Tomato,Hybrid,FAQ,2026-06-19,1588.0,1848.0,1711.0,False
Maharashtra,Nashik,Nashik,Tomato,Hybrid,FAQ,2026-06-20,1594.0,1807.0,1727.0,False
Maharashtra,Nashik,Nashik,Tomato,Hybrid,FAQ,2026-06-21,1741.0,1913.0,1831.0,False
Maharashtra,Nashik,Nashik,Tomato,Hybrid,FAQ,2026-06-22,1523.0,1750.0,1669.0,False
Maharashtra,Nashik,Nashik,Tomato,Hybrid,FAQ,2026-06-23,1584.0,1747.0,1644.0,False
Maharashtra,Nashik,Nashik,Tomato,Hybrid,FAQ,2026-06-24,1534.0,1757.0,1627.0,False
Maharashtra,Nashik,Nashik,Tomato,Hybrid,FAQ,2026-06-25,1368.0,1585.0,1492.0,False
Maharashtra,Nashik,Nashik,Tomato,Hybrid,FAQ,2026-06-26,1253.0,1435.0,1380.0,False
Maharashtra,Nashik,Nashik,Tomato,Hybrid,FAQ,2026-06-27,1228.0,1409.0,1279.0,False
Maharashtra,Nashik,Nashik,Tomato,Hybrid,FAQ,2026-06-28,1106.0,1323.0,1180.0,False
Maharashtra,Nashik,Nashik,Tomato,Hybrid,FAQ,2026-06-29,1038.0,1295.0,1174.0,False
Maharashtra,Nashik,Nashik,Tomato,Hybrid,FAQ,2026-07-01,1131.0,1334.0,1203.0,False
Maharashtra,Nashik,Nashik,Tomato,Hybrid,FAQ,2026-07-02,1032.0,1241.0,1150.0,False
Maharashtra,Nashik,Nashik,Tomato,Hybrid,FAQ,2026-07-03,952.0,1154.0,1095.0,False
Maharashtra,Nashik,Nashik,Tomato,Hybrid,FAQ,2026-07-04,1030.0,1236.0,1170.0,False
Maharashtra,Nashik,Nashik,Tomato,Hybrid,FAQ,2026-07-05,1085.0,1284.0,1172.0,False
Maharashtra,Nashik,Nashik,Tomato,Hybrid,FAQ,2026-07-06,943.0,1110.0,1053.0,False
Maharashtra,Nashik,Nashik,Tomato,Hybrid,FAQ,2026-07-07,784.0,1000.0,857.0,True
Maharashtra,Nashik,Nashik,Tomato,Hybrid,FAQ,2026-07-08,814.0,949.0,866.0,True
Maharashtra,Nashik,Nashik,Tomato,Hybrid,FAQ,2026-07-10,844.0,1042.0,901.0,True
Maharashtra,Nashik,Nashik,Tomato,Hybrid,FAQ,2026-07-11,821.0,1025.0,967.0,True
Maharashtra,Pune,Pune,Tomato,Hybrid,FAQ,2025-12-24,1479.0,1595.0,1540.0,False
Maharashtra,Pune,Pune,Tomato,Hybrid,FAQ,2025-12-25,1482.0,1622.0,1558.0,False
Maharashtra,Pune,Pune,Tomato,Hybrid,FAQ,2025-12-26,1352.0,1607.0,1496.0,False
Maharashtra,Pune,Pune,Tomato,Hybrid,FAQ,2025-12-27,1234.0,1488.0,1367.0,False
Maharashtra,Pune Rural,Pune,Tomato,Hybrid,FAQ,2025-12-27,1234.0,1488.0,1367.0,False
Maharashtra,Pune,Pune,Tomato,Hybrid,FAQ,2025-12-28,1318.0,1510.0,1396.0,False
Maharashtra,Pune,Pune,Tomato,Hybrid,FAQ,2025-12-29,1264.0,1498.0,1348.0,False
Maharashtra,Pune,Pune,Tomato,Hybrid,FAQ,2025-12-30,1124.0,1319.0,1267.0,False
Maharashtra,Pune,Pune,Tomato,Hybrid,FAQ,2026-01-01,1109.0,1287.0,1224.0,False
Maharashtra,Pune,Pune,Tomato,Hybrid,FAQ,2026-01-02,1206.0,1469.0,1321.0,False
Maharashtra,Pune,Pune,Tomato,Hybrid,FAQ,2026-01-03,1256.0,1396.0,1310.0,False
Maharashtra,Pune,Pune,Tomato,Hybrid,FAQ,2026-01-04,1253.0,1506.0,1386.0,False
Maharashtra,Pune,Pune,Tomato,Hybrid,FAQ,2026-01-05,1233.0,1423.0,1326.0,False
Maharashtra,Pune,Pune,Tomato,Hybrid,FAQ,2026-01-06,1177.0,1434.0,1320.0,False
Maharashtra,Pune,Pune,Tomato,Hybrid,FAQ,2026-01-07,1287.0,1491.0,1344.0,False
Maharashtra,Pune,Pune,Tomato,Hybrid,FAQ,2026-01-08,1082.0,1266.0,1168.0,False
Maharashtra,Pune,Pune,Tomato,Hybrid,FAQ,2026-01-09,1176.0,1414.0,1292.0,False
Maharashtra,Pune,Pune,Tomato,Hybrid,FAQ,2026-01-10,1117.0,1276.0,1194.0,False
Maharashtra,Pune,Pune,Tomato,Hybrid,FAQ,2026-01-11,1171.0,1335.0,1225.0,False
Maharashtra,Pune,Pune,Tomato,Hybrid,FAQ,2026-01-12,1012.0,1288.0,1149.0,False
Maharashtra,Pune,Pune,Tomato,Hybrid,FAQ,2026-01-13,931.0,1106.0,989.0,False
Maharashtra,Pune,Pune,Tomato,Hybrid,FAQ,2026-01-14,656.0,862.0,788.0,False
Maharashtra,Pune,Pune,Tomato,Hybrid,FAQ,2026-01-15,756.0,968.0,894.0,False
Maharashtra,Pune,Pune,Tomato,Hybrid,FAQ,2026-01-16,764.0,938.0,869.0,False
Maharashtra,Pune,Pune,Tomato,Hybrid,FAQ,2026-01-17,864.0,1053.0,919.0,False
Maharashtra,Pune,Pune,Tomato,Hybrid,FAQ,2026-01-18,886.0,1064.0,980.0,False
Maharashtra,Pune,Pune,Tomato,Hybrid,FAQ,2026-01-19,775.0,1009.0,901.0,False
Maharashtra,Pune,Pune,Tomato,Hybrid,FAQ,2026-01-20,841.0,979.0,910.0,False
Maharashtra,Pune,Pune,Tomato,Hybrid,FAQ,2026-01-21,962.0,1069.0,1014.0,False
Maharashtra,Pune,Pune,Tomato,Hybrid,FAQ,2026-01-22,933.0,1172.0,1040.0,False
Maharashtra,Pune,Pune,Tomato,Hybrid,FAQ,2026-01-23,826.0,1013.0,936.0,False
Maharashtra,Pune,Pune,Tomato,Hybrid,FAQ,2026-01-24,763.0,940.0,816.0,False
Maharashtra,Pune,Pune,Tomato,Hybrid,FAQ,2026-01-25,799.0,1041.0,923.0,False
Maharashtra,Pune,Pune,Tomato,Hybrid,FAQ,2026-01-26,1019.0,1175.0,1090.0,False
Maharashtra,Pune,Pune,Tomato,Hybrid,FAQ,2026-01-27,1020.0,1279.0,1166.0,False
Maharashtra,Pune,Pune,Tomato,Hybrid,FAQ,2026-01-28,1136.0,1265.0,1204.0,False
Maharashtra,Pune,Pune,Tomato,Hybrid,FAQ,2026-01-29,1121.0,1361.0,1233.0,False
Maharashtra,Pune,Pune,Tomato,Hybrid,FAQ,2026-01-30,1228.0,1481.0,1348.0,False
Maharashtra,Pune,Pune,Tomato,Hybrid,FAQ,2026-01-31,1193.0,1388.0,1307.0,False
Maharashtra,Pune,Pune,Tomato,Hybrid,FAQ,2026-02-01,1229.0,1428.0,1375.0,False
Maharashtra,Pune,Pune,Tomato,Hybrid,FAQ,2026-02-02,1146.0,1335.0,1267.0,False
Maharashtra,Pune,Pune,Tomato,Hybrid,FAQ,2026-02-03,1219.0,1392.0,1293.0,False
Maharashtra,Pune,Pune,Tomato,Hybrid,FAQ,2026-02-04,1231.0,1472.0,1331.0,False
Maharashtra,Pune,Pune,Tomato,Hybrid,FAQ,2026-02-05,1214.0,1394.0,1279.0,False
Maharashtra,Pune,Pune,Tomato,Hybrid,FAQ,2026-02-06,1108.0,1335.0,1226.0,False
Maharashtra,Pune,Pune,Tomato,Hybrid,FAQ,2026-02-07,1060.0,1266.0,1185.0,False
Maharashtra,Pune,Pune,Tomato,Hybrid,FAQ,2026-02-08,841.0,1068.0,989.0,False
Maharashtra,Pune,Pune,Tomato,Hybrid,FAQ,2026-02-09,803.0,967.0,882.0,False
Maharashtra,Pune,Pune,Tomato,Hybrid,FAQ,2026-02-10,597.0,816.0,739.0,False
Maharashtra,Pune,Pune,Tomato,Hybrid,FAQ,2026-02-11,637.0,837.0,777.0,False
Maharashtra,Pune,Pune,Tomato,Hybrid,FAQ,2026-02-12,772.0,986.0,839.0,False
Maharashtra,Pune,Pune,Tomato,Hybrid,FAQ,2026-02-13,768.0,1008.0,863.0,False
Maharashtra,Pune,Pune,Tomato,Hybrid,FAQ,2026-02-14,687.0,836.0,756.0,False
Maharashtra,Pune,Pune,Tomato,Hybrid,FAQ,2026-02-15,792.0,915.0,851.0,False
Maharashtra,Pune,Pune,Tomato,Hybrid,FAQ,2026-02-16,705.0,899.0,835.0,False
Maharashtra,Pune,Pune,Tomato,Hybrid,FAQ,2026-02-17,690.0,867.0,753.0,False
Maharashtra,Pune,Pune,Tomato,Hybrid,FAQ,2026-02-18,593.0,813.0,709.0,False
Maharashtra,Pune,Pune,Tomato,Hybrid,FAQ,2026-02-19,688.0,924.0,806.0,False
Maharashtra,Pune,Pune,Tomato,Hybrid,FAQ,2026-02-20,627.0,777.0,681.0,False
Maharashtra,Pune,Pune,Tomato,Hybrid,FAQ,2026-02-21,611.0,857.0,750.0,False
Maharashtra,Pune,Pune,Tomato,Hybrid,FAQ,2026-02-22,678.0,943.0,795.0,False
Maharashtra,Pune,Pune,Tomato,Hybrid,FAQ,2026-02-23,567.0,835.0,716.0,False
Maharashtra,Pune,Pune,Tomato,Hybrid,FAQ,2026-02-24,721.0,910.0,782.0,False
Maharashtra,Pune,Pune,Tomato,Hybrid,FAQ,2026-02-25,584.0,813.0,725.0,False
Maharashtra,Pune,Pune,Tomato,Hybrid,FAQ,2026-02-26,537.0,712.0,631.0,False
Maharashtra,Pune,Pune,Tomato,Hybrid,FAQ,2026-02-27,680.0,950.0,806.0,False
Maharashtra,Pune,Pune,Tomato,Hybrid,FAQ,2026-02-28,765.0,897.0,840.0,False
Maharashtra,Pune,Pune,Tomato,Hybrid,FAQ,2026-03-01,815.0,1033.0,892.0,False
Maharashtra,Pune,Pune,Tomato,Hybrid,FAQ,2026-03-03,1040.0,1181.0,1093.0,False
Maharashtra,Pune,Pune,Tomato,Hybrid,FAQ,2026-03-04,871.0,1077.0,1003.0,False
Maharashtra,Pune,Pune,Tomato,Hybrid,FAQ,2026-03-05,920.0,1126.0,1035.0,False
Maharashtra,Pune,Pune,Tomato,Hybrid,FAQ,2026-03-06,902.0,1095.0,954.0,False
Maharashtra,Pune,Pune,Tomato,Hybrid,FAQ,2026-03-07,897.0,1106.0,974.0,False
Maharashtra,Pune,Pune,Tomato,Hybrid,FAQ,2026-03-08,904.0,1193.0,1051.0,False
Maharashtra,Pune,Pune,Tomato,Hybrid,FAQ,2026-03-09,840.0,1070.0,940.0,False
Maharashtra,Pune,Pune,Tomato,Hybrid,FAQ,2026-03-10,810.0,1019.0,887.0,False
Maharashtra,Pune,Pune,Tomato,Hybrid,FAQ,2026-03-11,772.0,919.0,860.0,False
Maharashtra,Pune,Pune,Tomato,Hybrid,FAQ,2026-03-12,687.0,903.0,754.0,False
Maharashtra,Pune,Pune,Tomato,Hybrid,FAQ,2026-03-13,786.0,996.0,918.0,False
Maharashtra,Pune,Pune,Tomato,Hybrid,FAQ,2026-03-14,793.0,1036.0,936.0,False
Maharashtra,Pune,Pune,Tomato,Hybrid,FAQ,2026-03-15,714.0,943.0,848.0,False
Maharashtra,Pune,Pune,Tomato,Hybrid,FAQ,2026-03-16,873.0,1026.0,940.0,False
Maharashtra,Pune,Pune,Tomato,Hybrid,FAQ,2026-03-17,909.0,1080.0,1023.0,False
Maharashtra,Pune,Pune,Tomato,Hybrid,FAQ,2026-03-18,922.0,1169.0,1072.0,False
Maharashtra,Pune,Pune,Tomato,Hybrid,FAQ,2026-03-19,744.0,969.0,876.0,False
Maharashtra,Pune,Pune,Tomato,Hybrid,FAQ,2026-03-20,775.0,1005.0,914.0,False
Maharashtra,Pune,Pune,Tomato,Hybrid,FAQ,2026-03-21,922.0,1145.0,1032.0,False
Maharashtra,Pune,Pune,Tomato,Hybrid,FAQ,2026-03-22,875.0,986.0,934.0,False
Maharashtra,Pune,Pune,Tomato,Hybrid,FAQ,2026-03-23,774.0,985.0,911.0,False
Maharashtra,Pune,Pune,Tomato,Hybrid,FAQ,2026-03-24,891.0,1074.0,973.0,False
Maharashtra,Pune,Pune,Tomato,Hybrid,FAQ,2026-03-25,831.0,1043.0,897.0,False
Maharashtra,Pune,Pune,Tomato,Hybrid,FAQ,2026-03-27,929.0,1090.0,981.0,False
Maharashtra,Pune,Pune,Tomato,Hybrid,FAQ,2026-03-28,1033.0,1176.0,1084.0,False
Maharashtra,Pune,Pune,Tomato,Hybrid,FAQ,2026-03-29,707.0,923.0,829.0,False
Maharashtra,Pune,Pune,Tomato,Hybrid,FAQ,2026-03-31,747.0,892.0,818.0,False
Maharashtra,Pune,Pune,Tomato,Hybrid,FAQ,2026-04-01,825.0,993.0,917.0,False
Maharashtra,Pune,Pune,Tomato,Hybrid,FAQ,2026-04-02,818.0,1072.0,955.0,False
Maharashtra,Pune,Pune,Tomato,Hybrid,FAQ,2026-04-03,824.0,1007.0,894.0,False
Maharashtra,Pune,Pune,Tomato,Hybrid,FAQ,2026-04-04,546.0,782.0,632.0,False
Maharashtra,Pune,Pune,Tomato,Hybrid,FAQ,2026-04-05,343.0,592.0,450.0,False
Maharashtra,Pune,Pune,Tomato,Hybrid,FAQ,2026-04-06,170.0,395.0,300.0,False
Maharashtra,Pune,Pune,Tomato,Hybrid,FAQ,2026-04-07,258.0,426.0,357.0,False
Maharashtra,Pune,Pune,Tomato,Hybrid,FAQ,2026-04-08,407.0,578.0,503.0,False
Maharashtra,Pune,Pune,Tomato,Hybrid,FAQ,2026-04-09,335.0,583.0,480.0,False
Maharashtra,Pune,Pune,Tomato,Hybrid,FAQ,2026-04-10,424.0,641.0,537.0,False
Maharashtra,Pune,Pune,Tomato,Hybrid,FAQ,2026-04-11,448.0,620.0,508.0,False
Maharashtra,Pune,Pune,Tomato,Hybrid,FAQ,2026-04-12,329.0,552.0,424.0,False
Maharashtra,Pune,Pune,Tomato,Hybrid,FAQ,2026-04-13,282.0,516.0,373.0,False
Maharashtra,Pune,Pune,Tomato,Hybrid,FAQ,2026-04-14,209.0,422.0,330.0,False
Maharashtra,Pune,Pune,Tomato,Hybrid,FAQ,2026-04-15,152.0,417.0,300.0,False
Maharashtra,Pune,Pune,Tomato,Hybrid,FAQ,2026-04-17,271.0,468.0,346.0,False
Maharashtra,Pune,Pune,Tomato,Hybrid,FAQ,2026-04-18,172.0,417.0,300.0,False
Maharashtra,Pune,Pune,Tomato,Hybrid,FAQ,2026-04-19,320.0,461.0,378.0,False
Maharashtra,Pune,Pune,Tomato,Hybrid,FAQ,2026-04-20,325.0,549.0,400.0,False
Maharashtra,Pune,Pune,Tomato,Hybrid,FAQ,2026-04-21,415.0,604.0,533.0,False
Maharashtra,Pune,Pune,Tomato,Hybrid,FAQ,2026-04-22,396.0,548.0,470.0,False
Maharashtra,Pune,Pune,Tomato,Hybrid,FAQ,2026-04-23,288.0,478.0,340.0,False
Maharashtra,Pune,Pune,Tomato,Hybrid,FAQ,2026-04-24,153.0,384.0,300.0,False
Maharashtra,Pune,Pune,Tomato,Hybrid,FAQ,2026-04-25,321.0,452.0,386.0,False
Maharashtra,Pune,Pune,Tomato,Hybrid,FAQ,2026-04-26,304.0,545.0,433.0,False
Maharashtra,Pune,Pune,Tomato,Hybrid,FAQ,2026-04-27,363.0,531.0,444.0,False
Maharashtra,Pune,Pune,Tomato,Hybrid,FAQ,2026-04-28,275.0,533.0,402.0,False
Maharashtra,Pune,Pune,Tomato,Hybrid,FAQ,2026-04-29,363.0,581.0,454.0,False
Maharashtra,Pune,Pune,Tomato,Hybrid,FAQ,2026-04-30,345.0,583.0,443.0,False
Maharashtra,Pune,Pune,Tomato,Hybrid,FAQ,2026-05-01,257.0,523.0,388.0,False
Maharashtra,Pune,Pune,Tomato,Hybrid,FAQ,2026-05-02,362.0,586.0,441.0,False
Maharashtra,Pune,Pune,Tomato,Hybrid,FAQ,2026-05-03,541.0,708.0,656.0,False
Maharashtra,Pune,Pune,Tomato,Hybrid,FAQ,2026-05-04,617.0,817.0,763.0,False
Maharashtra,Pune,Pune,Tomato,Hybrid,FAQ,2026-05-05,711.0,960.0,828.0,False
Maharashtra,Pune,Pune,Tomato,Hybrid,FAQ,2026-05-06,787.0,942.0,838.0,False
Maharashtra,Pune,Pune,Tomato,Hybrid,FAQ,2026-05-07,774.0,949.0,831.0,False
Maharashtra,Pune,Pune,Tomato,Hybrid,FAQ,2026-05-08,445.0,672.0,545.0,False
Maharashtra,Pune,Pune,Tomato,Hybrid,FAQ,2026-05-09,323.0,505.0,438.0,False
Maharashtra,Pune,Pune,Tomato,Hybrid,FAQ,2026-05-10,297.0,545.0,434.0,False
Maharashtra,Pune,Pune,Tomato,Hybrid,FAQ,2026-05-11,250.0,438.0,363.0,False
Maharashtra,Pune,Pune,Tomato,Hybrid,FAQ,2026-05-12,236.0,498.0,366.0,False
Maharashtra,Pune,Pune,Tomato,Hybrid,FAQ,2026-05-13,271.0,491.0,366.0,False
Maharashtra,Pune,Pune,Tomato,Hybrid,FAQ,2026-05-14,340.0,508.0,403.0,False
Maharashtra,Pune,Pune,Tomato,Hybrid,FAQ,2026-05-15,233.0,460.0,325.0,False
Maharashtra,Pune,Pune,Tomato,Hybrid,FAQ,2026-05-16,198.0,394.0,334.0,False
Maharashtra,Pune,Pune,Tomato,Hybrid,FAQ,2026-05-17,175.0,375.0,312.0,False
Maharashtra,Pune,Pune,Tomato,Hybrid,FAQ,2026-05-18,178.0,360.0,300.0,False
Maharashtra,Pune,Pune,Tomato,Hybrid,FAQ,2026-05-19,171.0,373.0,300.0,False
Maharashtra,Pune,Pune,Tomato,Hybrid,FAQ,2026-05-20,301.0,489.0,415.0,False
Maharashtra,Pune,Pune,Tomato,Hybrid,FAQ,2026-05-22,401.0,573.0,510.0,False
Maharashtra,Pune,Pune,Tomato,Hybrid,FAQ,2026-05-23,284.0,530.0,404.0,False
Maharashtra,Pune,Pune,Tomato,Hybrid,FAQ,2026-05-24,320.0,482.0,381.0,False
Maharashtra,Pune,Pune,Tomato,Hybrid,FAQ,2026-05-26,306.0,540.0,441.0,False
Maharashtra,Pune,Pune,Tomato,Hybrid,FAQ,2026-05-27,207.0,475.0,342.0,False
Maharashtra,Pune,Pune,Tomato,Hybrid,FAQ,2026-05-28,210.0,383.0,300.0,False
Maharashtra,Pune,Pune,Tomato,Hybrid,FAQ,2026-05-29,474.0,677.0,548.0,False
Maharashtra,Pune,Pune,Tomato,Hybrid,FAQ,2026-05-30,421.0,603.0,520.0,False
Maharashtra,Pune,Pune,Tomato,Hybrid,FAQ,2026-05-31,352.0,578.0,497.0,False
Maharashtra,Pune,Pune,Tomato,Hybrid,FAQ,2026-06-01,394.0,557.0,461.0,False
Maharashtra,Pune,Pune,Tomato,Hybrid,FAQ,2026-06-02,399.0,590.0,504.0,False
Maharashtra,Pune,Pune,Tomato,Hybrid,FAQ,2026-06-03,234.0,476.0,329.0,False
Maharashtra,Pune,Pune,Tomato,Hybrid,FAQ,2026-06-04,226.0,396.0,300.0,False
Maharashtra,Pune,Pune,Tomato,Hybrid,FAQ,2026-06-05,174.0,371.0,300.0,False
Maharashtra,Pune,Pune,Tomato,Hybrid,FAQ,2026-06-06,344.0,534.0,428.0,False
Maharashtra,Pune,Pune,Tomato,Hybrid,FAQ,2026-06-07,321.0,515.0,391.0,False
Maharashtra,Pune,Pune,Tomato,Hybrid,FAQ,2026-06-08,333.0,540.0,418.0,False
Maharashtra,Pune,Pune,Tomato,Hybrid,FAQ,2026-06-09,314.0,537.0,396.0,False
Maharashtra,Pune,Pune,Tomato,Hybrid,FAQ,2026-06-10,283.0,440.0,382.0,False
Maharashtra,Pune,Pune,Tomato,Hybrid,FAQ,2026-06-11,295.0,509.0,365.0,False
Maharashtra,Pune,Pune,Tomato,Hybrid,FAQ,2026-06-12,218.0,464.0,360.0,False
Maharashtra,Pune,Pune,Tomato,Hybrid,FAQ,2026-06-13,304.0,501.0,381.0,False
Maharashtra,Pune,Pune,Tomato,Hybrid,FAQ,2026-06-14,405.0,521.0,460.0,False
Maharashtra,Pune,Pune,Tomato,Hybrid,FAQ,2026-06-15,303.0,503.0,353.0,False
Maharashtra,Pune,Pune,Tomato,Hybrid,FAQ,2026-06-16,305.0,486.0,406.0,False
Maharashtra,Pune,Pune,Tomato,Hybrid,FAQ,2026-06-17,396.0,539.0,461.0,False
Maharashtra,Pune,Pune,Tomato,Hybrid,FAQ,2026-06-18,479.0,641.0,583.0,False
Maharashtra,Pune,Pune,Tomato,Hybrid,FAQ,2026-06-19,472.0,584.0,524.0,False
Maharashtra,Pune,Pune,Tomato,Hybrid,FAQ,2026-06-20,472.0,716.0,586.0,False
Maharashtra,Pune,Pune,Tomato,Hybrid,FAQ,2026-06-21,476.0,659.0,573.0,False
Maharashtra,Pune,Pune,Tomato,Hybrid,FAQ,2026-06-22,422.0,622.0,523.0,False
Maharashtra,Pune,Pune,Tomato,Hybrid,FAQ,2026-06-23,453.0,711.0,566.0,False
Maharashtra,Pune,Pune,Tomato,Hybrid,FAQ,2026-06-24,617.0,728.0,672.0,False
Maharashtra,Pune,Pune,Tomato,Hybrid,FAQ,2026-06-25,814.0,936.0,883.0,False
Maharashtra,Pune,Pune,Tomato,Hybrid,FAQ,2026-06-26,897.0,1095.0,961.0,False
Maharashtra,Pune,Pune,Tomato,Hybrid,FAQ,2026-06-27,982.0,1127.0,1047.0,False
Maharashtra,Pune,Pune,Tomato,Hybrid,FAQ,2026-06-28,910.0,1084.0,985.0,False
Maharashtra,Pune,Pune,Tomato,Hybrid,FAQ,2026-06-29,772.0,1012.0,863.0,False
Maharashtra,Pune,Pune,Tomato,Hybrid,FAQ,2026-06-30,822.0,1011.0,877.0,False
Maharashtra,Pune,Pune,Tomato,Hybrid,FAQ,2026-07-01,729.0,933.0,830.0,False
Maharashtra,Pune,Pune,Tomato,Hybrid,FAQ,2026-07-02,648.0,800.0,718.0,False
Maharashtra,Pune,Pune,Tomato,Hybrid,FAQ,2026-07-03,630.0,810.0,739.0,False
Maharashtra,Pune,Pune,Tomato,Hybrid,FAQ,2026-07-04,613.0,742.0,677.0,False
Maharashtra,Pune,Pune,Tomato,Hybrid,FAQ,2026-07-05,644.0,878.0,764.0,False
Maharashtra,Pune,Pune,Tomato,Hybrid,FAQ,2026-07-06,614.0,822.0,688.0,False
Maharashtra,Pune,Pune,Tomato,Hybrid,FAQ,2026-07-07,659.0,787.0,730.0,False
Maharashtra,Pune,Pune,Tomato,Hybrid,FAQ,2026-07-08,519.0,776.0,661.0,False
Maharashtra,Pune,Pune,Tomato,Hybrid,FAQ,2026-07-09,747.0,951.0,806.0,False
Maharashtra,Pune,Pune,Tomato,Hybrid,FAQ,2026-07-10,642.0,787.0,732.0,False
Maharashtra,Pune,Pune,Tomato,Hybrid,FAQ,2026-07-11,522.0,684.0,622.0,False
Maharashtra,Sangli,Sangli,Tomato,Hybrid,FAQ,2025-12-24,1627.0,1805.0,1700.0,False
Maharashtra,Sangli,Sangli,Tomato,Hybrid,FAQ,2025-12-25,1598.0,1801.0,1685.0,False
Maharashtra,Sangli,Sangli,Tomato,Hybrid,FAQ,2025-12-26,1636.0,1783.0,1705.0,False
Maharashtra,Sangli,Sangli,Tomato,Hybrid,FAQ,2025-12-27,1534.0,1674.0,1606.0,False
Maharashtra,Sangli,Sangli,Tomato,Hybrid,FAQ,2025-12-28,1414.0,1704.0,1557.0,False
Maharashtra,Sangli,Sangli,Tomato,Hybrid,FAQ,2025-12-29,1525.0,1696.0,1632.0,False
Maharashtra,Sangli,Sangli,Tomato,Hybrid,FAQ,2025-12-30,1654.0,1800.0,1741.0,False
Maharashtra,Sangli,Sangli,Tomato,Hybrid,FAQ,2025-12-31,1589.0,1830.0,1695.0,False
Maharashtra,Sangli,Sangli,Tomato,Hybrid,FAQ,2026-01-01,1530.0,1719.0,1647.0,False
Maharashtra,Sangli,Sangli,Tomato,Hybrid,FAQ,2026-01-02,1619.0,1828.0,1691.0,False
Maharashtra,Sangli,Sangli,Tomato,Hybrid,FAQ,2026-01-03,1565.0,1752.0,1615.0,False
Maharashtra,Sangli,Sangli,Tomato,Hybrid,FAQ,2026-01-04,1407.0,1649.0,1536.0,False
Maharashtra,Sangli,Sangli,Tomato,Hybrid,FAQ,2026-01-05,1382.0,1563.0,1478.0,False
Maharashtra,Sangli,Sangli,Tomato,Hybrid,FAQ,2026-01-06,1461.0,1619.0,1520.0,False
Maharashtra,Sangli,Sangli,Tomato,Hybrid,FAQ,2026-01-07,1361.0,1576.0,1435.0,False
Maharashtra,Sangli,Sangli,Tomato,Hybrid,FAQ,2026-01-08,1278.0,1472.0,1375.0,False
Maharashtra,Sangli,Sangli,Tomato,Hybrid,FAQ,2026-01-09,1222.0,1414.0,1321.0,False
Maharashtra,Sangli,Sangli,Tomato,Hybrid,FAQ,2026-01-10,1252.0,1512.0,1362.0,False
Maharashtra,Sangli,Sangli,Tomato,Hybrid,FAQ,2026-01-11,1181.0,1381.0,1314.0,False
Maharashtra,Sangli,Sangli,Tomato,Hybrid,FAQ,2026-01-12,1386.0,1509.0,1439.0,False
Maharashtra,Sangli,Sangli,Tomato,Hybrid,FAQ,2026-01-14,1159.0,1360.0,1260.0,False
Maharashtra,Sangli,Sangli,Tomato,Hybrid,FAQ,2026-01-15,939.0,1139.0,1073.0,False
Maharashtra,Sangli,Sangli,Tomato,Hybrid,FAQ,2026-01-16,1176.0,1323.0,1228.0,False
Maharashtra,Sangli,Sangli,Tomato,Hybrid,FAQ,2026-01-17,1066.0,1255.0,1177.0,False
Maharashtra,Sangli,Sangli,Tomato,Hybrid,FAQ,2026-01-18,1139.0,1294.0,1206.0,False
Maharashtra,Sangli,Sangli,Tomato,Hybrid,FAQ,2026-01-19,1041.0,1229.0,1166.0,False
Maharashtra,Sangli,Sangli,Tomato,Hybrid,FAQ,2026-01-20,1152.0,1353.0,1279.0,False
Maharashtra,Sangli,Sangli,Tomato,Hybrid,FAQ,2026-01-21,1198.0,1430.0,1341.0,False
Maharashtra,Sangli,Sangli,Tomato,Hybrid,FAQ,2026-01-22,1450.0,1559.0,1507.0,False
Maharashtra,Sangli,Sangli,Tomato,Hybrid,FAQ,2026-01-23,1388.0,1589.0,1516.0,False
Maharashtra,Sangli,Sangli,Tomato,Hybrid,FAQ,2026-01-24,1548.0,1686.0,1633.0,False
Maharashtra,Sangli,Sangli,Tomato,Hybrid,FAQ,2026-01-25,1498.0,1718.0,1641.0,False
Maharashtra,Sangli,Sangli,Tomato,Hybrid,FAQ,2026-01-26,1552.0,1781.0,1663.0,False
Maharashtra,Sangli,Sangli,Tomato,Hybrid,FAQ,2026-01-27,1597.0,1880.0,1742.0,False
Maharashtra,Sangli,Sangli,Tomato,Hybrid,FAQ,2026-01-28,1577.0,1779.0,1701.0,False
Maharashtra,Sangli,Sangli,Tomato,Hybrid,FAQ,2026-01-29,1631.0,1861.0,1780.0,False
Maharashtra,Sangli,Sangli,Tomato,Hybrid,FAQ,2026-01-30,1828.0,1970.0,1912.0,False
Maharashtra,Sangli,Sangli,Tomato,Hybrid,FAQ,2026-01-31,1681.0,1898.0,1765.0,False
Maharashtra,Sangli,Sangli,Tomato,Hybrid,FAQ,2026-02-01,1585.0,1798.0,1729.0,False
Maharashtra,Sangli,Sangli,Tomato,Hybrid,FAQ,2026-02-02,1731.0,1846.0,1787.0,False
Maharashtra,Sangli,Sangli,Tomato,Hybrid,FAQ,2026-02-03,1704.0,1880.0,1770.0,False
Maharashtra,Sangli,Sangli,Tomato,Hybrid,FAQ,2026-02-04,1702.0,1874.0,1777.0,False
Maharashtra,Sangli,Sangli,Tomato,Hybrid,FAQ,2026-02-05,1392.0,1633.0,1508.0,False
Maharashtra,Sangli,Sangli,Tomato,Hybrid,FAQ,2026-02-07,1561.0,1743.0,1687.0,False
Maharashtra,Sangli,Sangli,Tomato,Hybrid,FAQ,2026-02-08,1512.0,1740.0,1602.0,False
Maharashtra,Sangli,Sangli,Tomato,Hybrid,FAQ,2026-02-09,1619.0,1900.0,1759.0,False
Maharashtra,Sangli,Sangli,Tomato,Hybrid,FAQ,2026-02-10,1784.0,1930.0,1861.0,False
Maharashtra,Sangli,Sangli,Tomato,Hybrid,FAQ,2026-02-11,1694.0,1846.0,1762.0,False
Maharashtra,Sangli,Sangli,Tomato,Hybrid,FAQ,2026-02-12,1810.0,1995.0,1872.0,False
Maharashtra,Sangli,Sangli,Tomato,Hybrid,FAQ,2026-02-13,1745.0,1927.0,1848.0,False
Maharashtra,Sangli,Sangli,Tomato,Hybrid,FAQ,2026-02-14,1566.0,1769.0,1676.0,False
Maharashtra,Sangli,Sangli,Tomato,Hybrid,FAQ,2026-02-15,1604.0,1732.0,1670.0,False
Maharashtra,Sangli,Sangli,Tomato,Hybrid,FAQ,2026-02-16,1668.0,1875.0,1752.0,False
Maharashtra,Sangli,Sangli,Tomato,Hybrid,FAQ,2026-02-17,1646.0,1905.0,1762.0,False
Maharashtra,Sangli,Sangli,Tomato,Hybrid,FAQ,2026-02-18,1669.0,1925.0,1785.0,False
Maharashtra,Sangli,Sangli,Tomato,Hybrid,FAQ,2026-02-19,1810.0,1983.0,1900.0,False
Maharashtra,Sangli,Sangli,Tomato,Hybrid,FAQ,2026-02-20,1781.0,1985.0,1889.0,False
Maharashtra,Sangli,Sangli,Tomato,Hybrid,FAQ,2026-02-21,1835.0,2045.0,1897.0,False
Maharashtra,Sangli,Sangli,Tomato,Hybrid,FAQ,2026-02-22,1981.0,2150.0,2034.0,False
Maharashtra,Sangli,Sangli,Tomato,Hybrid,FAQ,2026-02-23,1985.0,2148.0,2088.0,False
Maharashtra,Sangli,Sangli,Tomato,Hybrid,FAQ,2026-02-24,2031.0,2255.0,2111.0,False
Maharashtra,Sangli,Sangli,Tomato,Hybrid,FAQ,2026-02-25,1867.0,2147.0,1999.0,False
Maharashtra,Sangli,Sangli,Tomato,Hybrid,FAQ,2026-02-26,1773.0,1883.0,1828.0,False
Maharashtra,Sangli,Sangli,Tomato,Hybrid,FAQ,2026-02-27,1631.0,1846.0,1750.0,False
Maharashtra,Sangli,Sangli,Tomato,Hybrid,FAQ,2026-02-28,1725.0,1908.0,1800.0,False
Maharashtra,Sangli,Sangli,Tomato,Hybrid,FAQ,2026-03-01,1594.0,1812.0,1680.0,False
Maharashtra,Sangli,Sangli,Tomato,Hybrid,FAQ,2026-03-02,1587.0,1758.0,1672.0,False
Maharashtra,Sangli,Sangli,Tomato,Hybrid,FAQ,2026-03-03,1660.0,1874.0,1791.0,False
Maharashtra,Sangli,Sangli,Tomato,Hybrid,FAQ,2026-03-04,1520.0,1726.0,1654.0,False
Maharashtra,Sangli,Sangli,Tomato,Hybrid,FAQ,2026-03-05,1311.0,1530.0,1399.0,False
Maharashtra,Sangli,Sangli,Tomato,Hybrid,FAQ,2026-03-06,1266.0,1442.0,1362.0,False
Maharashtra,Sangli,Sangli,Tomato,Hybrid,FAQ,2026-03-08,1380.0,1536.0,1483.0,False
Maharashtra,Sangli,Sangli,Tomato,Hybrid,FAQ,2026-03-09,1426.0,1615.0,1524.0,False
Maharashtra,Sangli,Sangli,Tomato,Hybrid,FAQ,2026-03-10,1418.0,1671.0,1565.0,False
Maharashtra,Sangli,Sangli,Tomato,Hybrid,FAQ,2026-03-11,1355.0,1533.0,1476.0,False
Maharashtra,Sangli,Sangli,Tomato,Hybrid,FAQ,2026-03-12,1279.0,1534.0,1390.0,False
Maharashtra,Sangli,Sangli,Tomato,Hybrid,FAQ,2026-03-13,1255.0,1429.0,1371.0,False
Maharashtra,Sangli,Sangli,Tomato,Hybrid,FAQ,2026-03-14,1345.0,1568.0,1435.0,False
Maharashtra,Sangli,Sangli,Tomato,Hybrid,FAQ,2026-03-15,1120.0,1362.0,1251.0,False
Maharashtra,Sangli,Sangli,Tomato,Hybrid,FAQ,2026-03-16,1066.0,1212.0,1127.0,False
Maharashtra,Sangli,Sangli,Tomato,Hybrid,FAQ,2026-03-17,972.0,1181.0,1063.0,False
Maharashtra,Sangli,Sangli,Tomato,Hybrid,FAQ,2026-03-18,923.0,1081.0,1013.0,False
Maharashtra,Sangli,Sangli,Tomato,Hybrid,FAQ,2026-03-19,966.0,1165.0,1032.0,False
Maharashtra,Sangli,Sangli,Tomato,Hybrid,FAQ,2026-03-20,956.0,1161.0,1023.0,False
Maharashtra,Sangli,Sangli,Tomato,Hybrid,FAQ,2026-03-21,870.0,1049.0,976.0,False
Maharashtra,Sangli,Sangli,Tomato,Hybrid,FAQ,2026-03-22,988.0,1206.0,1134.0,False
Maharashtra,Sangli,Sangli,Tomato,Hybrid,FAQ,2026-03-23,996.0,1278.0,1135.0,False
Maharashtra,Sangli,Sangli,Tomato,Hybrid,FAQ,2026-03-24,1043.0,1246.0,1156.0,False
Maharashtra,Sangli,Sangli,Tomato,Hybrid,FAQ,2026-03-25,1093.0,1321.0,1218.0,False
Maharashtra,Sangli,Sangli,Tomato,Hybrid,FAQ,2026-03-26,1029.0,1284.0,1152.0,False
Maharashtra,Sangli,Sangli,Tomato,Hybrid,FAQ,2026-03-27,1251.0,1449.0,1316.0,False
Maharashtra,Sangli,Sangli,Tomato,Hybrid,FAQ,2026-03-28,1331.0,1512.0,1424.0,False
Maharashtra,Sangli,Sangli,Tomato,Hybrid,FAQ,2026-03-29,1294.0,1511.0,1436.0,False
Maharashtra,Sangli,Sangli,Tomato,Hybrid,FAQ,2026-03-30,1330.0,1512.0,1431.0,False
Maharashtra,Sangli,Sangli,Tomato,Hybrid,FAQ,2026-04-01,1409.0,1617.0,1532.0,False
Maharashtra,Sangli,Sangli,Tomato,Hybrid,FAQ,2026-04-02,1453.0,1701.0,1570.0,False
Maharashtra,Sangli,Sangli,Tomato,Hybrid,FAQ,2026-04-03,1431.0,1636.0,1559.0,False
Maharashtra,Sangli,Sangli,Tomato,Hybrid,FAQ,2026-04-04,1462.0,1664.0,1611.0,False
Maharashtra,Sangli,Sangli,Tomato,Hybrid,FAQ,2026-04-05,1640.0,1821.0,1759.0,False
Maharashtra,Sangli,Sangli,Tomato,Hybrid,FAQ,2026-04-06,1712.0,1924.0,1856.0,False
Maharashtra,Sangli,Sangli,Tomato,Hybrid,FAQ,2026-04-07,1658.0,1844.0,1739.0,False
Maharashtra,Sangli,Sangli,Tomato,Hybrid,FAQ,2026-04-08,1699.0,1857.0,1791.0,False
Maharashtra,Sangli,Sangli,Tomato,Hybrid,FAQ,2026-04-09,1638.0,1904.0,1764.0,False
Maharashtra,Sangli,Sangli,Tomato,Hybrid,FAQ,2026-04-10,1597.0,1744.0,1655.0,False
Maharashtra,Sangli,Sangli,Tomato,Hybrid,FAQ,2026-04-11,1683.0,1822.0,1749.0,False
Maharashtra,Sangli,Sangli,Tomato,Hybrid,FAQ,2026-04-12,1846.0,2031.0,1898.0,False
Maharashtra,Sangli,Sangli,Tomato,Hybrid,FAQ,2026-04-13,1799.0,2034.0,1942.0,False
Maharashtra,Sangli,Sangli,Tomato,Hybrid,FAQ,2026-04-14,1855.0,1964.0,1910.0,False
Maharashtra,Sangli,Sangli,Tomato,Hybrid,FAQ,2026-04-15,1685.0,1846.0,1738.0,False
Maharashtra,Sangli,Sangli,Tomato,Hybrid,FAQ,2026-04-16,1806.0,1986.0,1857.0,False
Maharashtra,Sangli,Sangli,Tomato,Hybrid,FAQ,2026-04-17,1740.0,1939.0,1849.0,False
Maharashtra,Sangli,Sangli,Tomato,Hybrid,FAQ,2026-04-18,1699.0,1950.0,1846.0,False
Maharashtra,Sangli,Sangli,Tomato,Hybrid,FAQ,2026-04-19,1854.0,2071.0,1931.0,False
Maharashtra,Sangli,Sangli,Tomato,Hybrid,FAQ,2026-04-20,1752.0,1944.0,1839.0,False
Maharashtra,Sangli,Sangli,Tomato,Hybrid,FAQ,2026-04-21,1697.0,1961.0,1830.0,False
Maharashtra,Sangli,Sangli,Tomato,Hybrid,FAQ,2026-04-22,1704.0,1849.0,1776.0,False
Maharashtra,Sangli,Sangli,Tomato,Hybrid,FAQ,2026-04-23,1682.0,1903.0,1766.0,False
Maharashtra,Sangli,Sangli,Tomato,Hybrid,FAQ,2026-04-24,1627.0,1756.0,1685.0,False
Maharashtra,Sangli,Sangli,Tomato,Hybrid,FAQ,2026-04-25,1341.0,1513.0,1424.0,False
Maharashtra,Sangli,Sangli,Tomato,Hybrid,FAQ,2026-04-27,1384.0,1575.0,1510.0,False
Maharashtra,Sangli,Sangli,Tomato,Hybrid,FAQ,2026-04-28,1473.0,1615.0,1538.0,False
Maharashtra,Sangli,Sangli,Tomato,Hybrid,FAQ,2026-04-29,1316.0,1490.0,1434.0,False
Maharashtra,Sangli,Sangli,Tomato,Hybrid,FAQ,2026-04-30,1223.0,1365.0,1276.0,False
Maharashtra,Sangli,Sangli,Tomato,Hybrid,FAQ,2026-05-02,1107.0,1386.0,1246.0,False
Maharashtra,Sangli,Sangli,Tomato,Hybrid,FAQ,2026-05-03,1065.0,1230.0,1156.0,False
Maharashtra,Sangli,Sangli,Tomato,Hybrid,FAQ,2026-05-04,971.0,1221.0,1088.0,False
Maharashtra,Sangli,Sangli,Tomato,Hybrid,FAQ,2026-05-05,1086.0,1242.0,1176.0,False
Maharashtra,Sangli,Sangli,Tomato,Hybrid,FAQ,2026-05-06,1099.0,1309.0,1223.0,False
Maharashtra,Sangli,Sangli,Tomato,Hybrid,FAQ,2026-05-07,1057.0,1264.0,1115.0,False
Maharashtra,Sangli,Sangli,Tomato,Hybrid,FAQ,2026-05-08,1130.0,1345.0,1196.0,False
Maharashtra,Sangli,Sangli,Tomato,Hybrid,FAQ,2026-05-09,1139.0,1355.0,1276.0,False
Maharashtra,Sangli,Sangli,Tomato,Hybrid,FAQ,2026-05-10,1344.0,1553.0,1441.0,False
Maharashtra,Sangli,Sangli,Tomato,Hybrid,FAQ,2026-05-11,1220.0,1409.0,1303.0,False
Maharashtra,Sangli,Sangli,Tomato,Hybrid,FAQ,2026-05-12,998.0,1203.0,1133.0,False
Maharashtra,Sangli,Sangli,Tomato,Hybrid,FAQ,2026-05-13,1018.0,1256.0,1150.0,False
Maharashtra,Sangli,Sangli,Tomato,Hybrid,FAQ,2026-05-14,1060.0,1240.0,1188.0,False
Maharashtra,Sangli,Sangli,Tomato,Hybrid,FAQ,2026-05-15,976.0,1178.0,1103.0,False
Maharashtra,Sangli,Sangli,Tomato,Hybrid,FAQ,2026-05-16,905.0,1102.0,1042.0,False
Maharashtra,Sangli,Sangli,Tomato,Hybrid,FAQ,2026-05-17,1041.0,1241.0,1123.0,False
Maharashtra,Sangli,Sangli,Tomato,Hybrid,FAQ,2026-05-18,1054.0,1273.0,1163.0,False
Maharashtra,Sangli,Sangli,Tomato,Hybrid,FAQ,2026-05-19,1137.0,1308.0,1230.0,False
Maharashtra,Sangli,Sangli,Tomato,Hybrid,FAQ,2026-05-20,1263.0,1463.0,1390.0,False
Maharashtra,Sangli,Sangli,Tomato,Hybrid,FAQ,2026-05-21,1182.0,1420.0,1295.0,False
Maharashtra,Sangli,Sangli,Tomato,Hybrid,FAQ,2026-05-22,1292.0,1420.0,1364.0,False
Maharashtra,Sangli,Sangli,Tomato,Hybrid,FAQ,2026-05-23,1254.0,1443.0,1389.0,False
Maharashtra,Sangli,Sangli,Tomato,Hybrid,FAQ,2026-05-24,1177.0,1384.0,1300.0,False
Maharashtra,Sangli,Sangli,Tomato,Hybrid,FAQ,2026-05-25,1287.0,1467.0,1370.0,False
Maharashtra,Sangli,Sangli,Tomato,Hybrid,FAQ,2026-05-26,1316.0,1425.0,1367.0,False
Maharashtra,Sangli,Sangli,Tomato,Hybrid,FAQ,2026-05-27,1165.0,1337.0,1270.0,False
Maharashtra,Sangli,Sangli,Tomato,Hybrid,FAQ,2026-05-28,1363.0,1559.0,1443.0,False
Maharashtra,Sangli,Sangli,Tomato,Hybrid,FAQ,2026-05-29,1353.0,1559.0,1459.0,False
Maharashtra,Sangli,Sangli,Tomato,Hybrid,FAQ,2026-05-30,1487.0,1603.0,1544.0,False
Maharashtra,Sangli,Sangli,Tomato,Hybrid,FAQ,2026-05-31,1251.0,1484.0,1393.0,False
Maharashtra,Sangli,Sangli,Tomato,Hybrid,FAQ,2026-06-01,1425.0,1610.0,1489.0,False
Maharashtra,Sangli,Sangli,Tomato,Hybrid,FAQ,2026-06-02,1389.0,1649.0,1509.0,False
Maharashtra,Sangli,Sangli,Tomato,Hybrid,FAQ,2026-06-03,1213.0,1460.0,1342.0,False
Maharashtra,Sangli,Sangli,Tomato,Hybrid,FAQ,2026-06-04,1295.0,1425.0,1375.0,False
Maharashtra,Sangli,Sangli,Tomato,Hybrid,FAQ,2026-06-05,1311.0,1460.0,1388.0,False
Maharashtra,Sangli,Sangli,Tomato,Hybrid,FAQ,2026-06-06,1386.0,1547.0,1495.0,False
Maharashtra,Sangli,Sangli,Tomato,Hybrid,FAQ,2026-06-07,1502.0,1707.0,1625.0,False
Maharashtra,Sangli,Sangli,Tomato,Hybrid,FAQ,2026-06-08,1600.0,1747.0,1684.0,False
Maharashtra,Sangli,Sangli,Tomato,Hybrid,FAQ,2026-06-09,1800.0,1992.0,1859.0,False
Maharashtra,Sangli,Sangli,Tomato,Hybrid,FAQ,2026-06-10,1820.0,1970.0,1880.0,False
Maharashtra,Sangli,Sangli,Tomato,Hybrid,FAQ,2026-06-11,1815.0,2066.0,1938.0,False
Maharashtra,Sangli,Sangli,Tomato,Hybrid,FAQ,2026-06-12,1781.0,1907.0,1856.0,False
Maharashtra,Sangli,Sangli,Tomato,Hybrid,FAQ,2026-06-13,1874.0,2113.0,1978.0,False
Maharashtra,Sangli,Sangli,Tomato,Hybrid,FAQ,2026-06-14,1884.0,2044.0,1985.0,False
Maharashtra,Sangli,Sangli,Tomato,Hybrid,FAQ,2026-06-15,1930.0,2123.0,2035.0,False
Maharashtra,Sangli,Sangli,Tomato,Hybrid,FAQ,2026-06-16,1820.0,1953.0,1894.0,False
Maharashtra,Sangli,Sangli,Tomato,Hybrid,FAQ,2026-06-17,1948.0,2089.0,2029.0,False
Maharashtra,Sangli,Sangli,Tomato,Hybrid,FAQ,2026-06-18,2020.0,2307.0,2157.0,False
Maharashtra,Sangli,Sangli,Tomato,Hybrid,FAQ,2026-06-19,1825.0,2064.0,1933.0,False
Maharashtra,Sangli,Sangli,Tomato,Hybrid,FAQ,2026-06-20,1735.0,1942.0,1825.0,False
Maharashtra,Sangli,Sangli,Tomato,Hybrid,FAQ,2026-06-21,1610.0,1810.0,1728.0,False
Maharashtra,Sangli,Sangli,Tomato,Hybrid,FAQ,2026-06-22,1695.0,1866.0,1758.0,False
Maharashtra,Sangli,Sangli,Tomato,Hybrid,FAQ,2026-06-23,1555.0,1794.0,1674.0,False
Maharashtra,Sangli,Sangli,Tomato,Hybrid,FAQ,2026-06-24,1622.0,1845.0,1722.0,False
Maharashtra,Sangli,Sangli,Tomato,Hybrid,FAQ,2026-06-25,1642.0,1823.0,1754.0,False
Maharashtra,Sangli,Sangli,Tomato,Hybrid,FAQ,2026-06-26,1807.0,2012.0,1942.0,False
Maharashtra,Sangli,Sangli,Tomato,Hybrid,FAQ,2026-06-27,1788.0,1997.0,1851.0,False
Maharashtra,Sangli,Sangli,Tomato,Hybrid,FAQ,2026-06-28,1737.0,1950.0,1846.0,False
Maharashtra,Sangli,Sangli,Tomato,Hybrid,FAQ,2026-06-29,1698.0,1813.0,1757.0,False
Maharashtra,Sangli,Sangli,Tomato,Hybrid,FAQ,2026-06-30,1671.0,1848.0,1775.0,False
Maharashtra,Sangli,Sangli,Tomato,Hybrid,FAQ,2026-07-01,1580.0,1826.0,1694.0,False
Maharashtra,Sangli,Sangli,Tomato,Hybrid,FAQ,2026-07-02,1575.0,1769.0,1694.0,False
Maharashtra,Sangli,Sangli,Tomato,Hybrid,FAQ,2026-07-03,1560.0,1752.0,1641.0,False
Maharashtra,Sangli,Sangli,Tomato,Hybrid,FAQ,2026-07-04,1698.0,1898.0,1784.0,False
Maharashtra,Sangli,Sangli,Tomato,Hybrid,FAQ,2026-07-05,1738.0,1904.0,1835.0,False
Maharashtra,Sangli,Sangli,Tomato,Hybrid,FAQ,2026-07-06,1795.0,2022.0,1881.0,False
Maharashtra,Sangli,Sangli,Tomato,Hybrid,FAQ,2026-07-07,1990.0,2124.0,2042.0,False
Maharashtra,Sangli,Sangli,Tomato,Hybrid,FAQ,2026-07-08,1832.0,2040.0,1950.0,False
Maharashtra,Sangli,Sangli,Tomato,Hybrid,FAQ,2026-07-09,1935.0,2156.0,2061.0,False
Maharashtra,Sangli,Sangli,Tomato,Hybrid,FAQ,2026-07-10,2047.0,2184.0,2122.0,False
Maharashtra,Sangli,Sangli,Tomato,Hybrid,FAQ,2026-07-11,2001.0,2256.0,2109.0,False
Maharashtra,Satara,Satara,Tomato,Hybrid,FAQ,2025-12-24,1387.0,1530.0,1449.0,False
Maharashtra,Satara,Satara,Tomato,Hybrid,FAQ,2025-12-25,1287.0,1496.0,1430.0,False
Maharashtra,Satara,Satara,Tomato,Hybrid,FAQ,2025-12-26,1321.0,1564.0,1459.0,False
Maharashtra,Satara,Satara,Tomato,Hybrid,FAQ,2025-12-27,1505.0,1678.0,1608.0,False
Maharashtra,Satara,Satara,Tomato,Hybrid,FAQ,2025-12-28,1383.0,1593.0,1509.0,False
Maharashtra,Satara,Satara,Tomato,Hybrid,FAQ,2025-12-29,1231.0,1500.0,1376.0,False
Maharashtra,Satara,Satara,Tomato,Hybrid,FAQ,2025-12-30,1406.0,1537.0,1461.0,False
Maharashtra,Satara,Satara,Tomato,Hybrid,FAQ,2025-12-31,1386.0,1556.0,1483.0,False
Maharashtra,Satara,Satara,Tomato,Hybrid,FAQ,2026-01-01,1418.0,1594.0,1510.0,False
Maharashtra,Satara,Satara,Tomato,Hybrid,FAQ,2026-01-02,1380.0,1620.0,1526.0,False
Maharashtra,Satara,Satara,Tomato,Hybrid,FAQ,2026-01-03,1188.0,1436.0,1329.0,False
Maharashtra,Satara,Satara,Tomato,Hybrid,FAQ,2026-01-04,1188.0,1445.0,1314.0,False
Maharashtra,Satara,Satara,Tomato,Hybrid,FAQ,2026-01-05,1107.0,1328.0,1242.0,False
Maharashtra,Satara,Satara,Tomato,Hybrid,FAQ,2026-01-06,941.0,1214.0,1070.0,False
Maharashtra,Satara,Satara,Tomato,Hybrid,FAQ,2026-01-07,1065.0,1331.0,1196.0,False
Maharashtra,Satara,Satara,Tomato,Hybrid,FAQ,2026-01-08,1170.0,1315.0,1260.0,False
Maharashtra,Satara,Satara,Tomato,Hybrid,FAQ,2026-01-09,1315.0,1535.0,1410.0,False
Maharashtra,Satara,Satara,Tomato,Hybrid,FAQ,2026-01-10,1239.0,1438.0,1325.0,False
Maharashtra,Satara,Satara,Tomato,Hybrid,FAQ,2026-01-11,1273.0,1448.0,1378.0,False
Maharashtra,Satara,Satara,Tomato,Hybrid,FAQ,2026-01-12,1232.0,1436.0,1311.0,False
Maharashtra,Satara,Satara,Tomato,Hybrid,FAQ,2026-01-13,1029.0,1298.0,1176.0,False
Maharashtra,Satara,Satara,Tomato,Hybrid,FAQ,2026-01-14,1022.0,1261.0,1168.0,False
Maharashtra,Satara,Satara,Tomato,Hybrid,FAQ,2026-01-15,1151.0,1375.0,1254.0,False
Maharashtra,Satara,Satara,Tomato,Hybrid,FAQ,2026-01-16,1173.0,1343.0,1248.0,False
Maharashtra,Satara,Satara,Tomato,Hybrid,FAQ,2026-01-17,1175.0,1279.0,1225.0,False
Maharashtra,Satara,Satara,Tomato,Hybrid,FAQ,2026-01-18,1046.0,1268.0,1194.0,False
Maharashtra,Satara,Satara,Tomato,Hybrid,FAQ,2026-01-19,1176.0,1346.0,1281.0,False
Maharashtra,Satara,Satara,Tomato,Hybrid,FAQ,2026-01-20,1199.0,1432.0,1322.0,False
Maharashtra,Satara,Satara,Tomato,Hybrid,FAQ,2026-01-21,1254.0,1509.0,1402.0,False
Maharashtra,Satara,Satara,Tomato,Hybrid,FAQ,2026-01-22,1387.0,1586.0,1471.0,False
Maharashtra,Satara,Satara,Tomato,Hybrid,FAQ,2026-01-23,1307.0,1549.0,1439.0,False
Maharashtra,Satara,Satara,Tomato,Hybrid,FAQ,2026-01-24,1281.0,1467.0,1370.0,False
Maharashtra,Satara,Satara,Tomato,Hybrid,FAQ,2026-01-25,1196.0,1392.0,1333.0,False
Maharashtra,Satara,Satara,Tomato,Hybrid,FAQ,2026-01-26,1287.0,1550.0,1415.0,False
Maharashtra,Satara,Satara,Tomato,Hybrid,FAQ,2026-01-27,1323.0,1511.0,1390.0,False
Maharashtra,Satara,Satara,Tomato,Hybrid,FAQ,2026-01-28,1171.0,1389.0,1275.0,False
Maharashtra,Satara,Satara,Tomato,Hybrid,FAQ,2026-01-29,1168.0,1304.0,1222.0,False
Maharashtra,Satara,Satara,Tomato,Hybrid,FAQ,2026-01-30,1061.0,1303.0,1167.0,False
Maharashtra,Satara,Satara,Tomato,Hybrid,FAQ,2026-01-31,957.0,1224.0,1102.0,False
Maharashtra,Satara,Satara,Tomato,Hybrid,FAQ,2026-02-01,1129.0,1375.0,1272.0,False
Maharashtra,Satara,Satara,Tomato,Hybrid,FAQ,2026-02-02,1137.0,1320.0,1217.0,False
Maharashtra,Satara,Satara,Tomato,Hybrid,FAQ,2026-02-03,1144.0,1360.0,1250.0,False
Maharashtra,Satara,Satara,Tomato,Hybrid,FAQ,2026-02-04,1102.0,1361.0,1214.0,False
Maharashtra,Satara,Satara,Tomato,Hybrid,FAQ,2026-02-05,992.0,1257.0,1115.0,False
Maharashtra,Satara,Satara,Tomato,Hybrid,FAQ,2026-02-06,1091.0,1277.0,1160.0,False
Maharashtra,Satara,Satara,Tomato,Hybrid,FAQ,2026-02-07,1178.0,1400.0,1290.0,False
Maharashtra,Satara,Satara,Tomato,Hybrid,FAQ,2026-02-08,1491.0,1676.0,1574.0,False
Maharashtra,Satara,Satara,Tomato,Hybrid,FAQ,2026-02-09,1403.0,1604.0,1473.0,False
Maharashtra,Satara,Satara,Tomato,Hybrid,FAQ,2026-02-10,1552.0,1724.0,1646.0,False
Maharashtra,Satara,Satara,Tomato,Hybrid,FAQ,2026-02-11,1470.0,1661.0,1576.0,False
Maharashtra,Satara,Satara,Tomato,Hybrid,FAQ,2026-02-12,1267.0,1445.0,1391.0,False
Maharashtra,Satara,Satara,Tomato,Hybrid,FAQ,2026-02-13,1296.0,1477.0,1393.0,False
Maharashtra,Satara,Satara,Tomato,Hybrid,FAQ,2026-02-14,1442.0,1600.0,1541.0,False
Maharashtra,Satara,Satara,Tomato,Hybrid,FAQ,2026-02-15,1426.0,1675.0,1573.0,False
Maharashtra,Satara,Satara,Tomato,Hybrid,FAQ,2026-02-16,1352.0,1543.0,1450.0,False
Maharashtra,Satara,Satara,Tomato,Hybrid,FAQ,2026-02-17,1447.0,1565.0,1504.0,False
Maharashtra,Satara,Satara,Tomato,Hybrid,FAQ,2026-02-18,1391.0,1560.0,1460.0,False
Maharashtra,Satara,Satara,Tomato,Hybrid,FAQ,2026-02-19,1390.0,1573.0,1517.0,False
Maharashtra,Satara,Satara,Tomato,Hybrid,FAQ,2026-02-20,1374.0,1483.0,1428.0,False
Maharashtra,Satara,Satara,Tomato,Hybrid,FAQ,2026-02-21,1313.0,1508.0,1446.0,False
Maharashtra,Satara,Satara,Tomato,Hybrid,FAQ,2026-02-22,1305.0,1515.0,1439.0,False
Maharashtra,Satara,Satara,Tomato,Hybrid,FAQ,2026-02-23,1295.0,1441.0,1387.0,False
Maharashtra,Satara,Satara,Tomato,Hybrid,FAQ,2026-02-24,1475.0,1665.0,1582.0,False
Maharashtra,Satara,Satara,Tomato,Hybrid,FAQ,2026-02-25,1372.0,1515.0,1454.0,False
Maharashtra,Satara,Satara,Tomato,Hybrid,FAQ,2026-02-26,1257.0,1531.0,1384.0,False
Maharashtra,Satara,Satara,Tomato,Hybrid,FAQ,2026-02-27,1213.0,1497.0,1360.0,False
Maharashtra,Satara,Satara,Tomato,Hybrid,FAQ,2026-02-28,1425.0,1617.0,1504.0,False
Maharashtra,Satara,Satara,Tomato,Hybrid,FAQ,2026-03-01,1480.0,1674.0,1576.0,False
Maharashtra,Satara,Satara,Tomato,Hybrid,FAQ,2026-03-02,1422.0,1646.0,1504.0,False
Maharashtra,Satara,Satara,Tomato,Hybrid,FAQ,2026-03-03,1534.0,1689.0,1590.0,False
Maharashtra,Satara,Satara,Tomato,Hybrid,FAQ,2026-03-04,1503.0,1683.0,1608.0,False
Maharashtra,Satara,Satara,Tomato,Hybrid,FAQ,2026-03-05,1593.0,1812.0,1677.0,False
Maharashtra,Satara,Satara,Tomato,Hybrid,FAQ,2026-03-06,1680.0,1792.0,1740.0,False
Maharashtra,Satara,Satara,Tomato,Hybrid,FAQ,2026-03-07,1847.0,2081.0,1993.0,False
Maharashtra,Satara,Satara,Tomato,Hybrid,FAQ,2026-03-08,1809.0,2070.0,1927.0,False
Maharashtra,Satara,Satara,Tomato,Hybrid,FAQ,2026-03-09,1835.0,2006.0,1943.0,False
Maharashtra,Satara,Satara,Tomato,Hybrid,FAQ,2026-03-10,1984.0,2213.0,2075.0,False
Maharashtra,Satara,Satara,Tomato,Hybrid,FAQ,2026-03-11,2000.0,2255.0,2115.0,False
Maharashtra,Satara,Satara,Tomato,Hybrid,FAQ,2026-03-12,1949.0,2100.0,2030.0,False
Maharashtra,Satara,Satara,Tomato,Hybrid,FAQ,2026-03-13,1917.0,2184.0,2058.0,False
Maharashtra,Satara,Satara,Tomato,Hybrid,FAQ,2026-03-14,1883.0,2077.0,1951.0,False
Maharashtra,Satara,Satara,Tomato,Hybrid,FAQ,2026-03-15,1949.0,2119.0,2046.0,False
Maharashtra,Satara,Satara,Tomato,Hybrid,FAQ,2026-03-16,1923.0,2103.0,2006.0,False
Maharashtra,Satara,Satara,Tomato,Hybrid,FAQ,2026-03-17,1951.0,2164.0,2016.0,False
Maharashtra,Satara,Satara,Tomato,Hybrid,FAQ,2026-03-18,1911.0,2108.0,1981.0,False
Maharashtra,Satara,Satara,Tomato,Hybrid,FAQ,2026-03-19,1861.0,2061.0,1954.0,False
Maharashtra,Satara,Satara,Tomato,Hybrid,FAQ,2026-03-20,1933.0,2131.0,2072.0,False
Maharashtra,Satara,Satara,Tomato,Hybrid,FAQ,2026-03-21,1948.0,2193.0,2052.0,False
Maharashtra,Satara,Satara,Tomato,Hybrid,FAQ,2026-03-22,2091.0,2298.0,2154.0,False
Maharashtra,Satara,Satara,Tomato,Hybrid,FAQ,2026-03-23,1994.0,2263.0,2119.0,False
Maharashtra,Satara,Satara,Tomato,Hybrid,FAQ,2026-03-24,1876.0,2098.0,2020.0,False
Maharashtra,Satara,Satara,Tomato,Hybrid,FAQ,2026-03-25,2065.0,2268.0,2148.0,False
Maharashtra,Satara,Satara,Tomato,Hybrid,FAQ,2026-03-26,2078.0,2258.0,2202.0,False
Maharashtra,Satara,Satara,Tomato,Hybrid,FAQ,2026-03-27,2060.0,2227.0,2149.0,False
Maharashtra,Satara,Satara,Tomato,Hybrid,FAQ,2026-03-28,2122.0,2358.0,2270.0,False
Maharashtra,Satara,Satara,Tomato,Hybrid,FAQ,2026-03-30,2187.0,2404.0,2332.0,False
Maharashtra,Satara,Satara,Tomato,Hybrid,FAQ,2026-03-31,2270.0,2479.0,2353.0,False
Maharashtra,Satara,Satara,Tomato,Hybrid,FAQ,2026-04-01,2399.0,2617.0,2493.0,False
Maharashtra,Satara,Satara,Tomato,Hybrid,FAQ,2026-04-02,2282.0,2411.0,2355.0,False
Maharashtra,Satara,Satara,Tomato,Hybrid,FAQ,2026-04-03,2267.0,2419.0,2334.0,False
Maharashtra,Satara,Satara,Tomato,Hybrid,FAQ,2026-04-04,2074.0,2220.0,2164.0,False
Maharashtra,Satara,Satara,Tomato,Hybrid,FAQ,2026-04-05,2185.0,2360.0,2250.0,False
Maharashtra,Satara,Satara,Tomato,Hybrid,FAQ,2026-04-06,2152.0,2360.0,2268.0,False
Maharashtra,Satara,Satara,Tomato,Hybrid,FAQ,2026-04-07,2102.0,2253.0,2202.0,False
Maharashtra,Satara,Satara,Tomato,Hybrid,FAQ,2026-04-08,2232.0,2467.0,2351.0,False
Maharashtra,Satara,Satara,Tomato,Hybrid,FAQ,2026-04-09,2193.0,2433.0,2341.0,False
Maharashtra,Satara,Satara,Tomato,Hybrid,FAQ,2026-04-10,2206.0,2447.0,2306.0,False
Maharashtra,Satara,Satara,Tomato,Hybrid,FAQ,2026-04-11,2232.0,2498.0,2362.0,False
Maharashtra,Satara,Satara,Tomato,Hybrid,FAQ,2026-04-12,2414.0,2608.0,2510.0,False
Maharashtra,Satara,Satara,Tomato,Hybrid,FAQ,2026-04-13,2424.0,2602.0,2544.0,False
Maharashtra,Satara,Satara,Tomato,Hybrid,FAQ,2026-04-14,2400.0,2634.0,2536.0,False
Maharashtra,Satara,Satara,Tomato,Hybrid,FAQ,2026-04-15,2452.0,2682.0,2544.0,False
Maharashtra,Satara,Satara,Tomato,Hybrid,FAQ,2026-04-16,2406.0,2609.0,2476.0,False
Maharashtra,Satara,Satara,Tomato,Hybrid,FAQ,2026-04-17,2271.0,2519.0,2418.0,False
Maharashtra,Satara,Satara,Tomato,Hybrid,FAQ,2026-04-18,2347.0,2523.0,2426.0,False
Maharashtra,Satara,Satara,Tomato,Hybrid,FAQ,2026-04-19,2318.0,2450.0,2387.0,False
Maharashtra,Satara,Satara,Tomato,Hybrid,FAQ,2026-04-20,2378.0,2586.0,2458.0,False
Maharashtra,Satara,Satara,Tomato,Hybrid,FAQ,2026-04-21,2252.0,2402.0,2319.0,False
Maharashtra,Satara,Satara,Tomato,Hybrid,FAQ,2026-04-22,2161.0,2389.0,2305.0,False
Maharashtra,Satara,Satara,Tomato,Hybrid,FAQ,2026-04-23,2236.0,2443.0,2304.0,False
Maharashtra,Satara,Satara,Tomato,Hybrid,FAQ,2026-04-24,2236.0,2453.0,2332.0,False
Maharashtra,Satara,Satara,Tomato,Hybrid,FAQ,2026-04-25,2279.0,2425.0,2357.0,False
Maharashtra,Satara,Satara,Tomato,Hybrid,FAQ,2026-04-27,2171.0,2379.0,2268.0,False
Maharashtra,Satara,Satara,Tomato,Hybrid,FAQ,2026-04-28,2207.0,2353.0,2300.0,False
Maharashtra,Satara,Satara,Tomato,Hybrid,FAQ,2026-04-29,2243.0,2440.0,2336.0,False
Maharashtra,Satara,Satara,Tomato,Hybrid,FAQ,2026-04-30,2261.0,2448.0,2359.0,False
Maharashtra,Satara,Satara,Tomato,Hybrid,FAQ,2026-05-01,2315.0,2604.0,2458.0,False
Maharashtra,Satara,Satara,Tomato,Hybrid,FAQ,2026-05-02,2216.0,2412.0,2317.0,False
Maharashtra,Satara,Satara,Tomato,Hybrid,FAQ,2026-05-03,2261.0,2417.0,2339.0,False
Maharashtra,Satara,Satara,Tomato,Hybrid,FAQ,2026-05-04,2151.0,2391.0,2241.0,False
Maharashtra,Satara,Satara,Tomato,Hybrid,FAQ,2026-05-05,2193.0,2316.0,2251.0,False
Maharashtra,Satara,Satara,Tomato,Hybrid,FAQ,2026-05-06,2101.0,2296.0,2195.0,False
Maharashtra,Satara,Satara,Tomato,Hybrid,FAQ,2026-05-07,2059.0,2198.0,2118.0,False
Maharashtra,Satara,Satara,Tomato,Hybrid,FAQ,2026-05-08,1869.0,2160.0,2016.0,False
Maharashtra,Satara,Satara,Tomato,Hybrid,FAQ,2026-05-09,1947.0,2139.0,2088.0,False
Maharashtra,Satara,Satara,Tomato,Hybrid,FAQ,2026-05-10,1790.0,2066.0,1921.0,False
Maharashtra,Satara,Satara,Tomato,Hybrid,FAQ,2026-05-11,1874.0,2001.0,1925.0,False
Maharashtra,Satara,Satara,Tomato,Hybrid,FAQ,2026-05-12,1880.0,2094.0,1975.0,False
Maharashtra,Satara,Satara,Tomato,Hybrid,FAQ,2026-05-13,1901.0,2095.0,2004.0,False
Maharashtra,Satara,Satara,Tomato,Hybrid,FAQ,2026-05-14,1775.0,1990.0,1842.0,False
Maharashtra,Satara,Satara,Tomato,Hybrid,FAQ,2026-05-15,1731.0,1914.0,1841.0,False
Maharashtra,Satara,Satara,Tomato,Hybrid,FAQ,2026-05-16,1843.0,2066.0,1947.0,False
Maharashtra,Satara,Satara,Tomato,Hybrid,FAQ,2026-05-17,1861.0,2059.0,1972.0,False
Maharashtra,Satara,Satara,Tomato,Hybrid,FAQ,2026-05-18,1846.0,2040.0,1973.0,False
Maharashtra,Satara,Satara,Tomato,Hybrid,FAQ,2026-05-19,1739.0,1960.0,1832.0,False
Maharashtra,Satara,Satara,Tomato,Hybrid,FAQ,2026-05-20,1628.0,1855.0,1726.0,False
Maharashtra,Satara,Satara,Tomato,Hybrid,FAQ,2026-05-21,1429.0,1634.0,1560.0,False
Maharashtra,Satara,Satara,Tomato,Hybrid,FAQ,2026-05-22,1569.0,1741.0,1641.0,False
Maharashtra,Satara,Satara,Tomato,Hybrid,FAQ,2026-05-23,1561.0,1803.0,1656.0,False
Maharashtra,Satara,Satara,Tomato,Hybrid,FAQ,2026-05-24,1746.0,1989.0,1853.0,False
Maharashtra,Satara,Satara,Tomato,Hybrid,FAQ,2026-05-25,1735.0,1980.0,1872.0,False
Maharashtra,Satara,Satara,Tomato,Hybrid,FAQ,2026-05-26,1652.0,1861.0,1774.0,False
Maharashtra,Satara,Satara,Tomato,Hybrid,FAQ,2026-05-27,1677.0,1903.0,1766.0,False
Maharashtra,Satara,Satara,Tomato,Hybrid,FAQ,2026-05-28,1612.0,1833.0,1686.0,False
Maharashtra,Satara,Satara,Tomato,Hybrid,FAQ,2026-05-29,1607.0,1848.0,1754.0,False
Maharashtra,Satara,Satara,Tomato,Hybrid,FAQ,2026-05-30,1646.0,1831.0,1728.0,False
Maharashtra,Satara,Satara,Tomato,Hybrid,FAQ,2026-05-31,1503.0,1682.0,1627.0,False
Maharashtra,Satara,Satara,Tomato,Hybrid,FAQ,2026-06-01,1655.0,1799.0,1710.0,False
Maharashtra,Satara,Satara,Tomato,Hybrid,FAQ,2026-06-02,1489.0,1670.0,1588.0,False
Maharashtra,Satara,Satara,Tomato,Hybrid,FAQ,2026-06-03,1422.0,1572.0,1491.0,False
Maharashtra,Satara,Satara,Tomato,Hybrid,FAQ,2026-06-04,1391.0,1593.0,1485.0,False
Maharashtra,Satara,Satara,Tomato,Hybrid,FAQ,2026-06-05,1370.0,1592.0,1518.0,False
Maharashtra,Satara,Satara,Tomato,Hybrid,FAQ,2026-06-06,1511.0,1681.0,1622.0,False
Maharashtra,Satara,Satara,Tomato,Hybrid,FAQ,2026-06-07,1592.0,1766.0,1710.0,False
Maharashtra,Satara,Satara,Tomato,Hybrid,FAQ,2026-06-08,1774.0,1979.0,1845.0,False
Maharashtra,Satara,Satara,Tomato,Hybrid,FAQ,2026-06-09,1847.0,2034.0,1900.0,False
Maharashtra,Satara,Satara,Tomato,Hybrid,FAQ,2026-06-10,1703.0,1911.0,1766.0,False
Maharashtra,Satara,Satara,Tomato,Hybrid,FAQ,2026-06-11,1691.0,1818.0,1748.0,False
Maharashtra,Satara,Satara,Tomato,Hybrid,FAQ,2026-06-12,1752.0,1919.0,1856.0,False
Maharashtra,Satara,Satara,Tomato,Hybrid,FAQ,2026-06-13,1640.0,1793.0,1719.0,False
Maharashtra,Satara,Satara,Tomato,Hybrid,FAQ,2026-06-14,1561.0,1753.0,1681.0,False
Maharashtra,Satara,Satara,Tomato,Hybrid,FAQ,2026-06-16,1444.0,1583.0,1501.0,False
Maharashtra,Satara,Satara,Tomato,Hybrid,FAQ,2026-06-17,1490.0,1668.0,1567.0,False
Maharashtra,Satara,Satara,Tomato,Hybrid,FAQ,2026-06-18,1477.0,1697.0,1611.0,False
Maharashtra,Satara,Satara,Tomato,Hybrid,FAQ,2026-06-19,1527.0,1727.0,1646.0,False
Maharashtra,Satara,Satara,Tomato,Hybrid,FAQ,2026-06-20,1609.0,1751.0,1660.0,False
Maharashtra,Satara,Satara,Tomato,Hybrid,FAQ,2026-06-21,1547.0,1749.0,1630.0,False
Maharashtra,Satara,Satara,Tomato,Hybrid,FAQ,2026-06-22,1430.0,1640.0,1561.0,False
Maharashtra,Satara,Satara,Tomato,Hybrid,FAQ,2026-06-24,1604.0,1857.0,1715.0,False
Maharashtra,Satara,Satara,Tomato,Hybrid,FAQ,2026-06-25,1546.0,1737.0,1612.0,False
Maharashtra,Satara,Satara,Tomato,Hybrid,FAQ,2026-06-26,1365.0,1545.0,1462.0,False
Maharashtra,Satara,Satara,Tomato,Hybrid,FAQ,2026-06-27,1399.0,1646.0,1507.0,False
Maharashtra,Satara,Satara,Tomato,Hybrid,FAQ,2026-06-28,1581.0,1738.0,1683.0,False
Maharashtra,Satara,Satara,Tomato,Hybrid,FAQ,2026-06-29,1702.0,1874.0,1775.0,False
Maharashtra,Satara,Satara,Tomato,Hybrid,FAQ,2026-06-30,1590.0,1772.0,1690.0,False
Maharashtra,Satara,Satara,Tomato,Hybrid,FAQ,2026-07-01,1564.0,1736.0,1640.0,False
Maharashtra,Satara,Satara,Tomato,Hybrid,FAQ,2026-07-02,1615.0,1804.0,1676.0,False
Maharashtra,Satara,Satara,Tomato,Hybrid,FAQ,2026-07-03,1610.0,1868.0,1741.0,False
Maharashtra,Satara,Satara,Tomato,Hybrid,FAQ,2026-07-04,1635.0,1876.0,1768.0,False
Maharashtra,Satara,Satara,Tomato,Hybrid,FAQ,2026-07-05,1579.0,1790.0,1694.0,False
Maharashtra,Satara,Satara,Tomato,Hybrid,FAQ,2026-07-06,1533.0,1705.0,1647.0,False
Maharashtra,Satara,Satara,Tomato,Hybrid,FAQ,2026-07-07,1556.0,1729.0,1650.0,False
Maharashtra,Satara,Satara,Tomato,Hybrid,FAQ,2026-07-08,1433.0,1682.0,1552.0,False
Maharashtra,Satara,Satara,Tomato,Hybrid,FAQ,2026-07-09,1498.0,1624.0,1564.0,False
Maharashtra,Satara,Satara,Tomato,Hybrid,FAQ,2026-07-10,1289.0,1465.0,1350.0,False
Maharashtra,Satara,Satara,Tomato,Hybrid,FAQ,2026-07-11,1397.0,1667.0,1534.0,False
Maharashtra,Kolhapur,Kolhapur,Wheat,Lokwan,FAQ,2025-06-07,2243.0,2381.0,2322.0,False
Maharashtra,Kolhapur,Kolhapur,Wheat,Lokwan,FAQ,2025-06-08,2178.0,2410.0,2322.0,False
Maharashtra,Kolhapur,Kolhapur,Wheat,Lokwan,FAQ,2025-06-09,2268.0,2472.0,2350.0,False
Maharashtra,Kolhapur,Kolhapur,Wheat,Lokwan,FAQ,2025-06-10,2293.0,2436.0,2357.0,False
Maharashtra,Kolhapur,Kolhapur,Wheat,Lokwan,FAQ,2025-06-11,2291.0,2485.0,2363.0,False
Maharashtra,Kolhapur,Kolhapur,Wheat,Lokwan,FAQ,2025-06-12,2212.0,2459.0,2356.0,False
Maharashtra,Kolhapur,Kolhapur,Wheat,Lokwan,FAQ,2025-06-13,2232.0,2413.0,2315.0,False
Maharashtra,Kolhapur,Kolhapur,Wheat,Lokwan,FAQ,2025-06-14,2247.0,2506.0,2357.0,False
Maharashtra,Kolhapur,Kolhapur,Wheat,Lokwan,FAQ,2025-06-15,2240.0,2496.0,2356.0,False
Maharashtra,Kolhapur,Kolhapur,Wheat,Lokwan,FAQ,2025-06-16,2287.0,2522.0,2376.0,False
Maharashtra,Kolhapur,Kolhapur,Wheat,Lokwan,FAQ,2025-06-17,2290.0,2556.0,2411.0,False
Maharashtra,Kolhapur,Kolhapur,Wheat,Lokwan,FAQ,2025-06-18,2308.0,2507.0,2382.0,False
Maharashtra,Kolhapur,Kolhapur,Wheat,Lokwan,FAQ,2025-06-19,2219.0,2452.0,2347.0,False
Maharashtra,Kolhapur,Kolhapur,Wheat,Lokwan,FAQ,2025-06-20,2234.0,2432.0,2350.0,False
Maharashtra,Kolhapur,Kolhapur,Wheat,Lokwan,FAQ,2025-06-21,2307.0,2467.0,2397.0,False
Maharashtra,Kolhapur,Kolhapur,Wheat,Lokwan,FAQ,2025-06-22,2244.0,2491.0,2390.0,False
Maharashtra,Kolhapur,Kolhapur,Wheat,Lokwan,FAQ,2025-06-23,2292.0,2469.0,2378.0,False
Maharashtra,Kolhapur,Kolhapur,Wheat,Lokwan,FAQ,2025-06-24,2318.0,2513.0,2409.0,False
Maharashtra,Kolhapur,Kolhapur,Wheat,Lokwan,FAQ,2025-06-25,2342.0,2505.0,2405.0,False
Maharashtra,Kolhapur,Kolhapur,Wheat,Lokwan,FAQ,2025-06-26,2400.0,2530.0,2467.0,False
Maharashtra,Kolhapur,Kolhapur,Wheat,Lokwan,FAQ,2025-06-27,2354.0,2560.0,2470.0,False
Maharashtra,Kolhapur,Kolhapur,Wheat,Lokwan,FAQ,2025-06-28,2343.0,2598.0,2484.0,False
Maharashtra,Kolhapur,Kolhapur,Wheat,Lokwan,FAQ,2025-06-29,2325.0,2603.0,2471.0,False
Maharashtra,Kolhapur,Kolhapur,Wheat,Lokwan,FAQ,2025-06-30,2362.0,2564.0,2497.0,False
Maharashtra,Kolhapur,Kolhapur,Wheat,Lokwan,FAQ,2025-07-01,2401.0,2614.0,2478.0,False
Maharashtra,Kolhapur,Kolhapur,Wheat,Lokwan,FAQ,2025-07-02,2405.0,2516.0,2458.0,False
Maharashtra,Kolhapur,Kolhapur,Wheat,Lokwan,FAQ,2025-07-03,2368.0,2571.0,2441.0,False
Maharashtra,Kolhapur,Kolhapur,Wheat,Lokwan,FAQ,2025-07-04,2322.0,2479.0,2428.0,False
Maharashtra,Kolhapur,Kolhapur,Wheat,Lokwan,FAQ,2025-07-05,2329.0,2508.0,2390.0,False
Maharashtra,Kolhapur,Kolhapur,Wheat,Lokwan,FAQ,2025-07-06,2240.0,2482.0,2360.0,False
Maharashtra,Kolhapur,Kolhapur,Wheat,Lokwan,FAQ,2025-07-07,2230.0,2469.0,2375.0,False
Maharashtra,Kolhapur,Kolhapur,Wheat,Lokwan,FAQ,2025-07-08,2301.0,2509.0,2411.0,False
Maharashtra,Kolhapur,Kolhapur,Wheat,Lokwan,FAQ,2025-07-09,2322.0,2559.0,2451.0,False
Maharashtra,Kolhapur,Kolhapur,Wheat,Lokwan,FAQ,2025-07-10,2310.0,2595.0,2451.0,False
Maharashtra,Kolhapur,Kolhapur,Wheat,Lokwan,FAQ,2025-07-11,2396.0,2531.0,2448.0,False
Maharashtra,Kolhapur,Kolhapur,Wheat,Lokwan,FAQ,2025-07-12,2331.0,2576.0,2435.0,False
Maharashtra,Kolhapur,Kolhapur,Wheat,Lokwan,FAQ,2025-07-13,2336.0,2516.0,2439.0,False
Maharashtra,Kolhapur,Kolhapur,Wheat,Lokwan,FAQ,2025-07-14,2282.0,2565.0,2422.0,False
Maharashtra,Kolhapur,Kolhapur,Wheat,Lokwan,FAQ,2025-07-15,2352.0,2564.0,2440.0,False
Maharashtra,Kolhapur,Kolhapur,Wheat,Lokwan,FAQ,2025-07-16,2338.0,2498.0,2436.0,False
Maharashtra,Kolhapur,Kolhapur,Wheat,Lokwan,FAQ,2025-07-17,2311.0,2521.0,2434.0,False
Maharashtra,Kolhapur,Kolhapur,Wheat,Lokwan,FAQ,2025-07-18,2397.0,2509.0,2449.0,False
Maharashtra,Kolhapur,Kolhapur,Wheat,Lokwan,FAQ,2025-07-19,2406.0,2609.0,2489.0,False
Maharashtra,Kolhapur,Kolhapur,Wheat,Lokwan,FAQ,2025-07-20,2368.0,2608.0,2488.0,False
Maharashtra,Kolhapur,Kolhapur,Wheat,Lokwan,FAQ,2025-07-21,2406.0,2600.0,2505.0,False
Maharashtra,Kolhapur,Kolhapur,Wheat,Lokwan,FAQ,2025-07-22,2435.0,2586.0,2505.0,False
Maharashtra,Kolhapur,Kolhapur,Wheat,Lokwan,FAQ,2025-07-23,2432.0,2587.0,2507.0,False
Maharashtra,Kolhapur,Kolhapur,Wheat,Lokwan,FAQ,2025-07-24,2372.0,2582.0,2499.0,False
Maharashtra,Kolhapur,Kolhapur,Wheat,Lokwan,FAQ,2025-07-25,2359.0,2549.0,2486.0,False
Maharashtra,Kolhapur,Kolhapur,Wheat,Lokwan,FAQ,2025-07-26,2380.0,2576.0,2475.0,False
Maharashtra,Kolhapur,Kolhapur,Wheat,Lokwan,FAQ,2025-07-27,2365.0,2550.0,2496.0,False
Maharashtra,Kolhapur,Kolhapur,Wheat,Lokwan,FAQ,2025-07-28,2445.0,2603.0,2525.0,False
Maharashtra,Kolhapur,Kolhapur,Wheat,Lokwan,FAQ,2025-07-29,2435.0,2618.0,2516.0,False
Maharashtra,Kolhapur,Kolhapur,Wheat,Lokwan,FAQ,2025-07-30,2384.0,2588.0,2500.0,False
Maharashtra,Kolhapur,Kolhapur,Wheat,Lokwan,FAQ,2025-07-31,2403.0,2586.0,2482.0,False
Maharashtra,Kolhapur,Kolhapur,Wheat,Lokwan,FAQ,2025-08-01,2455.0,2565.0,2507.0,False
Maharashtra,Kolhapur,Kolhapur,Wheat,Lokwan,FAQ,2025-08-02,2397.0,2578.0,2519.0,False
Maharashtra,Kolhapur,Kolhapur,Wheat,Lokwan,FAQ,2025-08-04,2451.0,2613.0,2541.0,False
Maharashtra,Kolhapur,Kolhapur,Wheat,Lokwan,FAQ,2025-08-05,2448.0,2654.0,2549.0,False
Maharashtra,Kolhapur,Kolhapur,Wheat,Lokwan,FAQ,2025-08-06,2451.0,2736.0,2596.0,False
Maharashtra,Kolhapur,Kolhapur,Wheat,Lokwan,FAQ,2025-08-07,2486.0,2754.0,2624.0,False
Maharashtra,Kolhapur,Kolhapur,Wheat,Lokwan,FAQ,2025-08-08,2488.0,2724.0,2623.0,False
Maharashtra,Kolhapur,Kolhapur,Wheat,Lokwan,FAQ,2025-08-09,2464.0,2653.0,2589.0,False
Maharashtra,Kolhapur,Kolhapur,Wheat,Lokwan,FAQ,2025-08-10,2540.0,2691.0,2606.0,False
Maharashtra,Kolhapur,Kolhapur,Wheat,Lokwan,FAQ,2025-08-11,2511.0,2672.0,2587.0,False
Maharashtra,Kolhapur,Kolhapur,Wheat,Lokwan,FAQ,2025-08-12,2463.0,2629.0,2569.0,False
Maharashtra,Kolhapur,Kolhapur,Wheat,Lokwan,FAQ,2025-08-13,2467.0,2685.0,2598.0,False
Maharashtra,Kolhapur,Kolhapur,Wheat,Lokwan,FAQ,2025-08-14,2553.0,2762.0,2624.0,False
Maharashtra,Kolhapur,Kolhapur,Wheat,Lokwan,FAQ,2025-08-16,2542.0,2757.0,2626.0,False
Maharashtra,Kolhapur,Kolhapur,Wheat,Lokwan,FAQ,2025-08-17,2519.0,2766.0,2639.0,False
Maharashtra,Kolhapur,Kolhapur,Wheat,Lokwan,FAQ,2025-08-18,2585.0,2745.0,2674.0,False
Maharashtra,Kolhapur,Kolhapur,Wheat,Lokwan,FAQ,2025-08-19,2552.0,2813.0,2665.0,False
Maharashtra,Kolhapur,Kolhapur,Wheat,Lokwan,FAQ,2025-08-20,2540.0,2761.0,2657.0,False
Maharashtra,Kolhapur,Kolhapur,Wheat,Lokwan,FAQ,2025-08-21,2485.0,2745.0,2619.0,False
Maharashtra,Kolhapur,Kolhapur,Wheat,Lokwan,FAQ,2025-08-22,2515.0,2766.0,2630.0,False
Maharashtra,Kolhapur,Kolhapur,Wheat,Lokwan,FAQ,2025-08-23,2577.0,2723.0,2638.0,False
Maharashtra,Kolhapur,Kolhapur,Wheat,Lokwan,FAQ,2025-08-24,2575.0,2762.0,2633.0,False
Maharashtra,Kolhapur,Kolhapur,Wheat,Lokwan,FAQ,2025-08-26,2546.0,2781.0,2648.0,False
Maharashtra,Kolhapur,Kolhapur,Wheat,Lokwan,FAQ,2025-08-27,2573.0,2734.0,2665.0,False
Maharashtra,Kolhapur,Kolhapur,Wheat,Lokwan,FAQ,2025-08-28,2563.0,2797.0,2666.0,False
Maharashtra,Kolhapur,Kolhapur,Wheat,Lokwan,FAQ,2025-08-29,2500.0,2737.0,2629.0,False
Maharashtra,Kolhapur,Kolhapur,Wheat,Lokwan,FAQ,2025-08-30,2561.0,2753.0,2616.0,False
Maharashtra,Kolhapur,Kolhapur,Wheat,Lokwan,FAQ,2025-08-31,2570.0,2703.0,2628.0,False
Maharashtra,Kolhapur,Kolhapur,Wheat,Lokwan,FAQ,2025-09-01,2474.0,2692.0,2612.0,False
Maharashtra,Kolhapur,Kolhapur,Wheat,Lokwan,FAQ,2025-09-02,2595.0,2726.0,2646.0,False
Maharashtra,Kolhapur,Kolhapur,Wheat,Lokwan,FAQ,2025-09-04,2491.0,2709.0,2632.0,False
Maharashtra,Kolhapur,Kolhapur,Wheat,Lokwan,FAQ,2025-09-05,2532.0,2827.0,2677.0,False
Maharashtra,Kolhapur,Kolhapur,Wheat,Lokwan,FAQ,2025-09-06,2568.0,2765.0,2642.0,False
Maharashtra,Kolhapur,Kolhapur,Wheat,Lokwan,FAQ,2025-09-07,2543.0,2694.0,2642.0,False
Maharashtra,Kolhapur,Kolhapur,Wheat,Lokwan,FAQ,2025-09-08,2518.0,2716.0,2637.0,False
Maharashtra,Kolhapur,Kolhapur,Wheat,Lokwan,FAQ,2025-09-09,2534.0,2692.0,2601.0,False
Maharashtra,Kolhapur,Kolhapur,Wheat,Lokwan,FAQ,2025-09-10,2539.0,2715.0,2612.0,False
Maharashtra,Kolhapur,Kolhapur,Wheat,Lokwan,FAQ,2025-09-11,2547.0,2730.0,2613.0,False
Maharashtra,Kolhapur,Kolhapur,Wheat,Lokwan,FAQ,2025-09-12,2459.0,2645.0,2584.0,False
Maharashtra,Kolhapur,Kolhapur,Wheat,Lokwan,FAQ,2025-09-13,2459.0,2645.0,2569.0,False
Maharashtra,Kolhapur,Kolhapur,Wheat,Lokwan,FAQ,2025-09-14,2464.0,2669.0,2567.0,False
Maharashtra,Kolhapur,Kolhapur,Wheat,Lokwan,FAQ,2025-09-15,2461.0,2659.0,2569.0,False
Maharashtra,Kolhapur,Kolhapur,Wheat,Lokwan,FAQ,2025-09-17,2508.0,2734.0,2601.0,False
Maharashtra,Kolhapur,Kolhapur,Wheat,Lokwan,FAQ,2025-09-18,2459.0,2660.0,2591.0,False
Maharashtra,Kolhapur,Kolhapur,Wheat,Lokwan,FAQ,2025-09-19,2490.0,2650.0,2570.0,False
Maharashtra,Kolhapur,Kolhapur,Wheat,Lokwan,FAQ,2025-09-20,2467.0,2663.0,2590.0,False
Maharashtra,Kolhapur,Kolhapur,Wheat,Lokwan,FAQ,2025-09-21,2480.0,2632.0,2578.0,False
Maharashtra,Kolhapur,Kolhapur,Wheat,Lokwan,FAQ,2025-09-22,2404.0,2673.0,2551.0,False
Maharashtra,Kolhapur,Kolhapur,Wheat,Lokwan,FAQ,2025-09-23,2432.0,2640.0,2527.0,False
Maharashtra,Kolhapur,Kolhapur,Wheat,Lokwan,FAQ,2025-09-24,2439.0,2573.0,2504.0,False
Maharashtra,Kolhapur,Kolhapur,Wheat,Lokwan,FAQ,2025-09-25,2408.0,2633.0,2496.0,False
Maharashtra,Kolhapur,Kolhapur,Wheat,Lokwan,FAQ,2025-09-26,2392.0,2592.0,2508.0,False
Maharashtra,Kolhapur,Kolhapur,Wheat,Lokwan,FAQ,2025-09-27,2375.0,2651.0,2506.0,False
Maharashtra,Kolhapur,Kolhapur,Wheat,Lokwan,FAQ,2025-09-28,2398.0,2682.0,2541.0,False
Maharashtra,Kolhapur,Kolhapur,Wheat,Lokwan,FAQ,2025-09-29,2399.0,2615.0,2496.0,False
Maharashtra,Kolhapur,Kolhapur,Wheat,Lokwan,FAQ,2025-09-30,2362.0,2571.0,2500.0,False
Maharashtra,Kolhapur,Kolhapur,Wheat,Lokwan,FAQ,2025-10-01,2428.0,2568.0,2489.0,False
Maharashtra,Kolhapur,Kolhapur,Wheat,Lokwan,FAQ,2025-10-02,2371.0,2612.0,2482.0,False
Maharashtra,Kolhapur,Kolhapur,Wheat,Lokwan,FAQ,2025-10-03,2436.0,2556.0,2487.0,False
Maharashtra,Kolhapur,Kolhapur,Wheat,Lokwan,FAQ,2025-10-04,2444.0,2590.0,2504.0,False
Maharashtra,Pune,Pune,Wheat,Lokwan,FAQ,2025-06-07,2312.0,2482.0,2402.0,True
Maharashtra,Pune,Pune,Wheat,Lokwan,FAQ,2025-06-08,2257.0,2519.0,2394.0,True
Maharashtra,Pune,Pune,Wheat,Lokwan,FAQ,2025-06-10,2346.0,2511.0,2417.0,True
Maharashtra,Pune,Pune,Wheat,Lokwan,FAQ,2025-06-11,2291.0,2527.0,2415.0,True
Maharashtra,Pune,Pune,Wheat,Lokwan,FAQ,2025-06-12,2307.0,2530.0,2437.0,False
Maharashtra,Pune,Pune,Wheat,Lokwan,FAQ,2025-06-13,2289.0,2532.0,2433.0,True
Maharashtra,Pune,Pune,Wheat,Lokwan,FAQ,2025-06-14,2367.0,2592.0,2463.0,False
Maharashtra,Pune,Pune,Wheat,Lokwan,FAQ,2025-06-15,2399.0,2564.0,2467.0,False
Maharashtra,Pune,Pune,Wheat,Lokwan,FAQ,2025-06-16,2346.0,2618.0,2493.0,False
Maharashtra,Pune,Pune,Wheat,Lokwan,FAQ,2025-06-17,2403.0,2591.0,2536.0,False
Maharashtra,Pune,Pune,Wheat,Lokwan,FAQ,2025-06-18,2391.0,2631.0,2526.0,False
Maharashtra,Pune,Pune,Wheat,Lokwan,FAQ,2025-06-19,2436.0,2617.0,2514.0,False
Maharashtra,Pune,Pune,Wheat,Lokwan,FAQ,2025-06-20,2439.0,2560.0,2494.0,False
Maharashtra,Pune,Pune,Wheat,Lokwan,FAQ,2025-06-21,2415.0,2583.0,2488.0,False
Maharashtra,Pune,Pune,Wheat,Lokwan,FAQ,2025-06-22,2391.0,2619.0,2493.0,False
Maharashtra,Pune,Pune,Wheat,Lokwan,FAQ,2025-06-23,2410.0,2583.0,2522.0,False
Maharashtra,Pune,Pune,Wheat,Lokwan,FAQ,2025-06-24,2451.0,2611.0,2517.0,False
Maharashtra,Pune,Pune,Wheat,Lokwan,FAQ,2025-06-25,2438.0,2635.0,2546.0,False
Maharashtra,Pune,Pune,Wheat,Lokwan,FAQ,2025-06-26,2467.0,2607.0,2534.0,False
Maharashtra,Pune,Pune,Wheat,Lokwan,FAQ,2025-06-27,2397.0,2565.0,2498.0,False
Maharashtra,Pune,Pune,Wheat,Lokwan,FAQ,2025-06-28,2417.0,2668.0,2533.0,False
Maharashtra,Pune,Pune,Wheat,Lokwan,FAQ,2025-06-29,2384.0,2615.0,2532.0,False
Maharashtra,Pune,Pune,Wheat,Lokwan,FAQ,2025-06-30,2388.0,2557.0,2498.0,False
Maharashtra,Pune,Pune,Wheat,Lokwan,FAQ,2025-07-01,2336.0,2604.0,2482.0,False
Maharashtra,Pune,Pune,Wheat,Lokwan,FAQ,2025-07-02,2357.0,2606.0,2486.0,False
Maharashtra,Pune,Pune,Wheat,Lokwan,FAQ,2025-07-03,2326.0,2608.0,2462.0,False
Maharashtra,Pune,Pune,Wheat,Lokwan,FAQ,2025-07-04,2406.0,2649.0,2506.0,False
Maharashtra,Pune,Pune,Wheat,Lokwan,FAQ,2025-07-05,2432.0,2598.0,2527.0,False
Maharashtra,Pune,Pune,Wheat,Lokwan,FAQ,2025-07-06,2525.0,2649.0,2575.0,False
Maharashtra,Pune,Pune,Wheat,Lokwan,FAQ,2025-07-07,2432.0,2675.0,2527.0,False
Maharashtra,Pune,Pune,Wheat,Lokwan,FAQ,2025-07-08,2446.0,2626.0,2531.0,False
Maharashtra,Pune,Pune,Wheat,Lokwan,FAQ,2025-07-09,2412.0,2603.0,2538.0,False
Maharashtra,Pune,Pune,Wheat,Lokwan,FAQ,2025-07-10,2460.0,2642.0,2567.0,False
Maharashtra,Pune,Pune,Wheat,Lokwan,FAQ,2025-07-11,2498.0,2709.0,2560.0,False
Maharashtra,Pune,Pune,Wheat,Lokwan,FAQ,2025-07-12,2463.0,2607.0,2544.0,False
Maharashtra,Pune,Pune,Wheat,Lokwan,FAQ,2025-07-13,2496.0,2688.0,2552.0,False
Maharashtra,Pune,Pune,Wheat,Lokwan,FAQ,2025-07-14,2380.0,2601.0,2526.0,False
Maharashtra,Pune,Pune,Wheat,Lokwan,FAQ,2025-07-15,2404.0,2609.0,2518.0,False
Maharashtra,Pune,Pune,Wheat,Lokwan,FAQ,2025-07-16,2440.0,2588.0,2517.0,False
Maharashtra,Pune,Pune,Wheat,Lokwan,FAQ,2025-07-17,2429.0,2616.0,2497.0,False
Maharashtra,Pune,Pune,Wheat,Lokwan,FAQ,2025-07-18,2426.0,2669.0,2533.0,False
Maharashtra,Pune,Pune,Wheat,Lokwan,FAQ,2025-07-19,2422.0,2601.0,2539.0,False
Maharashtra,Pune,Pune,Wheat,Lokwan,FAQ,2025-07-20,2413.0,2626.0,2532.0,False
Maharashtra,Pune,Pune,Wheat,Lokwan,FAQ,2025-07-21,2360.0,2589.0,2506.0,False
Maharashtra,Pune,Pune,Wheat,Lokwan,FAQ,2025-07-22,2391.0,2677.0,2537.0,False
Maharashtra,Pune,Pune,Wheat,Lokwan,FAQ,2025-07-23,2404.0,2629.0,2554.0,False
Maharashtra,Pune,Pune,Wheat,Lokwan,FAQ,2025-07-24,2447.0,2643.0,2541.0,False
Maharashtra,Pune,Pune,Wheat,Lokwan,FAQ,2025-07-25,2433.0,2594.0,2527.0,False
Maharashtra,Pune,Pune,Wheat,Lokwan,FAQ,2025-07-26,2371.0,2628.0,2508.0,False
Maharashtra,Pune,Pune,Wheat,Lokwan,FAQ,2025-07-27,2398.0,2659.0,2513.0,False
Maharashtra,Pune,Pune,Wheat,Lokwan,FAQ,2025-07-28,2450.0,2575.0,2500.0,False
Maharashtra,Pune,Pune,Wheat,Lokwan,FAQ,2025-07-29,2459.0,2619.0,2518.0,False
Maharashtra,Pune,Pune,Wheat,Lokwan,FAQ,2025-07-30,2461.0,2602.0,2534.0,False
Maharashtra,Pune,Pune,Wheat,Lokwan,FAQ,2025-07-31,2431.0,2672.0,2528.0,False
Maharashtra,Pune,Pune,Wheat,Lokwan,FAQ,2025-08-01,2464.0,2681.0,2533.0,False
Maharashtra,Pune,Pune,Wheat,Lokwan,FAQ,2025-08-02,2466.0,2615.0,2533.0,False
Maharashtra,Pune,Pune,Wheat,Lokwan,FAQ,2025-08-03,2444.0,2617.0,2536.0,False
Maharashtra,Pune,Pune,Wheat,Lokwan,FAQ,2025-08-04,2496.0,2656.0,2546.0,False
Maharashtra,Pune,Pune,Wheat,Lokwan,FAQ,2025-08-05,2390.0,2611.0,2532.0,False
Maharashtra,Pune,Pune,Wheat,Lokwan,FAQ,2025-08-06,2421.0,2661.0,2542.0,False
Maharashtra,Pune,Pune,Wheat,Lokwan,FAQ,2025-08-07,2438.0,2595.0,2520.0,False
Maharashtra,Pune,Pune,Wheat,Lokwan,FAQ,2025-08-08,2449.0,2636.0,2544.0,False
Maharashtra,Pune,Pune,Wheat,Lokwan,FAQ,2025-08-09,2475.0,2634.0,2541.0,False
Maharashtra,Pune,Pune,Wheat,Lokwan,FAQ,2025-08-10,2439.0,2661.0,2533.0,False
Maharashtra,Pune,Pune,Wheat,Lokwan,FAQ,2025-08-11,2416.0,2648.0,2534.0,False
Maharashtra,Pune,Pune,Wheat,Lokwan,FAQ,2025-08-12,2458.0,2644.0,2562.0,False
Maharashtra,Pune,Pune,Wheat,Lokwan,FAQ,2025-08-13,2504.0,2707.0,2568.0,False
Maharashtra,Pune,Pune,Wheat,Lokwan,FAQ,2025-08-14,2480.0,2706.0,2589.0,False
Maharashtra,Pune,Pune,Wheat,Lokwan,FAQ,2025-08-15,2457.0,2703.0,2587.0,False
Maharashtra,Pune,Pune,Wheat,Lokwan,FAQ,2025-08-17,2455.0,2604.0,2544.0,False
Maharashtra,Pune,Pune,Wheat,Lokwan,FAQ,2025-08-18,2432.0,2641.0,2523.0,False
Maharashtra,Pune,Pune,Wheat,Lokwan,FAQ,2025-08-19,2502.0,2668.0,2559.0,False
Maharashtra,Pune,Pune,Wheat,Lokwan,FAQ,2025-08-20,2504.0,2711.0,2571.0,False
Maharashtra,Pune,Pune,Wheat,Lokwan,FAQ,2025-08-21,2466.0,2720.0,2582.0,False
Maharashtra,Pune,Pune,Wheat,Lokwan,FAQ,2025-08-22,2498.0,2780.0,2640.0,False
Maharashtra,Pune,Pune,Wheat,Lokwan,FAQ,2025-08-23,2525.0,2697.0,2620.0,False
Maharashtra,Pune,Pune,Wheat,Lokwan,FAQ,2025-08-24,2509.0,2665.0,2588.0,False
Maharashtra,Pune,Pune,Wheat,Lokwan,FAQ,2025-08-25,2422.0,2615.0,2558.0,False
Maharashtra,Pune,Pune,Wheat,Lokwan,FAQ,2025-08-26,2455.0,2595.0,2539.0,False
Maharashtra,Pune,Pune,Wheat,Lokwan,FAQ,2025-08-27,2473.0,2677.0,2550.0,False
Maharashtra,Pune,Pune,Wheat,Lokwan,FAQ,2025-08-28,2448.0,2641.0,2544.0,False
Maharashtra,Pune,Pune,Wheat,Lokwan,FAQ,2025-08-29,2415.0,2678.0,2552.0,False
Maharashtra,Pune,Pune,Wheat,Lokwan,FAQ,2025-08-30,2458.0,2644.0,2593.0,False
Maharashtra,Pune,Pune,Wheat,Lokwan,FAQ,2025-08-31,2506.0,2737.0,2596.0,False
Maharashtra,Pune,Pune,Wheat,Lokwan,FAQ,2025-09-01,2499.0,2687.0,2602.0,False
Maharashtra,Pune,Pune,Wheat,Lokwan,FAQ,2025-09-02,2533.0,2751.0,2635.0,False
Maharashtra,Pune,Pune,Wheat,Lokwan,FAQ,2025-09-03,2532.0,2733.0,2668.0,True
Maharashtra,Pune,Pune,Wheat,Lokwan,FAQ,2025-09-04,2561.0,2747.0,2656.0,False
Maharashtra,Pune,Pune,Wheat,Lokwan,FAQ,2025-09-05,2520.0,2772.0,2634.0,False
Maharashtra,Pune,Pune,Wheat,Lokwan,FAQ,2025-09-06,2558.0,2791.0,2650.0,False
Maharashtra,Pune,Pune,Wheat,Lokwan,FAQ,2025-09-07,2622.0,2784.0,2674.0,True
Maharashtra,Pune,Pune,Wheat,Lokwan,FAQ,2025-09-08,2597.0,2811.0,2675.0,True
Maharashtra,Pune,Pune,Wheat,Lokwan,FAQ,2025-09-09,2577.0,2766.0,2694.0,True
Maharashtra,Pune,Pune,Wheat,Lokwan,FAQ,2025-09-10,2619.0,2763.0,2672.0,True
Maharashtra,Pune,Pune,Wheat,Lokwan,FAQ,2025-09-11,2559.0,2785.0,2689.0,True
Maharashtra,Pune,Pune,Wheat,Lokwan,FAQ,2025-09-12,2566.0,2787.0,2677.0,True
Maharashtra,Pune,Pune,Wheat,Lokwan,FAQ,2025-09-13,2594.0,2749.0,2672.0,True
Maharashtra,Pune,Pune,Wheat,Lokwan,FAQ,2025-09-14,2592.0,2791.0,2696.0,True
Maharashtra,Pune,Pune,Wheat,Lokwan,FAQ,2025-09-15,2557.0,2750.0,2679.0,True
Maharashtra,Pune,Pune,Wheat,Lokwan,FAQ,2025-09-16,2606.0,2767.0,2676.0,True
Maharashtra,Pune,Pune,Wheat,Lokwan,FAQ,2025-09-17,2598.0,2780.0,2685.0,True
Maharashtra,Pune,Pune,Wheat,Lokwan,FAQ,2025-09-18,2552.0,2726.0,2656.0,False
Maharashtra,Pune,Pune,Wheat,Lokwan,FAQ,2025-09-19,2563.0,2717.0,2617.0,False
Maharashtra,Pune,Pune,Wheat,Lokwan,FAQ,2025-09-20,2483.0,2694.0,2588.0,False
Maharashtra,Pune,Pune,Wheat,Lokwan,FAQ,2025-09-21,2495.0,2701.0,2570.0,False
Maharashtra,Pune,Pune,Wheat,Lokwan,FAQ,2025-09-22,2436.0,2645.0,2581.0,False
Maharashtra,Pune,Pune,Wheat,Lokwan,FAQ,2025-09-23,2495.0,2634.0,2551.0,False
Maharashtra,Pune,Pune,Wheat,Lokwan,FAQ,2025-09-24,2487.0,2672.0,2551.0,False
Maharashtra,Pune,Pune,Wheat,Lokwan,FAQ,2025-09-25,2477.0,2659.0,2528.0,False
Maharashtra,Pune,Pune,Wheat,Lokwan,FAQ,2025-09-26,2462.0,2641.0,2530.0,False
Maharashtra,Pune,Pune,Wheat,Lokwan,FAQ,2025-09-27,2467.0,2608.0,2549.0,False
Maharashtra,Pune,Pune,Wheat,Lokwan,FAQ,2025-09-28,2441.0,2582.0,2513.0,False
Maharashtra,Pune,Pune,Wheat,Lokwan,FAQ,2025-09-29,2475.0,2602.0,2551.0,False
Maharashtra,Pune,Pune,Wheat,Lokwan,FAQ,2025-09-30,2432.0,2645.0,2534.0,False
Maharashtra,Pune,Pune,Wheat,Lokwan,FAQ,2025-10-01,2439.0,2643.0,2536.0,False
Maharashtra,Pune,Pune,Wheat,Lokwan,FAQ,2025-10-02,2402.0,2678.0,2545.0,False
Maharashtra,Pune,Pune,Wheat,Lokwan,FAQ,2025-10-03,2447.0,2623.0,2523.0,False
Maharashtra,Pune,Pune,Wheat,Lokwan,FAQ,2025-10-04,2384.0,2608.0,2508.0,False
Maharashtra,Satara,Satara,Wheat,Lokwan,FAQ,2025-06-07,2222.0,2432.0,2353.0,False
Maharashtra,Satara,Satara,Wheat,Lokwan,FAQ,2025-06-08,2231.0,2440.0,2347.0,False
Maharashtra,Satara,Satara,Wheat,Lokwan,FAQ,2025-06-09,2248.0,2486.0,2386.0,False
Maharashtra,Satara,Satara,Wheat,Lokwan,FAQ,2025-06-10,2310.0,2516.0,2391.0,False
Maharashtra,Satara,Satara,Wheat,Lokwan,FAQ,2025-06-11,2243.0,2502.0,2380.0,False
Maharashtra,Satara,Satara,Wheat,Lokwan,FAQ,2025-06-12,2264.0,2425.0,2354.0,False
Maharashtra,Satara,Satara,Wheat,Lokwan,FAQ,2025-06-13,2259.0,2451.0,2327.0,False
Maharashtra,Satara,Satara,Wheat,Lokwan,FAQ,2025-06-14,2234.0,2404.0,2309.0,False
Maharashtra,Satara,Satara,Wheat,Lokwan,FAQ,2025-06-15,2224.0,2371.0,2313.0,False
Maharashtra,Satara,Satara,Wheat,Lokwan,FAQ,2025-06-16,2253.0,2421.0,2312.0,False
Maharashtra,Satara,Satara,Wheat,Lokwan,FAQ,2025-06-17,2189.0,2337.0,2282.0,False
Maharashtra,Satara,Satara,Wheat,Lokwan,FAQ,2025-06-18,2217.0,2419.0,2319.0,False
Maharashtra,Satara,Satara,Wheat,Lokwan,FAQ,2025-06-19,2219.0,2361.0,2294.0,False
Maharashtra,Satara,Satara,Wheat,Lokwan,FAQ,2025-06-20,2157.0,2438.0,2303.0,False
Maharashtra,Satara,Satara,Wheat,Lokwan,FAQ,2025-06-21,2217.0,2387.0,2288.0,False
Maharashtra,Satara,Satara,Wheat,Lokwan,FAQ,2025-06-22,2214.0,2383.0,2266.0,False
Maharashtra,Satara,Satara,Wheat,Lokwan,FAQ,2025-06-23,2219.0,2415.0,2285.0,False
Maharashtra,Satara,Satara,Wheat,Lokwan,FAQ,2025-06-24,2157.0,2349.0,2286.0,False
Maharashtra,Satara,Satara,Wheat,Lokwan,FAQ,2025-06-25,2187.0,2338.0,2262.0,False
Maharashtra,Satara,Satara,Wheat,Lokwan,FAQ,2025-06-26,2149.0,2346.0,2255.0,False
Maharashtra,Satara,Satara,Wheat,Lokwan,FAQ,2025-06-27,2178.0,2378.0,2242.0,False
Maharashtra,Satara,Satara,Wheat,Lokwan,FAQ,2025-06-28,2184.0,2381.0,2265.0,False
Maharashtra,Satara,Satara,Wheat,Lokwan,FAQ,2025-06-30,2235.0,2411.0,2294.0,False
Maharashtra,Satara,Satara,Wheat,Lokwan,FAQ,2025-07-01,2209.0,2393.0,2303.0,False
Maharashtra,Satara,Satara,Wheat,Lokwan,FAQ,2025-07-02,2225.0,2390.0,2289.0,False
Maharashtra,Satara,Satara,Wheat,Lokwan,FAQ,2025-07-03,2161.0,2363.0,2287.0,False
Maharashtra,Satara,Satara,Wheat,Lokwan,FAQ,2025-07-04,2168.0,2415.0,2266.0,False
Maharashtra,Satara,Satara,Wheat,Lokwan,FAQ,2025-07-05,2192.0,2410.0,2283.0,False
Maharashtra,Satara,Satara,Wheat,Lokwan,FAQ,2025-07-07,2149.0,2369.0,2284.0,False
Maharashtra,Satara,Satara,Wheat,Lokwan,FAQ,2025-07-08,2143.0,2379.0,2258.0,False
Maharashtra,Satara,Satara,Wheat,Lokwan,FAQ,2025-07-09,2114.0,2306.0,2222.0,False
Maharashtra,Satara,Satara,Wheat,Lokwan,FAQ,2025-07-10,2186.0,2393.0,2244.0,False
Maharashtra,Satara,Satara,Wheat,Lokwan,FAQ,2025-07-11,2122.0,2320.0,2237.0,False
Maharashtra,Satara,Satara,Wheat,Lokwan,FAQ,2025-07-12,2162.0,2327.0,2251.0,False
Maharashtra,Satara,Satara,Wheat,Lokwan,FAQ,2025-07-13,2109.0,2332.0,2231.0,False
Maharashtra,Satara,Satara,Wheat,Lokwan,FAQ,2025-07-14,2052.0,2250.0,2196.0,False
Maharashtra,Satara,Satara,Wheat,Lokwan,FAQ,2025-07-15,2107.0,2304.0,2249.0,False
Maharashtra,Satara,Satara,Wheat,Lokwan,FAQ,2025-07-16,2144.0,2386.0,2251.0,False
Maharashtra,Satara,Satara,Wheat,Lokwan,FAQ,2025-07-17,2209.0,2384.0,2261.0,False
Maharashtra,Satara,Satara,Wheat,Lokwan,FAQ,2025-07-18,2111.0,2370.0,2254.0,False
Maharashtra,Satara,Satara,Wheat,Lokwan,FAQ,2025-07-19,2101.0,2340.0,2243.0,False
Maharashtra,Satara,Satara,Wheat,Lokwan,FAQ,2025-07-20,2188.0,2360.0,2241.0,False
Maharashtra,Satara,Satara,Wheat,Lokwan,FAQ,2025-07-21,2149.0,2276.0,2220.0,False
Maharashtra,Satara,Satara,Wheat,Lokwan,FAQ,2025-07-22,2112.0,2331.0,2219.0,False
Maharashtra,Satara,Satara,Wheat,Lokwan,FAQ,2025-07-23,2110.0,2358.0,2246.0,False
Maharashtra,Satara,Satara,Wheat,Lokwan,FAQ,2025-07-24,2195.0,2366.0,2246.0,False
Maharashtra,Satara,Satara,Wheat,Lokwan,FAQ,2025-07-25,2162.0,2362.0,2277.0,False
Maharashtra,Satara,Satara,Wheat,Lokwan,FAQ,2025-07-26,2096.0,2301.0,2238.0,False
Maharashtra,Satara,Satara,Wheat,Lokwan,FAQ,2025-07-27,2146.0,2304.0,2233.0,False
Maharashtra,Satara,Satara,Wheat,Lokwan,FAQ,2025-07-28,2110.0,2313.0,2219.0,False
Maharashtra,Satara,Satara,Wheat,Lokwan,FAQ,2025-07-29,2088.0,2338.0,2219.0,False
Maharashtra,Satara,Satara,Wheat,Lokwan,FAQ,2025-07-30,2096.0,2338.0,2218.0,False
Maharashtra,Satara,Satara,Wheat,Lokwan,FAQ,2025-07-31,2128.0,2338.0,2205.0,False
Maharashtra,Satara,Satara,Wheat,Lokwan,FAQ,2025-08-01,2051.0,2298.0,2199.0,False
Maharashtra,Satara,Satara,Wheat,Lokwan,FAQ,2025-08-02,2157.0,2359.0,2215.0,False
Maharashtra,Satara,Satara,Wheat,Lokwan,FAQ,2025-08-03,2092.0,2320.0,2179.0,False
Maharashtra,Satara,Satara,Wheat,Lokwan,FAQ,2025-08-04,2082.0,2306.0,2193.0,False
Maharashtra,Satara,Satara,Wheat,Lokwan,FAQ,2025-08-05,2095.0,2322.0,2209.0,False
Maharashtra,Satara,Satara,Wheat,Lokwan,FAQ,2025-08-06,2092.0,2343.0,2215.0,False
Maharashtra,Satara,Satara,Wheat,Lokwan,FAQ,2025-08-07,2078.0,2287.0,2215.0,False
Maharashtra,Satara,Satara,Wheat,Lokwan,FAQ,2025-08-08,2114.0,2348.0,2215.0,False
Maharashtra,Satara,Satara,Wheat,Lokwan,FAQ,2025-08-09,2104.0,2305.0,2198.0,False
Maharashtra,Satara,Satara,Wheat,Lokwan,FAQ,2025-08-11,2121.0,2296.0,2187.0,False
Maharashtra,Satara,Satara,Wheat,Lokwan,FAQ,2025-08-12,2102.0,2312.0,2164.0,False
Maharashtra,Satara,Satara,Wheat,Lokwan,FAQ,2025-08-13,2082.0,2244.0,2171.0,False
Maharashtra,Satara,Satara,Wheat,Lokwan,FAQ,2025-08-14,2070.0,2295.0,2181.0,False
Maharashtra,Satara,Satara,Wheat,Lokwan,FAQ,2025-08-15,2102.0,2300.0,2161.0,False
Maharashtra,Satara,Satara,Wheat,Lokwan,FAQ,2025-08-16,2033.0,2218.0,2129.0,False
Maharashtra,Satara,Satara,Wheat,Lokwan,FAQ,2025-08-17,1975.0,2254.0,2111.0,False
Maharashtra,Satara,Satara,Wheat,Lokwan,FAQ,2025-08-18,1998.0,2269.0,2126.0,False
Maharashtra,Satara,Satara,Wheat,Lokwan,FAQ,2025-08-19,2043.0,2226.0,2118.0,False
Maharashtra,Satara,Satara,Wheat,Lokwan,FAQ,2025-08-20,2083.0,2240.0,2134.0,False
Maharashtra,Satara,Satara,Wheat,Lokwan,FAQ,2025-08-21,2039.0,2205.0,2123.0,False
Maharashtra,Satara,Satara,Wheat,Lokwan,FAQ,2025-08-22,2031.0,2277.0,2142.0,False
Maharashtra,Satara,Satara,Wheat,Lokwan,FAQ,2025-08-23,2074.0,2252.0,2150.0,False
Maharashtra,Satara,Satara,Wheat,Lokwan,FAQ,2025-08-24,2039.0,2261.0,2145.0,False
Maharashtra,Satara,Satara,Wheat,Lokwan,FAQ,2025-08-25,2035.0,2268.0,2144.0,False
Maharashtra,Satara,Satara,Wheat,Lokwan,FAQ,2025-08-26,2068.0,2240.0,2130.0,False
Maharashtra,Satara,Satara,Wheat,Lokwan,FAQ,2025-08-27,2055.0,2190.0,2132.0,False
Maharashtra,Satara,Satara,Wheat,Lokwan,FAQ,2025-08-28,2081.0,2286.0,2164.0,False
Maharashtra,Satara,Satara,Wheat,Lokwan,FAQ,2025-08-29,2009.0,2206.0,2123.0,False
Maharashtra,Satara,Satara,Wheat,Lokwan,FAQ,2025-08-30,2023.0,2242.0,2137.0,False
Maharashtra,Satara,Satara,Wheat,Lokwan,FAQ,2025-08-31,2111.0,2282.0,2162.0,False
Maharashtra,Satara,Satara,Wheat,Lokwan,FAQ,2025-09-01,2042.0,2283.0,2174.0,False
Maharashtra,Satara,Satara,Wheat,Lokwan,FAQ,2025-09-02,2096.0,2241.0,2171.0,False
Maharashtra,Satara,Satara,Wheat,Lokwan,FAQ,2025-09-03,2084.0,2265.0,2164.0,False
Maharashtra,Satara,Satara,Wheat,Lokwan,FAQ,2025-09-04,2055.0,2270.0,2122.0,False
Maharashtra,Satara,Satara,Wheat,Lokwan,FAQ,2025-09-05,2001.0,2217.0,2123.0,False
Maharashtra,Satara,Satara,Wheat,Lokwan,FAQ,2025-09-06,2028.0,2225.0,2141.0,False
Maharashtra,Satara,Satara,Wheat,Lokwan,FAQ,2025-09-07,2054.0,2262.0,2154.0,False
Maharashtra,Satara,Satara,Wheat,Lokwan,FAQ,2025-09-08,2041.0,2207.0,2120.0,False
Maharashtra,Satara,Satara,Wheat,Lokwan,FAQ,2025-09-09,2055.0,2246.0,2115.0,False
Maharashtra,Satara,Satara,Wheat,Lokwan,FAQ,2025-09-10,2059.0,2229.0,2113.0,False
Maharashtra,Satara,Satara,Wheat,Lokwan,FAQ,2025-09-11,2028.0,2207.0,2126.0,False
Maharashtra,Satara,Satara,Wheat,Lokwan,FAQ,2025-09-12,2016.0,2206.0,2118.0,False
Maharashtra,Satara,Satara,Wheat,Lokwan,FAQ,2025-09-13,1948.0,2191.0,2098.0,False
Maharashtra,Satara,Satara,Wheat,Lokwan,FAQ,2025-09-14,2016.0,2222.0,2101.0,False
Maharashtra,Satara,Satara,Wheat,Lokwan,FAQ,2025-09-15,2028.0,2245.0,2123.0,False
Maharashtra,Satara,Satara,Wheat,Lokwan,FAQ,2025-09-16,2053.0,2249.0,2114.0,False
Maharashtra,Satara,Satara,Wheat,Lokwan,FAQ,2025-09-17,2032.0,2179.0,2097.0,False
Maharashtra,Satara,Satara,Wheat,Lokwan,FAQ,2025-09-18,1963.0,2187.0,2111.0,False
Maharashtra,Satara,Satara,Wheat,Lokwan,FAQ,2025-09-19,2011.0,2208.0,2101.0,False
Maharashtra,Satara,Satara,Wheat,Lokwan,FAQ,2025-09-20,1955.0,2202.0,2100.0,False
Maharashtra,Satara,Satara,Wheat,Lokwan,FAQ,2025-09-21,2050.0,2186.0,2104.0,False
Maharashtra,Satara,Satara,Wheat,Lokwan,FAQ,2025-09-22,2023.0,2276.0,2131.0,False
Maharashtra,Satara,Satara,Wheat,Lokwan,FAQ,2025-09-23,2051.0,2193.0,2123.0,False
Maharashtra,Satara,Satara,Wheat,Lokwan,FAQ,2025-09-24,1991.0,2268.0,2133.0,False
Maharashtra,Satara,Satara,Wheat,Lokwan,FAQ,2025-09-25,2023.0,2219.0,2123.0,False
Maharashtra,Satara,Satara,Wheat,Lokwan,FAQ,2025-09-26,2075.0,2251.0,2150.0,False
Maharashtra,Satara,Satara,Wheat,Lokwan,FAQ,2025-09-27,2064.0,2258.0,2156.0,False
Maharashtra,Satara,Satara,Wheat,Lokwan,FAQ,2025-09-28,2078.0,2289.0,2165.0,False
Maharashtra,Satara,Satara,Wheat,Lokwan,FAQ,2025-09-29,2057.0,2249.0,2179.0,False
Maharashtra,Satara,Satara,Wheat,Lokwan,FAQ,2025-09-30,2110.0,2291.0,2194.0,False
Maharashtra,Satara,Satara,Wheat,Lokwan,FAQ,2025-10-01,2134.0,2281.0,2217.0,False
Maharashtra,Satara,Satara,Wheat,Lokwan,FAQ,2025-10-02,2112.0,2350.0,2202.0,False
Maharashtra,Satara,Satara,Wheat,Lokwan,FAQ,2025-10-03,2120.0,2270.0,2213.0,False
Maharashtra,Satara,Satara,Wheat,Lokwan,FAQ,2025-10-04,2087.0,2306.0,2186.0,False
