State,District,Market,Commodity,Variety,Grade,Arrival_Date,Min_Price,Max_Price,Modal_Price,Is_Outlier,Year,Month,Day,Day_Of_Week,Day_Of_Year,Quarter,Season,lag_1,lag_3,lag_7,lag_14,rolling_mean_3,rolling_mean_7,rolling_mean_14,rolling_std_7,price_change_1d,price_change_7d,Arrivals_Feature_Available
Maharashtra,Kolhapur,Kolhapur,Onion,Local,FAQ,2025-12-04,1993.0,2212.0,2110.0,False,2025,12,4,3,338,4,Rabi,,,,,,,,,,,False
Maharashtra,Kolhapur,Kolhapur,Onion,Local,FAQ,2025-12-05,2013.0,2237.0,2099.0,False,2025,12,5,4,339,4,Rabi,2110.0,,,,,,,,,,False
Maharashtra,Kolhapur,Kolhapur,Onion,Local,FAQ,2025-12-06,2035.0,2217.0,2129.0,False,2025,12,6,5,340,4,Rabi,2099.0,,,,,,,,-0.5213270142180095,,False
Maharashtra,Kolhapur,Kolhapur,Onion,Local,FAQ,2025-12-07,2023.0,2199.0,2119.0,False,2025,12,7,6,341,4,Rabi,2129.0,2110.0,,,2112.6666666666665,,,,1.4292520247737017,,False
Maharashtra,Kolhapur,Kolhapur,Onion,Local,FAQ,2025-12-09,2074.0,2266.0,2162.0,False,2025,12,9,1,343,4,Rabi,2119.0,2099.0,,,2115.6666666666665,,,,-0.4697040864255519,,False
Maharashtra,Kolhapur,Kolhapur,Onion,Local,FAQ,2025-12-10,2105.0,2311.0,2167.0,False,2025,12,10,2,344,4,Rabi,2162.0,2129.0,,,2136.6666666666665,,,,2.0292590844738085,,False
Maharashtra,Kolhapur,Kolhapur,Onion,Local,FAQ,2025-12-11,2074.0,2270.0,2187.0,False,2025,12,11,3,345,4,Rabi,2167.0,2119.0,,,2149.3333333333335,,,,0.23126734505087881,,False
Maharashtra,Kolhapur,Kolhapur,Onion,Local,FAQ,2025-12-12,2083.0,2298.0,2195.0,False,2025,12,12,4,346,4,Rabi,2187.0,2162.0,2110.0,,2172.0,2139.0,,33.06055050963305,0.9229349330872173,,False
Maharashtra,Kolhapur,Kolhapur,Onion,Local,FAQ,2025-12-13,2046.0,2314.0,2185.0,False,2025,12,13,5,347,4,Rabi,2195.0,2167.0,2099.0,,2183.0,2151.1428571428573,,36.103686660453185,0.36579789666209417,,False
Maharashtra,Kolhapur,Kolhapur,Onion,Local,FAQ,2025-12-14,2098.0,2297.0,2173.0,False,2025,12,14,6,348,4,Rabi,2185.0,2187.0,2129.0,,2189.0,2163.4285714285716,,29.41573922725221,-0.45558086560364464,,False
Maharashtra,Kolhapur,Kolhapur,Onion,Local,FAQ,2025-12-15,2099.0,2259.0,2152.0,False,2025,12,15,0,349,4,Rabi,2173.0,2195.0,2119.0,,2184.3333333333335,2169.714285714286,,25.236972122359475,-0.5491990846681922,,False
Maharashtra,Kolhapur,Kolhapur,Onion,Local,FAQ,2025-12-16,2080.0,2296.0,2164.0,False,2025,12,16,1,350,4,Rabi,2152.0,2185.0,2162.0,,2170.0,2174.4285714285716,,15.317279380458972,-0.966405890473999,,False
Maharashtra,Kolhapur,Kolhapur,Onion,Local,FAQ,2025-12-17,2111.0,2307.0,2172.0,False,2025,12,17,2,351,4,Rabi,2164.0,2173.0,2167.0,,2163.0,2174.714285714286,,15.063358254544292,0.5576208178438662,,False
Maharashtra,Kolhapur,Kolhapur,Onion,Local,FAQ,2025-12-18,2036.0,2231.0,2166.0,False,2025,12,18,3,352,4,Rabi,2172.0,2152.0,2187.0,,2162.6666666666665,2175.4285714285716,,14.751916743902584,0.36968576709796674,,False
Maharashtra,Kolhapur,Kolhapur,Onion,Local,FAQ,2025-12-19,2068.0,2263.0,2141.0,False,2025,12,19,4,353,4,Rabi,2166.0,2164.0,2195.0,2110.0,2167.3333333333335,2172.4285714285716,2155.714285714286,14.128660503353949,-0.2762430939226519,4.028436018957346,False
Maharashtra,Kolhapur,Kolhapur,Onion,Local,FAQ,2025-12-20,2044.0,2267.0,2163.0,False,2025,12,20,5,354,4,Rabi,2141.0,2172.0,2185.0,2099.0,2159.6666666666665,2164.714285714286,2157.9285714285716,14.48809034706615,-1.154201292705448,4.097189137684612,False
Maharashtra,Kolhapur,Kolhapur,Onion,Local,FAQ,2025-12-21,2122.0,2282.0,2197.0,False,2025,12,21,6,355,4,Rabi,2163.0,2166.0,2173.0,2129.0,2156.6666666666665,2161.5714285714284,2162.5,11.414276774535667,1.027557216254087,2.0666979802724286,False
Maharashtra,Kolhapur,Kolhapur,Onion,Local,FAQ,2025-12-22,2056.0,2297.0,2152.0,False,2025,12,22,0,356,4,Rabi,2197.0,2141.0,2152.0,2119.0,2167.0,2165.0,2167.3571428571427,17.43559577416232,1.5718908922792418,1.557338367154318,False
Maharashtra,Kolhapur,Kolhapur,Onion,Local,FAQ,2025-12-23,2125.0,2299.0,2190.0,False,2025,12,23,1,357,4,Rabi,2152.0,2163.0,2164.0,2162.0,2170.6666666666665,2165.0,2169.714285714286,17.43559577416232,-2.048247610377788,0.09250693802035154,False
Maharashtra,Kolhapur,Kolhapur,Onion,Local,FAQ,2025-12-24,2199.0,2388.0,2251.0,False,2025,12,24,2,358,4,Rabi,2190.0,2197.0,2172.0,2167.0,2179.6666666666665,2168.714285714286,2171.714285714286,19.79658460201525,1.7657992565055762,0.23073373327180433,False
Maharashtra,Kolhapur,Kolhapur,Onion,Local,FAQ,2025-12-25,2111.0,2361.0,2254.0,False,2025,12,25,3,359,4,Rabi,2251.0,2152.0,2166.0,2187.0,2197.6666666666665,2180.0,2177.714285714286,37.01351104664317,2.7853881278538815,-0.9602194787379973,False
Maharashtra,Kolhapur,Kolhapur,Onion,Local,FAQ,2025-12-26,2145.0,2331.0,2266.0,False,2025,12,26,4,360,4,Rabi,2254.0,2190.0,2141.0,2195.0,2231.6666666666665,2192.5714285714284,2182.5,45.44908192272987,0.13327410039982232,-2.460136674259681,False
Maharashtra,Kolhapur,Kolhapur,Onion,Local,FAQ,2025-12-27,2164.0,2383.0,2272.0,False,2025,12,27,5,361,4,Rabi,2266.0,2251.0,2163.0,2185.0,2257.0,2210.4285714285716,2187.5714285714284,46.356794334297255,0.5323868677905945,-1.0068649885583525,False
Maharashtra,Kolhapur,Kolhapur,Onion,Local,FAQ,2025-12-28,2169.0,2455.0,2312.0,False,2025,12,28,6,362,4,Rabi,2272.0,2254.0,2197.0,2173.0,2264.0,2226.0,2193.785714285714,46.076024134032544,0.264783759929391,1.1044638748274276,False
Maharashtra,Kolhapur,Kolhapur,Onion,Local,FAQ,2025-12-29,2204.0,2360.0,2299.0,False,2025,12,29,0,363,4,Rabi,2312.0,2266.0,2152.0,2152.0,2283.3333333333335,2242.4285714285716,2203.714285714286,53.85739547749216,1.7605633802816902,0.0,False
Maharashtra,Kolhapur,Kolhapur,Onion,Local,FAQ,2025-12-30,2191.0,2390.0,2300.0,False,2025,12,30,1,364,4,Rabi,2299.0,2272.0,2190.0,2164.0,2294.3333333333335,2263.4285714285716,2214.214285714286,39.4540118063929,-0.5622837370242215,1.2014787430683918,False
Maharashtra,Kolhapur,Kolhapur,Onion,Local,FAQ,2025-12-31,2273.0,2412.0,2328.0,False,2025,12,31,2,365,4,Rabi,2300.0,2312.0,2251.0,2172.0,2303.6666666666665,2279.1428571428573,2223.9285714285716,24.347680049841685,0.04349717268377556,3.6372007366482504,False
Maharashtra,Kolhapur,Kolhapur,Onion,Local,FAQ,2026-01-01,2198.0,2444.0,2302.0,False,2026,1,1,3,1,1,Rabi,2328.0,2299.0,2254.0,2166.0,2309.0,2290.1428571428573,2235.0714285714284,26.785746031725928,1.2173913043478262,4.062788550323177,False
Maharashtra,Kolhapur,Kolhapur,Onion,Local,FAQ,2026-01-02,2176.0,2346.0,2261.0,False,2026,1,2,4,2,1,Rabi,2302.0,2300.0,2266.0,2141.0,2310.0,2297.0,2244.785714285714,21.641010450837555,-1.1168384879725086,5.838393274170948,False
Maharashtra,Kolhapur,Kolhapur,Onion,Local,FAQ,2026-01-03,2180.0,2347.0,2252.0,False,2026,1,3,5,3,1,Rabi,2261.0,2328.0,2272.0,2163.0,2297.0,2296.285714285714,2253.3571428571427,22.881683254764187,-1.7810599478714162,5.039297272306982,False
Maharashtra,Kolhapur,Kolhapur,Onion,Local,FAQ,2026-01-04,2230.0,2362.0,2294.0,False,2026,1,4,6,4,1,Rabi,2252.0,2302.0,2312.0,2197.0,2271.6666666666665,2293.4285714285716,2259.714285714286,27.251037551237925,-0.3980539584254755,5.2344105598543464,False
Maharashtra,Kolhapur,Kolhapur,Onion,Local,FAQ,2026-01-05,2086.0,2313.0,2227.0,False,2026,1,5,0,5,1,Rabi,2294.0,2261.0,2299.0,2152.0,2269.0,2290.8571428571427,2266.6428571428573,26.028372797317267,1.8650088809946712,6.830855018587361,False
Maharashtra,Kolhapur,Kolhapur,Onion,Local,FAQ,2026-01-06,2117.0,2338.0,2225.0,False,2026,1,6,1,6,1,Rabi,2227.0,2252.0,2300.0,2190.0,2257.6666666666665,2280.5714285714284,2272.0,34.96596985097083,-2.920662598081953,5.0228310502283104,False
Maharashtra,Kolhapur,Kolhapur,Onion,Local,FAQ,2026-01-08,2091.0,2301.0,2191.0,False,2026,1,8,3,8,1,Rabi,2225.0,2294.0,2328.0,2251.0,2248.6666666666665,2269.8571428571427,2274.5,39.24890050021993,-0.08980691513246519,3.4207019102621055,False
Maharashtra,Kolhapur,Kolhapur,Onion,Local,FAQ,2026-01-09,2120.0,2331.0,2191.0,False,2026,1,9,4,9,1,Rabi,2191.0,2227.0,2302.0,2254.0,2214.3333333333335,2250.285714285714,2270.214285714286,39.57993719766917,-1.5280898876404496,2.129547471162378,False
Maharashtra,Kolhapur,Kolhapur,Onion,Local,FAQ,2026-01-10,2120.0,2260.0,2191.0,False,2026,1,10,5,10,1,Rabi,2191.0,2225.0,2261.0,2266.0,2202.3333333333335,2234.4285714285716,2265.714285714286,37.593692480065826,0.0,-0.22065313327449249,False
Maharashtra,Kolhapur,Kolhapur,Onion,Local,FAQ,2026-01-11,2084.0,2247.0,2190.0,False,2026,1,11,6,11,1,Rabi,2191.0,2191.0,2252.0,2272.0,2191.0,2224.4285714285716,2260.3571428571427,38.643055188297204,0.0,-0.8802816901408451,False
Maharashtra,Kolhapur,Kolhapur,Onion,Local,FAQ,2026-01-12,2048.0,2271.0,2176.0,False,2026,1,12,0,12,1,Rabi,2190.0,2191.0,2294.0,2312.0,2190.6666666666665,2215.5714285714284,2254.5,38.37471886045728,-0.045641259698767686,-0.7785467128027681,False
Maharashtra,Kolhapur,Kolhapur,Onion,Local,FAQ,2026-01-13,2020.0,2216.0,2110.0,False,2026,1,13,1,13,1,Rabi,2176.0,2191.0,2227.0,2299.0,2185.6666666666665,2198.714285714286,2244.785714285714,19.414035178315746,-0.6392694063926941,-3.1317964332318398,False
Maharashtra,Kolhapur,Kolhapur,Onion,Local,FAQ,2026-01-14,2071.0,2205.0,2137.0,False,2026,1,14,2,14,1,Rabi,2110.0,2190.0,2225.0,2300.0,2158.6666666666665,2182.0,2231.285714285714,35.061850112814724,-3.0330882352941178,-3.260869565217391,False
Maharashtra,Kolhapur,Kolhapur,Onion,Local,FAQ,2026-01-15,1988.0,2193.0,2102.0,False,2026,1,15,3,15,1,Rabi,2137.0,2176.0,2191.0,2328.0,2141.0,2169.4285714285716,2219.6428571428573,32.776298056459865,1.2796208530805688,-5.88487972508591,False
Maharashtra,Kolhapur,Kolhapur,Onion,Local,FAQ,2026-01-16,2030.0,2149.0,2083.0,False,2026,1,16,4,16,1,Rabi,2102.0,2110.0,2191.0,2302.0,2116.3333333333335,2156.714285714286,2203.5,39.571514526297456,-1.6378100140383716,-4.821894005212858,False
Maharashtra,Kolhapur,Kolhapur,Onion,Local,FAQ,2026-01-17,2053.0,2178.0,2106.0,False,2026,1,17,5,17,1,Rabi,2083.0,2137.0,2191.0,2261.0,2107.3333333333335,2141.285714285714,2187.8571428571427,44.69792793748946,-0.9039010466222646,-3.0959752321981426,False
Maharashtra,Kolhapur,Kolhapur,Onion,Local,FAQ,2026-01-18,2065.0,2255.0,2138.0,False,2026,1,18,6,18,1,Rabi,2106.0,2102.0,2190.0,2252.0,2097.0,2129.1428571428573,2176.785714285714,40.267557542970636,1.1041766682669227,-2.753108348134991,False
Maharashtra,Kolhapur,Kolhapur,Onion,Local,FAQ,2026-01-19,2010.0,2199.0,2125.0,False,2026,1,19,0,19,1,Rabi,2138.0,2083.0,2176.0,2294.0,2109.0,2121.714285714286,2168.6428571428573,30.869155510072414,1.519468186134853,-5.143853530950305,False
Maharashtra,Kolhapur,Kolhapur,Onion,Local,FAQ,2026-01-20,2077.0,2211.0,2137.0,False,2026,1,20,1,20,1,Rabi,2125.0,2106.0,2110.0,2227.0,2123.0,2114.4285714285716,2156.5714285714284,20.040435315115705,-0.608044901777362,-5.253704535249215,False
Maharashtra,Kolhapur,Kolhapur,Onion,Local,FAQ,2026-01-21,2022.0,2245.0,2155.0,False,2026,1,21,2,21,1,Rabi,2137.0,2138.0,2137.0,2225.0,2133.3333333333335,2118.285714285714,2150.1428571428573,21.584827122426585,0.5647058823529412,-3.955056179775281,False
Maharashtra,Kolhapur,Kolhapur,Onion,Local,FAQ,2026-01-22,2049.0,2236.0,2166.0,False,2026,1,22,3,22,1,Rabi,2155.0,2125.0,2102.0,2191.0,2139.0,2120.8571428571427,2145.1428571428573,24.98952161359763,0.8423022929340197,-4.062072113190324,False
Maharashtra,Kolhapur,Kolhapur,Onion,Local,FAQ,2026-01-23,2130.0,2240.0,2181.0,False,2026,1,23,4,23,1,Rabi,2166.0,2137.0,2083.0,2191.0,2152.6666666666665,2130.0,2143.3571428571427,28.413611761505777,0.5104408352668214,-4.92925604746691,False
Maharashtra,Kolhapur,Kolhapur,Onion,Local,FAQ,2026-01-24,2102.0,2226.0,2173.0,False,2026,1,24,5,24,1,Rabi,2181.0,2155.0,2106.0,2191.0,2167.3333333333335,2144.0,2142.6428571428573,25.377155080903034,0.6925207756232686,-3.8795070743952533,False
Maharashtra,Kolhapur,Kolhapur,Onion,Local,FAQ,2026-01-25,2089.0,2320.0,2181.0,False,2026,1,25,6,25,1,Rabi,2173.0,2166.0,2138.0,2190.0,2173.3333333333335,2153.5714285714284,2141.3571428571427,20.89543126186251,-0.36680421824850984,-2.374429223744292,False
Maharashtra,Kolhapur,Kolhapur,Onion,Local,FAQ,2026-01-26,2018.0,2234.0,2150.0,False,2026,1,26,0,26,1,Rabi,2181.0,2181.0,2125.0,2176.0,2178.3333333333335,2159.714285714286,2140.714285714286,21.853407710734423,0.36815462494247586,-2.34375,False
Maharashtra,Kolhapur,Kolhapur,Onion,Local,FAQ,2026-01-27,2023.0,2209.0,2132.0,False,2026,1,27,1,27,1,Rabi,2150.0,2173.0,2137.0,2110.0,2168.0,2163.285714285714,2138.8571428571427,16.66047504039363,-1.4213663457129757,1.2796208530805688,False
Maharashtra,Kolhapur,Kolhapur,Onion,Local,FAQ,2026-01-28,1985.0,2188.0,2097.0,False,2026,1,28,2,28,1,Rabi,2132.0,2181.0,2155.0,2137.0,2154.3333333333335,2162.5714285714284,2140.4285714285716,18.02643561418994,-0.8372093023255814,0.8423022929340197,False
Maharashtra,Kolhapur,Kolhapur,Onion,Local,FAQ,2026-01-29,1966.0,2190.0,2045.0,False,2026,1,29,3,29,1,Rabi,2097.0,2150.0,2166.0,2102.0,2126.3333333333335,2154.285714285714,2137.5714285714284,30.85295386028608,-1.6416510318949344,3.0447193149381544,False
Maharashtra,Kolhapur,Kolhapur,Onion,Local,FAQ,2026-01-30,1961.0,2151.0,2087.0,False,2026,1,30,4,30,1,Rabi,2045.0,2132.0,2181.0,2083.0,2091.3333333333335,2137.0,2133.5,50.705029336351174,-2.479732951835956,4.704752760441671,False
Maharashtra,Kolhapur,Kolhapur,Onion,Local,FAQ,2026-01-31,1947.0,2216.0,2086.0,False,2026,1,31,5,31,1,Rabi,2087.0,2097.0,2173.0,2106.0,2076.3333333333335,2123.5714285714284,2133.785714285714,49.5441121387731,2.053789731051345,3.181386514719848,False
Maharashtra,Kolhapur,Kolhapur,Onion,Local,FAQ,2026-02-01,2021.0,2166.0,2114.0,False,2026,2,1,6,32,1,Rabi,2086.0,2045.0,2181.0,2138.0,2072.6666666666665,2111.1428571428573,2132.3571428571427,45.85276644300214,-0.04791566842357451,2.0112254443405053,False
Maharashtra,Kolhapur,Kolhapur,Onion,Local,FAQ,2026-02-02,2009.0,2198.0,2122.0,False,2026,2,2,0,33,1,Rabi,2114.0,2087.0,2150.0,2125.0,2095.6666666666665,2101.5714285714284,2130.6428571428573,34.40376502098841,1.342281879194631,1.1764705882352942,False
Maharashtra,Kolhapur,Kolhapur,Onion,Local,FAQ,2026-02-03,2015.0,2212.0,2079.0,False,2026,2,3,1,34,1,Rabi,2122.0,2086.0,2132.0,2137.0,2107.3333333333335,2097.5714285714284,2130.4285714285716,29.04512089180206,0.3784295175023652,-0.2339728591483388,False
Maharashtra,Kolhapur,Kolhapur,Onion,Local,FAQ,2026-02-04,2012.0,2156.0,2079.0,False,2026,2,4,2,35,1,Rabi,2079.0,2114.0,2097.0,2155.0,2105.0,2090.0,2126.285714285714,25.23225449037478,-2.0263901979264842,-2.691415313225058,False
Maharashtra,Kolhapur,Kolhapur,Onion,Local,FAQ,2026-02-05,2036.0,2229.0,2088.0,False,2026,2,5,3,36,1,Rabi,2079.0,2122.0,2045.0,2166.0,2093.3333333333335,2087.4285714285716,2120.8571428571427,25.317037365236096,0.0,-5.586334256694368,False
Maharashtra,Kolhapur,Kolhapur,Onion,Local,FAQ,2026-02-06,2016.0,2198.0,2093.0,False,2026,2,6,4,37,1,Rabi,2088.0,2079.0,2087.0,2181.0,2082.0,2093.5714285714284,2115.285714285714,17.23230631554404,0.4329004329004329,-4.309949564419991,False
Maharashtra,Kolhapur,Kolhapur,Onion,Local,FAQ,2026-02-07,1954.0,2202.0,2069.0,False,2026,2,7,5,38,1,Rabi,2093.0,2079.0,2086.0,2173.0,2086.6666666666665,2094.4285714285716,2109.0,16.998599382088386,0.23946360153256704,-4.003681546249425,False
Maharashtra,Kolhapur,Kolhapur,Onion,Local,FAQ,2026-02-08,1965.0,2192.0,2075.0,False,2026,2,8,6,39,1,Rabi,2069.0,2088.0,2114.0,2181.0,2083.3333333333335,2092.0,2101.5714285714284,19.44222209523303,-1.1466794075489728,-3.0719853278312703,False
Maharashtra,Kolhapur,Kolhapur,Onion,Local,FAQ,2026-02-09,2032.0,2241.0,2100.0,False,2026,2,9,0,40,1,Rabi,2075.0,2093.0,2122.0,2150.0,2079.0,2086.4285714285716,2094.0,17.586520812432155,0.28999516674722087,-1.302325581395349,False
Maharashtra,Kolhapur,Kolhapur,Onion,Local,FAQ,2026-02-10,1952.0,2109.0,2054.0,False,2026,2,10,1,41,1,Rabi,2100.0,2069.0,2079.0,2132.0,2081.3333333333335,2083.285714285714,2090.4285714285716,10.843035948102292,1.2048192771084338,-2.4859287054409007,False
Maharashtra,Kolhapur,Kolhapur,Onion,Local,FAQ,2026-02-11,1955.0,2146.0,2022.0,False,2026,2,11,2,42,1,Rabi,2054.0,2075.0,2079.0,2097.0,2076.3333333333335,2079.714285714286,2084.8571428571427,15.574704766763663,-2.1904761904761907,-0.8583690987124464,False
Maharashtra,Kolhapur,Kolhapur,Onion,Local,FAQ,2026-02-12,1951.0,2115.0,2026.0,False,2026,2,12,3,43,1,Rabi,2022.0,2100.0,2088.0,2045.0,2058.6666666666665,2071.5714285714284,2079.5,26.838139173313795,-1.557935735150925,2.1026894865525674,False
Maharashtra,Kolhapur,Kolhapur,Onion,Local,FAQ,2026-02-13,1928.0,2093.0,2007.0,False,2026,2,13,4,44,1,Rabi,2026.0,2054.0,2093.0,2087.0,2034.0,2062.714285714286,2078.1428571428573,30.49433983389763,0.19782393669634024,0.287494010541447,False
Maharashtra,Kolhapur,Kolhapur,Onion,Local,FAQ,2026-02-14,1876.0,2081.0,1983.0,False,2026,2,14,5,45,1,Rabi,2007.0,2022.0,2069.0,2086.0,2018.3333333333333,2050.4285714285716,2072.4285714285716,33.44077921170842,-0.9378084896347483,-0.8149568552253116,False
Maharashtra,Kolhapur,Kolhapur,Onion,Local,FAQ,2026-02-15,1893.0,2153.0,2009.0,False,2026,2,15,6,46,1,Rabi,1983.0,2026.0,2075.0,2114.0,2005.3333333333333,2038.142857142857,2065.0714285714284,40.52747451392388,-1.195814648729447,-1.8448438978240302,False
Maharashtra,Kolhapur,Kolhapur,Onion,Local,FAQ,2026-02-16,1935.0,2064.0,1988.0,False,2026,2,16,0,47,1,Rabi,2009.0,2007.0,2100.0,2122.0,1999.6666666666667,2028.7142857142858,2057.5714285714284,38.13010309329566,1.3111447302067574,-1.0367577756833177,False
Maharashtra,Kolhapur,Kolhapur,Onion,Local,FAQ,2026-02-17,1895.0,2060.0,2005.0,False,2026,2,17,1,48,1,Rabi,1988.0,1983.0,2054.0,2079.0,1993.3333333333333,2012.7142857142858,2048.0,24.177911997773595,-1.0452961672473868,-1.2025012025012025,False
Maharashtra,Kolhapur,Kolhapur,Onion,Local,FAQ,2026-02-18,1986.0,2196.0,2069.0,False,2026,2,18,2,49,1,Rabi,2005.0,2009.0,2022.0,2079.0,2000.6666666666667,2005.7142857142858,2042.7142857142858,15.913456420236882,0.8551307847082495,-2.7417027417027415,False
Maharashtra,Kolhapur,Kolhapur,Onion,Local,FAQ,2026-02-19,2006.0,2125.0,2067.0,False,2026,2,19,3,50,1,Rabi,2069.0,1988.0,2026.0,2088.0,2020.6666666666667,2012.4285714285713,2042.0,28.704570732777746,3.192019950124688,-2.9693486590038316,False
Maharashtra,Kolhapur,Kolhapur,Onion,Local,FAQ,2026-02-20,1947.0,2159.0,2066.0,False,2026,2,20,4,51,1,Rabi,2067.0,2005.0,2007.0,2093.0,2047.0,2018.2857142857142,2040.5,35.34927762447301,-0.09666505558240696,-4.108934543717153,False
Maharashtra,Kolhapur,Kolhapur,Onion,Local,FAQ,2026-02-21,2035.0,2242.0,2110.0,False,2026,2,21,5,52,1,Rabi,2066.0,2069.0,1983.0,2069.0,2067.3333333333335,2026.7142857142858,2038.5714285714287,39.05002896164577,-0.04837929366231253,-4.156597390043499,False
Maharashtra,Kolhapur,Kolhapur,Onion,Local,FAQ,2026-02-22,2049.0,2235.0,2126.0,False,2026,2,22,6,53,1,Rabi,2110.0,2067.0,2009.0,2075.0,2081.0,2044.857142857143,2041.5,44.4800650907431,2.1297192642787994,-3.180722891566265,False
Maharashtra,Kolhapur,Kolhapur,Onion,Local,FAQ,2026-02-23,2064.0,2209.0,2150.0,False,2026,2,23,0,54,1,Rabi,2126.0,2066.0,1988.0,2100.0,2100.6666666666665,2061.5714285714284,2045.142857142857,50.354930718049346,0.7582938388625593,-5.333333333333334,False
Maharashtra,Kolhapur,Kolhapur,Onion,Local,FAQ,2026-02-24,2080.0,2253.0,2149.0,False,2026,2,24,1,55,1,Rabi,2150.0,2110.0,2005.0,2054.0,2128.6666666666665,2084.714285714286,2048.714285714286,48.08227076485878,1.1288805268109126,-2.385589094449854,False
Maharashtra,Kolhapur,Kolhapur,Onion,Local,FAQ,2026-02-25,2027.0,2287.0,2164.0,False,2026,2,25,2,56,1,Rabi,2149.0,2126.0,2069.0,2022.0,2141.6666666666665,2105.285714285714,2055.5,38.05134375951943,-0.046511627906976744,2.324431256181998,False
Maharashtra,Kolhapur,Kolhapur,Onion,Local,FAQ,2026-02-26,2059.0,2313.0,2178.0,False,2026,2,26,3,57,1,Rabi,2164.0,2150.0,2067.0,2026.0,2154.3333333333335,2118.8571428571427,2065.6428571428573,39.85151009865449,0.6979990693345742,2.023692003948667,False
Maharashtra,Kolhapur,Kolhapur,Onion,Local,FAQ,2026-02-27,2130.0,2304.0,2205.0,False,2026,2,27,4,58,1,Rabi,2178.0,2149.0,2066.0,2007.0,2163.6666666666665,2134.714285714286,2076.5,37.809673743258806,0.6469500924214419,2.9397110114598903,False
Maharashtra,Kolhapur,Kolhapur,Onion,Local,FAQ,2026-02-28,2148.0,2323.0,2216.0,False,2026,2,28,5,59,1,Rabi,2205.0,2164.0,2110.0,1983.0,2182.3333333333335,2154.5714285714284,2090.6428571428573,31.71675237083019,1.2396694214876034,6.404437720625316,False
Maharashtra,Kolhapur,Kolhapur,Onion,Local,FAQ,2026-03-01,2079.0,2274.0,2221.0,False,2026,3,1,6,60,1,Rabi,2216.0,2178.0,2126.0,2009.0,2199.6666666666665,2169.714285714286,2107.285714285714,32.19065229594201,0.4988662131519274,5.823792931806869,False
Maharashtra,Kolhapur,Kolhapur,Onion,Local,FAQ,2026-03-02,2052.0,2341.0,2194.0,False,2026,3,2,0,61,1,Rabi,2221.0,2205.0,2150.0,1988.0,2214.0,2183.285714285714,2122.4285714285716,30.679603896370793,0.22563176895306858,8.148893360160967,False
Maharashtra,Kolhapur,Kolhapur,Onion,Local,FAQ,2026-03-03,2076.0,2317.0,2220.0,False,2026,3,3,1,62,1,Rabi,2194.0,2216.0,2149.0,2005.0,2210.3333333333335,2189.5714285714284,2137.1428571428573,27.011461412132984,-1.2156686177397569,7.182044887780549,False
Maharashtra,Kolhapur,Kolhapur,Onion,Local,FAQ,2026-03-04,2139.0,2354.0,2221.0,False,2026,3,4,2,63,1,Rabi,2220.0,2221.0,2164.0,2069.0,2211.6666666666665,2199.714285714286,2152.5,22.126261061722776,1.1850501367365542,4.59159014016433,False
Maharashtra,Kolhapur,Kolhapur,Onion,Local,FAQ,2026-03-05,2168.0,2332.0,2222.0,False,2026,3,5,3,64,1,Rabi,2221.0,2194.0,2178.0,2067.0,2211.6666666666665,2207.8571428571427,2163.3571428571427,16.587430697456387,0.04504504504504504,5.370101596516691,False
Maharashtra,Kolhapur,Kolhapur,Onion,Local,FAQ,2026-03-06,2153.0,2331.0,2211.0,False,2026,3,6,4,65,1,Rabi,2222.0,2220.0,2205.0,2066.0,2221.0,2214.1428571428573,2174.4285714285716,10.668154658119981,0.04502476361999099,6.727976766698935,False
Maharashtra,Kolhapur,Kolhapur,Onion,Local,FAQ,2026-03-07,2119.0,2325.0,2203.0,False,2026,3,7,5,66,1,Rabi,2211.0,2221.0,2216.0,2110.0,2218.0,2215.0,2184.785714285714,10.033277962196982,-0.49504950495049505,5.023696682464455,False
Maharashtra,Kolhapur,Kolhapur,Onion,Local,FAQ,2026-03-08,2095.0,2328.0,2199.0,False,2026,3,8,6,67,1,Rabi,2203.0,2222.0,2221.0,2126.0,2212.0,2213.1428571428573,2191.4285714285716,10.976164652383627,-0.3618272274988693,4.468485418626528,False
Maharashtra,Kolhapur,Kolhapur,Onion,Local,FAQ,2026-03-09,2106.0,2301.0,2188.0,False,2026,3,9,0,68,1,Rabi,2199.0,2211.0,2194.0,2150.0,2204.3333333333335,2210.0,2196.6428571428573,11.489125293078436,-0.18157058556513844,2.0465116279069764,False
Maharashtra,Kolhapur,Kolhapur,Onion,Local,FAQ,2026-03-10,2121.0,2246.0,2194.0,False,2026,3,10,1,69,1,Rabi,2188.0,2203.0,2220.0,2149.0,2196.6666666666665,2209.1428571428573,2199.3571428571427,13.005493344849144,-0.5002273760800363,3.303862261516985,False
Maharashtra,Kolhapur,Kolhapur,Onion,Local,FAQ,2026-03-12,2075.0,2349.0,2219.0,False,2026,3,12,3,71,1,Rabi,2194.0,2199.0,2221.0,2164.0,2193.6666666666665,2205.4285714285716,2202.5714285714284,13.10034532442255,0.2742230347349177,2.634011090573013,False
Maharashtra,Kolhapur,Kolhapur,Onion,Local,FAQ,2026-03-13,2095.0,2330.0,2245.0,False,2026,3,13,4,72,1,Rabi,2219.0,2188.0,2222.0,2178.0,2200.3333333333335,2205.1428571428573,2206.5,12.72043724915138,1.1394712853236098,2.0202020202020203,False
Maharashtra,Kolhapur,Kolhapur,Onion,Local,FAQ,2026-03-14,2134.0,2345.0,2232.0,False,2026,3,14,5,73,1,Rabi,2245.0,2194.0,2211.0,2205.0,2219.3333333333335,2208.4285714285716,2211.285714285714,19.147298702926996,1.1716989634970707,0.27210884353741494,False
Maharashtra,Kolhapur,Kolhapur,Onion,Local,FAQ,2026-03-15,2130.0,2415.0,2267.0,False,2026,3,15,6,74,1,Rabi,2232.0,2219.0,2203.0,2216.0,2232.0,2211.4285714285716,2213.214285714286,21.15700942049937,-0.579064587973274,-0.5866425992779783,False
Maharashtra,Kolhapur,Kolhapur,Onion,Local,FAQ,2026-03-16,2164.0,2380.0,2256.0,False,2026,3,16,0,75,1,Rabi,2267.0,2245.0,2199.0,2221.0,2248.0,2220.5714285714284,2216.8571428571427,29.205348499074702,1.568100358422939,-0.9905447996398019,False
Maharashtra,Kolhapur,Kolhapur,Onion,Local,FAQ,2026-03-17,2219.0,2354.0,2293.0,False,2026,3,17,1,76,1,Rabi,2256.0,2232.0,2188.0,2194.0,2251.6666666666665,2228.714285714286,2219.3571428571427,30.120393344677606,-0.4852227613586237,-0.27347310847766637,False
Maharashtra,Kolhapur,Kolhapur,Onion,Local,FAQ,2026-03-18,2179.0,2332.0,2259.0,False,2026,3,18,2,77,1,Rabi,2293.0,2267.0,2194.0,2220.0,2272.0,2243.714285714286,2226.4285714285716,32.51519791171612,1.6400709219858156,-1.1711711711711712,False
Maharashtra,Kolhapur,Kolhapur,Onion,Local,FAQ,2026-03-19,2182.0,2288.0,2236.0,False,2026,3,19,3,78,1,Rabi,2259.0,2256.0,2219.0,2221.0,2269.3333333333335,2253.0,2229.214285714286,24.159194247048493,-1.4827736589620584,-0.09004952723998198,False
Maharashtra,Kolhapur,Kolhapur,Onion,Local,FAQ,2026-03-20,2147.0,2353.0,2235.0,False,2026,3,20,4,79,1,Rabi,2236.0,2293.0,2245.0,2222.0,2262.6666666666665,2255.4285714285716,2230.285714285714,20.791481772246623,-1.018149623727313,1.035103510351035,False
Maharashtra,Kolhapur,Kolhapur,Onion,Local,FAQ,2026-03-21,2169.0,2386.0,2241.0,False,2026,3,21,5,80,1,Rabi,2235.0,2259.0,2232.0,2211.0,2243.3333333333335,2254.0,2231.214285714286,21.93931022920469,-0.044722719141323794,0.9497964721845319,False
Maharashtra,Kolhapur,Kolhapur,Onion,Local,FAQ,2026-03-22,2122.0,2363.0,2266.0,False,2026,3,22,6,81,1,Rabi,2241.0,2236.0,2267.0,2203.0,2237.3333333333335,2255.285714285714,2233.3571428571427,20.661673744029333,0.2684563758389262,2.905129369042215,False
Maharashtra,Kolhapur,Kolhapur,Onion,Local,FAQ,2026-03-23,2149.0,2327.0,2260.0,False,2026,3,23,0,82,1,Rabi,2266.0,2235.0,2256.0,2199.0,2247.3333333333335,2255.1428571428573,2237.8571428571427,20.57043648401283,1.1155734047300312,2.592087312414734,False
Maharashtra,Kolhapur,Kolhapur,Onion,Local,FAQ,2026-03-24,2153.0,2365.0,2264.0,False,2026,3,24,1,83,1,Rabi,2260.0,2241.0,2293.0,2188.0,2255.6666666666665,2255.714285714286,2242.214285714286,20.653605703880768,-0.264783759929391,4.798903107861061,False
Maharashtra,Kolhapur,Kolhapur,Onion,Local,FAQ,2026-03-25,2204.0,2345.0,2277.0,False,2026,3,25,2,84,1,Rabi,2264.0,2266.0,2259.0,2194.0,2263.3333333333335,2251.5714285714284,2247.6428571428573,13.64865247142262,0.17699115044247787,2.962625341841386,False
Maharashtra,Kolhapur,Kolhapur,Onion,Local,FAQ,2026-03-26,2133.0,2346.0,2261.0,False,2026,3,26,3,85,1,Rabi,2277.0,2260.0,2236.0,2219.0,2267.0,2254.1428571428573,2253.5714285714284,16.647608150806743,0.5742049469964664,0.7661108607480848,False
Maharashtra,Kolhapur,Kolhapur,Onion,Local,FAQ,2026-03-27,2191.0,2394.0,2247.0,False,2026,3,27,4,86,1,Rabi,2261.0,2264.0,2235.0,2245.0,2267.3333333333335,2257.714285714286,2256.5714285714284,14.670995032309035,-0.7026789635485288,-0.4454342984409799,False
Maharashtra,Kolhapur,Kolhapur,Onion,Local,FAQ,2026-03-28,2163.0,2348.0,2283.0,False,2026,3,28,5,87,1,Rabi,2247.0,2277.0,2241.0,2232.0,2261.6666666666665,2259.4285714285716,2256.714285714286,12.039617143095443,-0.6191950464396285,0.4032258064516129,False
Maharashtra,Kolhapur,Kolhapur,Onion,Local,FAQ,2026-03-29,2137.0,2341.0,2269.0,False,2026,3,29,6,88,1,Rabi,2283.0,2261.0,2266.0,2267.0,2263.6666666666665,2265.4285714285716,2260.3571428571427,11.787806452105842,1.602136181575434,-0.044111160123511246,False
Maharashtra,Kolhapur,Kolhapur,Onion,Local,FAQ,2026-03-30,2165.0,2382.0,2274.0,False,2026,3,30,0,89,1,Rabi,2269.0,2247.0,2260.0,2256.0,2266.3333333333335,2265.8571428571427,2260.5,11.866318882005926,-0.613228208497591,0.1773049645390071,False
Maharashtra,Kolhapur,Kolhapur,Onion,Local,FAQ,2026-03-31,2177.0,2374.0,2236.0,False,2026,3,31,1,90,1,Rabi,2274.0,2283.0,2264.0,2293.0,2275.3333333333335,2267.8571428571427,2261.785714285714,11.894376422331444,0.22036139268400176,-1.264718709114697,False
Maharashtra,Kolhapur,Kolhapur,Onion,Local,FAQ,2026-04-01,2081.0,2366.0,2220.0,False,2026,4,1,2,91,2,Zaid,2236.0,2269.0,2277.0,2259.0,2259.6666666666665,2263.8571428571427,2257.714285714286,17.01399983766666,-1.6710642040457344,0.796812749003984,False
Maharashtra,Kolhapur,Kolhapur,Onion,Local,FAQ,2026-04-02,2075.0,2342.0,2211.0,False,2026,4,2,3,92,2,Zaid,2220.0,2274.0,2261.0,2236.0,2243.3333333333335,2255.714285714286,2254.9285714285716,22.447823099461207,-0.7155635062611807,1.118067978533095,False
Maharashtra,Kolhapur,Kolhapur,Onion,Local,FAQ,2026-04-03,2168.0,2318.0,2227.0,False,2026,4,3,4,93,2,Zaid,2211.0,2236.0,2247.0,2235.0,2222.3333333333335,2248.5714285714284,2253.1428571428573,27.80202116667654,-0.40540540540540543,0.5369127516778524,False
Maharashtra,Kolhapur,Kolhapur,Onion,Local,FAQ,2026-04-04,2190.0,2353.0,2277.0,False,2026,4,4,5,94,2,Zaid,2227.0,2220.0,2283.0,2241.0,2219.3333333333335,2245.714285714286,2252.5714285714284,28.992609895823133,0.7236544549977386,1.8741633199464525,False
Maharashtra,Kolhapur,Kolhapur,Onion,Local,FAQ,2026-04-05,2219.0,2349.0,2277.0,False,2026,4,5,6,95,2,Zaid,2277.0,2211.0,2269.0,2266.0,2238.3333333333335,2244.8571428571427,2255.1428571428573,27.769459071843887,2.2451728783116303,0.1323918799646955,False
Maharashtra,Kolhapur,Kolhapur,Onion,Local,FAQ,2026-04-06,2203.0,2379.0,2321.0,False,2026,4,6,0,96,2,Zaid,2277.0,2227.0,2274.0,2260.0,2260.3333333333335,2246.0,2255.9285714285716,29.063149634315675,0.0,0.6194690265486725,False
Maharashtra,Kolhapur,Kolhapur,Onion,Local,FAQ,2026-04-07,2223.0,2430.0,2321.0,False,2026,4,7,1,97,2,Zaid,2321.0,2277.0,2236.0,2264.0,2291.6666666666665,2252.714285714286,2260.285714285714,39.98630718014251,1.932367149758454,-1.2367491166077738,False
Maharashtra,Kolhapur,Kolhapur,Onion,Local,FAQ,2026-04-08,2219.0,2436.0,2351.0,False,2026,4,8,2,98,2,Zaid,2321.0,2277.0,2220.0,2277.0,2306.3333333333335,2264.8571428571427,2264.3571428571427,46.448640351211004,0.0,-2.503293807641634,False
Maharashtra,Kolhapur,Kolhapur,Onion,Local,FAQ,2026-04-09,2291.0,2506.0,2368.0,False,2026,4,9,3,99,2,Zaid,2351.0,2321.0,2211.0,2261.0,2331.0,2283.5714285714284,2269.6428571428573,51.480925732601975,1.2925463162429989,-2.21141088014153,False
Maharashtra,Kolhapur,Kolhapur,Onion,Local,FAQ,2026-04-10,2284.0,2530.0,2414.0,False,2026,4,10,4,100,2,Zaid,2368.0,2321.0,2227.0,2247.0,2346.6666666666665,2306.0,2277.285714285714,48.72029009218477,0.7230965546575925,-0.8900756564307966,False
Maharashtra,Kolhapur,Kolhapur,Onion,Local,FAQ,2026-04-11,2315.0,2553.0,2435.0,False,2026,4,11,5,101,2,Zaid,2414.0,2351.0,2277.0,2283.0,2377.6666666666665,2332.714285714286,2289.214285714286,49.445978217694666,1.9425675675675675,-0.2628120893561104,False
Maharashtra,Kolhapur,Kolhapur,Onion,Local,FAQ,2026-04-12,2335.0,2572.0,2447.0,False,2026,4,12,6,102,2,Zaid,2435.0,2368.0,2277.0,2269.0,2405.6666666666665,2355.285714285714,2300.0714285714284,55.46985453293289,0.8699254349627175,0.35257822829440283,False
Maharashtra,Kolhapur,Kolhapur,Onion,Local,FAQ,2026-04-13,2359.0,2567.0,2443.0,False,2026,4,13,0,103,2,Zaid,2447.0,2414.0,2321.0,2274.0,2432.0,2379.5714285714284,2312.785714285714,52.62400321417688,0.49281314168377827,2.0668425681618294,False
Maharashtra,Kolhapur,Kolhapur,Onion,Local,FAQ,2026-04-14,2381.0,2579.0,2447.0,False,2026,4,14,1,104,2,Zaid,2443.0,2435.0,2321.0,2236.0,2441.6666666666665,2397.0,2324.8571428571427,50.13648039767712,-0.1634654679199019,3.8014311270125223,False
Maharashtra,Kolhapur,Kolhapur,Onion,Local,FAQ,2026-04-15,2396.0,2526.0,2447.0,False,2026,4,15,2,105,2,Zaid,2447.0,2447.0,2351.0,2220.0,2445.6666666666665,2415.0,2339.9285714285716,39.870624106811796,0.1637331150225133,5.900900900900901,False
Maharashtra,Kolhapur,Kolhapur,Onion,Local,FAQ,2026-04-16,2367.0,2627.0,2479.0,False,2026,4,16,3,106,2,Zaid,2447.0,2443.0,2368.0,2211.0,2445.6666666666665,2428.714285714286,2356.1428571428573,29.295700968540178,0.0,7.100859339665309,False
Maharashtra,Kolhapur,Kolhapur,Onion,Local,FAQ,2026-04-17,2332.0,2549.0,2445.0,False,2026,4,17,4,107,2,Zaid,2479.0,2447.0,2414.0,2227.0,2457.6666666666665,2444.5714285714284,2375.285714285714,19.286067016175743,1.3077237433592153,8.396946564885496,False
Maharashtra,Kolhapur,Kolhapur,Onion,Local,FAQ,2026-04-18,2336.0,2525.0,2464.0,False,2026,4,18,5,108,2,Zaid,2445.0,2447.0,2435.0,2277.0,2457.0,2449.0,2390.8571428571427,13.904435743077666,-1.371520774505849,6.938954765041721,False
Maharashtra,Kolhapur,Kolhapur,Onion,Local,FAQ,2026-04-19,2324.0,2554.0,2470.0,False,2026,4,19,6,109,2,Zaid,2464.0,2479.0,2447.0,2277.0,2462.6666666666665,2453.1428571428573,2404.214285714286,13.347016788140282,0.7770961145194274,7.465963987703119,False
Maharashtra,Kolhapur,Kolhapur,Onion,Local,FAQ,2026-04-20,2397.0,2653.0,2510.0,False,2026,4,20,0,110,2,Zaid,2470.0,2445.0,2443.0,2321.0,2459.6666666666665,2456.4285714285716,2418.0,14.374249462809786,0.2435064935064935,5.256355019388194,False
Maharashtra,Kolhapur,Kolhapur,Onion,Local,FAQ,2026-04-21,2419.0,2620.0,2499.0,False,2026,4,21,1,111,2,Zaid,2510.0,2464.0,2447.0,2321.0,2481.3333333333335,2466.0,2431.5,23.40939982143995,1.6194331983805668,5.4286945282205945,False
Maharashtra,Kolhapur,Kolhapur,Onion,Local,FAQ,2026-04-22,2446.0,2611.0,2503.0,False,2026,4,22,2,112,2,Zaid,2499.0,2470.0,2447.0,2351.0,2493.0,2473.4285714285716,2444.214285714286,24.59577973865454,-0.4382470119521913,4.083368779242876,False
Maharashtra,Kolhapur,Kolhapur,Onion,Local,FAQ,2026-04-23,2478.0,2670.0,2533.0,False,2026,4,23,3,113,2,Zaid,2503.0,2510.0,2479.0,2368.0,2504.0,2481.4285714285716,2455.0714285714284,23.656268674900385,0.1600640256102441,4.6875,False
Maharashtra,Kolhapur,Kolhapur,Onion,Local,FAQ,2026-04-24,2348.0,2642.0,2495.0,False,2026,4,24,4,114,2,Zaid,2533.0,2499.0,2445.0,2414.0,2511.6666666666665,2489.1428571428573,2466.8571428571427,30.53647311783424,1.1985617259288852,1.284175642087821,False
Maharashtra,Kolhapur,Kolhapur,Onion,Local,FAQ,2026-04-25,2355.0,2533.0,2481.0,False,2026,4,25,5,115,2,Zaid,2495.0,2503.0,2464.0,2435.0,2510.3333333333335,2496.285714285714,2472.6428571428573,23.535181365453358,-1.5001973943939992,1.190965092402464,False
Maharashtra,Kolhapur,Kolhapur,Onion,Local,FAQ,2026-04-26,2439.0,2573.0,2491.0,False,2026,4,26,6,116,2,Zaid,2481.0,2533.0,2470.0,2447.0,2503.0,2498.714285714286,2475.9285714285716,20.30364733830149,-0.561122244488978,0.939926440539436,False
Maharashtra,Kolhapur,Kolhapur,Onion,Local,FAQ,2026-04-27,2412.0,2625.0,2530.0,False,2026,4,27,0,117,2,Zaid,2491.0,2495.0,2510.0,2443.0,2489.0,2501.714285714286,2479.0714285714284,16.56013572523236,0.4030632809351068,2.7425296766270977,False
Maharashtra,Kolhapur,Kolhapur,Onion,Local,FAQ,2026-04-28,2451.0,2678.0,2528.0,False,2026,4,28,1,118,2,Zaid,2530.0,2481.0,2499.0,2447.0,2500.6666666666665,2504.5714285714284,2485.285714285714,19.662630740037496,1.5656362906463268,2.125051082958725,False
Maharashtra,Kolhapur,Kolhapur,Onion,Local,FAQ,2026-04-29,2426.0,2621.0,2492.0,False,2026,4,29,2,119,2,Zaid,2528.0,2491.0,2503.0,2447.0,2516.3333333333335,2508.714285714286,2491.0714285714284,21.281559198159744,-0.07905138339920949,2.2885165508786267,False
Maharashtra,Kolhapur,Kolhapur,Onion,Local,FAQ,2026-04-30,2318.0,2509.0,2437.0,False,2026,4,30,3,120,2,Zaid,2492.0,2530.0,2533.0,2479.0,2516.6666666666665,2507.1428571428573,2494.285714285714,22.16174309802538,-1.4240506329113924,2.1782977006857602,False
Maharashtra,Kolhapur,Kolhapur,Onion,Local,FAQ,2026-05-01,2328.0,2520.0,2443.0,False,2026,5,1,4,121,2,Zaid,2437.0,2528.0,2495.0,2445.0,2485.6666666666665,2493.4285714285716,2491.285714285714,31.309514756472204,-2.207062600321027,2.044989775051125,False
Maharashtra,Kolhapur,Kolhapur,Onion,Local,FAQ,2026-05-02,2284.0,2494.0,2429.0,False,2026,5,2,5,122,2,Zaid,2443.0,2492.0,2481.0,2464.0,2457.3333333333335,2486.0,2491.1428571428573,36.596903329836245,0.24620434961017645,0.689935064935065,False
Maharashtra,Kolhapur,Kolhapur,Onion,Local,FAQ,2026-05-03,2353.0,2559.0,2445.0,False,2026,5,3,6,123,2,Zaid,2429.0,2437.0,2491.0,2470.0,2436.3333333333335,2478.5714285714284,2488.6428571428573,42.57094918234461,-0.5730659025787965,0.8502024291497976,False
Maharashtra,Kolhapur,Kolhapur,Onion,Local,FAQ,2026-05-04,2353.0,2520.0,2443.0,False,2026,5,4,0,124,2,Zaid,2445.0,2443.0,2530.0,2510.0,2439.0,2472.0,2486.8571428571427,43.86342439892329,0.6587072869493619,0.796812749003984,False
Maharashtra,Kolhapur,Kolhapur,Onion,Local,FAQ,2026-05-05,2303.0,2515.0,2442.0,False,2026,5,5,1,125,2,Zaid,2443.0,2429.0,2528.0,2499.0,2439.0,2459.5714285714284,2482.0714285714284,36.37699429977396,-0.081799591002045,1.1604641856742697,False
Maharashtra,Kolhapur,Kolhapur,Onion,Local,FAQ,2026-05-06,2377.0,2501.0,2448.0,False,2026,5,6,2,126,2,Zaid,2442.0,2445.0,2492.0,2503.0,2443.3333333333335,2447.285714285714,2478.0,20.450870280703864,-0.04093327875562833,-0.43947263284059124,False
Maharashtra,Kolhapur,Kolhapur,Onion,Local,FAQ,2026-05-07,2280.0,2513.0,2416.0,False,2026,5,7,3,127,2,Zaid,2448.0,2443.0,2437.0,2533.0,2444.3333333333335,2441.0,2474.0714285714284,6.24499799840543,0.2457002457002457,-3.7899723647848402,False
Maharashtra,Kolhapur,Kolhapur,Onion,Local,FAQ,2026-05-08,2305.0,2521.0,2452.0,False,2026,5,8,4,128,2,Zaid,2416.0,2442.0,2443.0,2495.0,2435.3333333333335,2438.0,2465.714285714286,11.401754250995342,-1.3071895424836601,-2.0841683366733466,False
Maharashtra,Kolhapur,Kolhapur,Onion,Local,FAQ,2026-05-09,2334.0,2595.0,2461.0,False,2026,5,9,5,129,2,Zaid,2452.0,2448.0,2429.0,2481.0,2438.6666666666665,2439.285714285714,2462.6428571428573,12.512850537408253,1.490066225165563,-2.0959290608625554,False
Maharashtra,Kolhapur,Kolhapur,Onion,Local,FAQ,2026-05-10,2346.0,2585.0,2472.0,False,2026,5,10,6,130,2,Zaid,2461.0,2416.0,2445.0,2491.0,2443.0,2443.8571428571427,2461.214285714286,13.89758457944915,0.367047308319739,-1.846647932557206,False
Maharashtra,Kolhapur,Kolhapur,Onion,Local,FAQ,2026-05-11,2347.0,2575.0,2477.0,False,2026,5,11,0,131,2,Zaid,2472.0,2452.0,2443.0,2530.0,2461.6666666666665,2447.714285714286,2459.8571428571427,17.537714462594973,0.4469727752945957,-3.438735177865613,False
Maharashtra,Kolhapur,Kolhapur,Onion,Local,FAQ,2026-05-12,2433.0,2558.0,2495.0,False,2026,5,12,1,132,2,Zaid,2477.0,2461.0,2442.0,2528.0,2470.0,2452.5714285714284,2456.0714285714284,20.476467329248937,0.20226537216828477,-3.401898734177215,False
Maharashtra,Kolhapur,Kolhapur,Onion,Local,FAQ,2026-05-13,2408.0,2577.0,2478.0,False,2026,5,13,2,133,2,Zaid,2495.0,2472.0,2448.0,2492.0,2481.3333333333335,2460.1428571428573,2453.714285714286,25.175573951940258,0.7266855066612838,-1.7656500802568218,False
Maharashtra,Kolhapur,Kolhapur,Onion,Local,FAQ,2026-05-14,2467.0,2631.0,2523.0,False,2026,5,14,3,134,2,Zaid,2478.0,2477.0,2416.0,2437.0,2483.3333333333335,2464.4285714285716,2452.714285714286,25.317037365230398,-0.6813627254509018,-0.8617152236356176,False
Maharashtra,Kolhapur,Kolhapur,Onion,Local,FAQ,2026-05-15,2463.0,2640.0,2544.0,False,2026,5,15,4,135,2,Zaid,2523.0,2495.0,2452.0,2443.0,2498.6666666666665,2479.714285714286,2458.8571428571427,23.435829305535567,1.8159806295399514,0.3683995088006549,False
Maharashtra,Kolhapur,Kolhapur,Onion,Local,FAQ,2026-05-16,2477.0,2585.0,2528.0,False,2026,5,16,5,136,2,Zaid,2544.0,2478.0,2461.0,2429.0,2515.0,2492.8571428571427,2466.0714285714284,30.140938778948193,0.8323424494649228,1.3174145738987237,False
Maharashtra,Kolhapur,Kolhapur,Onion,Local,FAQ,2026-05-17,2407.0,2596.0,2517.0,False,2026,5,17,6,137,2,Zaid,2528.0,2523.0,2472.0,2445.0,2531.6666666666665,2502.4285714285716,2473.1428571428573,28.953164149809794,-0.628930817610063,1.1042944785276074,False
Maharashtra,Kolhapur,Kolhapur,Onion,Local,FAQ,2026-05-18,2337.0,2592.0,2456.0,False,2026,5,18,0,138,2,Zaid,2517.0,2544.0,2477.0,2443.0,2529.6666666666665,2508.8571428571427,2478.285714285714,25.906425016643635,-0.435126582278481,1.391731477691363,False
Maharashtra,Kolhapur,Kolhapur,Onion,Local,FAQ,2026-05-19,2358.0,2581.0,2432.0,False,2026,5,19,1,139,2,Zaid,2456.0,2528.0,2495.0,2442.0,2500.3333333333335,2505.8571428571427,2479.214285714286,30.937725468155833,-2.4235200635677394,2.1703521703521704,False
Maharashtra,Kolhapur,Kolhapur,Onion,Local,FAQ,2026-05-20,2367.0,2531.0,2431.0,False,2026,5,20,2,140,2,Zaid,2432.0,2517.0,2478.0,2448.0,2468.3333333333335,2496.8571428571427,2478.5,41.858605532709454,-0.9771986970684038,1.2254901960784315,False
Maharashtra,Kolhapur,Kolhapur,Onion,Local,FAQ,2026-05-21,2362.0,2519.0,2468.0,False,2026,5,21,3,141,2,Zaid,2431.0,2456.0,2523.0,2416.0,2439.6666666666665,2490.1428571428573,2477.285714285714,48.61216778897005,-0.041118421052631575,4.428807947019867,False
Maharashtra,Kolhapur,Kolhapur,Onion,Local,FAQ,2026-05-22,2407.0,2592.0,2490.0,False,2026,5,22,4,142,2,Zaid,2468.0,2432.0,2544.0,2452.0,2443.6666666666665,2482.285714285714,2481.0,46.82846102430537,1.5220074043603455,3.7520391517128875,False
Maharashtra,Kolhapur,Kolhapur,Onion,Local,FAQ,2026-05-23,2431.0,2542.0,2484.0,False,2026,5,23,5,143,2,Zaid,2490.0,2431.0,2528.0,2461.0,2463.0,2474.5714285714284,2483.714285714286,38.71200133833409,0.8914100486223663,2.7224705404307192,False
Maharashtra,Kolhapur,Kolhapur,Onion,Local,FAQ,2026-05-24,2377.0,2530.0,2467.0,False,2026,5,24,6,144,2,Zaid,2484.0,2468.0,2517.0,2472.0,2480.6666666666665,2468.285714285714,2485.3571428571427,31.489227182825005,-0.24096385542168677,1.820388349514563,False
Maharashtra,Kolhapur,Kolhapur,Onion,Local,FAQ,2026-05-25,2382.0,2582.0,2512.0,False,2026,5,25,0,145,2,Zaid,2467.0,2490.0,2456.0,2477.0,2480.3333333333335,2461.1428571428573,2485.0,23.169150260846127,-0.6843800322061192,-0.8477997577714977,False
Maharashtra,Kolhapur,Kolhapur,Onion,Local,FAQ,2026-05-26,2461.0,2588.0,2528.0,False,2026,5,26,1,146,2,Zaid,2512.0,2484.0,2432.0,2495.0,2487.6666666666665,2469.1428571428573,2487.5,29.812908677444813,1.8240778273206324,-2.525050100200401,False
Maharashtra,Kolhapur,Kolhapur,Onion,Local,FAQ,2026-05-27,2510.0,2707.0,2563.0,False,2026,5,27,2,147,2,Zaid,2528.0,2467.0,2431.0,2478.0,2502.3333333333335,2482.8571428571427,2489.8571428571427,31.88745088290468,0.6369426751592357,-1.8966908797417272,False
Maharashtra,Kolhapur,Kolhapur,Onion,Local,FAQ,2026-05-28,2531.0,2690.0,2586.0,False,2026,5,28,3,148,2,Zaid,2563.0,2512.0,2468.0,2523.0,2534.3333333333335,2501.714285714286,2495.9285714285716,34.989113953317144,1.3844936708860758,-2.1799445105033692,False
Maharashtra,Kolhapur,Kolhapur,Onion,Local,FAQ,2026-05-29,2482.0,2733.0,2603.0,False,2026,5,29,4,149,2,Zaid,2586.0,2528.0,2490.0,2544.0,2559.0,2518.5714285714284,2500.4285714285716,43.44290177101219,0.8973858759266484,-2.1226415094339623,False
Maharashtra,Kolhapur,Kolhapur,Onion,Local,FAQ,2026-05-30,2529.0,2744.0,2613.0,False,2026,5,30,5,150,2,Zaid,2603.0,2563.0,2484.0,2528.0,2584.0,2534.714285714286,2504.6428571428573,51.334570176813365,0.6573859242072699,-1.740506329113924,False
Maharashtra,Kolhapur,Kolhapur,Onion,Local,FAQ,2026-05-31,2551.0,2760.0,2646.0,False,2026,5,31,6,151,2,Zaid,2613.0,2586.0,2467.0,2517.0,2600.6666666666665,2553.1428571428573,2510.714285714286,53.214749119107736,0.384172109104879,-1.9864918553833928,False
Maharashtra,Kolhapur,Kolhapur,Onion,Local,FAQ,2026-06-01,2548.0,2774.0,2651.0,False,2026,6,1,0,152,2,Kharif,2646.0,2603.0,2512.0,2456.0,2620.6666666666665,2578.714285714286,2519.9285714285716,47.63652060381932,1.2629161882893225,2.2801302931596092,False
Maharashtra,Kolhapur,Kolhapur,Onion,Local,FAQ,2026-06-02,2498.0,2707.0,2635.0,False,2026,6,2,1,153,2,Kharif,2651.0,2613.0,2528.0,2432.0,2636.6666666666665,2598.5714285714284,2533.8571428571427,44.0259663640184,0.1889644746787604,3.9473684210526314,False
Maharashtra,Kolhapur,Kolhapur,Onion,Local,FAQ,2026-06-03,2475.0,2707.0,2623.0,False,2026,6,3,2,154,2,Kharif,2635.0,2646.0,2563.0,2431.0,2644.0,2613.8571428571427,2548.3571428571427,32.508606918929324,-0.6035458317615994,5.429864253393665,False
Maharashtra,Kolhapur,Kolhapur,Onion,Local,FAQ,2026-06-04,2520.0,2736.0,2636.0,False,2026,6,4,3,155,2,Kharif,2623.0,2651.0,2586.0,2468.0,2636.3333333333335,2622.4285714285716,2562.0714285714284,23.536193000404808,-0.45540796963946867,4.781199351701783,False
Maharashtra,Kolhapur,Kolhapur,Onion,Local,FAQ,2026-06-05,2516.0,2744.0,2622.0,False,2026,6,5,4,156,2,Kharif,2636.0,2635.0,2603.0,2490.0,2631.3333333333335,2629.5714285714284,2574.0714285714284,17.43423015083524,0.49561570720548986,4.538152610441767,False
Maharashtra,Kolhapur,Kolhapur,Onion,Local,FAQ,2026-06-06,2552.0,2740.0,2622.0,False,2026,6,6,5,157,2,Kharif,2622.0,2623.0,2613.0,2484.0,2627.0,2632.285714285714,2583.5,13.683497185953673,-0.5311077389984825,5.193236714975845,False
Maharashtra,Kolhapur,Kolhapur,Onion,Local,FAQ,2026-06-07,2568.0,2678.0,2625.0,False,2026,6,7,6,158,2,Kharif,2622.0,2636.0,2646.0,2467.0,2626.6666666666665,2633.5714285714284,2593.3571428571427,11.872336794089243,0.0,7.255776246453181,False
Maharashtra,Kolhapur,Kolhapur,Onion,Local,FAQ,2026-06-08,2482.0,2742.0,2619.0,False,2026,6,8,0,159,2,Kharif,2625.0,2622.0,2651.0,2512.0,2623.0,2630.5714285714284,2604.6428571428573,10.81445241111591,0.11441647597254005,5.53343949044586,False
Maharashtra,Kolhapur,Kolhapur,Onion,Local,FAQ,2026-06-09,2453.0,2670.0,2577.0,False,2026,6,9,1,160,2,Kharif,2619.0,2622.0,2635.0,2528.0,2622.0,2626.0,2612.285714285714,6.733003292235217,-0.2285714285714286,4.2325949367088604,False
Maharashtra,Kolhapur,Kolhapur,Onion,Local,FAQ,2026-06-10,2398.0,2601.0,2547.0,False,2026,6,10,2,161,2,Kharif,2577.0,2625.0,2623.0,2563.0,2607.0,2617.714285714286,2615.785714285714,18.759124763823273,-1.6036655211912942,2.3410066328521264,False
Maharashtra,Kolhapur,Kolhapur,Onion,Local,FAQ,2026-06-11,2373.0,2618.0,2510.0,False,2026,6,11,3,162,2,Kharif,2547.0,2619.0,2636.0,2586.0,2581.0,2606.8571428571427,2614.6428571428573,32.297722166474806,-1.1641443538998837,1.9334880123743232,False
Maharashtra,Kolhapur,Kolhapur,Onion,Local,FAQ,2026-06-12,2453.0,2689.0,2552.0,False,2026,6,12,4,163,2,Kharif,2510.0,2577.0,2622.0,2603.0,2544.6666666666665,2588.8571428571427,2609.214285714286,45.68525864152276,-1.452689438555163,0.7299270072992701,False
Maharashtra,Kolhapur,Kolhapur,Onion,Local,FAQ,2026-06-13,2401.0,2633.0,2541.0,False,2026,6,13,5,164,2,Kharif,2552.0,2547.0,2622.0,2613.0,2536.3333333333335,2578.8571428571427,2605.5714285714284,44.875489120560125,1.6733067729083666,0.3444316877152698,False
Maharashtra,Kolhapur,Kolhapur,Onion,Local,FAQ,2026-06-14,2416.0,2628.0,2557.0,False,2026,6,14,6,165,2,Kharif,2541.0,2510.0,2625.0,2646.0,2534.3333333333335,2567.285714285714,2600.4285714285716,42.26391007985538,-0.43103448275862066,-0.7936507936507936,False
Maharashtra,Kolhapur,Kolhapur,Onion,Local,FAQ,2026-06-15,2406.0,2631.0,2518.0,False,2026,6,15,0,166,2,Kharif,2557.0,2552.0,2619.0,2651.0,2550.0,2557.5714285714284,2594.0714285714284,33.743429695558135,0.6296733569460842,-1.2070916635231987,False
Maharashtra,Kolhapur,Kolhapur,Onion,Local,FAQ,2026-06-16,2380.0,2643.0,2502.0,False,2026,6,16,1,167,2,Kharif,2518.0,2541.0,2577.0,2635.0,2538.6666666666665,2543.1428571428573,2584.5714285714284,22.97410550619094,-1.5252248728979272,-2.2011385199240987,False
Maharashtra,Kolhapur,Kolhapur,Onion,Local,FAQ,2026-06-17,2444.0,2586.0,2512.0,False,2026,6,17,2,168,2,Kharif,2502.0,2557.0,2547.0,2623.0,2525.6666666666665,2532.4285714285716,2575.0714285714284,22.021634384224942,-0.6354249404289118,-2.8974456728936335,False
Maharashtra,Kolhapur,Kolhapur,Onion,Local,FAQ,2026-06-18,2436.0,2648.0,2511.0,False,2026,6,18,3,169,2,Kharif,2512.0,2518.0,2510.0,2636.0,2510.6666666666665,2527.4285714285716,2567.1428571428573,22.134867990401276,0.3996802557953637,-4.779969650986343,False
Maharashtra,Kolhapur,Kolhapur,Onion,Local,FAQ,2026-06-19,2446.0,2642.0,2541.0,False,2026,6,19,4,170,2,Kharif,2511.0,2502.0,2552.0,2622.0,2508.3333333333335,2527.5714285714284,2558.214285714286,22.006492548469037,-0.039808917197452234,-2.6697177726926014,False
Maharashtra,Kolhapur,Kolhapur,Onion,Local,FAQ,2026-06-20,2503.0,2658.0,2569.0,False,2026,6,20,5,171,2,Kharif,2541.0,2512.0,2541.0,2622.0,2521.3333333333335,2526.0,2552.4285714285716,20.297783130187184,1.1947431302270013,-3.0892448512585813,False
Maharashtra,Kolhapur,Kolhapur,Onion,Local,FAQ,2026-06-21,2379.0,2602.0,2526.0,False,2026,6,21,6,172,2,Kharif,2569.0,2511.0,2557.0,2625.0,2540.3333333333335,2530.0,2548.6428571428573,25.76819745345226,1.1019283746556474,-2.5904761904761906,False
Maharashtra,Kolhapur,Kolhapur,Onion,Local,FAQ,2026-06-22,2366.0,2556.0,2493.0,False,2026,6,22,0,173,2,Kharif,2526.0,2541.0,2518.0,2619.0,2545.3333333333335,2525.5714285714284,2541.5714285714284,22.853571149512426,-1.6738030362008562,-3.8564337533409696,False
Maharashtra,Kolhapur,Kolhapur,Onion,Local,FAQ,2026-06-23,2375.0,2617.0,2522.0,False,2026,6,23,1,174,2,Kharif,2493.0,2569.0,2502.0,2577.0,2529.3333333333335,2522.0,2532.5714285714284,25.97434631837319,-1.3064133016627077,-2.910360884749709,False
Maharashtra,Kolhapur,Kolhapur,Onion,Local,FAQ,2026-06-24,2440.0,2657.0,2524.0,False,2026,6,24,2,175,2,Kharif,2522.0,2526.0,2512.0,2547.0,2513.6666666666665,2524.8571428571427,2528.6428571428573,24.463773022089303,1.1632571199358204,-1.3741656851197488,False
Maharashtra,Kolhapur,Kolhapur,Onion,Local,FAQ,2026-06-25,2399.0,2567.0,2492.0,False,2026,6,25,3,176,2,Kharif,2524.0,2493.0,2511.0,2510.0,2513.0,2526.5714285714284,2527.0,23.824757031692023,0.07930214115781126,0.0398406374501992,False
Maharashtra,Kolhapur,Kolhapur,Onion,Local,FAQ,2026-06-26,2463.0,2597.0,2530.0,False,2026,6,26,4,177,2,Kharif,2492.0,2522.0,2541.0,2552.0,2512.6666666666665,2523.8571428571427,2525.714285714286,26.79196752404793,-1.2678288431061806,-0.43103448275862066,False
Maharashtra,Kolhapur,Kolhapur,Onion,Local,FAQ,2026-06-27,2497.0,2675.0,2551.0,False,2026,6,27,5,178,2,Kharif,2530.0,2524.0,2569.0,2541.0,2515.3333333333335,2522.285714285714,2524.1428571428573,25.92755474853371,1.5248796147672552,1.1019283746556474,False
Maharashtra,Kolhapur,Kolhapur,Onion,Local,FAQ,2026-06-28,2409.0,2674.0,2543.0,False,2026,6,28,6,179,2,Kharif,2551.0,2492.0,2526.0,2557.0,2524.3333333333335,2519.714285714286,2524.8571428571427,20.934137078900985,0.8300395256916997,-1.2123582323034807,False
Maharashtra,Kolhapur,Kolhapur,Onion,Local,FAQ,2026-06-29,2486.0,2732.0,2595.0,False,2026,6,29,0,180,2,Kharif,2543.0,2530.0,2493.0,2518.0,2541.3333333333335,2522.1428571428573,2523.8571428571427,22.69675873650184,-0.31360250882007057,-0.9928514694201748,False
Maharashtra,Kolhapur,Kolhapur,Onion,Local,FAQ,2026-06-30,2511.0,2644.0,2588.0,False,2026,6,30,1,181,2,Kharif,2595.0,2551.0,2522.0,2502.0,2563.0,2536.714285714286,2529.3571428571427,31.789486132548713,2.0448289421942585,0.7993605115907274,False
Maharashtra,Kolhapur,Kolhapur,Onion,Local,FAQ,2026-07-01,2481.0,2728.0,2584.0,False,2026,7,1,2,182,3,Kharif,2588.0,2543.0,2524.0,2512.0,2575.3333333333335,2546.1428571428573,2535.5,36.18207922636443,-0.2697495183044316,0.47770700636942676,False
Maharashtra,Kolhapur,Kolhapur,Onion,Local,FAQ,2026-07-02,2520.0,2703.0,2602.0,False,2026,7,2,3,183,3,Kharif,2584.0,2595.0,2492.0,2511.0,2589.0,2554.714285714286,2540.6428571428573,37.156041616020644,-0.1545595054095827,-0.7566706491437674,False
Maharashtra,Kolhapur,Kolhapur,Onion,Local,FAQ,2026-07-03,2546.0,2665.0,2600.0,False,2026,7,3,4,184,3,Kharif,2602.0,2588.0,2530.0,2541.0,2591.3333333333335,2570.4285714285716,2547.1428571428573,28.453805503289434,0.696594427244582,-0.4329004329004329,False
Maharashtra,Kolhapur,Kolhapur,Onion,Local,FAQ,2026-07-04,2528.0,2725.0,2623.0,False,2026,7,4,5,185,3,Kharif,2600.0,2584.0,2551.0,2569.0,2595.3333333333335,2580.4285714285716,2551.3571428571427,23.79675848273577,-0.07686395080707148,-0.7006617360840794,False
Maharashtra,Kolhapur,Kolhapur,Onion,Local,FAQ,2026-07-05,2532.0,2748.0,2631.0,False,2026,7,5,6,186,3,Kharif,2623.0,2602.0,2543.0,2526.0,2608.3333333333335,2590.714285714286,2555.214285714286,24.50655888882276,0.8846153846153846,0.6730007917656373,False
Maharashtra,Kolhapur,Kolhapur,Onion,Local,FAQ,2026-07-06,2589.0,2776.0,2659.0,False,2026,7,6,0,187,3,Kharif,2631.0,2600.0,2595.0,2493.0,2618.0,2603.285714285714,2562.714285714286,17.528208557578363,0.30499428135722456,4.0914560770156445,False
Maharashtra,Kolhapur,Kolhapur,Onion,Local,FAQ,2026-07-07,2486.0,2692.0,2633.0,False,2026,7,7,1,188,3,Kharif,2659.0,2623.0,2588.0,2522.0,2637.6666666666665,2612.4285714285716,2574.5714285714284,26.751056943958027,1.0642341315089319,2.6169706582077716,False
Maharashtra,Kolhapur,Kolhapur,Onion,Local,FAQ,2026-07-08,2480.0,2685.0,2617.0,False,2026,7,8,2,189,3,Kharif,2633.0,2631.0,2584.0,2524.0,2641.0,2618.8571428571427,2582.5,25.268086403129235,-0.9778112072207596,2.3771790808240887,False
Maharashtra,Kolhapur,Kolhapur,Onion,Local,FAQ,2026-07-09,2546.0,2799.0,2665.0,False,2026,7,9,3,190,3,Kharif,2617.0,2659.0,2602.0,2492.0,2636.3333333333335,2623.5714285714284,2589.1428571428573,20.263737256953437,-0.6076718571971136,4.414125200642054,False
Maharashtra,Kolhapur,Kolhapur,Onion,Local,FAQ,2026-07-10,2569.0,2781.0,2669.0,False,2026,7,10,4,191,3,Kharif,2665.0,2633.0,2600.0,2530.0,2638.3333333333335,2632.5714285714284,2601.5,22.90456390370282,1.834161253343523,2.766798418972332,False
Maharashtra,Kolhapur,Kolhapur,Onion,Local,FAQ,2026-07-11,2541.0,2785.0,2678.0,False,2026,7,11,5,192,3,Kharif,2669.0,2617.0,2623.0,2551.0,2650.3333333333335,2642.4285714285716,2611.4285714285716,21.34523477544273,0.150093808630394,2.822422579380635,False
Maharashtra,Nashik,Nashik,Onion,Local,FAQ,2025-12-04,2352.0,2555.0,2417.0,False,2025,12,4,3,338,4,Rabi,,,,,,,,,,,False
Maharashtra,Nashik,Nashik,Onion,Local,FAQ,2025-12-05,2343.0,2525.0,2447.0,False,2025,12,5,4,339,4,Rabi,2417.0,,,,,,,,,,False
Maharashtra,Nashik,Nashik,Onion,Local,FAQ,2025-12-06,2371.0,2561.0,2434.0,False,2025,12,6,5,340,4,Rabi,2447.0,,,,,,,,1.2412081092263136,,False
Maharashtra,Nashik,Nashik,Onion,Local,FAQ,2025-12-07,2382.0,2524.0,2432.0,False,2025,12,7,6,341,4,Rabi,2434.0,2417.0,,,2432.6666666666665,,,,-0.5312627707396812,,False
Maharashtra,Nashik,Nashik,Onion,Local,FAQ,2025-12-08,2268.0,2488.0,2415.0,False,2025,12,8,0,342,4,Rabi,2432.0,2447.0,,,2437.6666666666665,,,,-0.08216926869350863,,False
Maharashtra,Nashik,Nashik,Onion,Local,FAQ,2025-12-10,2309.0,2568.0,2433.0,False,2025,12,10,2,344,4,Rabi,2415.0,2434.0,,,2427.0,,,,-0.6990131578947368,,False
Maharashtra,Nashik,Nashik,Onion,Local,FAQ,2025-12-11,2312.0,2484.0,2404.0,False,2025,12,11,3,345,4,Rabi,2433.0,2432.0,,,2426.6666666666665,,,,0.7453416149068323,,False
Maharashtra,Nashik,Nashik,Onion,Local,FAQ,2025-12-12,2302.0,2502.0,2434.0,False,2025,12,12,4,346,4,Rabi,2404.0,2415.0,2417.0,,2417.3333333333335,2426.0,,14.583095236151557,-1.1919441019317716,,False
Maharashtra,Nashik,Nashik,Onion,Local,FAQ,2025-12-13,2323.0,2550.0,2410.0,False,2025,12,13,5,347,4,Rabi,2434.0,2433.0,2447.0,,2423.6666666666665,2428.4285714285716,,14.246135649795715,1.2479201331114809,,False
Maharashtra,Nashik,Nashik,Onion,Local,FAQ,2025-12-14,2286.0,2511.0,2395.0,False,2025,12,14,6,348,4,Rabi,2410.0,2404.0,2434.0,,2416.0,2423.1428571428573,,13.018302134924957,-0.9860312243221034,,False
Maharashtra,Nashik,Nashik,Onion,Local,FAQ,2025-12-15,2372.0,2534.0,2430.0,False,2025,12,15,0,349,4,Rabi,2395.0,2434.0,2432.0,,2413.0,2417.5714285714284,,15.672238117737093,-0.6224066390041494,,False
Maharashtra,Nashik,Nashik,Onion,Local,FAQ,2025-12-16,2282.0,2518.0,2410.0,False,2025,12,16,1,350,4,Rabi,2430.0,2410.0,2415.0,,2411.6666666666665,2417.285714285714,,15.380878667079866,1.4613778705636742,,False
Maharashtra,Nashik,Nashik,Onion,Local,FAQ,2025-12-17,2278.0,2477.0,2423.0,False,2025,12,17,2,351,4,Rabi,2410.0,2395.0,2433.0,,2411.6666666666665,2416.5714285714284,,15.618975028867462,-0.823045267489712,,False
Maharashtra,Nashik,Nashik,Onion,Local,FAQ,2025-12-18,2359.0,2560.0,2439.0,False,2025,12,18,3,352,4,Rabi,2423.0,2430.0,2404.0,,2421.0,2415.1428571428573,,14.26450806989837,0.5394190871369294,,False
Maharashtra,Nashik,Nashik,Onion,Local,FAQ,2025-12-19,2275.0,2461.0,2401.0,False,2025,12,19,4,353,4,Rabi,2439.0,2410.0,2434.0,2417.0,2424.0,2420.1428571428573,2423.0714285714284,15.763127560106447,0.6603384234420141,0.703351261894911,False
Maharashtra,Nashik,Nashik,Onion,Local,FAQ,2025-12-20,2364.0,2594.0,2451.0,False,2025,12,20,5,354,4,Rabi,2401.0,2423.0,2410.0,2447.0,2421.0,2415.4285714285716,2421.9285714285716,15.862504456076625,-1.5580155801558015,-1.5120555782590928,False
Maharashtra,Nashik,Nashik,Onion,Local,FAQ,2025-12-21,2396.0,2649.0,2529.0,False,2025,12,21,6,355,4,Rabi,2451.0,2439.0,2395.0,2434.0,2430.3333333333335,2421.285714285714,2422.214285714286,20.434564555463993,2.082465639316951,-1.6023007395234181,False
Maharashtra,Nashik,Nashik,Onion,Local,FAQ,2025-12-22,2379.0,2640.0,2521.0,False,2025,12,22,0,356,4,Rabi,2529.0,2401.0,2430.0,2432.0,2460.3333333333335,2440.4285714285716,2429.0,42.52786201561318,3.182374541003672,-0.08223684210526315,False
Maharashtra,Nashik,Nashik,Onion,Local,FAQ,2025-12-23,2443.0,2702.0,2566.0,False,2025,12,23,1,357,4,Rabi,2521.0,2451.0,2410.0,2415.0,2500.3333333333335,2453.4285714285716,2435.3571428571427,51.72316419444672,-0.3163305654408857,-0.2070393374741201,False
Maharashtra,Nashik,Nashik,Onion,Local,FAQ,2025-12-24,2517.0,2672.0,2587.0,False,2025,12,24,2,358,4,Rabi,2566.0,2529.0,2423.0,2433.0,2538.6666666666665,2475.714285714286,2446.1428571428573,62.39848899269437,1.7850059500198336,-0.4110152075626798,False
Maharashtra,Nashik,Nashik,Onion,Local,FAQ,2025-12-25,2487.0,2719.0,2571.0,False,2025,12,25,3,359,4,Rabi,2587.0,2521.0,2439.0,2404.0,2558.0,2499.1428571428573,2457.1428571428573,69.67167901768138,0.8183943881527669,1.4559068219633942,False
Maharashtra,Nashik,Nashik,Onion,Local,FAQ,2025-12-26,2459.0,2688.0,2582.0,False,2025,12,26,4,360,4,Rabi,2571.0,2566.0,2401.0,2434.0,2574.6666666666665,2518.0,2469.0714285714284,68.53466276272142,-0.6184770003865481,-1.3557929334428924,False
Maharashtra,Nashik,Nashik,Onion,Local,FAQ,2025-12-27,2457.0,2702.0,2602.0,False,2025,12,27,5,361,4,Rabi,2582.0,2587.0,2451.0,2410.0,2580.0,2543.8571428571427,2479.6428571428573,48.14709604060029,0.4278490859587709,1.7012448132780082,False
Maharashtra,Nashik,Nashik,Onion,Local,FAQ,2025-12-28,2446.0,2698.0,2575.0,False,2025,12,28,6,362,4,Rabi,2602.0,2571.0,2529.0,2395.0,2585.0,2565.4285714285716,2493.3571428571427,30.02697200216782,0.774593338497289,5.5949895615866385,False
Maharashtra,Nashik,Nashik,Onion,Local,FAQ,2025-12-29,2477.0,2618.0,2565.0,False,2025,12,29,0,363,4,Rabi,2575.0,2582.0,2521.0,2430.0,2586.3333333333335,2572.0,2506.214285714286,25.403411844341992,-1.037663335895465,3.7448559670781894,False
Maharashtra,Nashik,Nashik,Onion,Local,FAQ,2025-12-30,2407.0,2659.0,2527.0,False,2025,12,30,1,364,4,Rabi,2565.0,2602.0,2566.0,2410.0,2580.6666666666665,2578.285714285714,2515.8571428571427,13.18729547347307,-0.3883495145631068,6.4730290456431545,False
Maharashtra,Nashik,Nashik,Onion,Local,FAQ,2025-12-31,2413.0,2665.0,2518.0,False,2025,12,31,2,365,4,Rabi,2527.0,2575.0,2587.0,2423.0,2555.6666666666665,2572.714285714286,2524.214285714286,23.471360461308553,-1.4814814814814816,6.768468840280644,False
Maharashtra,Nashik,Nashik,Onion,Local,FAQ,2026-01-01,2396.0,2654.0,2518.0,False,2026,1,1,3,1,1,Rabi,2518.0,2565.0,2571.0,2439.0,2536.6666666666665,2562.8571428571427,2531.0,30.041241493588462,-0.3561535417491096,5.412054120541206,False
Maharashtra,Nashik,Nashik,Onion,Local,FAQ,2026-01-02,2434.0,2632.0,2502.0,False,2026,1,2,4,2,1,Rabi,2518.0,2527.0,2582.0,2401.0,2521.0,2555.285714285714,2536.6428571428573,34.05737455977298,0.0,7.538525614327364,False
Maharashtra,Nashik,Nashik,Onion,Local,FAQ,2026-01-03,2385.0,2585.0,2448.0,False,2026,1,3,5,3,1,Rabi,2502.0,2518.0,2602.0,2451.0,2512.6666666666665,2543.8571428571427,2543.8571428571427,36.90270347561853,-0.6354249404289118,6.160750713994288,False
Maharashtra,Nashik,Nashik,Onion,Local,FAQ,2026-01-04,2409.0,2556.0,2475.0,False,2026,1,4,6,4,1,Rabi,2448.0,2518.0,2575.0,2529.0,2489.3333333333335,2521.8571428571427,2543.6428571428573,42.01360323922186,-2.158273381294964,1.8189007512850928,False
Maharashtra,Nashik,Nashik,Onion,Local,FAQ,2026-01-05,2376.0,2623.0,2493.0,False,2026,1,5,0,5,1,Rabi,2475.0,2502.0,2565.0,2521.0,2475.0,2507.5714285714284,2539.785714285714,37.713203447673436,1.1029411764705883,1.7453391511305039,False
Maharashtra,Nashik,Nashik,Onion,Local,FAQ,2026-01-06,2408.0,2595.0,2483.0,False,2026,1,6,1,6,1,Rabi,2493.0,2448.0,2527.0,2566.0,2472.0,2497.285714285714,2537.785714285714,28.0102022229637,0.7272727272727273,-1.5198752922837102,False
Maharashtra,Nashik,Nashik,Onion,Local,FAQ,2026-01-07,2372.0,2564.0,2513.0,False,2026,1,7,2,7,1,Rabi,2483.0,2475.0,2518.0,2587.0,2483.6666666666665,2491.0,2531.8571428571427,25.006665778012515,-0.4011231448054553,-2.6671820641669886,False
Maharashtra,Nashik,Nashik,Onion,Local,FAQ,2026-01-08,2403.0,2575.0,2520.0,False,2026,1,8,3,8,1,Rabi,2513.0,2493.0,2518.0,2571.0,2496.3333333333335,2490.285714285714,2526.5714285714284,24.16412137663297,1.2082158679017316,-2.06145468689226,False
Maharashtra,Nashik,Nashik,Onion,Local,FAQ,2026-01-09,2394.0,2560.0,2475.0,False,2026,1,9,4,9,1,Rabi,2520.0,2483.0,2502.0,2582.0,2505.3333333333335,2490.5714285714284,2522.9285714285716,24.555088697707248,0.2785515320334262,-3.098373353989156,False
Maharashtra,Nashik,Nashik,Onion,Local,FAQ,2026-01-10,2373.0,2568.0,2485.0,False,2026,1,10,5,10,1,Rabi,2475.0,2513.0,2448.0,2602.0,2502.6666666666665,2486.714285714286,2515.285714285714,24.581254956531005,-1.7857142857142856,-5.918524212144504,False
Maharashtra,Nashik,Nashik,Onion,Local,FAQ,2026-01-11,2413.0,2598.0,2470.0,False,2026,1,11,6,11,1,Rabi,2485.0,2520.0,2475.0,2575.0,2493.3333333333335,2492.0,2506.9285714285716,17.953644012657254,0.40404040404040403,-3.8834951456310676,False
Maharashtra,Nashik,Nashik,Onion,Local,FAQ,2026-01-12,2429.0,2601.0,2508.0,False,2026,1,12,0,12,1,Rabi,2470.0,2475.0,2493.0,2565.0,2476.6666666666665,2491.285714285714,2499.4285714285716,18.821213968232403,-0.6036217303822937,-2.807017543859649,False
Maharashtra,Nashik,Nashik,Onion,Local,FAQ,2026-01-13,2424.0,2567.0,2480.0,False,2026,1,13,1,13,1,Rabi,2508.0,2485.0,2483.0,2527.0,2487.6666666666665,2493.4285714285716,2495.3571428571427,19.87340889108539,1.5384615384615385,-1.7411950929956468,False
Maharashtra,Nashik,Nashik,Onion,Local,FAQ,2026-01-14,2367.0,2625.0,2511.0,False,2026,1,14,2,14,1,Rabi,2480.0,2470.0,2513.0,2518.0,2486.0,2493.0,2492.0,20.16597794966955,-1.1164274322169059,-0.19857029388403494,False
Maharashtra,Nashik,Nashik,Onion,Local,FAQ,2026-01-15,2469.0,2631.0,2539.0,False,2026,1,15,3,15,1,Rabi,2511.0,2508.0,2520.0,2518.0,2499.6666666666665,2492.714285714286,2491.5,19.84703408332478,1.25,0.07942811755361398,False
Maharashtra,Nashik,Nashik,Onion,Local,FAQ,2026-01-16,2450.0,2635.0,2575.0,False,2026,1,16,4,16,1,Rabi,2539.0,2480.0,2475.0,2502.0,2510.0,2495.4285714285716,2493.0,24.865351682323062,1.1150935882118678,-1.079136690647482,False
Maharashtra,Nashik,Nashik,Onion,Local,FAQ,2026-01-17,2458.0,2699.0,2551.0,False,2026,1,17,5,17,1,Rabi,2575.0,2511.0,2485.0,2448.0,2541.6666666666665,2509.714285714286,2498.214285714286,36.95814878892949,1.4178810555336747,1.511437908496732,False
Maharashtra,Nashik,Nashik,Onion,Local,FAQ,2026-01-18,2470.0,2629.0,2527.0,False,2026,1,18,6,18,1,Rabi,2551.0,2539.0,2470.0,2475.0,2555.0,2519.1428571428573,2505.5714285714284,38.00626514768422,-0.9320388349514563,-0.20202020202020202,False
Maharashtra,Nashik,Nashik,Onion,Local,FAQ,2026-01-19,2397.0,2641.0,2521.0,False,2026,1,19,0,19,1,Rabi,2527.0,2575.0,2508.0,2493.0,2551.0,2527.285714285714,2509.285714285714,31.223464924710782,-0.9408075264602116,0.601684717208183,False
Maharashtra,Nashik,Nashik,Onion,Local,FAQ,2026-01-20,2406.0,2583.0,2498.0,False,2026,1,20,1,20,1,Rabi,2521.0,2551.0,2480.0,2483.0,2533.0,2529.1428571428573,2511.285714285714,30.256837086451615,-0.2374356944994064,-0.12082158679017317,False
Maharashtra,Nashik,Nashik,Onion,Local,FAQ,2026-01-21,2390.0,2559.0,2461.0,False,2026,1,21,2,21,1,Rabi,2498.0,2527.0,2511.0,2513.0,2515.3333333333335,2531.714285714286,2512.3571428571427,25.824499257577937,-0.9123363744545815,-0.07958615200955034,False
Maharashtra,Nashik,Nashik,Onion,Local,FAQ,2026-01-22,2368.0,2524.0,2445.0,False,2026,1,22,3,22,1,Rabi,2461.0,2521.0,2539.0,2520.0,2493.3333333333335,2524.5714285714284,2508.6428571428573,37.00386080242981,-1.4811849479583667,0.753968253968254,False
Maharashtra,Nashik,Nashik,Onion,Local,FAQ,2026-01-23,2340.0,2508.0,2450.0,False,2026,1,23,4,23,1,Rabi,2445.0,2498.0,2575.0,2475.0,2468.0,2511.1428571428573,2503.285714285714,46.68486039902106,-0.650142218610321,4.040404040404041,False
Maharashtra,Nashik,Nashik,Onion,Local,FAQ,2026-01-24,2394.0,2597.0,2452.0,False,2026,1,24,5,24,1,Rabi,2450.0,2461.0,2551.0,2485.0,2452.0,2493.285714285714,2501.5,41.843813902471396,0.2044989775051125,2.6559356136820926,False
Maharashtra,Nashik,Nashik,Onion,Local,FAQ,2026-01-25,2328.0,2550.0,2438.0,False,2026,1,25,6,25,1,Rabi,2452.0,2445.0,2527.0,2470.0,2449.0,2479.1428571428573,2499.1428571428573,35.30546969629611,0.0816326530612245,2.307692307692308,False
Maharashtra,Nashik,Nashik,Onion,Local,FAQ,2026-01-26,2316.0,2508.0,2431.0,False,2026,1,26,0,26,1,Rabi,2438.0,2450.0,2521.0,2508.0,2446.6666666666665,2466.4285714285716,2496.8571428571427,30.95619024178525,-0.5709624796084829,0.518341307814992,False
Maharashtra,Nashik,Nashik,Onion,Local,FAQ,2026-01-27,2330.0,2562.0,2451.0,False,2026,1,27,1,27,1,Rabi,2431.0,2452.0,2498.0,2480.0,2440.3333333333335,2453.5714285714284,2491.3571428571427,21.869744266579627,-0.2871205906480722,0.7258064516129032,False
Maharashtra,Nashik,Nashik,Onion,Local,FAQ,2026-01-28,2342.0,2500.0,2423.0,False,2026,1,28,2,28,1,Rabi,2451.0,2438.0,2461.0,2511.0,2440.0,2446.8571428571427,2489.285714285714,9.88986975694827,0.8227067050596462,-1.9912385503783354,False
Maharashtra,Nashik,Nashik,Onion,Local,FAQ,2026-01-29,2303.0,2509.0,2448.0,False,2026,1,29,3,29,1,Rabi,2423.0,2431.0,2445.0,2539.0,2435.0,2441.4285714285716,2483.0,11.178210096086811,-1.142390860873113,-3.7022449783379283,False
Maharashtra,Nashik,Nashik,Onion,Local,FAQ,2026-01-30,2390.0,2599.0,2455.0,False,2026,1,30,4,30,1,Rabi,2448.0,2451.0,2450.0,2575.0,2440.6666666666665,2441.8571428571427,2476.5,11.393398255542534,1.031778786628147,-4.854368932038835,False
Maharashtra,Nashik,Nashik,Onion,Local,FAQ,2026-01-31,2399.0,2578.0,2469.0,False,2026,1,31,5,31,1,Rabi,2455.0,2423.0,2452.0,2551.0,2442.0,2442.5714285714284,2467.9285714285716,12.122391717489421,0.28594771241830064,-3.8808310466483733,False
Maharashtra,Nashik,Nashik,Onion,Local,FAQ,2026-02-01,2357.0,2595.0,2477.0,False,2026,2,1,6,32,1,Rabi,2469.0,2448.0,2438.0,2527.0,2457.3333333333335,2445.0,2462.0714285714284,15.545631755143924,0.5702647657841141,-3.521962801741195,False
Maharashtra,Nashik,Nashik,Onion,Local,FAQ,2026-02-02,2363.0,2546.0,2471.0,False,2026,2,2,0,33,1,Rabi,2477.0,2455.0,2431.0,2521.0,2467.0,2450.5714285714284,2458.5,19.182084895867014,0.3240178209801539,-3.5700119000396673,False
Maharashtra,Nashik,Nashik,Onion,Local,FAQ,2026-02-03,2375.0,2616.0,2470.0,False,2026,2,3,1,34,1,Rabi,2471.0,2469.0,2451.0,2498.0,2472.3333333333335,2456.285714285714,2454.9285714285716,18.318608805564118,-0.24222850222042794,-1.8815052041633307,False
Maharashtra,Nashik,Nashik,Onion,Local,FAQ,2026-02-04,2429.0,2615.0,2498.0,False,2026,2,4,2,35,1,Rabi,2470.0,2477.0,2423.0,2461.0,2472.6666666666665,2459.0,2452.9285714285716,18.806027402578334,-0.04046944556859571,-1.5440877691995123,False
Maharashtra,Nashik,Nashik,Onion,Local,FAQ,2026-02-05,2342.0,2550.0,2490.0,False,2026,2,5,3,36,1,Rabi,2498.0,2471.0,2448.0,2445.0,2479.6666666666665,2469.714285714286,2455.5714285714284,16.038643809186137,1.1336032388663968,0.1226993865030675,False
Maharashtra,Nashik,Nashik,Onion,Local,FAQ,2026-02-06,2431.0,2615.0,2490.0,False,2026,2,6,4,37,1,Rabi,2490.0,2470.0,2455.0,2450.0,2486.0,2475.714285714286,2458.785714285714,14.326133296808932,-0.32025620496397117,0.20408163265306123,False
Maharashtra,Nashik,Nashik,Onion,Local,FAQ,2026-02-07,2344.0,2578.0,2485.0,False,2026,2,7,5,38,1,Rabi,2490.0,2498.0,2469.0,2452.0,2492.6666666666665,2480.714285714286,2461.6428571428573,11.771636613965963,0.0,0.6933115823817292,False
Maharashtra,Nashik,Nashik,Onion,Local,FAQ,2026-02-08,2352.0,2525.0,2474.0,False,2026,2,8,6,39,1,Rabi,2485.0,2490.0,2477.0,2438.0,2488.3333333333335,2483.0,2464.0,10.614455552052544,-0.2008032128514056,1.5996718621821164,False
Maharashtra,Nashik,Nashik,Onion,Local,FAQ,2026-02-09,2325.0,2545.0,2434.0,False,2026,2,9,0,40,1,Rabi,2474.0,2490.0,2471.0,2431.0,2483.0,2482.5714285714284,2466.5714285714284,10.952277432215345,-0.44265593561368205,1.6454134101192923,False
Maharashtra,Nashik,Nashik,Onion,Local,FAQ,2026-02-10,2281.0,2461.0,2402.0,False,2026,2,10,1,41,1,Rabi,2434.0,2485.0,2470.0,2451.0,2464.3333333333335,2477.285714285714,2466.785714285714,21.406496566181325,-1.6168148746968474,0.7751937984496124,False
Maharashtra,Nashik,Nashik,Onion,Local,FAQ,2026-02-11,2349.0,2557.0,2419.0,False,2026,2,11,2,42,1,Rabi,2402.0,2474.0,2498.0,2423.0,2436.6666666666665,2467.5714285714284,2463.285714285714,35.83228126916045,-1.314708299096138,3.095336359884441,False
Maharashtra,Nashik,Nashik,Onion,Local,FAQ,2026-02-12,2322.0,2474.0,2399.0,False,2026,2,12,3,43,1,Rabi,2419.0,2434.0,2490.0,2448.0,2418.3333333333335,2456.285714285714,2463.0,37.070717490196365,0.7077435470441299,1.715686274509804,False
Maharashtra,Nashik,Nashik,Onion,Local,FAQ,2026-02-13,2326.0,2478.0,2382.0,False,2026,2,13,4,44,1,Rabi,2399.0,2402.0,2490.0,2455.0,2406.6666666666665,2443.285714285714,2459.5,39.17360627477758,-0.8267879288962381,1.4256619144602851,False
Maharashtra,Nashik,Nashik,Onion,Local,FAQ,2026-02-14,2282.0,2457.0,2399.0,False,2026,2,14,5,45,1,Rabi,2382.0,2419.0,2485.0,2469.0,2400.0,2427.8571428571427,2454.285714285714,38.97618320388408,-0.70862859524802,0.6480356419603078,False
Maharashtra,Nashik,Nashik,Onion,Local,FAQ,2026-02-15,2291.0,2570.0,2436.0,False,2026,2,15,6,46,1,Rabi,2399.0,2399.0,2474.0,2477.0,2393.3333333333335,2415.5714285714284,2449.285714285714,30.620565762554612,0.7136859781696054,-0.12111425111021397,False
Maharashtra,Nashik,Nashik,Onion,Local,FAQ,2026-02-16,2306.0,2553.0,2449.0,False,2026,2,16,0,47,1,Rabi,2436.0,2382.0,2434.0,2471.0,2405.6666666666665,2410.1428571428573,2446.3571428571427,20.095012411277867,1.5423092955398083,-1.497369486038041,False
Maharashtra,Nashik,Nashik,Onion,Local,FAQ,2026-02-17,2391.0,2573.0,2461.0,False,2026,2,17,1,48,1,Rabi,2449.0,2399.0,2402.0,2470.0,2428.0,2412.285714285714,2444.785714285714,23.563490726927075,0.5336617405582923,-2.753036437246964,False
Maharashtra,Nashik,Nashik,Onion,Local,FAQ,2026-02-18,2380.0,2539.0,2482.0,False,2026,2,18,2,49,1,Rabi,2461.0,2436.0,2419.0,2498.0,2448.6666666666665,2420.714285714286,2444.1428571428573,29.158842487965142,0.4899959167006942,-3.1625300240192153,False
Maharashtra,Nashik,Nashik,Onion,Local,FAQ,2026-02-19,2418.0,2647.0,2505.0,False,2026,2,19,3,50,1,Rabi,2482.0,2449.0,2399.0,2490.0,2464.0,2429.714285714286,2443.0,37.165011707760065,0.8533116619260462,-3.6546184738955825,False
Maharashtra,Nashik,Nashik,Onion,Local,FAQ,2026-02-20,2454.0,2618.0,2531.0,False,2026,2,20,4,51,1,Rabi,2505.0,2461.0,2382.0,2490.0,2482.6666666666665,2444.8571428571427,2444.0714285714284,43.602096935155245,0.9266720386784851,-4.337349397590361,False
Maharashtra,Nashik,Nashik,Onion,Local,FAQ,2026-02-22,2472.0,2660.0,2585.0,False,2026,2,22,6,53,1,Rabi,2531.0,2482.0,2399.0,2485.0,2506.0,2466.1428571428573,2447.0,44.16796943271573,1.037924151696607,-3.460764587525151,False
Maharashtra,Nashik,Nashik,Onion,Local,FAQ,2026-02-23,2500.0,2714.0,2621.0,False,2026,2,23,0,54,1,Rabi,2585.0,2505.0,2436.0,2474.0,2540.3333333333335,2492.714285714286,2454.1428571428573,52.251680310185705,2.133544053733702,-1.5359741309620047,False
Maharashtra,Nashik,Nashik,Onion,Local,FAQ,2026-02-24,2527.0,2727.0,2671.0,False,2026,2,24,1,55,1,Rabi,2621.0,2531.0,2449.0,2434.0,2579.0,2519.1428571428573,2464.6428571428573,64.20391621344116,1.3926499032882012,0.6162695152013147,False
Maharashtra,Nashik,Nashik,Onion,Local,FAQ,2026-02-25,2520.0,2731.0,2652.0,False,2026,2,25,2,56,1,Rabi,2671.0,2585.0,2461.0,2402.0,2625.6666666666665,2550.8571428571427,2481.5714285714284,77.27964063802656,1.907668828691339,2.456286427976686,False
Maharashtra,Nashik,Nashik,Onion,Local,FAQ,2026-02-26,2562.0,2742.0,2642.0,False,2026,2,26,3,57,1,Rabi,2652.0,2621.0,2482.0,2419.0,2648.0,2578.1428571428573,2499.4285714285716,73.91082142561504,-0.711344065892924,2.6043819760231504,False
Maharashtra,Nashik,Nashik,Onion,Local,FAQ,2026-02-27,2585.0,2740.0,2641.0,False,2026,2,27,4,58,1,Rabi,2642.0,2671.0,2505.0,2399.0,2655.0,2601.0,2515.3571428571427,63.18491381123292,-0.3770739064856712,4.418507711546478,False
Maharashtra,Nashik,Nashik,Onion,Local,FAQ,2026-02-28,2513.0,2705.0,2629.0,False,2026,2,28,5,59,1,Rabi,2641.0,2652.0,2531.0,2382.0,2645.0,2620.4285714285716,2532.6428571428573,47.77676263225279,-0.03785011355034065,6.255247691015953,False
Maharashtra,Nashik,Nashik,Onion,Local,FAQ,2026-03-01,2599.0,2731.0,2665.0,False,2026,3,1,6,60,1,Rabi,2629.0,2642.0,2585.0,2399.0,2637.3333333333335,2634.4285714285716,2550.285714285714,27.079248776235936,-0.4543733434305188,7.753230512713631,False
Maharashtra,Nashik,Nashik,Onion,Local,FAQ,2026-03-02,2553.0,2803.0,2684.0,False,2026,3,2,0,61,1,Rabi,2665.0,2641.0,2621.0,2436.0,2645.0,2645.8571428571427,2569.285714285714,18.151479016205116,1.3693419551160138,7.594417077175699,False
Maharashtra,Nashik,Nashik,Onion,Local,FAQ,2026-03-03,2632.0,2772.0,2693.0,False,2026,3,3,1,62,1,Rabi,2684.0,2629.0,2671.0,2449.0,2659.3333333333335,2654.8571428571427,2587.0,19.351387301062395,0.7129455909943715,9.064924458962842,False
Maharashtra,Nashik,Nashik,Onion,Local,FAQ,2026-03-04,2564.0,2770.0,2666.0,False,2026,3,4,2,63,1,Rabi,2693.0,2665.0,2652.0,2461.0,2680.6666666666665,2658.0,2604.4285714285716,23.706539182249383,0.3353204172876304,7.761072734660707,False
Maharashtra,Nashik,Nashik,Onion,Local,FAQ,2026-03-05,2559.0,2730.0,2645.0,False,2026,3,5,3,64,1,Rabi,2666.0,2684.0,2642.0,2482.0,2681.0,2660.0,2619.0714285714284,23.706539182249344,-1.0025993316004456,6.4464141821112,False
Maharashtra,Nashik,Nashik,Onion,Local,FAQ,2026-03-06,2576.0,2798.0,2657.0,False,2026,3,6,4,65,1,Rabi,2645.0,2693.0,2641.0,2505.0,2668.0,2660.4285714285716,2630.714285714286,23.35135358571827,-0.7876969242310577,5.429141716566866,False
Maharashtra,Nashik,Nashik,Onion,Local,FAQ,2026-03-07,2526.0,2754.0,2671.0,False,2026,3,7,5,66,1,Rabi,2657.0,2666.0,2629.0,2531.0,2656.0,2662.714285714286,2641.5714285714284,21.86865554252513,0.4536862003780718,3.871987356775978,False
Maharashtra,Nashik,Nashik,Onion,Local,FAQ,2026-03-08,2529.0,2811.0,2673.0,False,2026,3,8,6,67,1,Rabi,2671.0,2645.0,2665.0,2585.0,2657.6666666666665,2668.714285714286,2651.5714285714284,16.069788276066607,0.5269100489273617,3.0947775628626695,False
Maharashtra,Nashik,Nashik,Onion,Local,FAQ,2026-03-09,2558.0,2707.0,2618.0,False,2026,3,9,0,68,1,Rabi,2673.0,2657.0,2684.0,2621.0,2667.0,2669.8571428571427,2657.8571428571427,16.046064641391094,0.07487832272557095,2.4036627241510877,False
Maharashtra,Nashik,Nashik,Onion,Local,FAQ,2026-03-10,2553.0,2758.0,2622.0,False,2026,3,10,1,69,1,Rabi,2618.0,2671.0,2693.0,2671.0,2654.0,2660.4285714285716,2657.6428571428573,23.8457343694543,-2.05761316872428,0.8236615499812805,False
Maharashtra,Nashik,Nashik,Onion,Local,FAQ,2026-03-11,2579.0,2831.0,2697.0,False,2026,3,11,2,70,1,Rabi,2622.0,2673.0,2666.0,2652.0,2637.6666666666665,2650.285714285714,2654.1428571428573,22.75752099645974,0.15278838808250572,0.5279034690799397,False
Maharashtra,Nashik,Nashik,Onion,Local,FAQ,2026-03-12,2613.0,2818.0,2707.0,False,2026,3,12,3,71,1,Rabi,2697.0,2618.0,2645.0,2642.0,2645.6666666666665,2654.714285714286,2657.3571428571427,28.593205986229698,2.8604118993135015,0.11355034065102196,False
Maharashtra,Nashik,Nashik,Onion,Local,FAQ,2026-03-14,2663.0,2798.0,2736.0,False,2026,3,14,5,73,1,Rabi,2707.0,2622.0,2657.0,2641.0,2675.3333333333335,2663.5714285714284,2662.0,34.146044880072076,0.37078235076010385,0.605831124574025,False
Maharashtra,Nashik,Nashik,Onion,Local,FAQ,2026-03-15,2646.0,2763.0,2713.0,False,2026,3,15,6,74,1,Rabi,2736.0,2697.0,2671.0,2629.0,2713.3333333333335,2674.8571428571427,2668.785714285714,43.41055390657539,1.0712966383450313,1.597565614302016,False
Maharashtra,Nashik,Nashik,Onion,Local,FAQ,2026-03-16,2637.0,2804.0,2738.0,False,2026,3,16,0,75,1,Rabi,2713.0,2707.0,2673.0,2665.0,2718.6666666666665,2680.8571428571427,2674.785714285714,45.63415596322208,-0.8406432748538011,0.300187617260788,False
Maharashtra,Nashik,Nashik,Onion,Local,FAQ,2026-03-17,2703.0,2813.0,2761.0,False,2026,3,17,1,76,1,Rabi,2738.0,2736.0,2618.0,2684.0,2729.0,2690.1428571428573,2680.0,50.157846084226904,0.921489126428308,-2.459016393442623,False
Maharashtra,Nashik,Nashik,Onion,Local,FAQ,2026-03-18,2682.0,2815.0,2743.0,False,2026,3,18,2,77,1,Rabi,2761.0,2713.0,2622.0,2693.0,2737.3333333333335,2710.5714285714284,2685.5,44.702189144214785,0.8400292184075968,-2.636464909023394,False
Maharashtra,Nashik,Nashik,Onion,Local,FAQ,2026-03-19,2609.0,2822.0,2711.0,False,2026,3,19,3,78,1,Rabi,2743.0,2738.0,2697.0,2666.0,2747.3333333333335,2727.8571428571427,2689.0714285714284,22.748103008286137,-0.6519377037305324,1.1627906976744187,False
Maharashtra,Nashik,Nashik,Onion,Local,FAQ,2026-03-20,2605.0,2823.0,2677.0,False,2026,3,20,4,79,1,Rabi,2711.0,2761.0,2707.0,2645.0,2738.3333333333335,2729.8571428571427,2692.285714285714,20.036870775537615,-1.1666059059423988,2.344045368620038,False
Maharashtra,Nashik,Nashik,Onion,Local,FAQ,2026-03-21,2551.0,2769.0,2663.0,False,2026,3,21,5,80,1,Rabi,2677.0,2743.0,2736.0,2657.0,2710.3333333333335,2725.5714285714284,2694.5714285714284,27.54303991244354,-1.2541497602360752,2.9732781332329696,False
Maharashtra,Nashik,Nashik,Onion,Local,FAQ,2026-03-22,2519.0,2743.0,2623.0,False,2026,3,22,6,81,1,Rabi,2663.0,2711.0,2713.0,2671.0,2683.6666666666665,2715.1428571428573,2695.0,35.58290119063215,-0.5229734777736272,1.57244477723699,False
Maharashtra,Nashik,Nashik,Onion,Local,FAQ,2026-03-23,2456.0,2643.0,2576.0,False,2026,3,23,0,82,1,Rabi,2623.0,2677.0,2738.0,2673.0,2654.3333333333335,2702.285714285714,2691.5714285714284,49.87555943115726,-1.5020653398422832,2.431724653946876,False
Maharashtra,Nashik,Nashik,Onion,Local,FAQ,2026-03-24,2373.0,2623.0,2510.0,False,2026,3,24,1,83,1,Rabi,2576.0,2663.0,2761.0,2618.0,2620.6666666666665,2679.1428571428573,2684.6428571428573,65.63644458029695,-1.7918414029736942,5.46218487394958,False
Maharashtra,Nashik,Nashik,Onion,Local,FAQ,2026-03-25,2407.0,2572.0,2510.0,False,2026,3,25,2,84,1,Rabi,2510.0,2623.0,2743.0,2622.0,2569.6666666666665,2643.285714285714,2676.9285714285716,80.37145904219399,-2.562111801242236,4.614797864225782,False
Maharashtra,Nashik,Nashik,Onion,Local,FAQ,2026-03-26,2403.0,2551.0,2487.0,False,2026,3,26,3,85,1,Rabi,2510.0,2576.0,2711.0,2697.0,2532.0,2610.0,2668.9285714285716,80.4404541674549,0.0,0.5190952910641453,False
Maharashtra,Nashik,Nashik,Onion,Local,FAQ,2026-03-27,2375.0,2565.0,2494.0,False,2026,3,27,4,86,1,Rabi,2487.0,2510.0,2677.0,2707.0,2502.3333333333335,2578.0,2653.9285714285716,78.08542330891972,-0.9163346613545816,-1.1082379017362394,False
Maharashtra,Nashik,Nashik,Onion,Local,FAQ,2026-03-28,2445.0,2616.0,2515.0,False,2026,3,28,5,87,1,Rabi,2494.0,2510.0,2663.0,2736.0,2497.0,2551.8571428571427,2638.714285714286,69.58790261587234,0.2814636107760354,-2.66812865497076,False
Maharashtra,Nashik,Nashik,Onion,Local,FAQ,2026-03-29,2417.0,2561.0,2509.0,False,2026,3,29,6,88,1,Rabi,2515.0,2487.0,2623.0,2713.0,2498.6666666666665,2530.714285714286,2622.9285714285716,49.88558337407164,0.8420208500400962,-3.317360855141909,False
Maharashtra,Nashik,Nashik,Onion,Local,FAQ,2026-03-30,2462.0,2694.0,2575.0,False,2026,3,30,0,89,1,Rabi,2509.0,2494.0,2576.0,2738.0,2506.0,2514.4285714285716,2608.3571428571427,28.953164149809506,-0.2385685884691849,-5.91672753834916,False
Maharashtra,Nashik,Nashik,Onion,Local,FAQ,2026-03-31,2472.0,2598.0,2547.0,False,2026,3,31,1,90,1,Rabi,2575.0,2515.0,2510.0,2761.0,2533.0,2514.285714285714,2596.714285714286,28.59903428273173,2.630530091669988,-9.090909090909092,False
Maharashtra,Nashik,Nashik,Onion,Local,FAQ,2026-04-01,2420.0,2686.0,2554.0,False,2026,4,1,2,91,2,Zaid,2547.0,2509.0,2510.0,2743.0,2543.6666666666665,2519.5714285714284,2581.4285714285716,30.993854997710926,-1.087378640776699,-8.49434925264309,False
Maharashtra,Nashik,Nashik,Onion,Local,FAQ,2026-04-02,2464.0,2697.0,2598.0,False,2026,4,2,3,92,2,Zaid,2554.0,2575.0,2487.0,2711.0,2558.6666666666665,2525.8571428571427,2567.9285714285716,33.11811473815473,0.27483313702394974,-8.262633714496495,False
Maharashtra,Nashik,Nashik,Onion,Local,FAQ,2026-04-03,2530.0,2693.0,2625.0,False,2026,4,3,4,93,2,Zaid,2598.0,2547.0,2494.0,2677.0,2566.3333333333335,2541.714285714286,2559.8571428571427,37.672776579887085,1.7227877838684416,-6.8360104594695565,False
Maharashtra,Nashik,Nashik,Onion,Local,FAQ,2026-04-04,2475.0,2748.0,2610.0,False,2026,4,4,5,94,2,Zaid,2625.0,2554.0,2515.0,2663.0,2592.3333333333335,2560.4285714285716,2556.1428571428573,42.27630204128107,1.0392609699769053,-5.557641757416447,False
Maharashtra,Nashik,Nashik,Onion,Local,FAQ,2026-04-05,2501.0,2720.0,2590.0,False,2026,4,5,6,95,2,Zaid,2610.0,2598.0,2509.0,2623.0,2611.0,2574.0,2552.3571428571427,40.47221268969428,-0.5714285714285714,-4.34616850934045,False
Maharashtra,Nashik,Nashik,Onion,Local,FAQ,2026-04-06,2448.0,2658.0,2588.0,False,2026,4,6,0,96,2,Zaid,2590.0,2625.0,2575.0,2576.0,2608.3333333333335,2585.5714285714284,2550.0,28.6406304798885,-0.7662835249042145,-0.03881987577639751,False
Maharashtra,Nashik,Nashik,Onion,Local,FAQ,2026-04-07,2462.0,2666.0,2609.0,False,2026,4,7,1,97,2,Zaid,2588.0,2610.0,2547.0,2510.0,2596.0,2587.4285714285716,2550.8571428571427,28.259848683580106,-0.07722007722007722,1.4741035856573705,False
Maharashtra,Nashik,Nashik,Onion,Local,FAQ,2026-04-08,2438.0,2610.0,2553.0,False,2026,4,8,2,98,2,Zaid,2609.0,2590.0,2554.0,2510.0,2595.6666666666665,2596.285714285714,2557.9285714285716,22.632677597621147,0.8114374034003091,1.7529880478087652,False
Maharashtra,Nashik,Nashik,Onion,Local,FAQ,2026-04-09,2490.0,2733.0,2583.0,False,2026,4,9,3,99,2,Zaid,2553.0,2588.0,2598.0,2487.0,2583.3333333333335,2596.1428571428573,2561.0,22.94506897954234,-2.146416251437332,4.463208685162847,False
Maharashtra,Nashik,Nashik,Onion,Local,FAQ,2026-04-10,2465.0,2653.0,2571.0,False,2026,4,10,4,100,2,Zaid,2583.0,2609.0,2625.0,2494.0,2581.6666666666665,2594.0,2567.8571428571427,23.437861108324405,1.1750881316098707,5.2526062550120285,False
Maharashtra,Nashik,Nashik,Onion,Local,FAQ,2026-04-11,2468.0,2612.0,2555.0,False,2026,4,11,5,101,2,Zaid,2571.0,2553.0,2610.0,2515.0,2569.0,2586.285714285714,2573.3571428571427,20.19665224497758,-0.4645760743321719,3.7773359840954273,False
Maharashtra,Nashik,Nashik,Onion,Local,FAQ,2026-04-12,2438.0,2621.0,2525.0,False,2026,4,12,6,102,2,Zaid,2555.0,2583.0,2590.0,2509.0,2569.6666666666665,2578.4285714285716,2576.214285714286,20.13170917447237,-0.6223259432127577,3.2283778397768033,False
Maharashtra,Nashik,Nashik,Onion,Local,FAQ,2026-04-13,2427.0,2599.0,2548.0,False,2026,4,13,0,103,2,Zaid,2525.0,2571.0,2588.0,2575.0,2550.3333333333335,2569.1428571428573,2577.3571428571427,27.534394076186093,-1.1741682974559686,0.5048543689320388,False
Maharashtra,Nashik,Nashik,Onion,Local,FAQ,2026-04-14,2507.0,2695.0,2579.0,False,2026,4,14,1,104,2,Zaid,2548.0,2555.0,2609.0,2547.0,2542.6666666666665,2563.4285714285716,2575.4285714285716,27.11615227655999,0.9108910891089108,2.434236356497841,False
Maharashtra,Nashik,Nashik,Onion,Local,FAQ,2026-04-15,2444.0,2701.0,2574.0,False,2026,4,15,2,105,2,Zaid,2579.0,2525.0,2553.0,2554.0,2550.6666666666665,2559.1428571428573,2577.714285714286,20.20254580845562,1.2166405023547882,-0.03915426781519186,False
Maharashtra,Nashik,Nashik,Onion,Local,FAQ,2026-04-16,2469.0,2631.0,2574.0,False,2026,4,16,3,106,2,Zaid,2574.0,2548.0,2583.0,2598.0,2567.0,2562.1428571428573,2579.1428571428573,20.691613207837136,-0.19387359441644048,-0.5773672055427251,False
Maharashtra,Nashik,Nashik,Onion,Local,FAQ,2026-04-17,2458.0,2711.0,2586.0,False,2026,4,17,4,107,2,Zaid,2574.0,2579.0,2571.0,2625.0,2575.6666666666665,2560.8571428571427,2577.4285714285716,19.42016624910156,0.0,-2.057142857142857,False
Maharashtra,Nashik,Nashik,Onion,Local,FAQ,2026-04-18,2492.0,2724.0,2622.0,False,2026,4,18,5,108,2,Zaid,2586.0,2574.0,2555.0,2610.0,2578.0,2563.0,2574.6428571428573,21.44761058952446,0.4662004662004662,-2.10727969348659,False
Maharashtra,Nashik,Nashik,Onion,Local,FAQ,2026-04-19,2520.0,2756.0,2632.0,False,2026,4,19,6,109,2,Zaid,2622.0,2574.0,2525.0,2590.0,2594.0,2572.5714285714284,2575.5,30.374644814695536,1.3921113689095126,-2.5096525096525095,False
Maharashtra,Nashik,Nashik,Onion,Local,FAQ,2026-04-20,2544.0,2680.0,2611.0,False,2026,4,20,0,110,2,Zaid,2632.0,2586.0,2548.0,2588.0,2613.3333333333335,2587.8571428571427,2578.5,29.35091464462438,0.38138825324180015,-1.545595054095827,False
Maharashtra,Nashik,Nashik,Onion,Local,FAQ,2026-04-21,2477.0,2744.0,2618.0,False,2026,4,21,1,111,2,Zaid,2611.0,2622.0,2579.0,2609.0,2621.6666666666665,2596.8571428571427,2580.1428571428573,24.32028351964693,-0.7978723404255319,-1.1498658489842852,False
Maharashtra,Nashik,Nashik,Onion,Local,FAQ,2026-04-22,2520.0,2745.0,2630.0,False,2026,4,22,2,112,2,Zaid,2618.0,2632.0,2574.0,2553.0,2620.3333333333335,2602.4285714285716,2580.785714285714,24.012893362084874,0.2680965147453083,0.8225616921269095,False
Maharashtra,Nashik,Nashik,Onion,Local,FAQ,2026-04-23,2522.0,2701.0,2635.0,False,2026,4,23,3,113,2,Zaid,2630.0,2611.0,2574.0,2583.0,2619.6666666666665,2610.4285714285716,2586.285714285714,22.225039503950978,0.4583651642475172,-0.34843205574912894,False
Maharashtra,Nashik,Nashik,Onion,Local,FAQ,2026-04-24,2561.0,2780.0,2658.0,False,2026,4,24,4,114,2,Zaid,2635.0,2618.0,2586.0,2571.0,2627.6666666666665,2619.1428571428573,2590.0,16.876300655336475,0.19011406844106463,0.5834305717619603,False
Maharashtra,Nashik,Nashik,Onion,Local,FAQ,2026-04-25,2556.0,2711.0,2637.0,False,2026,4,25,5,115,2,Zaid,2658.0,2630.0,2622.0,2555.0,2641.0,2629.4285714285716,2596.214285714286,15.16418085331853,0.8728652751423149,2.6223091976516635,False
Maharashtra,Nashik,Nashik,Onion,Local,FAQ,2026-04-26,2550.0,2713.0,2621.0,False,2026,4,26,6,116,2,Zaid,2637.0,2635.0,2632.0,2525.0,2643.3333333333335,2631.5714285714284,2602.0714285714284,14.998412614411867,-0.7900677200902935,4.237623762376238,False
Maharashtra,Nashik,Nashik,Onion,Local,FAQ,2026-04-27,2552.0,2679.0,2621.0,False,2026,4,27,0,117,2,Zaid,2621.0,2658.0,2611.0,2548.0,2638.6666666666665,2630.0,2608.9285714285716,15.51343503761942,-0.6067500948047023,2.4725274725274726,False
Maharashtra,Nashik,Nashik,Onion,Local,FAQ,2026-04-28,2524.0,2732.0,2644.0,False,2026,4,28,1,118,2,Zaid,2621.0,2637.0,2618.0,2579.0,2626.3333333333335,2631.4285714285716,2614.1428571428573,13.842653200120843,0.0,1.5122140364482357,False
Maharashtra,Nashik,Nashik,Onion,Local,FAQ,2026-04-29,2526.0,2733.0,2656.0,False,2026,4,29,2,119,2,Zaid,2644.0,2621.0,2630.0,2574.0,2628.6666666666665,2635.1428571428573,2618.785714285714,13.107613200323044,0.877527661198016,2.1756021756021755,False
Maharashtra,Nashik,Nashik,Onion,Local,FAQ,2026-04-30,2563.0,2758.0,2682.0,False,2026,4,30,3,120,2,Zaid,2656.0,2621.0,2635.0,2574.0,2640.3333333333335,2638.8571428571427,2624.6428571428573,14.960264830853525,0.45385779122541603,2.36985236985237,False
Maharashtra,Nashik,Nashik,Onion,Local,FAQ,2026-05-01,2604.0,2763.0,2686.0,False,2026,5,1,4,121,2,Zaid,2682.0,2644.0,2658.0,2586.0,2660.6666666666665,2645.5714285714284,2632.3571428571427,21.884980716283742,0.9789156626506025,2.784222737819025,False
Maharashtra,Nashik,Nashik,Onion,Local,FAQ,2026-05-02,2631.0,2819.0,2700.0,False,2026,5,2,5,122,2,Zaid,2686.0,2656.0,2637.0,2622.0,2674.6666666666665,2649.5714285714284,2639.5,26.58857613623001,0.14914243102162564,0.5720823798627002,False
Maharashtra,Nashik,Nashik,Onion,Local,FAQ,2026-05-03,2636.0,2828.0,2712.0,False,2026,5,3,6,123,2,Zaid,2700.0,2682.0,2621.0,2632.0,2689.3333333333335,2658.5714285714284,2645.0714285714284,31.779747968668286,0.5212211466865228,-0.4179331306990881,False
Maharashtra,Nashik,Nashik,Onion,Local,FAQ,2026-05-04,2547.0,2806.0,2678.0,False,2026,5,4,0,124,2,Zaid,2712.0,2686.0,2621.0,2611.0,2699.3333333333335,2671.5714285714284,2650.785714285714,32.45436356309227,0.4444444444444444,0.38299502106472616,False
Maharashtra,Nashik,Nashik,Onion,Local,FAQ,2026-05-05,2601.0,2780.0,2660.0,False,2026,5,5,1,125,2,Zaid,2678.0,2700.0,2644.0,2618.0,2696.6666666666665,2679.714285714286,2655.5714285714284,23.591766118098544,-1.2536873156342183,0.9931245225362872,False
Maharashtra,Nashik,Nashik,Onion,Local,FAQ,2026-05-06,2588.0,2768.0,2675.0,False,2026,5,6,2,126,2,Zaid,2660.0,2712.0,2656.0,2630.0,2683.3333333333335,2682.0,2658.5714285714284,20.066555924380616,-0.6721433905899925,0.988593155893536,False
Maharashtra,Nashik,Nashik,Onion,Local,FAQ,2026-05-07,2629.0,2800.0,2683.0,False,2026,5,7,3,127,2,Zaid,2675.0,2678.0,2682.0,2635.0,2671.0,2684.714285714286,2661.785714285714,17.016798423059818,0.5639097744360901,1.7836812144212524,False
Maharashtra,Nashik,Nashik,Onion,Local,FAQ,2026-05-08,2562.0,2784.0,2644.0,False,2026,5,8,4,128,2,Zaid,2683.0,2660.0,2686.0,2658.0,2672.6666666666665,2684.8571428571427,2665.214285714286,16.994396835696936,0.29906542056074764,1.0534236267870578,False
Maharashtra,Nashik,Nashik,Onion,Local,FAQ,2026-05-09,2496.0,2786.0,2636.0,False,2026,5,9,5,129,2,Zaid,2644.0,2675.0,2700.0,2637.0,2667.3333333333335,2678.8571428571427,2664.214285714286,22.90872156645066,-1.4535967200894522,2.3890784982935154,False
Maharashtra,Nashik,Nashik,Onion,Local,FAQ,2026-05-10,2521.0,2788.0,2654.0,False,2026,5,10,6,130,2,Zaid,2636.0,2683.0,2712.0,2621.0,2654.3333333333335,2669.714285714286,2664.1428571428573,25.669140264224428,-0.30257186081694404,3.471957268218237,False
Maharashtra,Nashik,Nashik,Onion,Local,FAQ,2026-05-11,2609.0,2725.0,2666.0,False,2026,5,11,0,131,2,Zaid,2654.0,2644.0,2678.0,2621.0,2644.6666666666665,2661.4285714285716,2666.5,17.943031542971617,0.6828528072837633,2.174742464708127,False
Maharashtra,Nashik,Nashik,Onion,Local,FAQ,2026-05-12,2478.0,2711.0,2628.0,False,2026,5,12,1,132,2,Zaid,2666.0,2636.0,2660.0,2644.0,2652.0,2659.714285714286,2669.714285714286,16.62041200565722,0.45214770158251694,0.6051437216338881,False
Maharashtra,Nashik,Nashik,Onion,Local,FAQ,2026-05-13,2511.0,2797.0,2647.0,False,2026,5,13,2,133,2,Zaid,2628.0,2654.0,2675.0,2656.0,2649.3333333333335,2655.1428571428573,2668.5714285714284,20.481117901030352,-1.4253563390847712,0.7153614457831325,False
Maharashtra,Nashik,Nashik,Onion,Local,FAQ,2026-05-14,2588.0,2716.0,2662.0,False,2026,5,14,3,134,2,Zaid,2647.0,2666.0,2683.0,2682.0,2647.0,2651.1428571428573,2667.9285714285716,18.604914865233532,0.7229832572298325,0.03728560775540641,False
Maharashtra,Nashik,Nashik,Onion,Local,FAQ,2026-05-15,2585.0,2723.0,2637.0,False,2026,5,15,4,135,2,Zaid,2662.0,2628.0,2644.0,2686.0,2645.6666666666665,2648.1428571428573,2666.5,13.643418088682873,0.5666792595391008,-1.5636634400595681,False
Maharashtra,Nashik,Nashik,Onion,Local,FAQ,2026-05-16,2502.0,2737.0,2630.0,False,2026,5,16,5,136,2,Zaid,2637.0,2647.0,2636.0,2700.0,2648.6666666666665,2647.1428571428573,2663.0,14.241120876155412,-0.9391435011269721,-2.3703703703703702,False
Maharashtra,Nashik,Nashik,Onion,Local,FAQ,2026-05-17,2585.0,2709.0,2658.0,False,2026,5,17,6,137,2,Zaid,2630.0,2662.0,2654.0,2712.0,2643.0,2646.285714285714,2658.0,15.17359862517276,-0.26545316647705725,-2.1386430678466075,False
Maharashtra,Nashik,Nashik,Onion,Local,FAQ,2026-05-18,2499.0,2737.0,2625.0,False,2026,5,18,0,138,2,Zaid,2658.0,2637.0,2666.0,2678.0,2641.6666666666665,2646.8571428571427,2654.1428571428573,15.582346543742098,1.064638783269962,-0.4480955937266617,False
Maharashtra,Nashik,Nashik,Onion,Local,FAQ,2026-05-19,2528.0,2746.0,2634.0,False,2026,5,19,1,139,2,Zaid,2625.0,2630.0,2628.0,2660.0,2637.6666666666665,2641.0,2650.3571428571427,14.877275736273257,-1.2415349887133182,-1.2030075187969926,False
Maharashtra,Nashik,Nashik,Onion,Local,FAQ,2026-05-20,2526.0,2771.0,2662.0,False,2026,5,20,2,140,2,Zaid,2634.0,2658.0,2647.0,2675.0,2639.0,2641.8571428571427,2648.5,14.158961490023136,0.34285714285714286,-1.046728971962617,False
Maharashtra,Nashik,Nashik,Onion,Local,FAQ,2026-05-21,2539.0,2759.0,2665.0,False,2026,5,21,3,141,2,Zaid,2662.0,2625.0,2662.0,2683.0,2640.3333333333335,2644.0,2647.5714285714284,16.072751268314146,1.0630220197418374,-0.7827059262020127,False
Maharashtra,Nashik,Nashik,Onion,Local,FAQ,2026-05-22,2545.0,2755.0,2666.0,False,2026,5,22,4,142,2,Zaid,2665.0,2634.0,2637.0,2644.0,2653.6666666666665,2644.4285714285716,2646.285714285714,16.66190408143098,0.11269722013523666,-0.264750378214826,False
Maharashtra,Nashik,Nashik,Onion,Local,FAQ,2026-05-23,2535.0,2821.0,2678.0,False,2026,5,23,5,143,2,Zaid,2666.0,2662.0,2630.0,2636.0,2664.3333333333335,2648.5714285714284,2647.8571428571427,18.054151349540813,0.0375234521575985,-0.2276176024279211,False
Maharashtra,Nashik,Nashik,Onion,Local,FAQ,2026-05-24,2559.0,2746.0,2643.0,False,2026,5,24,6,144,2,Zaid,2678.0,2665.0,2658.0,2654.0,2669.6666666666665,2655.4285714285716,2650.8571428571427,18.919629514134495,0.45011252813203295,0.15071590052750566,False
Maharashtra,Nashik,Nashik,Onion,Local,FAQ,2026-05-25,2550.0,2714.0,2659.0,False,2026,5,25,0,145,2,Zaid,2643.0,2666.0,2625.0,2666.0,2662.3333333333335,2653.285714285714,2650.0714285714284,19.422618135509676,-1.3069454817027633,-1.5378844711177795,False
Maharashtra,Nashik,Nashik,Onion,Local,FAQ,2026-05-26,2586.0,2798.0,2681.0,False,2026,5,26,1,146,2,Zaid,2659.0,2678.0,2634.0,2628.0,2660.0,2658.1428571428573,2649.5714285714284,14.893271091645515,0.6053726825576996,0.228310502283105,False
Maharashtra,Nashik,Nashik,Onion,Local,FAQ,2026-05-27,2511.0,2722.0,2655.0,False,2026,5,27,2,147,2,Zaid,2681.0,2643.0,2662.0,2647.0,2661.0,2664.8571428571427,2653.3571428571427,12.615183595277571,0.8273787138021812,0.5666792595391008,False
Maharashtra,Nashik,Nashik,Onion,Local,FAQ,2026-05-28,2592.0,2811.0,2692.0,False,2026,5,28,3,148,2,Zaid,2655.0,2659.0,2665.0,2662.0,2665.0,2663.8571428571427,2653.9285714285716,13.145703625490341,-0.969787392763894,0.11269722013523666,False
Maharashtra,Nashik,Nashik,Onion,Local,FAQ,2026-05-29,2639.0,2783.0,2717.0,False,2026,5,29,4,149,2,Zaid,2692.0,2681.0,2666.0,2637.0,2676.0,2667.714285714286,2656.0714285714284,16.948100048022855,1.393596986817326,1.099734546833523,False
Maharashtra,Nashik,Nashik,Onion,Local,FAQ,2026-05-30,2637.0,2861.0,2751.0,False,2026,5,30,5,150,2,Zaid,2717.0,2655.0,2678.0,2630.0,2688.0,2675.0,2661.785714285714,25.093159758514854,0.9286775631500743,1.8250950570342206,False
Maharashtra,Nashik,Nashik,Onion,Local,FAQ,2026-05-31,2669.0,2882.0,2765.0,False,2026,5,31,6,151,2,Zaid,2751.0,2692.0,2643.0,2658.0,2720.0,2685.4285714285716,2670.4285714285716,38.26163066248023,1.25138019874862,-0.5643340857787811,False
Maharashtra,Nashik,Nashik,Onion,Local,FAQ,2026-06-01,2609.0,2810.0,2743.0,False,2026,6,1,0,152,2,Kharif,2765.0,2717.0,2659.0,2625.0,2744.3333333333335,2702.8571428571427,2678.0714285714284,43.18344038875505,0.5089058524173028,1.2952380952380953,False
Maharashtra,Nashik,Nashik,Onion,Local,FAQ,2026-06-03,2657.0,2907.0,2803.0,False,2026,6,3,2,154,2,Kharif,2743.0,2751.0,2681.0,2634.0,2753.0,2714.8571428571427,2686.5,40.5562513530176,-0.7956600361663654,1.7843583902809415,False
Maharashtra,Nashik,Nashik,Onion,Local,FAQ,2026-06-04,2675.0,2847.0,2740.0,False,2026,6,4,3,155,2,Kharif,2803.0,2765.0,2655.0,2662.0,2770.3333333333335,2732.285714285714,2698.5714285714284,48.93095232302026,2.187386073641998,-0.26296018031555224,False
Maharashtra,Nashik,Nashik,Onion,Local,FAQ,2026-06-05,2654.0,2874.0,2732.0,False,2026,6,5,4,156,2,Kharif,2740.0,2743.0,2692.0,2665.0,2762.0,2744.4285714285716,2704.1428571428573,35.16559465754287,-2.2475918658580096,1.0131332082551596,False
Maharashtra,Nashik,Nashik,Onion,Local,FAQ,2026-06-06,2691.0,2831.0,2776.0,False,2026,6,6,5,157,2,Kharif,2732.0,2803.0,2717.0,2666.0,2758.3333333333335,2750.1428571428573,2708.9285714285716,27.679285705061165,-0.291970802919708,1.9129782445611403,False
Maharashtra,Nashik,Nashik,Onion,Local,FAQ,2026-06-07,2762.0,2907.0,2815.0,False,2026,6,7,6,158,2,Kharif,2776.0,2740.0,2751.0,2678.0,2749.3333333333335,2758.5714285714284,2716.785714285714,24.73093301148528,1.610541727672035,2.7259148618371922,False
Maharashtra,Nashik,Nashik,Onion,Local,FAQ,2026-06-08,2682.0,2958.0,2820.0,False,2026,6,8,0,159,2,Kharif,2815.0,2732.0,2765.0,2643.0,2774.3333333333335,2767.714285714286,2726.5714285714284,32.175116087398834,1.404899135446686,4.615966704502459,False
Maharashtra,Nashik,Nashik,Onion,Local,FAQ,2026-06-09,2685.0,2872.0,2801.0,False,2026,6,9,1,160,2,Kharif,2820.0,2776.0,2743.0,2659.0,2803.6666666666665,2775.5714285714284,2739.214285714286,37.65128215105721,0.17761989342806395,3.159082361790147,False
Maharashtra,Nashik,Nashik,Onion,Local,FAQ,2026-06-10,2738.0,2947.0,2817.0,False,2026,6,10,2,161,2,Kharif,2801.0,2815.0,2803.0,2681.0,2812.0,2783.8571428571427,2749.3571428571427,35.61567338231357,-0.6737588652482269,4.550540842969041,False
Maharashtra,Nashik,Nashik,Onion,Local,FAQ,2026-06-11,2647.0,2850.0,2797.0,False,2026,6,11,3,162,2,Kharif,2817.0,2820.0,2740.0,2655.0,2812.6666666666665,2785.8571428571427,2759.0714285714284,37.226462681927856,0.5712245626561943,3.2015065913371,False
Maharashtra,Nashik,Nashik,Onion,Local,FAQ,2026-06-12,2656.0,2900.0,2803.0,False,2026,6,12,4,163,2,Kharif,2797.0,2801.0,2732.0,2692.0,2805.0,2794.0,2769.214285714286,31.28364855105759,-0.7099751508697196,1.4858841010401187,False
Maharashtra,Nashik,Nashik,Onion,Local,FAQ,2026-06-13,2689.0,2880.0,2824.0,False,2026,6,13,5,164,2,Kharif,2803.0,2817.0,2776.0,2717.0,2805.6666666666665,2804.1428571428573,2777.1428571428573,15.214341605063947,0.21451555237754738,2.1715126978284873,False
Maharashtra,Nashik,Nashik,Onion,Local,FAQ,2026-06-14,2663.0,2943.0,2811.0,False,2026,6,14,6,165,2,Kharif,2824.0,2797.0,2815.0,2751.0,2808.0,2811.0,2784.785714285714,10.503967504362471,0.7491972886193364,2.3264267539076697,False
Maharashtra,Nashik,Nashik,Onion,Local,FAQ,2026-06-15,2671.0,2950.0,2806.0,False,2026,6,15,0,166,2,Kharif,2811.0,2803.0,2820.0,2765.0,2812.6666666666665,2810.4285714285716,2789.0714285714284,10.357881747012053,-0.46033994334277617,1.9891500904159132,False
Maharashtra,Nashik,Nashik,Onion,Local,FAQ,2026-06-16,2744.0,2872.0,2801.0,False,2026,6,16,1,167,2,Kharif,2806.0,2824.0,2801.0,2743.0,2813.6666666666665,2808.4285714285716,2792.0,9.51940374279951,-0.17787264318747778,2.1144732045205976,False
Maharashtra,Nashik,Nashik,Onion,Local,FAQ,2026-06-17,2709.0,2879.0,2782.0,False,2026,6,17,2,168,2,Kharif,2801.0,2811.0,2817.0,2803.0,2806.0,2808.4285714285716,2796.1428571428573,9.51940374279951,-0.1781895937277263,0.4994648590795576,False
Maharashtra,Nashik,Nashik,Onion,Local,FAQ,2026-06-18,2703.0,2835.0,2770.0,False,2026,6,18,3,169,2,Kharif,2782.0,2806.0,2797.0,2740.0,2796.3333333333335,2803.4285714285716,2794.6428571428573,12.869306415593776,-0.6783291681542306,2.0802919708029197,False
Maharashtra,Nashik,Nashik,Onion,Local,FAQ,2026-06-19,2616.0,2889.0,2763.0,False,2026,6,19,4,170,2,Kharif,2770.0,2801.0,2803.0,2732.0,2784.3333333333335,2799.5714285714284,2796.785714285714,18.10024993248596,-0.4313443565780014,2.5988286969253296,False
Maharashtra,Nashik,Nashik,Onion,Local,FAQ,2026-06-20,2683.0,2891.0,2761.0,False,2026,6,20,5,171,2,Kharif,2763.0,2782.0,2824.0,2776.0,2771.6666666666665,2793.8571428571427,2799.0,22.59372015573403,-0.2527075812274368,1.729106628242075,False
Maharashtra,Nashik,Nashik,Onion,Local,FAQ,2026-06-21,2690.0,2853.0,2773.0,False,2026,6,21,6,172,2,Kharif,2761.0,2770.0,2811.0,2815.0,2764.6666666666665,2784.8571428571427,2797.9285714285716,21.082603977584384,-0.07238508867173363,-0.14209591474245115,False
Maharashtra,Nashik,Nashik,Onion,Local,FAQ,2026-06-22,2685.0,2847.0,2761.0,False,2026,6,22,0,173,2,Kharif,2773.0,2763.0,2806.0,2820.0,2765.6666666666665,2779.4285714285716,2794.9285714285716,17.87789270631564,0.4346251358203549,-0.4964539007092199,False
Maharashtra,Nashik,Nashik,Onion,Local,FAQ,2026-06-23,2635.0,2808.0,2752.0,False,2026,6,23,1,174,2,Kharif,2761.0,2761.0,2801.0,2801.0,2765.0,2773.0,2790.714285714286,14.50287327852113,-0.432744320230797,0.0,False
Maharashtra,Nashik,Nashik,Onion,Local,FAQ,2026-06-24,2702.0,2851.0,2767.0,False,2026,6,24,2,175,2,Kharif,2752.0,2773.0,2782.0,2817.0,2762.0,2766.0,2787.214285714286,9.797958971108763,-0.3259688518652662,-1.2424565140220092,False
Maharashtra,Nashik,Nashik,Onion,Local,FAQ,2026-06-25,2617.0,2818.0,2753.0,False,2026,6,25,3,176,2,Kharif,2767.0,2761.0,2770.0,2797.0,2760.0,2763.8571428571427,2783.6428571428573,6.9385053968700365,0.5450581395348837,-0.9653199856989632,False
Maharashtra,Nashik,Nashik,Onion,Local,FAQ,2026-06-26,2672.0,2858.0,2752.0,False,2026,6,26,4,177,2,Kharif,2753.0,2752.0,2763.0,2803.0,2757.3333333333335,2761.4285714285716,2780.5,7.390470053967651,-0.5059631369714492,-1.4270424545130218,False
Maharashtra,Nashik,Nashik,Onion,Local,FAQ,2026-06-27,2601.0,2795.0,2731.0,False,2026,6,27,5,178,2,Kharif,2752.0,2767.0,2761.0,2824.0,2757.3333333333335,2759.8571428571427,2776.8571428571427,8.132825901395387,-0.03632401017072285,-2.2308781869688383,False
Maharashtra,Nashik,Nashik,Onion,Local,FAQ,2026-06-28,2672.0,2848.0,2736.0,False,2026,6,28,6,179,2,Kharif,2731.0,2753.0,2773.0,2811.0,2745.3333333333335,2755.5714285714284,2770.214285714286,13.538305443639628,-0.7630813953488371,-1.351832088224831,False
Maharashtra,Nashik,Nashik,Onion,Local,FAQ,2026-06-29,2726.0,2902.0,2803.0,False,2026,6,29,0,180,2,Kharif,2736.0,2752.0,2761.0,2806.0,2739.6666666666665,2750.285714285714,2764.8571428571427,12.802529511950041,0.18308311973636032,-1.6037063435495367,False
Maharashtra,Nashik,Nashik,Onion,Local,FAQ,2026-06-30,2720.0,2933.0,2801.0,False,2026,6,30,1,181,2,Kharif,2803.0,2731.0,2752.0,2801.0,2756.6666666666665,2756.285714285714,2764.6428571428573,23.7887528446602,2.448830409356725,-1.7493752231345947,False
Maharashtra,Nashik,Nashik,Onion,Local,FAQ,2026-07-01,2724.0,2872.0,2780.0,False,2026,7,1,2,182,3,Kharif,2801.0,2736.0,2767.0,2782.0,2780.0,2763.285714285714,2764.6428571428573,28.963852677161263,-0.07135212272565108,-0.5391804457225018,False
Maharashtra,Nashik,Nashik,Onion,Local,FAQ,2026-07-02,2717.0,2941.0,2824.0,False,2026,7,2,3,183,3,Kharif,2780.0,2803.0,2753.0,2770.0,2794.6666666666665,2765.1428571428573,2764.5,29.650343288778096,-0.7497322384862549,-0.6137184115523465,False
Maharashtra,Nashik,Nashik,Onion,Local,FAQ,2026-07-03,2688.0,2952.0,2816.0,False,2026,7,3,4,184,3,Kharif,2824.0,2801.0,2752.0,2763.0,2801.6666666666665,2775.285714285714,2768.3571428571427,36.220225867659224,1.5827338129496402,-0.39811798769453494,False
Maharashtra,Nashik,Nashik,Onion,Local,FAQ,2026-07-04,2692.0,2975.0,2826.0,False,2026,7,4,5,185,3,Kharif,2816.0,2780.0,2731.0,2761.0,2806.6666666666665,2784.4285714285716,2772.1428571428573,37.42039169069671,-0.28328611898017,-1.0865628395508875,False
Maharashtra,Nashik,Nashik,Onion,Local,FAQ,2026-07-05,2638.0,2864.0,2777.0,False,2026,7,5,6,186,3,Kharif,2826.0,2824.0,2736.0,2773.0,2822.0,2798.0,2776.785714285714,31.585861816104533,0.35511363636363635,-1.3342949873782908,False
Maharashtra,Nashik,Nashik,Onion,Local,FAQ,2026-07-06,2652.0,2875.0,2776.0,False,2026,7,6,0,187,3,Kharif,2777.0,2816.0,2803.0,2761.0,2806.3333333333335,2803.8571428571427,2777.0714285714284,19.7604704011707,-1.7338995046001413,1.5211879753712423,False
Maharashtra,Nashik,Nashik,Onion,Local,FAQ,2026-07-07,2643.0,2875.0,2741.0,False,2026,7,7,1,188,3,Kharif,2776.0,2826.0,2801.0,2752.0,2793.0,2800.0,2778.1428571428573,22.41279396533826,-0.036010082823190494,1.7805232558139534,False
Maharashtra,Nashik,Nashik,Onion,Local,FAQ,2026-07-08,2674.0,2848.0,2765.0,False,2026,7,8,2,189,3,Kharif,2741.0,2777.0,2780.0,2767.0,2764.6666666666665,2791.4285714285716,2777.3571428571427,31.569273789849035,-1.260806916426513,0.46982291290205996,False
Maharashtra,Nashik,Nashik,Onion,Local,FAQ,2026-07-09,2661.0,2882.0,2756.0,False,2026,7,9,3,190,3,Kharif,2765.0,2776.0,2824.0,2753.0,2760.6666666666665,2789.285714285714,2777.214285714286,32.95306908171331,0.8755928493250638,2.579004722121322,False
Maharashtra,Nashik,Nashik,Onion,Local,FAQ,2026-07-10,2605.0,2818.0,2750.0,False,2026,7,10,4,191,3,Kharif,2756.0,2741.0,2816.0,2752.0,2754.0,2779.5714285714284,2777.4285714285716,30.977718567035936,-0.325497287522604,2.3255813953488373,False
Maharashtra,Nashik,Nashik,Onion,Local,FAQ,2026-07-11,2635.0,2850.0,2742.0,False,2026,7,11,5,192,3,Kharif,2750.0,2765.0,2826.0,2731.0,2757.0,2770.1428571428573,2777.285714285714,27.937003963840716,-0.21770682148040638,3.478579274990846,False
Maharashtra,Pune,Pune,Onion,Local,FAQ,2025-12-04,2176.0,2440.0,2313.0,False,2025,12,4,3,338,4,Rabi,,,,,,,,,,,False
Maharashtra,Pune,Pune,Onion,Local,FAQ,2025-12-05,2188.0,2433.0,2317.0,False,2025,12,5,4,339,4,Rabi,2313.0,,,,,,,,,,False
Maharashtra,Pune,Pune,Onion,Local,FAQ,2025-12-06,2211.0,2434.0,2328.0,False,2025,12,6,5,340,4,Rabi,2317.0,,,,,,,,0.17293558149589278,,False
Maharashtra,Pune,Pune,Onion,Local,FAQ,2025-12-07,2261.0,2417.0,2322.0,False,2025,12,7,6,341,4,Rabi,2328.0,2313.0,,,2319.3333333333335,,,,0.4747518342684506,,False
Maharashtra,Pune,Pune,Onion,Local,FAQ,2025-12-08,2244.0,2437.0,2349.0,False,2025,12,8,0,342,4,Rabi,2322.0,2317.0,,,2322.3333333333335,,,,-0.25773195876288657,,False
Maharashtra,Pune,Pune,Onion,Local,FAQ,2025-12-09,2198.0,2407.0,2346.0,False,2025,12,9,1,343,4,Rabi,2349.0,2328.0,,,2333.0,,,,1.1627906976744187,,False
Maharashtra,Pune,Pune,Onion,Local,Non-FAQ,2025-12-09,2198.0,2407.0,2346.0,False,2025,12,9,1,343,4,Rabi,2346.0,2322.0,,,2339.0,,,,-0.1277139208173691,,False
Maharashtra,Pune,Pune,Onion,Local,FAQ,2025-12-10,2209.0,2475.0,2333.0,False,2025,12,10,2,344,4,Rabi,2346.0,2349.0,2313.0,,2347.0,2331.5714285714284,,15.175167685587855,0.0,,False
Maharashtra,Pune,Pune,Onion,Local,FAQ,2025-12-11,2253.0,2467.0,2331.0,False,2025,12,11,3,345,4,Rabi,2333.0,2346.0,2317.0,,2341.6666666666665,2334.4285714285716,,12.791366135758963,-0.5541346973572037,,False
Maharashtra,Pune,Pune,Onion,Local,FAQ,2025-12-12,2218.0,2473.0,2343.0,False,2025,12,12,4,346,4,Rabi,2331.0,2346.0,2328.0,,2336.6666666666665,2336.4285714285716,,10.501700542564867,-0.08572653236176596,,False
Maharashtra,Pune,Pune,Onion,Local,FAQ,2025-12-13,2285.0,2483.0,2337.0,False,2025,12,13,5,347,4,Rabi,2343.0,2333.0,2322.0,,2335.6666666666665,2338.5714285714284,,10.01427552475497,0.5148005148005148,,False
Maharashtra,Pune,Pune,Onion,Local,FAQ,2025-12-14,2181.0,2392.0,2314.0,False,2025,12,14,6,348,4,Rabi,2337.0,2331.0,2349.0,,2337.0,2340.714285714286,,7.040698017343078,-0.2560819462227913,,False
Maharashtra,Pune,Pune,Onion,Local,FAQ,2025-12-15,2204.0,2402.0,2341.0,False,2025,12,15,0,349,4,Rabi,2314.0,2343.0,2346.0,,2331.3333333333335,2335.714285714286,,11.309498746839232,-0.9841677364142062,,False
Maharashtra,Pune,Pune,Onion,Local,FAQ,2025-12-16,2290.0,2424.0,2350.0,False,2025,12,16,1,350,4,Rabi,2341.0,2337.0,2346.0,,2330.6666666666665,2335.0,,10.692676621563491,1.166810717372515,,False
Maharashtra,Pune,Pune,Onion,Local,FAQ,2025-12-17,2345.0,2493.0,2396.0,False,2025,12,17,2,351,4,Rabi,2350.0,2314.0,2333.0,2313.0,2335.0,2335.5714285714284,2333.5714285714284,11.457997830585901,0.3844510892780863,0.8646779074794639,False
Maharashtra,Pune,Pune,Onion,Local,FAQ,2025-12-18,2336.0,2496.0,2416.0,False,2025,12,18,3,352,4,Rabi,2396.0,2341.0,2331.0,2317.0,2362.3333333333335,2344.5714285714284,2339.5,25.382783816707413,1.9574468085106382,0.6042296072507553,False
Maharashtra,Pune,Pune,Onion,Local,FAQ,2025-12-19,2251.0,2430.0,2375.0,False,2025,12,19,4,353,4,Rabi,2416.0,2350.0,2343.0,2328.0,2387.3333333333335,2356.714285714286,2346.5714285714284,35.943076689464654,0.8347245409015025,0.6443298969072164,False
Maharashtra,Pune,Pune,Onion,Local,FAQ,2025-12-20,2260.0,2468.0,2399.0,False,2025,12,20,5,354,4,Rabi,2375.0,2396.0,2337.0,2322.0,2395.6666666666665,2361.285714285714,2349.9285714285716,35.94307668946459,-1.6970198675496688,0.6459948320413437,False
Maharashtra,Pune,Pune,Onion,Local,FAQ,2025-12-21,2384.0,2516.0,2442.0,False,2025,12,21,6,355,4,Rabi,2399.0,2416.0,2314.0,2349.0,2396.6666666666665,2370.1428571428573,2355.4285714285716,36.59430088337277,1.0105263157894737,-1.489995742869306,False
Maharashtra,Pune,Pune,Onion,Local,FAQ,2025-12-22,2388.0,2577.0,2444.0,False,2025,12,22,0,356,4,Rabi,2442.0,2375.0,2341.0,2346.0,2405.3333333333335,2388.4285714285716,2362.0714285714284,35.83693226666653,1.792413505627345,-0.2131287297527707,False
Maharashtra,Pune,Pune,Onion,Local,FAQ,2025-12-23,2363.0,2534.0,2473.0,False,2025,12,23,1,357,4,Rabi,2444.0,2399.0,2350.0,2346.0,2428.3333333333335,2403.1428571428573,2369.0714285714284,34.226834362472104,0.08190008190008191,0.17050298380221654,False
Maharashtra,Pune,Pune,Onion,Local,FAQ,2025-12-24,2359.0,2604.0,2497.0,False,2025,12,24,2,358,4,Rabi,2473.0,2442.0,2396.0,2333.0,2453.0,2420.714285714286,2378.1428571428573,33.969173700645705,1.1865793780687397,2.700385769395628,False
Maharashtra,Pune,Pune,Onion,Local,FAQ,2025-12-25,2408.0,2603.0,2510.0,False,2025,12,25,3,359,4,Rabi,2497.0,2444.0,2416.0,2331.0,2471.3333333333335,2435.1428571428573,2389.8571428571427,42.17988687920703,0.9704811969268096,3.6465036465036467,False
Maharashtra,Pune,Pune,Onion,Local,FAQ,2025-12-26,2366.0,2603.0,2493.0,False,2025,12,26,4,360,4,Rabi,2510.0,2473.0,2375.0,2343.0,2493.3333333333335,2448.5714285714284,2402.6428571428573,49.41274175371017,0.5206247496996396,1.365770379854887,False
Maharashtra,Pune,Pune,Onion,Local,FAQ,2025-12-27,2309.0,2542.0,2448.0,False,2025,12,27,5,361,4,Rabi,2493.0,2497.0,2399.0,2337.0,2500.0,2465.4285714285716,2413.3571428571427,39.203984248442595,-0.6772908366533864,2.652973898160034,False
Maharashtra,Pune,Pune,Onion,Local,FAQ,2025-12-28,2379.0,2608.0,2488.0,False,2025,12,28,6,362,4,Rabi,2448.0,2510.0,2442.0,2314.0,2483.6666666666665,2472.4285714285716,2421.285714285714,28.194899910304873,-1.8050541516245486,5.531547104580812,False
Maharashtra,Pune,Pune,Onion,Local,FAQ,2025-12-29,2447.0,2622.0,2521.0,False,2025,12,29,0,363,4,Rabi,2488.0,2493.0,2444.0,2341.0,2476.3333333333335,2479.0,2433.714285714286,25.11307760244396,1.6339869281045754,4.399829132849209,False
Maharashtra,Pune,Pune,Onion,Local,FAQ,2025-12-30,2416.0,2630.0,2515.0,False,2025,12,30,1,364,4,Rabi,2521.0,2448.0,2473.0,2350.0,2485.6666666666665,2490.0,2446.5714285714284,24.069344264707443,1.3263665594855305,5.23404255319149,False
Maharashtra,Pune,Pune,Onion,Local,FAQ,2025-12-31,2348.0,2603.0,2493.0,False,2025,12,31,2,365,4,Rabi,2515.0,2488.0,2497.0,2396.0,2508.0,2496.0,2458.3571428571427,24.358434541919692,-0.2380007933359778,4.215358931552587,False
Maharashtra,Pune,Pune,Onion,Local,FAQ,2026-01-01,2382.0,2552.0,2495.0,False,2026,1,1,3,1,1,Rabi,2493.0,2521.0,2510.0,2416.0,2509.6666666666665,2495.4285714285716,2465.285714285714,24.377976008794683,-0.8747514910536779,3.8907284768211916,False
Maharashtra,Pune,Pune,Onion,Local,FAQ,2026-01-02,2462.0,2623.0,2537.0,False,2026,1,2,4,2,1,Rabi,2495.0,2515.0,2493.0,2375.0,2501.0,2493.285714285714,2470.9285714285716,23.528098702850833,0.08022462896109105,4.968421052631579,False
Maharashtra,Pune,Pune,Onion,Local,FAQ,2026-01-03,2458.0,2600.0,2522.0,False,2026,1,3,5,3,1,Rabi,2537.0,2493.0,2448.0,2399.0,2508.3333333333335,2499.5714285714284,2482.5,28.739387275166788,1.6833667334669338,2.0425177157148813,False
Maharashtra,Pune,Pune,Onion,Local,FAQ,2026-01-04,2374.0,2604.0,2521.0,False,2026,1,4,6,4,1,Rabi,2522.0,2495.0,2488.0,2442.0,2518.0,2510.1428571428573,2491.285714285714,18.33419911374508,-0.5912495072920773,1.8837018837018837,False
Maharashtra,Pune,Pune,Onion,Local,FAQ,2026-01-06,2412.0,2585.0,2483.0,False,2026,1,6,1,6,1,Rabi,2521.0,2537.0,2521.0,2444.0,2526.6666666666665,2514.8571428571427,2496.9285714285716,15.75255081383419,-0.03965107057890563,3.150572831423895,False
Maharashtra,Pune,Pune,Onion,Local,FAQ,2026-01-07,2346.0,2583.0,2476.0,False,2026,1,7,2,7,1,Rabi,2483.0,2522.0,2515.0,2473.0,2508.6666666666665,2509.4285714285716,2499.714285714286,19.406675336559953,-1.507338357794526,1.6983420946219168,False
Maharashtra,Pune,Pune,Onion,Local,FAQ,2026-01-08,2356.0,2536.0,2457.0,False,2026,1,8,3,8,1,Rabi,2476.0,2521.0,2493.0,2497.0,2493.3333333333335,2503.8571428571427,2499.9285714285716,22.835853180378727,-0.2819170358437374,-0.16019223067681218,False
Maharashtra,Pune,Pune,Onion,Local,FAQ,2026-01-09,2394.0,2565.0,2453.0,False,2026,1,9,4,9,1,Rabi,2457.0,2483.0,2495.0,2510.0,2472.0,2498.714285714286,2497.0714285714284,28.92930628107789,-0.7673667205169629,-0.5976095617529881,False
Maharashtra,Pune,Pune,Onion,Local,FAQ,2026-01-10,2409.0,2555.0,2470.0,False,2026,1,10,5,10,1,Rabi,2453.0,2476.0,2537.0,2493.0,2462.0,2492.714285714286,2493.0,33.777281742384865,-0.1628001628001628,1.764941837144003,False
Maharashtra,Pune,Pune,Onion,Local,FAQ,2026-01-11,2398.0,2617.0,2497.0,False,2026,1,11,6,11,1,Rabi,2470.0,2457.0,2522.0,2448.0,2460.0,2483.1428571428573,2491.3571428571427,28.162792069370457,0.6930289441500204,3.022875816993464,False
Maharashtra,Pune,Pune,Onion,Local,FAQ,2026-01-12,2348.0,2560.0,2497.0,False,2026,1,12,0,12,1,Rabi,2497.0,2453.0,2521.0,2488.0,2473.3333333333335,2479.5714285714284,2494.8571428571427,23.635123177567888,1.0931174089068825,1.3263665594855305,False
Maharashtra,Pune,Pune,Onion,Local,FAQ,2026-01-14,2301.0,2563.0,2442.0,False,2026,1,14,2,14,1,Rabi,2497.0,2470.0,2483.0,2521.0,2488.0,2476.1428571428573,2495.5,17.59193538175862,0.0,-1.507338357794526,False
Maharashtra,Pune,Pune,Onion,Local,FAQ,2026-01-15,2270.0,2548.0,2402.0,False,2026,1,15,3,15,1,Rabi,2442.0,2497.0,2476.0,2515.0,2478.6666666666665,2470.285714285714,2489.8571428571427,21.35192642139284,-2.2026431718061676,-1.5506958250497018,False
Maharashtra,Pune,Pune,Onion,Local,FAQ,2026-01-16,2292.0,2474.0,2424.0,False,2026,1,16,4,16,1,Rabi,2402.0,2497.0,2457.0,2493.0,2447.0,2459.714285714286,2481.785714285714,33.12458445381551,-1.638001638001638,-1.444043321299639,False
Maharashtra,Pune,Pune,Onion,Local,FAQ,2026-01-17,2336.0,2468.0,2412.0,False,2026,1,17,5,17,1,Rabi,2424.0,2442.0,2453.0,2495.0,2422.6666666666665,2455.0,2476.8571428571427,35.814336049500454,0.9159034138218152,-1.6833667334669338,False
Maharashtra,Pune,Pune,Onion,Local,FAQ,2026-01-18,2306.0,2535.0,2416.0,False,2026,1,18,6,18,1,Rabi,2412.0,2402.0,2470.0,2537.0,2412.6666666666665,2449.1428571428573,2470.9285714285716,39.37185361578447,-0.49504950495049505,-2.6409144659046118,False
Maharashtra,Pune,Pune,Onion,Local,FAQ,2026-01-19,2313.0,2496.0,2409.0,False,2026,1,19,0,19,1,Rabi,2416.0,2424.0,2497.0,2522.0,2417.3333333333335,2441.4285714285716,2462.285714285714,39.890922705368,0.16583747927031509,-0.9912767644726407,False
Maharashtra,Pune,Pune,Onion,Local,FAQ,2026-01-20,2325.0,2479.0,2387.0,False,2026,1,20,1,20,1,Rabi,2409.0,2412.0,2497.0,2521.0,2412.3333333333335,2428.8571428571427,2454.214285714286,32.672254138277076,-0.2897350993377483,-0.9520031733439112,False
Maharashtra,Pune,Pune,Onion,Local,FAQ,2026-01-21,2326.0,2469.0,2384.0,False,2026,1,21,2,21,1,Rabi,2387.0,2416.0,2442.0,2483.0,2404.0,2413.1428571428573,2444.6428571428573,17.247498093237223,-0.91324200913242,-1.6512283527990335,False
Maharashtra,Pune,Pune,Onion,Local,FAQ,2026-01-22,2242.0,2503.0,2386.0,False,2026,1,22,3,22,1,Rabi,2384.0,2409.0,2402.0,2476.0,2393.3333333333335,2404.8571428571427,2437.5714285714284,14.83721190597883,-0.12568077084206117,-2.988691437802908,False
Maharashtra,Pune,Pune,Onion,Local,FAQ,2026-01-23,2249.0,2409.0,2358.0,False,2026,1,23,4,23,1,Rabi,2386.0,2387.0,2424.0,2457.0,2385.6666666666665,2402.5714285714284,2431.1428571428573,16.490978774846955,0.08389261744966443,-1.3431013431013432,False
Maharashtra,Pune,Pune,Onion,Local,FAQ,2026-01-24,2280.0,2535.0,2394.0,False,2026,1,24,5,24,1,Rabi,2358.0,2384.0,2412.0,2453.0,2376.0,2393.1428571428573,2424.0714285714284,20.562332645145844,-1.173512154233026,-1.6714227476559314,False
Maharashtra,Pune,Pune,Onion,Local,FAQ,2026-01-25,2296.0,2480.0,2418.0,False,2026,1,25,6,25,1,Rabi,2394.0,2386.0,2416.0,2470.0,2379.3333333333335,2390.5714285714284,2419.8571428571427,18.866700319676912,1.5267175572519083,-2.186234817813765,False
Maharashtra,Pune,Pune,Onion,Local,FAQ,2026-01-26,2285.0,2482.0,2425.0,False,2026,1,26,0,26,1,Rabi,2418.0,2358.0,2409.0,2497.0,2390.0,2390.8571428571427,2416.1428571428573,19.32553208779271,1.0025062656641603,-3.524229074889868,False
Maharashtra,Pune,Pune,Onion,Local,FAQ,2026-01-27,2345.0,2488.0,2396.0,False,2026,1,27,1,27,1,Rabi,2425.0,2394.0,2387.0,2497.0,2412.3333333333335,2393.1428571428573,2411.0,22.512430428757142,0.2894954507857734,-4.405286343612335,False
Maharashtra,Pune,Pune,Onion,Local,FAQ,2026-01-28,2319.0,2498.0,2399.0,False,2026,1,28,2,28,1,Rabi,2396.0,2418.0,2384.0,2442.0,2413.0,2394.4285714285716,2403.785714285714,22.359614955371732,-1.1958762886597938,-2.375102375102375,False
Maharashtra,Pune,Pune,Onion,Local,FAQ,2026-01-29,2323.0,2491.0,2385.0,False,2026,1,29,3,29,1,Rabi,2399.0,2425.0,2386.0,2402.0,2406.6666666666665,2396.5714285714284,2400.714285714286,21.907815522148166,0.12520868113522537,-0.6661115736885929,False
Maharashtra,Pune,Pune,Onion,Local,FAQ,2026-01-30,2303.0,2510.0,2387.0,False,2026,1,30,4,30,1,Rabi,2385.0,2396.0,2358.0,2424.0,2393.3333333333335,2396.4285714285716,2399.5,21.991340287011695,-0.5835764902042517,-2.722772277227723,False
Maharashtra,Pune,Pune,Onion,Local,FAQ,2026-01-31,2293.0,2505.0,2412.0,False,2026,1,31,5,31,1,Rabi,2387.0,2399.0,2394.0,2412.0,2390.3333333333335,2400.5714285714284,2396.8571428571427,15.240922356793115,0.08385744234800838,-0.7462686567164178,False
Maharashtra,Pune,Pune,Onion,Local,FAQ,2026-02-01,2305.0,2500.0,2422.0,False,2026,2,1,6,32,1,Rabi,2412.0,2385.0,2418.0,2416.0,2394.6666666666665,2403.1428571428573,2396.8571428571427,15.464244473718479,1.0473397570171765,0.08278145695364239,False
Maharashtra,Pune,Pune,Onion,Local,FAQ,2026-02-02,2352.0,2577.0,2447.0,False,2026,2,2,0,33,1,Rabi,2422.0,2387.0,2425.0,2409.0,2407.0,2403.714285714286,2397.285714285714,16.16286160425095,0.41459369817578773,0.66417600664176,False
Maharashtra,Pune,Pune,Onion,Local,FAQ,2026-02-03,2299.0,2567.0,2431.0,False,2026,2,3,1,34,1,Rabi,2447.0,2412.0,2396.0,2387.0,2427.0,2406.8571428571427,2400.0,22.056205260113444,1.032204789430223,0.3770423125261835,False
Maharashtra,Pune,Pune,Onion,Local,FAQ,2026-02-04,2345.0,2535.0,2427.0,False,2026,2,4,2,35,1,Rabi,2431.0,2422.0,2399.0,2384.0,2433.3333333333335,2411.8571428571427,2403.1428571428573,23.12594914397194,-0.6538618716796076,0.6291946308724832,False
Maharashtra,Pune,Pune,Onion,Local,FAQ,2026-02-05,2361.0,2558.0,2448.0,False,2026,2,5,3,36,1,Rabi,2427.0,2447.0,2385.0,2386.0,2435.0,2415.8571428571427,2406.214285714286,22.952331554976404,-0.16454134101192924,-0.041911148365465216,False
Maharashtra,Pune,Pune,Onion,Local,FAQ,2026-02-06,2386.0,2540.0,2473.0,False,2026,2,6,4,37,1,Rabi,2448.0,2431.0,2387.0,2358.0,2435.3333333333335,2424.8571428571427,2410.6428571428573,21.114201945835912,0.865265760197775,1.2298558100084818,False
Maharashtra,Pune,Pune,Onion,Local,FAQ,2026-02-07,2408.0,2565.0,2501.0,False,2026,2,7,5,38,1,Rabi,2473.0,2427.0,2412.0,2394.0,2449.3333333333335,2437.1428571428573,2418.8571428571427,20.424075429327104,1.0212418300653594,0.7518796992481203,False
Maharashtra,Pune,Pune,Onion,Local,FAQ,2026-02-08,2429.0,2547.0,2494.0,False,2026,2,8,6,39,1,Rabi,2501.0,2448.0,2422.0,2418.0,2474.0,2449.8571428571427,2426.5,28.333893551883644,1.1322280630812778,0.1654259718775848,False
Maharashtra,Pune,Pune,Onion,Local,FAQ,2026-02-09,2398.0,2627.0,2513.0,False,2026,2,9,0,40,1,Rabi,2494.0,2473.0,2447.0,2425.0,2489.3333333333335,2460.1428571428573,2431.9285714285716,29.577179105003335,-0.2798880447820872,0.9072164948453608,False
Maharashtra,Pune,Pune,Onion,Local,FAQ,2026-02-10,2408.0,2580.0,2499.0,False,2026,2,10,1,41,1,Rabi,2513.0,2501.0,2431.0,2396.0,2502.6666666666665,2469.5714285714284,2438.214285714286,34.75560934514421,0.7618283881315157,1.4607679465776295,False
Maharashtra,Pune,Pune,Onion,Local,FAQ,2026-02-11,2376.0,2605.0,2494.0,False,2026,2,11,2,42,1,Rabi,2499.0,2494.0,2427.0,2399.0,2502.0,2479.285714285714,2445.5714285714284,31.531541275966234,-0.5571030640668524,1.1671529804085035,False
Maharashtra,Pune,Pune,Onion,Local,FAQ,2026-02-12,2314.0,2558.0,2463.0,False,2026,2,12,3,43,1,Rabi,2494.0,2513.0,2448.0,2385.0,2502.0,2488.8571428571427,2452.3571428571427,21.628904822236457,-0.20008003201280514,2.6415094339622645,False
Maharashtra,Pune,Pune,Onion,Local,FAQ,2026-02-13,2329.0,2512.0,2448.0,False,2026,2,13,4,44,1,Rabi,2463.0,2499.0,2473.0,2387.0,2485.3333333333335,2491.0,2457.9285714285716,17.19496050203371,-1.2429831595829992,3.602848764139087,False
Maharashtra,Pune,Pune,Onion,Local,FAQ,2026-02-14,2335.0,2582.0,2436.0,False,2026,2,14,5,45,1,Rabi,2448.0,2494.0,2501.0,2412.0,2468.3333333333335,2487.4285714285716,2462.285714285714,23.129037614051697,-0.6090133982947624,3.6898839137645107,False
Maharashtra,Pune,Pune,Onion,Local,FAQ,2026-02-15,2348.0,2490.0,2436.0,False,2026,2,15,6,46,1,Rabi,2436.0,2463.0,2494.0,2422.0,2449.0,2478.1428571428573,2464.0,29.059872513072758,-0.49019607843137253,2.972749793559042,False
Maharashtra,Pune,Pune,Onion,Local,FAQ,2026-02-16,2368.0,2486.0,2434.0,False,2026,2,16,0,47,1,Rabi,2436.0,2448.0,2513.0,2447.0,2440.0,2469.8571428571427,2465.0,31.913573765344047,0.0,2.6971802206783817,False
Maharashtra,Pune,Pune,Onion,Local,FAQ,2026-02-17,2299.0,2521.0,2425.0,False,2026,2,17,1,48,1,Rabi,2434.0,2436.0,2499.0,2431.0,2435.3333333333335,2458.5714285714284,2464.0714285714284,27.819999657661118,-0.08210180623973727,2.797202797202797,False
Maharashtra,Pune,Pune,Onion,Local,FAQ,2026-02-18,2377.0,2585.0,2439.0,False,2026,2,18,2,49,1,Rabi,2425.0,2436.0,2494.0,2427.0,2431.6666666666665,2448.0,2463.6428571428573,23.64318083507177,-0.3697617091207888,2.760609806345282,False
Maharashtra,Pune,Pune,Onion,Local,FAQ,2026-02-19,2350.0,2570.0,2431.0,False,2026,2,19,3,50,1,Rabi,2439.0,2434.0,2463.0,2448.0,2432.6666666666665,2440.1428571428573,2464.5,12.157694016936173,0.5773195876288659,0.6127450980392157,False
Maharashtra,Pune,Pune,Onion,Local,FAQ,2026-02-20,2313.0,2540.0,2461.0,False,2026,2,20,4,51,1,Rabi,2431.0,2425.0,2448.0,2473.0,2431.6666666666665,2435.5714285714284,2463.285714285714,7.091242083418745,-0.3280032800328003,-1.0109179134654267,False
Maharashtra,Pune,Pune,Onion,Local,FAQ,2026-02-21,2324.0,2559.0,2470.0,False,2026,2,21,5,52,1,Rabi,2461.0,2439.0,2436.0,2501.0,2443.6666666666665,2437.4285714285716,2462.4285714285716,11.326328367376814,1.2340600575894694,-2.5989604158336665,False
Maharashtra,Pune,Pune,Onion,Local,FAQ,2026-02-22,2327.0,2496.0,2431.0,False,2026,2,22,6,53,1,Rabi,2470.0,2431.0,2436.0,2494.0,2454.0,2442.285714285714,2460.214285714286,16.65046831887965,0.3657049979683055,-2.3255813953488373,False
Maharashtra,Pune,Pune,Onion,Local,FAQ,2026-02-23,2297.0,2506.0,2402.0,False,2026,2,23,0,54,1,Rabi,2431.0,2461.0,2434.0,2513.0,2454.0,2441.5714285714284,2455.714285714286,17.067094488683047,-1.5789473684210527,-3.1436530043772386,False
Maharashtra,Pune,Pune,Onion,Local,FAQ,2026-02-24,2324.0,2498.0,2418.0,False,2026,2,24,1,55,1,Rabi,2402.0,2470.0,2425.0,2499.0,2434.3333333333335,2437.0,2447.785714285714,22.766935088704063,-1.192924722336487,-2.9611844737895154,False
Maharashtra,Pune,Pune,Onion,Local,FAQ,2026-02-25,2355.0,2500.0,2431.0,False,2026,2,25,2,56,1,Rabi,2418.0,2431.0,2439.0,2494.0,2417.0,2436.0,2442.0,23.523038352501707,0.6661115736885929,-2.2052927024859663,False
Maharashtra,Pune,Pune,Onion,Local,FAQ,2026-02-26,2350.0,2574.0,2427.0,False,2026,2,26,3,57,1,Rabi,2431.0,2402.0,2431.0,2463.0,2417.0,2434.8571428571427,2437.5,23.547318116425178,0.5376344086021506,-1.2992285830288266,False
Maharashtra,Pune,Pune,Onion,Local,FAQ,2026-02-27,2309.0,2500.0,2415.0,False,2026,2,27,4,58,1,Rabi,2427.0,2418.0,2461.0,2448.0,2425.3333333333335,2434.285714285714,2434.9285714285716,23.704530408862734,-0.16454134101192924,0.5310457516339869,False
Maharashtra,Pune,Pune,Onion,Local,FAQ,2026-02-28,2294.0,2501.0,2388.0,False,2026,2,28,5,59,1,Rabi,2415.0,2431.0,2470.0,2436.0,2424.3333333333335,2427.714285714286,2432.5714285714284,21.320680771761918,-0.4944375772558714,1.3957307060755337,False
Maharashtra,Pune,Pune,Onion,Local,FAQ,2026-03-01,2295.0,2484.0,2394.0,False,2026,3,1,6,60,1,Rabi,2388.0,2427.0,2431.0,2436.0,2410.0,2416.0,2429.1428571428573,16.103829772240836,-1.1180124223602486,-0.20525451559934318,False
Maharashtra,Pune,Pune,Onion,Local,FAQ,2026-03-02,2310.0,2492.0,2422.0,False,2026,3,2,0,61,1,Rabi,2394.0,2415.0,2402.0,2434.0,2399.0,2410.714285714286,2426.1428571428573,16.428778466603944,0.25125628140703515,-1.314708299096138,False
Maharashtra,Pune,Pune,Onion,Local,FAQ,2026-03-03,2381.0,2525.0,2471.0,False,2026,3,3,1,62,1,Rabi,2422.0,2388.0,2418.0,2425.0,2401.3333333333335,2413.5714285714284,2425.285714285714,16.39976771031716,1.1695906432748537,-0.28865979381443296,False
Maharashtra,Pune,Pune,Onion,Local,FAQ,2026-03-04,2464.0,2683.0,2537.0,False,2026,3,4,2,63,1,Rabi,2471.0,2394.0,2431.0,2439.0,2429.0,2421.1428571428573,2428.5714285714284,27.358292901351682,2.023121387283237,-0.3280032800328003,False
Maharashtra,Pune,Pune,Onion,Local,FAQ,2026-03-05,2358.0,2621.0,2499.0,False,2026,3,5,3,64,1,Rabi,2537.0,2422.0,2427.0,2431.0,2476.6666666666665,2436.285714285714,2435.5714285714284,51.97984957562572,2.670983407527317,-0.16454134101192924,False
Maharashtra,Pune,Pune,Onion,Local,FAQ,2026-03-06,2463.0,2655.0,2526.0,False,2026,3,6,4,65,1,Rabi,2499.0,2471.0,2415.0,2461.0,2502.3333333333335,2446.5714285714284,2440.4285714285716,56.741687035361686,-1.4978320851399292,-1.8691588785046727,False
Maharashtra,Pune,Pune,Onion,Local,FAQ,2026-03-07,2467.0,2658.0,2529.0,False,2026,3,7,5,66,1,Rabi,2526.0,2537.0,2388.0,2470.0,2520.6666666666665,2462.4285714285716,2445.0714285714284,61.738311020134674,1.0804321728691477,-3.3198380566801617,False
Maharashtra,Pune,Pune,Onion,Local,FAQ,2026-03-08,2400.0,2609.0,2544.0,False,2026,3,8,6,67,1,Rabi,2529.0,2499.0,2394.0,2431.0,2518.0,2482.5714285714284,2449.285714285714,56.15709258516522,0.11876484560570072,-1.5220074043603455,False
Maharashtra,Pune,Pune,Onion,Local,FAQ,2026-03-09,2439.0,2683.0,2535.0,False,2026,3,9,0,68,1,Rabi,2544.0,2526.0,2422.0,2402.0,2533.0,2504.0,2457.3571428571427,44.03786249732201,0.5931198102016607,0.832639467110741,False
Maharashtra,Pune,Pune,Onion,Local,FAQ,2026-03-11,2483.0,2632.0,2562.0,False,2026,3,11,2,70,1,Rabi,2535.0,2529.0,2471.0,2418.0,2536.0,2520.1428571428573,2466.8571428571427,25.977096138890847,-0.3537735849056604,2.1918941273779984,False
Maharashtra,Pune,Pune,Onion,Local,FAQ,2026-03-12,2446.0,2646.0,2547.0,False,2026,3,12,3,71,1,Rabi,2562.0,2544.0,2537.0,2431.0,2547.0,2533.1428571428573,2477.1428571428573,19.16097223896694,1.0650887573964496,4.3603455368161255,False
Maharashtra,Pune,Pune,Onion,Local,FAQ,2026-03-13,2473.0,2718.0,2581.0,False,2026,3,13,4,72,1,Rabi,2547.0,2535.0,2499.0,2427.0,2548.0,2534.5714285714284,2485.4285714285716,19.856628975868823,-0.5854800936768151,2.966625463535229,False
Maharashtra,Pune,Pune,Onion,Local,FAQ,2026-03-14,2447.0,2706.0,2580.0,False,2026,3,14,5,73,1,Rabi,2581.0,2562.0,2526.0,2415.0,2563.3333333333335,2546.285714285714,2496.4285714285716,19.55943323746838,1.3349038084020417,4.596273291925466,False
Maharashtra,Pune,Pune,Onion,Local,FAQ,2026-03-15,2480.0,2733.0,2587.0,False,2026,3,15,6,74,1,Rabi,2580.0,2547.0,2529.0,2388.0,2569.3333333333335,2554.0,2508.214285714286,20.83266665598818,-0.03874467260751647,5.9045226130653266,False
Maharashtra,Pune,Pune,Onion,Local,FAQ,2026-03-16,2447.0,2676.0,2582.0,False,2026,3,16,0,75,1,Rabi,2587.0,2581.0,2544.0,2394.0,2582.6666666666665,2562.285714285714,2522.4285714285716,20.766273022321126,0.2713178294573643,6.265664160401002,False
Maharashtra,Pune,Pune,Onion,Local,FAQ,2026-03-17,2443.0,2717.0,2578.0,False,2026,3,17,1,76,1,Rabi,2582.0,2580.0,2535.0,2422.0,2583.0,2567.714285714286,2535.8571428571427,20.14707824733469,-0.1932740626207963,4.665565648224608,False
Maharashtra,Pune,Pune,Onion,Local,FAQ,2026-03-18,2480.0,2736.0,2593.0,False,2026,3,18,2,77,1,Rabi,2578.0,2587.0,2562.0,2471.0,2582.3333333333335,2573.8571428571427,2547.0,14.182484166826892,-0.1549186676994578,3.6827195467422094,False
Maharashtra,Pune,Pune,Onion,Local,FAQ,2026-03-19,2468.0,2618.0,2520.0,False,2026,3,19,3,78,1,Rabi,2593.0,2582.0,2547.0,2537.0,2584.3333333333335,2578.285714285714,2555.714285714286,14.693698033653162,0.5818463925523661,0.3941663381947182,False
Maharashtra,Pune,Pune,Onion,Local,FAQ,2026-03-20,2429.0,2611.0,2548.0,False,2026,3,20,4,79,1,Rabi,2520.0,2578.0,2581.0,2499.0,2563.6666666666665,2574.4285714285716,2554.5,24.527923834244117,-2.81527188584651,3.281312525010004,False
Maharashtra,Pune,Pune,Onion,Local,FAQ,2026-03-21,2491.0,2657.0,2571.0,False,2026,3,21,5,80,1,Rabi,2548.0,2593.0,2580.0,2526.0,2553.6666666666665,2569.714285714286,2558.0,26.170685163063844,1.1111111111111112,2.137767220902613,False
Maharashtra,Pune,Pune,Onion,Local,FAQ,2026-03-22,2485.0,2702.0,2556.0,False,2026,3,22,6,81,1,Rabi,2571.0,2520.0,2587.0,2529.0,2546.3333333333335,2568.4285714285716,2561.214285714286,25.79959394289957,0.902668759811617,2.293396599446422,False
Maharashtra,Pune,Pune,Onion,Local,FAQ,2026-03-23,2526.0,2727.0,2577.0,False,2026,3,23,0,82,1,Rabi,2556.0,2548.0,2582.0,2544.0,2558.3333333333335,2564.0,2563.1428571428573,24.718414188605767,-0.5834305717619603,1.4937106918238994,False
Maharashtra,Pune,Pune,Onion,Local,FAQ,2026-03-24,2522.0,2652.0,2601.0,False,2026,3,24,1,83,1,Rabi,2577.0,2571.0,2578.0,2535.0,2568.0,2563.285714285714,2565.5,24.177911997749035,0.8215962441314555,1.6962524654832347,False
Maharashtra,Pune,Pune,Onion,Local,FAQ,2026-03-25,2490.0,2747.0,2614.0,False,2026,3,25,2,84,1,Rabi,2601.0,2556.0,2593.0,2562.0,2578.0,2566.5714285714284,2570.214285714286,27.802021166667657,0.9313154831199069,1.209992193598751,False
Maharashtra,Pune,Pune,Onion,Local,FAQ,2026-03-26,2473.0,2725.0,2598.0,False,2026,3,26,3,85,1,Rabi,2614.0,2577.0,2520.0,2547.0,2597.3333333333335,2569.5714285714284,2573.9285714285716,31.952345468710494,0.4998077662437524,-1.0600706713780919,False
Maharashtra,Pune,Pune,Onion,Local,FAQ,2026-03-27,2493.0,2736.0,2609.0,False,2026,3,27,4,86,1,Rabi,2598.0,2601.0,2548.0,2581.0,2604.3333333333335,2580.714285714286,2577.5714285714284,24.52015691706507,-0.612088752869166,-1.2785741960480435,False
Maharashtra,Pune,Pune,Onion,Local,FAQ,2026-03-28,2559.0,2717.0,2618.0,False,2026,3,28,5,87,1,Rabi,2609.0,2614.0,2571.0,2580.0,2607.0,2589.4285714285716,2579.5714285714284,21.62450109524861,0.4234026173979984,-0.3488372093023256,False
Maharashtra,Pune,Pune,Onion,Local,FAQ,2026-03-29,2586.0,2735.0,2644.0,False,2026,3,29,6,88,1,Rabi,2618.0,2598.0,2556.0,2587.0,2608.3333333333335,2596.1428571428573,2582.285714285714,22.236820601774895,0.34495975469528556,-1.1982991882489369,False
Maharashtra,Pune,Pune,Onion,Local,FAQ,2026-03-30,2542.0,2688.0,2627.0,False,2026,3,30,0,89,1,Rabi,2644.0,2609.0,2577.0,2582.0,2623.6666666666665,2608.714285714286,2586.3571428571427,20.572751280209605,0.9931245225362872,-0.19364833462432224,False
Maharashtra,Pune,Pune,Onion,Local,FAQ,2026-03-31,2493.0,2769.0,2624.0,False,2026,3,31,1,90,1,Rabi,2627.0,2618.0,2601.0,2578.0,2629.6666666666665,2615.8571428571427,2589.5714285714284,15.868507296175096,-0.6429652042360061,0.8921644685802949,False
Maharashtra,Pune,Pune,Onion,Local,FAQ,2026-04-01,2518.0,2676.0,2576.0,False,2026,4,1,2,91,2,Zaid,2624.0,2644.0,2614.0,2593.0,2631.6666666666665,2619.1428571428573,2592.8571428571427,14.61082442832755,-0.11419870574800152,0.8098727342846125,False
Maharashtra,Pune,Pune,Onion,Local,FAQ,2026-04-02,2453.0,2703.0,2582.0,False,2026,4,2,3,92,2,Zaid,2576.0,2627.0,2598.0,2520.0,2609.0,2613.714285714286,2591.6428571428573,22.02055316980045,-1.8292682926829267,3.0952380952380953,False
Maharashtra,Pune,Pune,Onion,Local,FAQ,2026-04-03,2469.0,2620.0,2542.0,False,2026,4,3,4,93,2,Zaid,2582.0,2624.0,2609.0,2548.0,2594.0,2611.4285714285716,2596.0714285714284,24.602555035706594,0.2329192546583851,2.39403453689168,False
Maharashtra,Pune,Pune,Onion,Local,FAQ,2026-04-04,2393.0,2666.0,2523.0,False,2026,4,4,5,94,2,Zaid,2542.0,2576.0,2618.0,2571.0,2566.6666666666665,2601.8571428571427,2595.6428571428573,36.066737082924874,-1.549186676994578,1.8280824581874757,False
Maharashtra,Pune,Pune,Onion,Local,FAQ,2026-04-05,2461.0,2641.0,2543.0,False,2026,4,5,6,95,2,Zaid,2523.0,2582.0,2644.0,2556.0,2549.0,2588.285714285714,2592.214285714286,45.595008080974566,-0.7474429583005507,3.4428794992175273,False
Maharashtra,Pune,Pune,Onion,Local,FAQ,2026-04-06,2465.0,2652.0,2538.0,False,2026,4,6,0,96,2,Zaid,2543.0,2542.0,2627.0,2577.0,2536.0,2573.8571428571427,2591.285714285714,40.74894097367001,0.7927070947284978,1.9402405898331394,False
Maharashtra,Pune,Pune,Onion,Local,FAQ,2026-04-07,2454.0,2655.0,2540.0,False,2026,4,7,1,97,2,Zaid,2538.0,2523.0,2624.0,2601.0,2534.6666666666665,2561.1428571428573,2588.5,34.86368010517126,-0.19661816751867872,0.8842752787389465,False
Maharashtra,Pune,Pune,Onion,Local,FAQ,2026-04-08,2485.0,2686.0,2547.0,False,2026,4,8,2,98,2,Zaid,2540.0,2543.0,2576.0,2614.0,2540.3333333333335,2549.1428571428573,2584.1428571428573,21.52849717179036,0.07880220646178093,-1.4537107880642692,False
Maharashtra,Pune,Pune,Onion,Local,FAQ,2026-04-09,2362.0,2583.0,2471.0,False,2026,4,9,3,99,2,Zaid,2547.0,2538.0,2582.0,2598.0,2541.6666666666665,2545.0,2579.3571428571427,17.999999999989427,0.2755905511811024,-0.6158583525789069,False
Maharashtra,Pune,Pune,Onion,Local,FAQ,2026-04-10,2419.0,2594.0,2476.0,False,2026,4,10,4,100,2,Zaid,2471.0,2540.0,2542.0,2609.0,2519.3333333333335,2529.1428571428573,2570.285714285714,26.742155057933946,-2.98390263054574,-2.5680337293982367,False
Maharashtra,Pune,Pune,Onion,Local,FAQ,2026-04-11,2364.0,2626.0,2496.0,False,2026,4,11,5,101,2,Zaid,2476.0,2547.0,2523.0,2618.0,2498.0,2519.714285714286,2560.785714285714,32.47416555619594,0.20234722784297854,-3.6287242169595113,False
Maharashtra,Pune,Pune,Onion,Local,FAQ,2026-04-12,2367.0,2574.0,2472.0,False,2026,4,12,6,102,2,Zaid,2496.0,2471.0,2543.0,2644.0,2481.0,2515.8571428571427,2552.0714285714284,33.60272097825832,0.8077544426494345,-3.8199697428139183,False
Maharashtra,Pune,Pune,Onion,Local,FAQ,2026-04-13,2405.0,2582.0,2482.0,False,2026,4,13,0,103,2,Zaid,2472.0,2476.0,2538.0,2627.0,2481.3333333333335,2505.714285714286,2539.785714285714,34.740534853462925,-0.9615384615384616,-3.3878949371907123,False
Maharashtra,Pune,Pune,Onion,Local,FAQ,2026-04-14,2391.0,2532.0,2469.0,False,2026,4,14,1,104,2,Zaid,2482.0,2496.0,2540.0,2624.0,2483.3333333333335,2497.714285714286,2529.4285714285716,32.43821966813336,0.40453074433656955,-3.201219512195122,False
Maharashtra,Pune,Pune,Onion,Local,FAQ,2026-04-15,2331.0,2538.0,2456.0,False,2026,4,15,2,105,2,Zaid,2469.0,2472.0,2547.0,2576.0,2474.3333333333335,2487.5714285714284,2518.3571428571427,27.77803174487198,-0.523771152296535,-1.125776397515528,False
Maharashtra,Pune,Pune,Onion,Local,FAQ,2026-04-16,2410.0,2561.0,2460.0,False,2026,4,16,3,106,2,Zaid,2456.0,2482.0,2471.0,2582.0,2469.0,2474.5714285714284,2509.785714285714,12.326896647273884,-0.5265289590927501,-4.298993028659954,False
Maharashtra,Pune,Pune,Onion,Local,FAQ,2026-04-17,2317.0,2501.0,2451.0,False,2026,4,17,4,107,2,Zaid,2460.0,2469.0,2476.0,2542.0,2461.6666666666665,2473.0,2501.0714285714284,13.503086067027038,0.16286644951140067,-2.5963808025177024,False
Maharashtra,Pune,Pune,Onion,Local,FAQ,2026-04-18,2380.0,2579.0,2455.0,False,2026,4,18,5,108,2,Zaid,2451.0,2456.0,2496.0,2523.0,2455.6666666666665,2469.4285714285716,2494.5714285714284,15.704109259021543,-0.3658536585365854,-1.070154577883472,False
Maharashtra,Pune,Pune,Onion,Local,FAQ,2026-04-19,2353.0,2516.0,2439.0,False,2026,4,19,6,109,2,Zaid,2455.0,2460.0,2472.0,2543.0,2455.3333333333335,2463.5714285714284,2489.714285714286,11.118410300908078,0.1631986944104447,-2.791977978765238,False
Maharashtra,Pune,Pune,Onion,Local,FAQ,2026-04-20,2297.0,2512.0,2431.0,False,2026,4,20,0,110,2,Zaid,2439.0,2451.0,2482.0,2538.0,2448.3333333333335,2458.8571428571427,2482.285714285714,13.655628527333624,-0.6517311608961304,-2.206461780929866,False
Maharashtra,Pune,Pune,Onion,Local,FAQ,2026-04-21,2345.0,2579.0,2438.0,False,2026,4,21,1,111,2,Zaid,2431.0,2455.0,2469.0,2540.0,2441.6666666666665,2451.5714285714284,2474.6428571428573,12.83039545842055,-0.3280032800328003,-2.795275590551181,False
Maharashtra,Pune,Pune,Onion,Local,FAQ,2026-04-22,2355.0,2589.0,2443.0,False,2026,4,22,2,112,2,Zaid,2438.0,2439.0,2456.0,2547.0,2436.0,2447.1428571428573,2467.3571428571427,11.036735197058132,0.2879473467708762,-3.5728307813113465,False
Maharashtra,Pune,Pune,Onion,Local,FAQ,2026-04-23,2350.0,2538.0,2449.0,False,2026,4,23,3,113,2,Zaid,2443.0,2431.0,2460.0,2471.0,2437.3333333333335,2445.285714285714,2459.9285714285716,10.37166469627261,0.20508613617719443,-0.44516390125455285,False
Maharashtra,Pune,Pune,Onion,Local,FAQ,2026-04-24,2322.0,2555.0,2435.0,False,2026,4,24,4,114,2,Zaid,2449.0,2438.0,2451.0,2476.0,2443.3333333333335,2443.714285714286,2458.3571428571427,8.420496535552944,0.24559967253376994,-1.0096930533117932,False
Maharashtra,Pune,Pune,Onion,Local,FAQ,2026-04-25,2312.0,2585.0,2459.0,False,2026,4,25,5,115,2,Zaid,2435.0,2443.0,2455.0,2496.0,2442.3333333333335,2441.4285714285716,2455.4285714285716,8.283661486297573,-0.5716619028174765,-1.6426282051282053,False
Maharashtra,Pune,Pune,Onion,Local,FAQ,2026-04-26,2345.0,2610.0,2490.0,False,2026,4,26,6,116,2,Zaid,2459.0,2449.0,2439.0,2472.0,2447.6666666666665,2442.0,2452.785714285714,9.433981132083971,0.9856262833675565,-1.3349514563106795,False
Maharashtra,Pune,Pune,Onion,Local,FAQ,2026-04-27,2346.0,2588.0,2474.0,False,2026,4,27,0,117,2,Zaid,2490.0,2435.0,2431.0,2482.0,2461.3333333333335,2449.285714285714,2454.0714285714284,20.23787114722957,1.260675071167141,-2.054794520547945,False
Maharashtra,Pune,Pune,Onion,Local,FAQ,2026-04-28,2411.0,2552.0,2466.0,False,2026,4,28,1,118,2,Zaid,2474.0,2459.0,2438.0,2469.0,2474.3333333333335,2455.4285714285716,2453.5,20.288396871596905,-0.642570281124498,-1.2555690562980963,False
Maharashtra,Pune,Pune,Onion,Local,FAQ,2026-04-29,2373.0,2562.0,2466.0,False,2026,4,29,2,119,2,Zaid,2466.0,2490.0,2443.0,2456.0,2476.6666666666665,2459.4285714285716,2453.285714285714,18.99874682584923,-0.32336297493936944,-0.5293159609120521,False
Maharashtra,Pune,Pune,Onion,Local,FAQ,2026-04-30,2410.0,2568.0,2481.0,False,2026,4,30,3,120,2,Zaid,2466.0,2474.0,2449.0,2460.0,2468.6666666666665,2462.714285714286,2454.0,17.623036871428596,0.0,-0.4471544715447155,False
Maharashtra,Pune,Pune,Onion,Local,FAQ,2026-05-01,2342.0,2561.0,2469.0,False,2026,5,1,4,121,2,Zaid,2481.0,2466.0,2435.0,2451.0,2471.0,2467.285714285714,2455.5,17.623036871427292,0.6082725060827251,-0.6527947776417788,False
Maharashtra,Pune,Pune,Onion,Local,FAQ,2026-05-02,2333.0,2600.0,2465.0,False,2026,5,2,5,122,2,Zaid,2469.0,2466.0,2459.0,2455.0,2472.0,2472.1428571428573,2456.785714285714,10.479003951222182,-0.48367593712212814,0.1629327902240326,False
Maharashtra,Pune,Pune,Onion,Local,FAQ,2026-05-03,2384.0,2619.0,2481.0,False,2026,5,3,6,123,2,Zaid,2465.0,2481.0,2490.0,2439.0,2471.6666666666665,2473.0,2457.5,9.416297927894158,-0.16200891049007696,2.091020910209102,False
Maharashtra,Pune,Pune,Onion,Local,FAQ,2026-05-04,2380.0,2570.0,2452.0,False,2026,5,4,0,124,2,Zaid,2481.0,2469.0,2474.0,2431.0,2471.6666666666665,2471.714285714286,2460.5,7.016986193395793,0.6490872210953347,1.7688194158782395,False
Maharashtra,Pune,Pune,Onion,Local,FAQ,2026-05-05,2349.0,2528.0,2413.0,False,2026,5,5,1,125,2,Zaid,2452.0,2465.0,2466.0,2438.0,2466.0,2468.5714285714284,2462.0,10.080627342546595,-1.1688835147118097,1.1484823625922889,False
Maharashtra,Pune,Pune,Onion,Local,FAQ,2026-05-06,2310.0,2516.0,2434.0,False,2026,5,6,2,126,2,Zaid,2413.0,2481.0,2466.0,2443.0,2448.6666666666665,2461.0,2460.214285714286,23.416518386252047,-1.5905383360522025,0.9414654113794515,False
Maharashtra,Pune,Pune,Onion,Local,FAQ,2026-05-07,2283.0,2474.0,2404.0,False,2026,5,7,3,127,2,Zaid,2434.0,2452.0,2481.0,2449.0,2433.0,2456.4285714285716,2459.5714285714284,25.32361969162618,0.870285951098218,1.3066557778685177,False
Maharashtra,Pune,Pune,Onion,Local,FAQ,2026-05-08,2306.0,2524.0,2445.0,False,2026,5,8,4,128,2,Zaid,2404.0,2413.0,2469.0,2435.0,2417.0,2445.4285714285716,2456.3571428571427,29.285133559872712,-1.2325390304026294,1.3963039014373715,False
Maharashtra,Pune,Pune,Onion,Local,FAQ,2026-05-09,2370.0,2533.0,2431.0,False,2026,5,9,5,129,2,Zaid,2445.0,2434.0,2465.0,2459.0,2427.6666666666665,2442.0,2457.0714285714284,27.410460290442217,1.7054908485856903,0.24400162667751116,False
Maharashtra,Pune,Pune,Onion,Local,FAQ,2026-05-10,2350.0,2561.0,2427.0,False,2026,5,10,6,130,2,Zaid,2431.0,2404.0,2481.0,2490.0,2426.6666666666665,2437.1428571428573,2455.0714285714284,25.608778256882072,-0.5725971370143149,-0.3614457831325301,False
Maharashtra,Pune,Pune,Onion,Local,FAQ,2026-05-11,2323.0,2512.0,2422.0,False,2026,5,11,0,131,2,Zaid,2427.0,2445.0,2452.0,2474.0,2434.3333333333335,2429.4285714285716,2450.5714285714284,16.821188452457786,-0.16454134101192924,-0.8892481810832661,False
Maharashtra,Pune,Pune,Onion,Local,FAQ,2026-05-12,2294.0,2507.0,2397.0,False,2026,5,12,1,132,2,Zaid,2422.0,2431.0,2413.0,2466.0,2426.6666666666665,2425.1428571428573,2446.8571428571427,13.631196712331906,-0.20601565718994644,-2.149229521492295,False
Maharashtra,Pune,Pune,Onion,Local,FAQ,2026-05-13,2250.0,2498.0,2396.0,False,2026,5,13,2,133,2,Zaid,2397.0,2427.0,2434.0,2466.0,2415.3333333333335,2422.8571428571427,2441.9285714285716,16.94529011683328,-1.032204789430223,-1.2976480129764802,False
Maharashtra,Pune,Pune,Onion,Local,FAQ,2026-05-14,2272.0,2471.0,2390.0,False,2026,5,14,3,134,2,Zaid,2396.0,2422.0,2404.0,2481.0,2405.0,2417.4285714285716,2436.9285714285716,18.769275806129663,-0.041718815185648725,-3.1035872632003225,False
Maharashtra,Pune,Pune,Onion,Local,FAQ,2026-05-15,2306.0,2556.0,2408.0,False,2026,5,15,4,135,2,Zaid,2390.0,2397.0,2445.0,2469.0,2394.3333333333335,2415.4285714285716,2430.4285714285716,21.04643392485417,-0.25041736227045075,-0.9720534629404617,False
Maharashtra,Pune,Pune,Onion,Local,FAQ,2026-05-16,2363.0,2478.0,2426.0,False,2026,5,16,5,136,2,Zaid,2408.0,2396.0,2431.0,2465.0,2398.0,2410.1428571428573,2426.0714285714284,16.547190813260514,0.7531380753138075,-1.3793103448275863,False
Maharashtra,Pune,Pune,Onion,Local,FAQ,2026-05-17,2380.0,2519.0,2442.0,False,2026,5,17,6,137,2,Zaid,2426.0,2390.0,2427.0,2481.0,2408.0,2409.4285714285716,2423.285714285714,15.576233422107661,0.7475083056478405,-2.176541717049577,False
Maharashtra,Pune,Pune,Onion,Local,FAQ,2026-05-18,2405.0,2536.0,2457.0,False,2026,5,18,0,138,2,Zaid,2442.0,2408.0,2422.0,2452.0,2425.3333333333335,2411.5714285714284,2420.5,19.042558851686916,0.6595218466611706,-1.2234910277324633,False
Maharashtra,Pune,Pune,Onion,Local,FAQ,2026-05-19,2375.0,2547.0,2460.0,False,2026,5,19,1,139,2,Zaid,2457.0,2426.0,2397.0,2413.0,2441.6666666666665,2416.5714285714284,2420.8571428571427,25.676559627149622,0.6142506142506142,-0.6630750103605471,False
Maharashtra,Pune,Pune,Onion,Local,FAQ,2026-05-20,2449.0,2579.0,2499.0,False,2026,5,20,2,140,2,Zaid,2460.0,2442.0,2396.0,2434.0,2453.0,2425.5714285714284,2424.214285714286,28.553208476219766,0.1221001221001221,-1.561216105176664,False
Maharashtra,Pune,Pune,Onion,Local,FAQ,2026-05-21,2368.0,2555.0,2503.0,False,2026,5,21,3,141,2,Zaid,2499.0,2457.0,2390.0,2404.0,2472.0,2440.285714285714,2428.8571428571427,36.27080683651831,1.5853658536585367,-0.5823627287853578,False
Maharashtra,Pune,Pune,Onion,Local,FAQ,2026-05-22,2364.0,2632.0,2504.0,False,2026,5,22,4,142,2,Zaid,2503.0,2460.0,2408.0,2445.0,2487.3333333333335,2456.4285714285716,2435.9285714285716,35.29332865598639,0.1600640256102441,-1.5132924335378324,False
Maharashtra,Pune,Pune,Onion,Local,FAQ,2026-05-23,2408.0,2578.0,2498.0,False,2026,5,23,5,143,2,Zaid,2504.0,2499.0,2426.0,2431.0,2502.0,2470.1428571428573,2440.1428571428573,31.819431020627366,0.03995205753096284,-0.20567667626491154,False
Maharashtra,Pune,Pune,Onion,Local,FAQ,2026-05-24,2479.0,2609.0,2536.0,False,2026,5,24,6,144,2,Zaid,2498.0,2503.0,2442.0,2427.0,2501.6666666666665,2480.4285714285716,2444.9285714285716,26.336648374825668,-0.23961661341853036,0.6180469715698393,False
Maharashtra,Pune,Pune,Onion,Local,FAQ,2026-05-25,2408.0,2630.0,2533.0,False,2026,5,25,0,145,2,Zaid,2536.0,2504.0,2457.0,2422.0,2512.6666666666665,2493.8571428571427,2452.714285714286,27.4191452056685,1.521216973578863,1.4450867052023122,False
Maharashtra,Pune,Pune,Onion,Local,FAQ,2026-05-26,2436.0,2638.0,2492.0,False,2026,5,26,1,146,2,Zaid,2533.0,2498.0,2460.0,2397.0,2522.3333333333335,2504.714285714286,2460.6428571428573,25.36213901148691,-0.11829652996845426,2.6282853566958697,False
Maharashtra,Pune,Pune,Onion,Local,FAQ,2026-05-27,2346.0,2550.0,2492.0,False,2026,5,27,2,147,2,Zaid,2492.0,2536.0,2499.0,2396.0,2520.3333333333335,2509.285714285714,2467.4285714285716,17.679689719315505,-1.6186340307935254,4.298831385642738,False
Maharashtra,Pune,Pune,Onion,Local,FAQ,2026-05-28,2411.0,2571.0,2498.0,False,2026,5,28,3,148,2,Zaid,2492.0,2533.0,2503.0,2390.0,2505.6666666666665,2508.285714285714,2474.285714285714,18.535679878852054,0.0,4.7280334728033475,False
Maharashtra,Pune,Pune,Onion,Local,FAQ,2026-05-29,2377.0,2617.0,2489.0,False,2026,5,29,4,149,2,Zaid,2498.0,2492.0,2504.0,2408.0,2494.0,2507.5714285714284,2482.0,18.866700319670123,0.2407704654895666,3.9867109634551494,False
Maharashtra,Pune,Pune,Onion,Local,FAQ,2026-05-30,2373.0,2546.0,2481.0,False,2026,5,30,5,150,2,Zaid,2489.0,2492.0,2498.0,2426.0,2493.0,2505.4285714285716,2487.785714285714,20.14825999813046,-0.3602882305844676,2.967848309975268,False
Maharashtra,Pune,Pune,Onion,Local,FAQ,2026-05-31,2404.0,2610.0,2493.0,False,2026,5,31,6,151,2,Zaid,2481.0,2498.0,2536.0,2442.0,2489.3333333333335,2503.0,2491.714285714286,22.120880030714012,-0.32141422257934915,3.8493038493038494,False
Maharashtra,Pune,Pune,Onion,Local,FAQ,2026-06-01,2446.0,2607.0,2522.0,False,2026,6,1,0,152,2,Kharif,2493.0,2489.0,2533.0,2457.0,2487.6666666666665,2496.8571428571427,2495.3571428571427,16.747423398128007,0.48367593712212814,3.093203093203093,False
Maharashtra,Pune,Pune,Onion,Local,FAQ,2026-06-02,2419.0,2655.0,2516.0,False,2026,6,2,1,153,2,Kharif,2522.0,2481.0,2492.0,2460.0,2498.6666666666665,2495.285714285714,2500.0,12.85449708226997,1.1632571199358204,1.3008130081300813,False
Maharashtra,Pune,Pune,Onion,Local,FAQ,2026-06-03,2407.0,2584.0,2528.0,False,2026,6,3,2,154,2,Kharif,2516.0,2493.0,2492.0,2499.0,2510.3333333333335,2498.714285714286,2504.0,14.87407460106508,-0.23790642347343377,-0.2801120448179272,False
Maharashtra,Pune,Pune,Onion,Local,FAQ,2026-06-04,2444.0,2653.0,2507.0,False,2026,6,4,3,155,2,Kharif,2528.0,2522.0,2498.0,2503.0,2522.0,2503.8571428571427,2506.0714285714284,18.05019456430941,0.47694753577106513,-0.1997602876548142,False
Maharashtra,Pune,Pune,Onion,Local,FAQ,2026-06-05,2456.0,2633.0,2559.0,False,2026,6,5,4,156,2,Kharif,2507.0,2516.0,2489.0,2504.0,2517.0,2505.1428571428573,2506.3571428571427,17.883219056126663,-0.8306962025316454,-0.5990415335463258,False
Maharashtra,Pune,Pune,Onion,Local,FAQ,2026-06-06,2552.0,2687.0,2610.0,False,2026,6,6,5,157,2,Kharif,2559.0,2528.0,2481.0,2498.0,2531.3333333333335,2515.1428571428573,2510.285714285714,25.36026137764837,2.0741922616673314,-0.6805444355484388,False
Maharashtra,Pune,Pune,Onion,Local,FAQ,2026-06-07,2479.0,2706.0,2610.0,False,2026,6,7,6,158,2,Kharif,2610.0,2507.0,2493.0,2536.0,2558.6666666666665,2533.5714285714284,2518.285714285714,39.3990572766064,1.992966002344666,-1.695583596214511,False
Maharashtra,Pune,Pune,Onion,Local,FAQ,2026-06-08,2500.0,2621.0,2554.0,False,2026,6,8,0,159,2,Kharif,2610.0,2559.0,2522.0,2533.0,2593.0,2550.285714285714,2523.5714285714284,43.881333486698566,0.0,-0.43426766679826295,False
Maharashtra,Pune,Pune,Onion,Local,FAQ,2026-06-09,2498.0,2664.0,2593.0,False,2026,6,9,1,160,2,Kharif,2554.0,2610.0,2516.0,2492.0,2591.3333333333335,2554.8571428571427,2525.0714285714284,42.07306569697807,-2.1455938697318007,0.9630818619582664,False
Maharashtra,Pune,Pune,Onion,Local,FAQ,2026-06-10,2436.0,2652.0,2582.0,False,2026,6,10,2,161,2,Kharif,2593.0,2610.0,2528.0,2492.0,2585.6666666666665,2565.8571428571427,2532.285714285714,40.246857315929354,1.5270164447924823,1.4446227929373996,False
Maharashtra,Pune,Pune,Onion,Local,FAQ,2026-06-12,2463.0,2666.0,2557.0,False,2026,6,12,4,163,2,Kharif,2582.0,2554.0,2507.0,2498.0,2576.3333333333335,2573.5714285714284,2538.714285714286,36.80967781645943,-0.4242190512919399,0.3602882305844676,False
Maharashtra,Pune,Pune,Onion,Local,FAQ,2026-06-13,2511.0,2680.0,2568.0,False,2026,6,13,5,164,2,Kharif,2557.0,2593.0,2559.0,2489.0,2577.3333333333335,2580.714285714286,2542.9285714285716,24.547330375633763,-0.9682416731216111,2.812374447569305,False
Maharashtra,Pune,Pune,Onion,Local,FAQ,2026-06-14,2453.0,2645.0,2579.0,False,2026,6,14,6,165,2,Kharif,2568.0,2582.0,2610.0,2481.0,2569.0,2582.0,2548.5714285714284,23.430749027700074,0.4301916308173641,5.199516324062878,False
Maharashtra,Pune,Pune,Onion,Local,FAQ,2026-06-15,2482.0,2702.0,2580.0,False,2026,6,15,0,166,2,Kharif,2579.0,2557.0,2610.0,2493.0,2568.0,2577.5714285714284,2555.5714285714284,19.923663843568065,0.4283489096573208,4.693140794223827,False
Maharashtra,Pune,Pune,Onion,Local,FAQ,2026-06-16,2481.0,2664.0,2598.0,False,2026,6,16,1,167,2,Kharif,2580.0,2568.0,2554.0,2522.0,2575.6666666666665,2573.285714285714,2561.785714285714,14.185841365152399,0.038774718883288095,1.26883425852498,False
Maharashtra,Pune,Pune,Onion,Local,FAQ,2026-06-17,2458.0,2692.0,2565.0,False,2026,6,17,2,168,2,Kharif,2598.0,2579.0,2593.0,2516.0,2585.6666666666665,2579.5714285714284,2567.214285714286,13.9625349042169,0.6976744186046512,3.0604133545310015,False
Maharashtra,Pune,Pune,Onion,Local,FAQ,2026-06-18,2506.0,2643.0,2557.0,False,2026,6,18,3,169,2,Kharif,2565.0,2580.0,2582.0,2528.0,2581.0,2575.5714285714284,2570.714285714286,13.47661113255818,-1.2702078521939952,2.1360759493670884,False
Maharashtra,Pune,Pune,Onion,Local,FAQ,2026-06-19,2414.0,2630.0,2557.0,False,2026,6,19,4,170,2,Kharif,2557.0,2598.0,2557.0,2507.0,2573.3333333333335,2572.0,2572.785714285714,14.742229591636473,-0.31189083820662766,1.9944156362185879,False
Maharashtra,Pune,Pune,Onion,Local,FAQ,2026-06-20,2444.0,2661.0,2526.0,False,2026,6,20,5,171,2,Kharif,2557.0,2565.0,2568.0,2559.0,2559.6666666666665,2572.0,2576.3571428571427,14.742229591636473,0.0,0.3516998827667058,False
Maharashtra,Pune,Pune,Onion,Local,FAQ,2026-06-21,2418.0,2601.0,2541.0,False,2026,6,21,6,172,2,Kharif,2526.0,2557.0,2579.0,2610.0,2546.6666666666665,2566.0,2574.0,22.92015125021206,-1.2123582323034807,-1.1877394636015326,False
Maharashtra,Pune,Pune,Onion,Local,FAQ,2026-06-22,2432.0,2646.0,2530.0,False,2026,6,22,0,173,2,Kharif,2541.0,2557.0,2580.0,2610.0,2541.3333333333335,2560.5714285714284,2569.0714285714284,23.810761872559148,0.5938242280285035,-1.1494252873563218,False
Maharashtra,Pune,Pune,Onion,Local,FAQ,2026-06-23,2467.0,2608.0,2529.0,False,2026,6,23,1,174,2,Kharif,2530.0,2526.0,2598.0,2554.0,2532.3333333333335,2553.4285714285716,2563.3571428571427,24.500728852120886,-0.4329004329004329,1.7227877838684416,False
Maharashtra,Pune,Pune,Onion,Local,FAQ,2026-06-24,2398.0,2601.0,2547.0,False,2026,6,24,2,175,2,Kharif,2529.0,2541.0,2565.0,2593.0,2533.3333333333335,2543.5714285714284,2561.5714285714284,15.977662979462627,-0.039525691699604744,-1.0798303123794832,False
Maharashtra,Pune,Pune,Onion,Local,FAQ,2026-06-25,2417.0,2630.0,2543.0,False,2026,6,25,3,176,2,Kharif,2547.0,2530.0,2557.0,2582.0,2535.3333333333335,2541.0,2558.285714285714,13.152946437951215,0.7117437722419928,-0.9682416731216111,False
Maharashtra,Pune,Pune,Onion,Local,FAQ,2026-06-26,2436.0,2723.0,2578.0,False,2026,6,26,4,177,2,Kharif,2543.0,2529.0,2557.0,2557.0,2539.6666666666665,2539.0,2555.5,11.239810200042374,-0.15704750687082844,0.0,False
Maharashtra,Pune,Pune,Onion,Local,FAQ,2026-06-27,2455.0,2649.0,2563.0,False,2026,6,27,5,178,2,Kharif,2578.0,2547.0,2526.0,2568.0,2556.0,2542.0,2557.0,17.757627469144982,1.376327172630751,-1.6355140186915886,False
Maharashtra,Pune,Pune,Onion,Local,FAQ,2026-06-28,2440.0,2632.0,2546.0,False,2026,6,28,6,179,2,Kharif,2563.0,2543.0,2541.0,2579.0,2561.3333333333335,2547.285714285714,2556.6428571428573,17.70794817506954,-0.5818463925523661,-1.4734393175649476,False
Maharashtra,Pune,Pune,Onion,Local,FAQ,2026-06-29,2450.0,2640.0,2566.0,False,2026,6,29,0,180,2,Kharif,2546.0,2578.0,2530.0,2580.0,2562.3333333333335,2548.0,2554.285714285714,17.511900715404256,-0.6632852126414358,-1.937984496124031,False
Maharashtra,Pune,Pune,Onion,Local,FAQ,2026-06-30,2494.0,2620.0,2566.0,False,2026,6,30,1,181,2,Kharif,2566.0,2563.0,2529.0,2598.0,2558.3333333333335,2553.1428571428573,2553.285714285714,16.607514076735214,0.7855459544383346,-2.655889145496536,False
Maharashtra,Pune,Pune,Onion,Local,FAQ,2026-07-01,2488.0,2610.0,2542.0,False,2026,7,1,2,182,3,Kharif,2566.0,2546.0,2547.0,2565.0,2559.3333333333335,2558.4285714285716,2551.0,13.176458083203046,0.0,-0.7017543859649122,False
Maharashtra,Pune,Pune,Onion,Local,FAQ,2026-07-02,2387.0,2640.0,2532.0,False,2026,7,2,3,183,3,Kharif,2542.0,2566.0,2543.0,2557.0,2558.0,2557.714285714286,2549.3571428571427,14.008500820482695,-0.9353078721745909,-0.5475166210402815,False
Maharashtra,Pune,Pune,Onion,Local,FAQ,2026-07-03,2455.0,2657.0,2549.0,False,2026,7,3,4,184,3,Kharif,2532.0,2566.0,2578.0,2557.0,2546.6666666666665,2556.1428571428573,2547.5714285714284,16.354699339198575,-0.3933910306845004,0.8212749315604223,False
Maharashtra,Pune,Pune,Onion,Local,FAQ,2026-07-04,2512.0,2675.0,2590.0,False,2026,7,4,5,185,3,Kharif,2549.0,2542.0,2563.0,2526.0,2541.0,2552.0,2547.0,13.279056191340745,0.6714060031595577,1.4647664291369755,False
Maharashtra,Pune,Pune,Onion,Local,FAQ,2026-07-05,2453.0,2737.0,2592.0,False,2026,7,5,6,186,3,Kharif,2590.0,2532.0,2546.0,2541.0,2557.0,2555.8571428571427,2551.5714285714284,19.480148625603004,1.6084739113377795,0.19677292404565133,False
Maharashtra,Pune,Pune,Onion,Local,FAQ,2026-07-06,2460.0,2686.0,2588.0,False,2026,7,6,0,187,3,Kharif,2592.0,2549.0,2566.0,2530.0,2577.0,2562.4285714285716,2555.214285714286,23.03516979790552,0.07722007722007722,1.4229249011857708,False
Maharashtra,Pune,Pune,Onion,Local,FAQ,2026-07-07,2511.0,2681.0,2611.0,False,2026,7,7,1,188,3,Kharif,2588.0,2590.0,2566.0,2529.0,2590.0,2565.5714285714284,2559.3571428571427,25.019040368320006,-0.15432098765432098,1.4630288651640966,False
Maharashtra,Pune,Pune,Onion,Local,FAQ,2026-07-08,2496.0,2715.0,2579.0,False,2026,7,8,2,189,3,Kharif,2611.0,2592.0,2542.0,2547.0,2597.0,2572.0,2565.214285714286,30.35896353082261,0.8887171561051005,-0.19630938358853553,False
Maharashtra,Pune,Pune,Onion,Local,FAQ,2026-07-09,2517.0,2645.0,2588.0,False,2026,7,9,3,190,3,Kharif,2579.0,2588.0,2532.0,2543.0,2592.6666666666665,2577.285714285714,2567.5,27.335656114993252,-1.2255840674071237,-0.43255996854109324,False
Maharashtra,Pune,Pune,Onion,Local,FAQ,2026-07-10,2392.0,2657.0,2523.0,False,2026,7,10,4,191,3,Kharif,2588.0,2611.0,2549.0,2578.0,2592.6666666666665,2585.285714285714,2570.714285714286,18.7057414155044,0.34897246994959286,-1.1249030256012413,False
Maharashtra,Pune,Pune,Onion,Local,FAQ,2026-07-11,2445.0,2647.0,2528.0,False,2026,7,11,5,192,3,Kharif,2523.0,2579.0,2590.0,2563.0,2563.3333333333335,2581.5714285714284,2566.785714285714,27.585365340183365,-2.511591962905719,1.0534529847834568,False
Maharashtra,Sangli,Sangli,Onion,Local,FAQ,2025-12-04,2089.0,2322.0,2212.0,False,2025,12,4,3,338,4,Rabi,,,,,,,,,,,False
Maharashtra,Sangli,Sangli,Onion,Local,FAQ,2025-12-05,2143.0,2275.0,2209.0,False,2025,12,5,4,339,4,Rabi,2212.0,,,,,,,,,,False
Maharashtra,Sangli,Sangli,Onion,Local,FAQ,2025-12-06,2196.0,2395.0,2248.0,False,2025,12,6,5,340,4,Rabi,2209.0,,,,,,,,-0.13562386980108498,,False
Maharashtra,Sangli,Sangli,Onion,Local,FAQ,2025-12-07,2135.0,2339.0,2268.0,False,2025,12,7,6,341,4,Rabi,2248.0,2212.0,,,2223.0,,,,1.765504753282028,,False
Maharashtra,Sangli,Sangli,Onion,Local,FAQ,2025-12-08,2176.0,2358.0,2256.0,False,2025,12,8,0,342,4,Rabi,2268.0,2209.0,,,2241.6666666666665,,,,0.8896797153024912,,False
Maharashtra,Sangli,Sangli,Onion,Local,FAQ,2025-12-09,2151.0,2323.0,2244.0,False,2025,12,9,1,343,4,Rabi,2256.0,2248.0,,,2257.3333333333335,,,,-0.5291005291005291,,False
Maharashtra,Sangli,Sangli,Onion,Local,FAQ,2025-12-10,2140.0,2306.0,2219.0,False,2025,12,10,2,344,4,Rabi,2244.0,2268.0,,,2256.0,,,,-0.5319148936170213,,False
Maharashtra,Sangli,Sangli,Onion,Local,FAQ,2025-12-12,2120.0,2284.0,2229.0,False,2025,12,12,4,346,4,Rabi,2219.0,2256.0,2212.0,,2239.6666666666665,2236.5714285714284,,23.179424373476454,-1.1140819964349375,,False
Maharashtra,Sangli,Sangli,Onion,Local,FAQ,2025-12-13,2082.0,2260.0,2193.0,False,2025,12,13,5,347,4,Rabi,2229.0,2244.0,2209.0,,2230.6666666666665,2239.0,,20.96027989635001,0.45065344749887337,,False
Maharashtra,Sangli,Sangli,Onion,Local,FAQ,2025-12-14,2060.0,2272.0,2178.0,False,2025,12,14,6,348,4,Rabi,2193.0,2219.0,2248.0,,2213.6666666666665,2236.714285714286,,25.21715213708248,-1.6150740242261103,,False
Maharashtra,Sangli,Sangli,Onion,Local,FAQ,2025-12-15,2109.0,2271.0,2171.0,False,2025,12,15,0,349,4,Rabi,2178.0,2229.0,2268.0,,2200.0,2226.714285714286,,32.75013631378398,-0.6839945280437756,,False
Maharashtra,Sangli,Sangli,Onion,Local,FAQ,2025-12-16,2110.0,2293.0,2191.0,False,2025,12,16,1,350,4,Rabi,2171.0,2193.0,2256.0,,2180.6666666666665,2212.8571428571427,,32.890872956027366,-0.3213957759412305,,False
Maharashtra,Sangli,Sangli,Onion,Local,FAQ,2025-12-17,2056.0,2229.0,2161.0,False,2025,12,17,2,351,4,Rabi,2191.0,2178.0,2244.0,,2180.0,2203.5714285714284,,27.39742775552227,0.9212344541685858,,False
Maharashtra,Sangli,Sangli,Onion,Local,FAQ,2025-12-18,2120.0,2249.0,2179.0,False,2025,12,18,3,352,4,Rabi,2161.0,2171.0,2219.0,,2174.3333333333335,2191.714285714286,,24.824143393843876,-1.3692377909630304,,False
Maharashtra,Sangli,Sangli,Onion,Local,FAQ,2025-12-19,2128.0,2266.0,2183.0,False,2025,12,19,4,353,4,Rabi,2179.0,2191.0,2229.0,2212.0,2177.0,2186.0,2211.285714285714,21.931712199462105,0.8329477093937991,0.7685352622061482,False
Maharashtra,Sangli,Sangli,Onion,Local,FAQ,2025-12-20,2014.0,2233.0,2147.0,False,2025,12,20,5,354,4,Rabi,2183.0,2161.0,2193.0,2209.0,2174.3333333333335,2179.4285714285716,2209.214285714286,11.133390361988717,0.18357044515832951,-0.724309642372114,False
Maharashtra,Sangli,Sangli,Onion,Local,FAQ,2025-12-21,2051.0,2233.0,2129.0,False,2025,12,21,6,355,4,Rabi,2147.0,2179.0,2178.0,2248.0,2169.6666666666665,2172.8571428571427,2204.785714285714,14.769660021236424,-1.6491067338524967,-3.113879003558719,False
Maharashtra,Sangli,Sangli,Onion,Local,FAQ,2025-12-22,2080.0,2286.0,2137.0,False,2025,12,22,0,356,4,Rabi,2129.0,2183.0,2171.0,2268.0,2153.0,2165.8571428571427,2196.285714285714,21.84359991262708,-0.8383791336748951,-4.27689594356261,False
Maharashtra,Sangli,Sangli,Onion,Local,FAQ,2025-12-23,2000.0,2197.0,2127.0,False,2025,12,23,1,357,4,Rabi,2137.0,2147.0,2191.0,2256.0,2137.6666666666665,2161.0,2186.9285714285716,24.166091947190676,0.37576326914044156,-2.881205673758865,False
Maharashtra,Sangli,Sangli,Onion,Local,FAQ,2025-12-24,2026.0,2210.0,2153.0,False,2025,12,24,2,358,4,Rabi,2127.0,2129.0,2161.0,2244.0,2131.0,2151.8571428571427,2177.714285714286,23.00310538042523,-0.4679457182966776,-3.698752228163993,False
Maharashtra,Sangli,Sangli,Onion,Local,FAQ,2025-12-25,2090.0,2238.0,2176.0,False,2025,12,25,3,359,4,Rabi,2153.0,2137.0,2179.0,2219.0,2139.0,2150.714285714286,2171.214285714286,22.669467614058664,1.222378937470616,-1.8026137899954935,False
Maharashtra,Sangli,Sangli,Onion,Local,FAQ,2025-12-26,2101.0,2240.0,2184.0,False,2025,12,26,4,360,4,Rabi,2176.0,2127.0,2183.0,2229.0,2152.0,2150.285714285714,2168.1428571428573,22.06591856018815,1.0682768230376218,-2.063705697622252,False
Maharashtra,Sangli,Sangli,Onion,Local,FAQ,2025-12-27,2128.0,2292.0,2209.0,False,2025,12,27,5,361,4,Rabi,2184.0,2153.0,2147.0,2193.0,2171.0,2150.4285714285716,2164.9285714285716,22.31484664864344,0.3676470588235294,-2.097583219334245,False
Maharashtra,Sangli,Sangli,Onion,Local,FAQ,2025-12-28,2090.0,2326.0,2229.0,False,2025,12,28,6,362,4,Rabi,2209.0,2176.0,2129.0,2178.0,2189.6666666666665,2159.285714285714,2166.0714285714284,31.244809092682434,1.1446886446886446,-2.2497704315886136,False
Maharashtra,Sangli,Sangli,Onion,Local,FAQ,2025-12-29,2201.0,2384.0,2263.0,False,2025,12,29,0,363,4,Rabi,2229.0,2184.0,2137.0,2171.0,2207.3333333333335,2173.5714285714284,2169.714285714286,37.353523452088986,0.9053870529651425,-1.5660985720865959,False
Maharashtra,Sangli,Sangli,Onion,Local,FAQ,2025-12-30,2145.0,2371.0,2272.0,False,2025,12,30,1,364,4,Rabi,2263.0,2209.0,2127.0,2191.0,2233.6666666666665,2191.5714285714284,2176.285714285714,46.122507675599465,1.525347689546882,-2.921040620721132,False
Maharashtra,Sangli,Sangli,Onion,Local,FAQ,2025-12-31,2208.0,2403.0,2310.0,False,2025,12,31,2,365,4,Rabi,2272.0,2229.0,2153.0,2161.0,2254.6666666666665,2212.285714285714,2182.0714285714284,44.83196138810723,0.3977021652673442,-0.37019898195279966,False
Maharashtra,Sangli,Sangli,Onion,Local,FAQ,2026-01-01,2232.0,2414.0,2313.0,False,2026,1,1,3,1,1,Rabi,2310.0,2263.0,2176.0,2179.0,2281.6666666666665,2234.714285714286,2192.714285714286,49.28053803045735,1.6725352112676055,-0.13767783386874713,False
Maharashtra,Sangli,Sangli,Onion,Local,FAQ,2026-01-02,2164.0,2380.0,2305.0,False,2026,1,2,4,2,1,Rabi,2313.0,2272.0,2184.0,2183.0,2298.3333333333335,2254.285714285714,2202.285714285714,49.28053803045696,0.12987012987012986,0.04580852038479157,False
Maharashtra,Sangli,Sangli,Onion,Local,FAQ,2026-01-03,2269.0,2400.0,2342.0,False,2026,1,3,5,3,1,Rabi,2305.0,2310.0,2209.0,2147.0,2309.3333333333335,2271.5714285714284,2211.0,41.05223153843854,-0.34587116299178555,2.887750349324639,False
Maharashtra,Sangli,Sangli,Onion,Local,FAQ,2026-01-04,2250.0,2395.0,2329.0,False,2026,1,4,6,4,1,Rabi,2342.0,2313.0,2229.0,2129.0,2320.0,2290.5714285714284,2224.9285714285716,37.92473749791201,1.6052060737527116,4.697040864255519,False
Maharashtra,Sangli,Sangli,Onion,Local,FAQ,2026-01-05,2222.0,2421.0,2352.0,False,2026,1,5,0,5,1,Rabi,2329.0,2305.0,2263.0,2137.0,2325.3333333333335,2304.8571428571427,2239.214285714286,28.53902924901234,-0.5550811272416738,5.896116050538137,False
Maharashtra,Sangli,Sangli,Onion,Local,FAQ,2026-01-06,2221.0,2464.0,2360.0,False,2026,1,6,1,6,1,Rabi,2352.0,2342.0,2272.0,2127.0,2341.0,2317.5714285714284,2254.5714285714284,26.53838190782343,0.9875483039931301,6.81711330512459,False
Maharashtra,Sangli,Sangli,Onion,Local,FAQ,2026-01-07,2270.0,2436.0,2343.0,False,2026,1,7,2,7,1,Rabi,2360.0,2329.0,2310.0,2153.0,2347.0,2330.1428571428573,2271.214285714286,21.767166186926854,0.3401360544217687,7.292150487691592,False
Maharashtra,Sangli,Sangli,Onion,Local,FAQ,2026-01-08,2202.0,2470.0,2334.0,False,2026,1,8,3,8,1,Rabi,2343.0,2352.0,2313.0,2176.0,2351.6666666666665,2334.8571428571427,2284.785714285714,20.194294337987927,-0.7203389830508474,6.295955882352941,False
Maharashtra,Sangli,Sangli,Onion,Local,FAQ,2026-01-09,2243.0,2407.0,2335.0,False,2026,1,9,4,9,1,Rabi,2334.0,2360.0,2305.0,2184.0,2345.6666666666665,2337.8571428571427,2296.0714285714284,17.827213012955557,-0.3841229193341869,5.54029304029304,False
Maharashtra,Sangli,Sangli,Onion,Local,FAQ,2026-01-10,2267.0,2413.0,2329.0,False,2026,1,10,5,10,1,Rabi,2335.0,2343.0,2342.0,2209.0,2337.3333333333335,2342.1428571428573,2306.8571428571427,10.854009572931755,0.042844901456726654,6.020823902218198,False
Maharashtra,Sangli,Sangli,Onion,Local,FAQ,2026-01-11,2223.0,2445.0,2325.0,False,2026,1,11,6,11,1,Rabi,2329.0,2334.0,2329.0,2229.0,2332.6666666666665,2340.285714285714,2315.4285714285716,11.94032782511429,-0.2569593147751606,4.486316733961418,False
Maharashtra,Sangli,Sangli,Onion,Local,FAQ,2026-01-12,2249.0,2482.0,2335.0,False,2026,1,12,0,12,1,Rabi,2325.0,2335.0,2352.0,2263.0,2329.6666666666665,2339.714285714286,2322.285714285714,12.64534546402478,-0.17174753112924002,3.932832523199293,False
Maharashtra,Sangli,Sangli,Onion,Local,FAQ,2026-01-13,2209.0,2341.0,2287.0,False,2026,1,13,1,13,1,Rabi,2335.0,2329.0,2360.0,2272.0,2329.6666666666665,2337.285714285714,2327.4285714285716,11.470458952073358,0.43010752688172044,3.873239436619718,False
Maharashtra,Sangli,Sangli,Onion,Local,FAQ,2026-01-14,2175.0,2386.0,2286.0,False,2026,1,14,2,14,1,Rabi,2287.0,2325.0,2343.0,2310.0,2315.6666666666665,2326.8571428571427,2328.5,18.442962265933225,-2.0556745182012848,1.4285714285714286,False
Maharashtra,Sangli,Sangli,Onion,Local,FAQ,2026-01-15,2217.0,2380.0,2281.0,False,2026,1,15,3,15,1,Rabi,2286.0,2335.0,2334.0,2313.0,2302.6666666666665,2318.714285714286,2326.785714285714,22.306309165149038,-0.043725404459991256,0.9079118028534372,False
Maharashtra,Sangli,Sangli,Onion,Local,FAQ,2026-01-16,2140.0,2363.0,2289.0,False,2026,1,16,4,16,1,Rabi,2281.0,2287.0,2335.0,2305.0,2284.6666666666665,2311.1428571428573,2324.5,25.07607472889868,-0.21872265966754156,1.3015184381778742,False
Maharashtra,Sangli,Sangli,Onion,Local,FAQ,2026-01-17,2243.0,2440.0,2317.0,False,2026,1,17,5,17,1,Rabi,2289.0,2286.0,2329.0,2342.0,2285.3333333333335,2304.5714285714284,2323.3571428571427,23.77573793356381,0.35072336694432266,-0.5550811272416738,False
Maharashtra,Sangli,Sangli,Onion,Local,FAQ,2026-01-18,2249.0,2449.0,2336.0,False,2026,1,18,6,18,1,Rabi,2317.0,2281.0,2325.0,2329.0,2295.6666666666665,2302.8571428571427,2321.5714285714284,22.09395521726813,1.2232415902140672,-0.17174753112924002,False
Maharashtra,Sangli,Sangli,Onion,Local,FAQ,2026-01-19,2292.0,2485.0,2351.0,False,2026,1,19,0,19,1,Rabi,2336.0,2289.0,2335.0,2352.0,2314.0,2304.4285714285716,2322.0714285714284,24.22021980946581,0.8200258955545966,-0.7227891156462585,False
Maharashtra,Sangli,Sangli,Onion,Local,FAQ,2026-01-20,2324.0,2475.0,2406.0,False,2026,1,20,1,20,1,Rabi,2351.0,2317.0,2287.0,2360.0,2334.6666666666665,2306.714285714286,2322.0,28.039937504172286,0.6421232876712328,-3.093220338983051,False
Maharashtra,Sangli,Sangli,Onion,Local,FAQ,2026-01-21,2290.0,2460.0,2408.0,False,2026,1,21,2,21,1,Rabi,2406.0,2336.0,2286.0,2343.0,2364.3333333333335,2323.714285714286,2325.285714285714,45.02486085750723,2.3394300297745643,-2.4327784891165174,False
Maharashtra,Sangli,Sangli,Onion,Local,FAQ,2026-01-22,2295.0,2469.0,2396.0,False,2026,1,22,3,22,1,Rabi,2408.0,2351.0,2281.0,2334.0,2388.3333333333335,2341.1428571428573,2329.9285714285716,51.18407490430312,0.0831255195344971,-2.2707797772065126,False
Maharashtra,Sangli,Sangli,Onion,Local,FAQ,2026-01-23,2250.0,2458.0,2369.0,False,2026,1,23,4,23,1,Rabi,2396.0,2406.0,2289.0,2335.0,2403.3333333333335,2357.5714285714284,2334.3571428571427,46.94272092261831,-0.4983388704318937,-1.9700214132762313,False
Maharashtra,Sangli,Sangli,Onion,Local,FAQ,2026-01-24,2237.0,2445.0,2381.0,False,2026,1,24,5,24,1,Rabi,2369.0,2408.0,2317.0,2329.0,2391.0,2369.0,2336.785714285714,35.9072880253174,-1.1268781302170283,-0.51524259338772,False
Maharashtra,Sangli,Sangli,Onion,Local,FAQ,2026-01-25,2219.0,2499.0,2361.0,False,2026,1,25,6,25,1,Rabi,2381.0,2396.0,2336.0,2325.0,2382.0,2378.1428571428573,2340.5,27.661215756770684,0.5065428450823132,0.4731182795698925,False
Maharashtra,Sangli,Sangli,Onion,Local,FAQ,2026-01-26,2277.0,2469.0,2353.0,False,2026,1,26,0,26,1,Rabi,2361.0,2369.0,2351.0,2335.0,2370.3333333333335,2381.714285714286,2343.0714285714284,22.43296893498171,-0.8399832003359933,0.6852248394004282,False
Maharashtra,Sangli,Sangli,Onion,Local,FAQ,2026-01-27,2256.0,2433.0,2359.0,False,2026,1,27,1,27,1,Rabi,2353.0,2381.0,2406.0,2287.0,2365.0,2382.0,2344.3571428571427,21.98484326378271,-0.33883947479881404,5.203323130738959,False
Maharashtra,Sangli,Sangli,Onion,Local,FAQ,2026-01-28,2333.0,2532.0,2392.0,False,2026,1,28,2,28,1,Rabi,2359.0,2361.0,2408.0,2286.0,2357.6666666666665,2375.285714285714,2349.5,20.564648353534285,0.254993625159371,5.336832895888014,False
Maharashtra,Sangli,Sangli,Onion,Local,FAQ,2026-01-29,2314.0,2483.0,2398.0,False,2026,1,29,3,29,1,Rabi,2392.0,2353.0,2396.0,2281.0,2368.0,2373.0,2357.0714285714284,16.881943016126996,1.3988978380669777,5.041648399824639,False
Maharashtra,Sangli,Sangli,Onion,Local,FAQ,2026-01-30,2295.0,2558.0,2418.0,False,2026,1,30,4,30,1,Rabi,2398.0,2359.0,2369.0,2289.0,2383.0,2373.285714285714,2365.4285714285716,17.346606639470487,0.2508361204013378,3.494975972040192,False
Maharashtra,Sangli,Sangli,Onion,Local,FAQ,2026-01-31,2310.0,2482.0,2424.0,False,2026,1,31,5,31,1,Rabi,2418.0,2392.0,2381.0,2317.0,2402.6666666666665,2380.285714285714,2374.6428571428573,23.95630943831977,0.8340283569641368,2.7621924902891672,False
Maharashtra,Sangli,Sangli,Onion,Local,FAQ,2026-02-01,2367.0,2573.0,2433.0,False,2026,2,1,6,32,1,Rabi,2424.0,2398.0,2361.0,2336.0,2413.3333333333335,2386.4285714285716,2382.285714285714,29.125344878395644,0.24813895781637718,1.0702054794520548,False
Maharashtra,Sangli,Sangli,Onion,Local,FAQ,2026-02-02,2389.0,2506.0,2440.0,False,2026,2,2,0,33,1,Rabi,2433.0,2418.0,2353.0,2351.0,2425.0,2396.714285714286,2389.214285714286,31.282126343508242,0.3712871287128713,0.08507018290089324,False
Maharashtra,Sangli,Sangli,Onion,Local,FAQ,2026-02-03,2317.0,2541.0,2422.0,False,2026,2,3,1,34,1,Rabi,2440.0,2424.0,2359.0,2406.0,2432.3333333333335,2409.1428571428573,2395.5714285714284,28.145032548260648,0.2877106452938759,-1.9534497090606815,False
Maharashtra,Sangli,Sangli,Onion,Local,FAQ,2026-02-04,2271.0,2466.0,2392.0,False,2026,2,4,2,35,1,Rabi,2422.0,2433.0,2392.0,2408.0,2431.6666666666665,2418.1428571428573,2396.714285714286,17.49693850771209,-0.7377049180327869,-0.6644518272425249,False
Maharashtra,Sangli,Sangli,Onion,Local,FAQ,2026-02-05,2326.0,2534.0,2409.0,False,2026,2,5,3,36,1,Rabi,2392.0,2440.0,2398.0,2396.0,2418.0,2418.1428571428573,2395.5714285714284,17.49693850771209,-1.2386457473162675,0.08347245409015025,False
Maharashtra,Sangli,Sangli,Onion,Local,FAQ,2026-02-06,2317.0,2540.0,2433.0,False,2026,2,6,4,37,1,Rabi,2409.0,2422.0,2418.0,2369.0,2407.6666666666665,2419.714285714286,2396.5,15.797829869043106,0.7107023411371237,2.0683832840861123,False
Maharashtra,Sangli,Sangli,Onion,Local,FAQ,2026-02-07,2384.0,2530.0,2443.0,False,2026,2,7,5,38,1,Rabi,2433.0,2392.0,2424.0,2381.0,2411.3333333333335,2421.8571428571427,2401.0714285714284,16.52703413025642,0.9962640099626401,1.8059638807223857,False
Maharashtra,Sangli,Sangli,Onion,Local,FAQ,2026-02-08,2274.0,2510.0,2421.0,False,2026,2,8,6,39,1,Rabi,2443.0,2409.0,2433.0,2361.0,2428.3333333333335,2424.5714285714284,2405.5,18.39254507363019,0.4110152075626798,3.0495552731893265,False
Maharashtra,Sangli,Sangli,Onion,Local,FAQ,2026-02-09,2261.0,2513.0,2400.0,False,2026,2,9,0,40,1,Rabi,2421.0,2433.0,2440.0,2353.0,2432.3333333333335,2422.8571428571427,2409.785714285714,18.03171808626844,-0.9005321326238231,3.69740756481088,False
Maharashtra,Sangli,Sangli,Onion,Local,FAQ,2026-02-10,2293.0,2500.0,2401.0,False,2026,2,10,1,41,1,Rabi,2400.0,2443.0,2422.0,2359.0,2421.3333333333335,2417.1428571428573,2413.1428571428573,18.03171808626844,-0.8674101610904585,2.6706231454005933,False
Maharashtra,Sangli,Sangli,Onion,Local,FAQ,2026-02-11,2367.0,2559.0,2437.0,False,2026,2,11,2,42,1,Rabi,2401.0,2421.0,2392.0,2392.0,2407.3333333333335,2414.1428571428573,2416.1428571428573,18.81868372502874,0.04166666666666667,0.0,False
Maharashtra,Sangli,Sangli,Onion,Local,FAQ,2026-02-12,2266.0,2555.0,2410.0,False,2026,2,12,3,43,1,Rabi,2437.0,2400.0,2409.0,2398.0,2412.6666666666665,2420.5714285714284,2419.3571428571427,17.643290914268682,1.499375260308205,0.45871559633027525,False
Maharashtra,Sangli,Sangli,Onion,Local,FAQ,2026-02-13,2281.0,2509.0,2422.0,False,2026,2,13,4,44,1,Rabi,2410.0,2401.0,2433.0,2418.0,2416.0,2420.714285714286,2420.214285714286,17.537714462586923,-1.107919573245794,0.620347394540943,False
Maharashtra,Sangli,Sangli,Onion,Local,FAQ,2026-02-14,2288.0,2569.0,2434.0,False,2026,2,14,5,45,1,Rabi,2422.0,2437.0,2443.0,2424.0,2423.0,2419.1428571428573,2420.5,16.727507997586724,0.49792531120331945,0.7838283828382838,False
Maharashtra,Sangli,Sangli,Onion,Local,FAQ,2026-02-15,2353.0,2521.0,2432.0,False,2026,2,15,6,46,1,Rabi,2434.0,2410.0,2421.0,2433.0,2422.0,2417.8571428571427,2421.214285714286,14.825974632695466,0.495458298926507,-0.4932182490752158,False
Maharashtra,Sangli,Sangli,Onion,Local,FAQ,2026-02-16,2354.0,2527.0,2421.0,False,2026,2,16,0,47,1,Rabi,2432.0,2422.0,2400.0,2440.0,2429.3333333333335,2419.4285714285716,2421.1428571428573,15.767658279492593,-0.08216926869350863,-1.639344262295082,False
Maharashtra,Sangli,Sangli,Onion,Local,FAQ,2026-02-17,2299.0,2563.0,2443.0,False,2026,2,17,1,48,1,Rabi,2421.0,2434.0,2401.0,2422.0,2429.0,2422.4285714285716,2419.785714285714,13.252133700610138,-0.4523026315789474,-0.8670520231213872,False
Maharashtra,Sangli,Sangli,Onion,Local,FAQ,2026-02-18,2309.0,2570.0,2421.0,False,2026,2,18,2,49,1,Rabi,2443.0,2432.0,2437.0,2392.0,2432.0,2428.4285714285716,2421.285714285714,11.296860077864,0.9087154068566707,1.8812709030100336,False
Maharashtra,Sangli,Sangli,Onion,Local,FAQ,2026-02-19,2360.0,2526.0,2424.0,False,2026,2,19,3,50,1,Rabi,2421.0,2421.0,2410.0,2409.0,2428.3333333333335,2426.1428571428573,2423.3571428571427,10.884676865942506,-0.9005321326238231,0.04151100041511,False
Maharashtra,Sangli,Sangli,Onion,Local,FAQ,2026-02-20,2313.0,2553.0,2433.0,False,2026,2,20,4,51,1,Rabi,2424.0,2443.0,2422.0,2433.0,2429.3333333333335,2428.1428571428573,2424.4285714285716,8.434622525202176,0.12391573729863693,-0.45211672831894784,False
Maharashtra,Sangli,Sangli,Onion,Local,FAQ,2026-02-21,2361.0,2526.0,2447.0,False,2026,2,21,5,52,1,Rabi,2433.0,2421.0,2434.0,2443.0,2426.0,2429.714285714286,2424.4285714285716,8.118174788987387,0.3712871287128713,-0.3683995088006549,False
Maharashtra,Sangli,Sangli,Onion,Local,FAQ,2026-02-22,2323.0,2601.0,2460.0,False,2026,2,22,6,53,1,Rabi,2447.0,2424.0,2432.0,2421.0,2434.6666666666665,2431.5714285714284,2424.714285714286,10.422046229931755,0.5754212905877518,0.45435770342833537,False
Maharashtra,Sangli,Sangli,Onion,Local,FAQ,2026-02-23,2372.0,2573.0,2473.0,False,2026,2,23,0,54,1,Rabi,2460.0,2433.0,2421.0,2400.0,2446.6666666666665,2435.5714285714284,2427.5,14.987296207749795,0.5312627707396812,0.8750000000000001,False
Maharashtra,Sangli,Sangli,Onion,Local,FAQ,2026-02-24,2367.0,2617.0,2487.0,False,2026,2,24,1,55,1,Rabi,2473.0,2447.0,2443.0,2401.0,2460.0,2443.0,2432.714285714286,18.929694485995018,0.5284552845528455,1.749271137026239,False
Maharashtra,Sangli,Sangli,Onion,Local,FAQ,2026-02-25,2377.0,2600.0,2516.0,False,2026,2,25,2,56,1,Rabi,2487.0,2460.0,2421.0,2437.0,2473.3333333333335,2449.285714285714,2438.8571428571427,25.19731656158118,0.5661140315406389,-0.6565449322938038,False
Maharashtra,Sangli,Sangli,Onion,Local,FAQ,2026-02-26,2388.0,2550.0,2496.0,False,2026,2,26,3,57,1,Rabi,2516.0,2473.0,2424.0,2410.0,2492.0,2462.8571428571427,2444.5,32.06986421043829,1.166063530357861,0.5809128630705395,False
Maharashtra,Sangli,Sangli,Onion,Local,FAQ,2026-02-27,2394.0,2595.0,2491.0,False,2026,2,27,4,58,1,Rabi,2496.0,2487.0,2433.0,2422.0,2499.6666666666665,2473.1428571428573,2450.6428571428573,28.92189811329724,-0.7949125596184419,0.45417010734929814,False
Maharashtra,Sangli,Sangli,Onion,Local,FAQ,2026-02-28,2455.0,2562.0,2508.0,False,2026,2,28,5,59,1,Rabi,2491.0,2516.0,2447.0,2434.0,2501.0,2481.4285714285716,2455.5714285714284,23.258383025312266,-0.2003205128205128,0.5341002465078061,False
Maharashtra,Sangli,Sangli,Onion,Local,FAQ,2026-03-01,2335.0,2553.0,2467.0,False,2026,3,1,6,60,1,Rabi,2508.0,2496.0,2460.0,2432.0,2498.3333333333335,2490.1428571428573,2460.8571428571427,19.29964223699339,0.6824568446407066,1.151315789473684,False
Maharashtra,Sangli,Sangli,Onion,Local,FAQ,2026-03-02,2342.0,2541.0,2469.0,False,2026,3,2,0,61,1,Rabi,2467.0,2491.0,2473.0,2421.0,2488.6666666666665,2491.1428571428573,2463.3571428571427,17.582458791153336,-1.634768740031898,2.14787277984304,False
Maharashtra,Sangli,Sangli,Onion,Local,FAQ,2026-03-03,2330.0,2501.0,2442.0,False,2026,3,3,1,62,1,Rabi,2469.0,2508.0,2487.0,2443.0,2481.3333333333335,2490.5714285714284,2466.785714285714,18.31990850465134,0.08107012565869477,1.8010642652476463,False
Maharashtra,Sangli,Sangli,Onion,Local,FAQ,2026-03-04,2339.0,2557.0,2443.0,False,2026,3,4,2,63,1,Rabi,2442.0,2467.0,2516.0,2421.0,2459.3333333333335,2484.1428571428573,2466.714285714286,26.047575520112094,-1.0935601458080195,3.9239983477901696,False
Maharashtra,Sangli,Sangli,Onion,Local,FAQ,2026-03-05,2304.0,2575.0,2427.0,False,2026,3,5,3,64,1,Rabi,2443.0,2469.0,2496.0,2424.0,2451.3333333333335,2473.714285714286,2468.285714285714,25.779282933611324,0.040950040950040956,2.9702970297029703,False
Maharashtra,Sangli,Sangli,Onion,Local,FAQ,2026-03-06,2246.0,2453.0,2376.0,False,2026,3,6,4,65,1,Rabi,2427.0,2442.0,2491.0,2433.0,2437.3333333333335,2463.8571428571427,2468.5,28.846886437579563,-0.6549324600900532,2.383888203863543,False
Maharashtra,Sangli,Sangli,Onion,Local,FAQ,2026-03-08,2303.0,2461.0,2394.0,False,2026,3,8,6,67,1,Rabi,2376.0,2443.0,2508.0,2447.0,2415.3333333333335,2447.4285714285716,2464.4285714285716,40.999419275791276,-2.1013597033374536,2.492848385778504,False
Maharashtra,Sangli,Sangli,Onion,Local,FAQ,2026-03-09,2349.0,2490.0,2415.0,False,2026,3,9,0,68,1,Rabi,2394.0,2427.0,2467.0,2460.0,2399.0,2431.1428571428573,2460.6428571428573,35.154082605143564,0.7575757575757576,0.2845528455284553,False
Maharashtra,Sangli,Sangli,Onion,Local,FAQ,2026-03-10,2343.0,2537.0,2459.0,False,2026,3,10,1,69,1,Rabi,2415.0,2376.0,2469.0,2473.0,2395.0,2423.714285714286,2457.4285714285716,31.63181039035166,0.8771929824561403,-0.16174686615446826,False
Maharashtra,Sangli,Sangli,Onion,Local,FAQ,2026-03-11,2324.0,2593.0,2469.0,False,2026,3,11,2,70,1,Rabi,2459.0,2394.0,2442.0,2487.0,2422.6666666666665,2422.285714285714,2456.4285714285716,29.392256835848638,1.8219461697722568,-1.8094089264173705,False
Maharashtra,Sangli,Sangli,Onion,Local,FAQ,2026-03-12,2431.0,2598.0,2523.0,False,2026,3,12,3,71,1,Rabi,2469.0,2415.0,2443.0,2516.0,2447.6666666666665,2426.1428571428573,2455.1428571428573,33.8448842585688,0.40666937779585194,-2.901430842607313,False
Maharashtra,Sangli,Sangli,Onion,Local,FAQ,2026-03-14,2462.0,2619.0,2559.0,False,2026,3,14,5,73,1,Rabi,2523.0,2459.0,2427.0,2496.0,2483.6666666666665,2437.5714285714284,2455.6428571428573,50.09277107812498,2.187120291616039,-2.7644230769230766,False
Maharashtra,Sangli,Sangli,Onion,Local,FAQ,2026-03-15,2480.0,2676.0,2579.0,False,2026,3,15,6,74,1,Rabi,2559.0,2469.0,2376.0,2491.0,2517.0,2456.4285714285716,2460.1428571428573,67.32967929736047,1.426872770511296,-4.616619831393015,False
Maharashtra,Sangli,Sangli,Onion,Local,FAQ,2026-03-16,2482.0,2684.0,2572.0,False,2026,3,16,0,75,1,Rabi,2579.0,2523.0,2394.0,2508.0,2553.6666666666665,2485.4285714285716,2466.4285714285716,70.55460566789414,0.7815552950371238,-4.545454545454546,False
Maharashtra,Sangli,Sangli,Onion,Local,FAQ,2026-03-17,2427.0,2596.0,2541.0,False,2026,3,17,1,76,1,Rabi,2572.0,2559.0,2415.0,2467.0,2570.0,2510.8571428571427,2471.0,63.8707772809742,-0.27142303218301667,-2.107823267126064,False
Maharashtra,Sangli,Sangli,Onion,Local,FAQ,2026-03-18,2477.0,2713.0,2577.0,False,2026,3,18,2,77,1,Rabi,2541.0,2579.0,2459.0,2469.0,2564.0,2528.8571428571427,2476.285714285714,48.18169974664431,-1.2052877138413685,-0.4050222762251924,False
Maharashtra,Sangli,Sangli,Onion,Local,FAQ,2026-03-19,2425.0,2607.0,2541.0,False,2026,3,19,3,78,1,Rabi,2577.0,2572.0,2469.0,2442.0,2563.3333333333335,2545.714285714286,2484.0,39.53359029868556,1.4167650531286895,1.1056511056511056,False
Maharashtra,Sangli,Sangli,Onion,Local,FAQ,2026-03-20,2493.0,2655.0,2546.0,False,2026,3,20,4,79,1,Rabi,2541.0,2541.0,2523.0,2443.0,2553.0,2556.0,2491.0714285714284,21.50193789714954,-1.3969732246798603,3.2746623004502657,False
Maharashtra,Sangli,Sangli,Onion,Local,FAQ,2026-03-21,2387.0,2639.0,2531.0,False,2026,3,21,5,80,1,Rabi,2546.0,2577.0,2559.0,2427.0,2554.6666666666665,2559.285714285714,2498.4285714285716,16.879122071491082,0.19677292404565133,5.438813349814586,False
Maharashtra,Sangli,Sangli,Onion,Local,FAQ,2026-03-22,2475.0,2676.0,2571.0,False,2026,3,22,6,81,1,Rabi,2531.0,2541.0,2579.0,2376.0,2539.3333333333335,2555.285714285714,2505.8571428571427,19.989282842837866,-0.589159465828751,8.543771043771043,False
Maharashtra,Sangli,Sangli,Onion,Local,FAQ,2026-03-23,2396.0,2629.0,2540.0,False,2026,3,23,0,82,1,Rabi,2571.0,2546.0,2572.0,2394.0,2549.3333333333335,2554.1428571428573,2519.785714285714,18.58698981749696,1.5804030027657054,7.435254803675856,False
Maharashtra,Sangli,Sangli,Onion,Local,FAQ,2026-03-24,2490.0,2629.0,2547.0,False,2026,3,24,1,83,1,Rabi,2540.0,2531.0,2541.0,2415.0,2547.3333333333335,2549.5714285714284,2530.214285714286,17.357583768637593,-1.205756514974718,5.217391304347826,False
Maharashtra,Sangli,Sangli,Onion,Local,FAQ,2026-03-25,2398.0,2584.0,2532.0,False,2026,3,25,2,84,1,Rabi,2547.0,2571.0,2577.0,2459.0,2552.6666666666665,2550.4285714285716,2539.6428571428573,17.008401285402126,0.2755905511811024,4.7986986579910536,False
Maharashtra,Sangli,Sangli,Onion,Local,FAQ,2026-03-26,2455.0,2637.0,2517.0,False,2026,3,26,3,85,1,Rabi,2532.0,2540.0,2541.0,2469.0,2539.6666666666665,2544.0,2544.8571428571427,13.416407864982776,-0.5889281507656066,2.916160388821385,False
Maharashtra,Sangli,Sangli,Onion,Local,FAQ,2026-03-27,2425.0,2676.0,2538.0,False,2026,3,27,4,86,1,Rabi,2517.0,2547.0,2546.0,2523.0,2532.0,2540.5714285714284,2548.285714285714,16.91997973655108,-0.5924170616113744,0.9116131589377725,False
Maharashtra,Sangli,Sangli,Onion,Local,FAQ,2026-03-28,2480.0,2626.0,2558.0,False,2026,3,28,5,87,1,Rabi,2538.0,2532.0,2531.0,2559.0,2529.0,2539.4285714285716,2549.3571428571427,16.761634196938274,0.834326579261025,-1.0941774130519732,False
Maharashtra,Sangli,Sangli,Onion,Local,FAQ,2026-03-29,2449.0,2705.0,2574.0,False,2026,3,29,6,88,1,Rabi,2558.0,2517.0,2571.0,2579.0,2537.6666666666665,2543.285714285714,2549.285714285714,17.585166909576547,0.7880220646178092,-0.31019775106630476,False
Maharashtra,Sangli,Sangli,Onion,Local,FAQ,2026-03-30,2487.0,2702.0,2574.0,False,2026,3,30,0,89,1,Rabi,2574.0,2538.0,2540.0,2572.0,2556.6666666666665,2543.714285714286,2548.9285714285716,18.39125050771869,0.6254886630179828,-1.244167962674961,False
Maharashtra,Sangli,Sangli,Onion,Local,FAQ,2026-03-31,2493.0,2720.0,2577.0,False,2026,3,31,1,90,1,Rabi,2574.0,2558.0,2547.0,2541.0,2568.6666666666665,2548.5714285714284,2549.0714285714284,21.477563043447304,0.0,0.23612750885478156,False
Maharashtra,Sangli,Sangli,Onion,Local,FAQ,2026-04-01,2446.0,2696.0,2571.0,False,2026,4,1,2,91,2,Zaid,2577.0,2574.0,2532.0,2577.0,2575.0,2552.8571428571427,2551.6428571428573,23.96127828690221,0.11655011655011654,-1.7462165308498252,False
Maharashtra,Sangli,Sangli,Onion,Local,FAQ,2026-04-02,2539.0,2739.0,2599.0,False,2026,4,2,3,92,2,Zaid,2571.0,2574.0,2517.0,2541.0,2574.0,2558.4285714285716,2551.214285714286,22.809772341809907,-0.23282887077997672,-0.9445100354191263,False
Maharashtra,Sangli,Sangli,Onion,Local,FAQ,2026-04-03,2549.0,2771.0,2631.0,False,2026,4,3,4,93,2,Zaid,2599.0,2577.0,2538.0,2546.0,2582.3333333333335,2570.1428571428573,2555.3571428571427,18.667516987419766,1.089070400622326,-0.3142183817753339,False
Maharashtra,Sangli,Sangli,Onion,Local,FAQ,2026-04-04,2543.0,2683.0,2632.0,False,2026,4,4,5,94,2,Zaid,2631.0,2571.0,2558.0,2531.0,2600.3333333333335,2583.4285714285716,2561.4285714285716,24.240854927547186,1.2312427856868027,1.066772026866851,False
Maharashtra,Sangli,Sangli,Onion,Local,FAQ,2026-04-05,2495.0,2747.0,2640.0,False,2026,4,5,6,95,2,Zaid,2632.0,2599.0,2574.0,2571.0,2620.6666666666665,2594.0,2568.6428571428573,27.251911247946328,0.03800836183960471,0.11668611435239205,False
Maharashtra,Sangli,Sangli,Onion,Local,FAQ,2026-04-06,2524.0,2732.0,2637.0,False,2026,4,6,0,96,2,Zaid,2640.0,2631.0,2574.0,2540.0,2634.3333333333335,2603.4285714285716,2573.5714285714284,30.413029789082106,0.303951367781155,1.3385826771653544,False
Maharashtra,Sangli,Sangli,Onion,Local,FAQ,2026-04-07,2494.0,2736.0,2611.0,False,2026,4,7,1,97,2,Zaid,2637.0,2632.0,2577.0,2547.0,2636.3333333333335,2612.4285714285716,2580.5,29.56268561804789,-0.11363636363636363,1.1778563015312131,False
Maharashtra,Sangli,Sangli,Onion,Local,FAQ,2026-04-08,2452.0,2710.0,2581.0,False,2026,4,8,2,98,2,Zaid,2611.0,2640.0,2571.0,2532.0,2629.3333333333335,2617.285714285714,2585.0714285714284,25.250176802758244,-0.9859689040576414,1.5402843601895735,False
Maharashtra,Sangli,Sangli,Onion,Local,FAQ,2026-04-09,2525.0,2686.0,2581.0,False,2026,4,9,3,99,2,Zaid,2581.0,2637.0,2599.0,2517.0,2609.6666666666665,2618.714285714286,2588.5714285714284,22.30630916513403,-1.1489850631941785,3.2578466428287642,False
Maharashtra,Sangli,Sangli,Onion,Local,FAQ,2026-04-10,2464.0,2697.0,2558.0,False,2026,4,10,4,100,2,Zaid,2581.0,2611.0,2631.0,2538.0,2591.0,2616.1428571428573,2593.1428571428573,25.732136661031248,0.0,3.664302600472813,False
Maharashtra,Sangli,Sangli,Onion,Local,FAQ,2026-04-11,2474.0,2664.0,2538.0,False,2026,4,11,5,101,2,Zaid,2558.0,2581.0,2632.0,2558.0,2573.3333333333335,2605.714285714286,2594.5714285714284,32.58688021127466,-0.8911274699728787,2.8928850664581707,False
Maharashtra,Sangli,Sangli,Onion,Local,FAQ,2026-04-12,2418.0,2590.0,2530.0,False,2026,4,12,6,102,2,Zaid,2538.0,2581.0,2640.0,2574.0,2559.0,2592.285714285714,2593.1428571428573,38.73720987075241,-0.7818608287724784,2.564102564102564,False
Maharashtra,Sangli,Sangli,Onion,Local,FAQ,2026-04-13,2479.0,2668.0,2536.0,False,2026,4,13,0,103,2,Zaid,2530.0,2558.0,2637.0,2574.0,2542.0,2576.5714285714284,2590.0,38.46581661187556,-0.31520882584712373,2.4475524475524475,False
Maharashtra,Sangli,Sangli,Onion,Local,FAQ,2026-04-14,2402.0,2581.0,2523.0,False,2026,4,14,1,104,2,Zaid,2536.0,2538.0,2611.0,2577.0,2534.6666666666665,2562.1428571428573,2587.285714285714,30.04124149358158,0.23715415019762848,1.3193636010865346,False
Maharashtra,Sangli,Sangli,Onion,Local,FAQ,2026-04-15,2356.0,2632.0,2487.0,False,2026,4,15,2,105,2,Zaid,2523.0,2530.0,2581.0,2571.0,2529.6666666666665,2549.5714285714284,2583.4285714285716,23.992062179367455,-0.5126182965299685,0.38895371450797356,False
Maharashtra,Sangli,Sangli,Onion,Local,FAQ,2026-04-16,2303.0,2577.0,2452.0,False,2026,4,16,3,106,2,Zaid,2487.0,2536.0,2581.0,2599.0,2515.3333333333335,2536.1428571428573,2577.4285714285716,29.208609298330774,-1.426872770511296,-0.6925740669488265,False
Maharashtra,Sangli,Sangli,Onion,Local,FAQ,2026-04-17,2306.0,2540.0,2434.0,False,2026,4,17,4,107,2,Zaid,2452.0,2523.0,2558.0,2631.0,2487.3333333333335,2517.714285714286,2566.9285714285716,36.07729796660543,-1.407318053880177,-2.774610414291144,False
Maharashtra,Sangli,Sangli,Onion,Local,FAQ,2026-04-18,2336.0,2569.0,2428.0,False,2026,4,18,5,108,2,Zaid,2434.0,2487.0,2538.0,2632.0,2457.6666666666665,2500.0,2552.8571428571427,42.81354925721432,-0.734094616639478,-3.571428571428571,False
Maharashtra,Sangli,Sangli,Onion,Local,FAQ,2026-04-19,2377.0,2525.0,2428.0,False,2026,4,19,6,109,2,Zaid,2428.0,2452.0,2530.0,2640.0,2438.0,2484.285714285714,2538.285714285714,46.56434360364279,-0.24650780608052586,-4.166666666666666,False
Maharashtra,Sangli,Sangli,Onion,Local,FAQ,2026-04-20,2347.0,2465.0,2403.0,False,2026,4,20,0,110,2,Zaid,2428.0,2434.0,2536.0,2637.0,2430.0,2469.714285714286,2523.1428571428573,45.82835470795564,0.0,-3.8301099734546833,False
Maharashtra,Sangli,Sangli,Onion,Local,FAQ,2026-04-21,2286.0,2519.0,2411.0,False,2026,4,21,1,111,2,Zaid,2403.0,2428.0,2523.0,2611.0,2419.6666666666665,2450.714285714286,2506.4285714285716,41.092230756818886,-1.029654036243822,-3.37035618536959,False
Maharashtra,Sangli,Sangli,Onion,Local,FAQ,2026-04-22,2244.0,2477.0,2390.0,False,2026,4,22,2,112,2,Zaid,2411.0,2428.0,2487.0,2581.0,2414.0,2434.714285714286,2492.1428571428573,27.96256000270873,0.3329171868497711,-3.641999225106548,False
Maharashtra,Sangli,Sangli,Onion,Local,FAQ,2026-04-23,2336.0,2554.0,2408.0,False,2026,4,23,3,113,2,Zaid,2390.0,2403.0,2452.0,2581.0,2401.3333333333335,2420.8571428571427,2478.5,20.86806628503471,-0.8710078805474907,-4.998062766369625,False
Maharashtra,Sangli,Sangli,Onion,Local,FAQ,2026-04-24,2346.0,2544.0,2397.0,False,2026,4,24,4,114,2,Zaid,2408.0,2411.0,2434.0,2558.0,2403.0,2414.5714285714284,2466.1428571428573,15.97766297948996,0.7531380753138075,-4.847537138389367,False
Maharashtra,Sangli,Sangli,Onion,Local,FAQ,2026-04-25,2346.0,2508.0,2403.0,False,2026,4,25,5,115,2,Zaid,2397.0,2390.0,2428.0,2538.0,2398.3333333333335,2409.285714285714,2454.6428571428573,14.534032311735666,-0.45681063122923593,-4.334121355397951,False
Maharashtra,Sangli,Sangli,Onion,Local,FAQ,2026-04-26,2256.0,2505.0,2403.0,False,2026,4,26,6,116,2,Zaid,2403.0,2408.0,2428.0,2530.0,2402.6666666666665,2405.714285714286,2445.0,12.023785950021386,0.2503128911138924,-4.0316205533596845,False
Maharashtra,Sangli,Sangli,Onion,Local,FAQ,2026-04-27,2345.0,2553.0,2440.0,False,2026,4,27,0,117,2,Zaid,2403.0,2397.0,2403.0,2536.0,2401.0,2402.1428571428573,2435.9285714285716,6.938505396941279,0.0,-5.244479495268139,False
Maharashtra,Sangli,Sangli,Onion,Local,FAQ,2026-04-28,2356.0,2604.0,2464.0,False,2026,4,28,1,118,2,Zaid,2440.0,2403.0,2411.0,2523.0,2415.3333333333335,2407.4285714285716,2429.0714285714284,15.946338585587624,1.5397419891801913,-4.439159730479588,False
Maharashtra,Sangli,Sangli,Onion,Local,FAQ,2026-04-29,2440.0,2587.0,2518.0,False,2026,4,29,2,119,2,Zaid,2464.0,2403.0,2390.0,2487.0,2435.6666666666665,2415.0,2424.8571428571427,26.807959017185482,0.9836065573770493,-3.900281463610776,False
Maharashtra,Sangli,Sangli,Onion,Local,FAQ,2026-04-30,2402.0,2583.0,2498.0,False,2026,4,30,3,120,2,Zaid,2518.0,2440.0,2408.0,2452.0,2474.0,2433.285714285714,2427.0714285714284,44.638228331461725,2.1915584415584415,-1.794453507340946,False
Maharashtra,Sangli,Sangli,Onion,Local,FAQ,2026-05-01,2332.0,2628.0,2479.0,False,2026,5,1,4,121,2,Zaid,2498.0,2464.0,2397.0,2434.0,2493.3333333333335,2446.1428571428573,2430.3571428571427,48.89931346290085,-0.7942811755361397,-1.5201314708299096,False
Maharashtra,Sangli,Sangli,Onion,Local,FAQ,2026-05-02,2363.0,2587.0,2483.0,False,2026,5,2,5,122,2,Zaid,2479.0,2518.0,2403.0,2428.0,2498.3333333333335,2457.8571428571427,2433.5714285714284,44.81602604511336,-0.7606084867894315,-1.029654036243822,False
Maharashtra,Sangli,Sangli,Onion,Local,FAQ,2026-05-03,2389.0,2573.0,2507.0,False,2026,5,3,6,123,2,Zaid,2483.0,2498.0,2403.0,2428.0,2486.6666666666665,2469.285714285714,2437.5,38.20870008132646,0.16135538523598225,-1.029654036243822,False
Maharashtra,Sangli,Sangli,Onion,Local,FAQ,2026-05-04,2351.0,2624.0,2492.0,False,2026,5,4,0,124,2,Zaid,2507.0,2479.0,2440.0,2403.0,2489.6666666666665,2484.1428571428573,2443.1428571428573,26.592157812835083,0.9665726943213854,1.5397419891801913,False
Maharashtra,Sangli,Sangli,Onion,Local,FAQ,2026-05-05,2316.0,2596.0,2459.0,False,2026,5,5,1,125,2,Zaid,2492.0,2483.0,2464.0,2411.0,2494.0,2491.5714285714284,2449.5,18.11865652540265,-0.5983246908655764,2.198257984238905,False
Maharashtra,Sangli,Sangli,Onion,Local,FAQ,2026-05-06,2450.0,2558.0,2505.0,False,2026,5,6,2,126,2,Zaid,2459.0,2507.0,2518.0,2390.0,2486.0,2490.8571428571427,2452.9285714285716,19.43732295891939,-1.3242375601926164,5.355648535564853,False
Maharashtra,Sangli,Sangli,Onion,Local,FAQ,2026-05-07,2386.0,2600.0,2535.0,False,2026,5,7,3,127,2,Zaid,2505.0,2492.0,2498.0,2408.0,2485.3333333333335,2489.0,2461.1428571428573,16.86218649325059,1.8706791378609189,3.737541528239203,False
Maharashtra,Sangli,Sangli,Onion,Local,FAQ,2026-05-08,2414.0,2611.0,2523.0,False,2026,5,8,4,128,2,Zaid,2535.0,2459.0,2479.0,2397.0,2499.6666666666665,2494.285714285714,2470.214285714286,24.30853269748166,1.1976047904191618,3.420942845223195,False
Maharashtra,Sangli,Sangli,Onion,Local,FAQ,2026-05-09,2429.0,2597.0,2520.0,False,2026,5,9,5,129,2,Zaid,2523.0,2505.0,2483.0,2403.0,2521.0,2500.5714285714284,2479.214285714286,25.363077776275937,-0.4733727810650888,3.3291718684977116,False
Maharashtra,Sangli,Sangli,Onion,Local,FAQ,2026-05-10,2495.0,2687.0,2551.0,False,2026,5,10,6,130,2,Zaid,2520.0,2535.0,2507.0,2403.0,2526.0,2505.8571428571427,2487.5714285714284,24.942791687028773,-0.11890606420927466,4.327923429047025,False
Maharashtra,Sangli,Sangli,Onion,Local,FAQ,2026-05-11,2424.0,2695.0,2551.0,False,2026,5,11,0,131,2,Zaid,2551.0,2523.0,2492.0,2440.0,2531.3333333333335,2512.1428571428573,2498.1428571428573,30.256837086446808,1.2301587301587302,2.1311475409836063,False
Maharashtra,Sangli,Sangli,Onion,Local,FAQ,2026-05-12,2417.0,2627.0,2552.0,False,2026,5,12,1,132,2,Zaid,2551.0,2520.0,2459.0,2464.0,2540.6666666666665,2520.5714285714284,2506.0714285714284,31.884464047848684,0.0,-0.2029220779220779,False
Maharashtra,Sangli,Sangli,Onion,Local,FAQ,2026-05-13,2381.0,2637.0,2526.0,False,2026,5,13,2,133,2,Zaid,2552.0,2551.0,2505.0,2518.0,2551.3333333333335,2533.8571428571427,2512.3571428571427,18.533110652978934,0.03920031360250882,-0.5162827640984908,False
Maharashtra,Sangli,Sangli,Onion,Local,FAQ,2026-05-14,2449.0,2639.0,2522.0,False,2026,5,14,3,134,2,Zaid,2526.0,2551.0,2535.0,2498.0,2543.0,2536.8571428571427,2512.9285714285716,14.299517141341925,-1.018808777429467,1.4811849479583667,False
Maharashtra,Sangli,Sangli,Onion,Local,FAQ,2026-05-15,2423.0,2601.0,2484.0,False,2026,5,15,4,135,2,Zaid,2522.0,2552.0,2523.0,2479.0,2533.3333333333335,2535.0,2514.6428571428573,15.383974345598261,-0.1583531274742676,1.7749092375958047,False
Maharashtra,Sangli,Sangli,Onion,Local,FAQ,2026-05-16,2414.0,2643.0,2516.0,False,2026,5,16,5,136,2,Zaid,2484.0,2526.0,2520.0,2483.0,2510.6666666666665,2529.4285714285716,2515.0,24.69721403218972,-1.506740681998414,1.4901329037454691,False
Maharashtra,Sangli,Sangli,Onion,Local,FAQ,2026-05-17,2440.0,2651.0,2545.0,False,2026,5,17,6,137,2,Zaid,2516.0,2522.0,2551.0,2507.0,2507.3333333333335,2528.8571428571427,2517.3571428571427,24.99619018588507,1.288244766505636,1.7550857598723573,False
Maharashtra,Sangli,Sangli,Onion,Local,FAQ,2026-05-18,2409.0,2637.0,2547.0,False,2026,5,18,0,138,2,Zaid,2545.0,2484.0,2551.0,2492.0,2515.0,2528.0,2520.0714285714284,24.200550957903594,1.152623211446741,2.3675762439807384,False
Maharashtra,Sangli,Sangli,Onion,Local,FAQ,2026-05-19,2443.0,2634.0,2563.0,False,2026,5,19,1,139,2,Zaid,2547.0,2516.0,2552.0,2459.0,2536.0,2527.4285714285716,2524.0,23.60689971777617,0.07858546168958742,3.7820252135014236,False
Maharashtra,Sangli,Sangli,Onion,Local,FAQ,2026-05-20,2533.0,2648.0,2597.0,False,2026,5,20,2,140,2,Zaid,2563.0,2545.0,2526.0,2505.0,2551.6666666666665,2529.0,2531.4285714285716,25.78113005021464,0.6281900274833138,0.8383233532934131,False
Maharashtra,Sangli,Sangli,Onion,Local,FAQ,2026-05-21,2535.0,2718.0,2624.0,False,2026,5,21,3,141,2,Zaid,2597.0,2547.0,2522.0,2535.0,2569.0,2539.1428571428573,2538.0,36.24651050527286,1.3265704252828716,-0.5128205128205128,False
Maharashtra,Sangli,Sangli,Onion,Local,FAQ,2026-05-22,2440.0,2665.0,2580.0,False,2026,5,22,4,142,2,Zaid,2624.0,2563.0,2484.0,2523.0,2594.6666666666665,2553.714285714286,2544.3571428571427,47.08755775401084,1.0396611474778592,-1.5457788347205708,False
Maharashtra,Sangli,Sangli,Onion,Local,FAQ,2026-05-23,2527.0,2729.0,2617.0,False,2026,5,23,5,143,2,Zaid,2580.0,2597.0,2516.0,2520.0,2600.3333333333335,2567.4285714285716,2548.4285714285716,36.09643169277919,-1.676829268292683,-0.15873015873015872,False
Maharashtra,Sangli,Sangli,Onion,Local,FAQ,2026-05-24,2483.0,2764.0,2619.0,False,2026,5,24,6,144,2,Zaid,2617.0,2624.0,2545.0,2551.0,2607.0,2581.8571428571427,2555.3571428571427,32.075060776380255,1.4341085271317828,-0.2352018816150529,False
Maharashtra,Sangli,Sangli,Onion,Local,FAQ,2026-05-25,2480.0,2724.0,2576.0,False,2026,5,25,0,145,2,Zaid,2619.0,2580.0,2547.0,2551.0,2605.3333333333335,2592.4285714285716,2560.214285714286,30.032522054453715,0.07642338555598013,-0.15680125441003528,False
Maharashtra,Sangli,Sangli,Onion,Local,FAQ,2026-05-26,2476.0,2658.0,2575.0,False,2026,5,26,1,146,2,Zaid,2576.0,2617.0,2563.0,2552.0,2604.0,2596.5714285714284,2562.0,24.144406825416368,-1.6418480336006107,0.43103448275862066,False
Maharashtra,Sangli,Sangli,Onion,Local,FAQ,2026-05-27,2484.0,2605.0,2542.0,False,2026,5,27,2,147,2,Zaid,2575.0,2619.0,2597.0,2526.0,2590.0,2598.285714285714,2563.6428571428573,21.661904238476147,-0.03881987577639751,2.81076801266825,False
Maharashtra,Sangli,Sangli,Onion,Local,FAQ,2026-05-28,2496.0,2624.0,2559.0,False,2026,5,28,3,148,2,Zaid,2542.0,2576.0,2624.0,2522.0,2564.3333333333335,2590.4285714285716,2564.785714285714,30.4130297890767,-1.2815533980582523,4.044409199048374,False
Maharashtra,Sangli,Sangli,Onion,Local,FAQ,2026-05-29,2500.0,2653.0,2568.0,False,2026,5,29,4,149,2,Zaid,2559.0,2575.0,2580.0,2484.0,2558.6666666666665,2581.1428571428573,2567.4285714285716,28.30446708810861,0.6687647521636507,3.864734299516908,False
Maharashtra,Sangli,Sangli,Onion,Local,FAQ,2026-05-30,2405.0,2642.0,2545.0,False,2026,5,30,5,150,2,Zaid,2568.0,2542.0,2617.0,2516.0,2556.3333333333335,2579.4285714285716,2573.4285714285716,28.745185932338227,0.3516998827667058,4.014308426073132,False
Maharashtra,Sangli,Sangli,Onion,Local,FAQ,2026-05-31,2451.0,2574.0,2520.0,False,2026,5,31,6,151,2,Zaid,2545.0,2559.0,2619.0,2545.0,2557.3333333333335,2569.1428571428573,2575.5,25.79036364888888,-0.895638629283489,2.907662082514735,False
Maharashtra,Sangli,Sangli,Onion,Local,FAQ,2026-06-01,2466.0,2611.0,2533.0,False,2026,6,1,0,152,2,Kharif,2520.0,2568.0,2576.0,2547.0,2544.3333333333335,2555.0,2573.714285714286,20.49390153189953,-0.9823182711198428,1.138594424813506,False
Maharashtra,Sangli,Sangli,Onion,Local,FAQ,2026-06-02,2459.0,2616.0,2530.0,False,2026,6,2,1,153,2,Kharif,2533.0,2545.0,2575.0,2563.0,2532.6666666666665,2548.8571428571427,2572.714285714286,19.574035279985107,0.5158730158730158,0.46820132657042524,False
Maharashtra,Sangli,Sangli,Onion,Local,FAQ,2026-06-03,2404.0,2623.0,2504.0,False,2026,6,3,2,154,2,Kharif,2530.0,2520.0,2542.0,2597.0,2527.6666666666665,2542.4285714285716,2570.3571428571427,16.741735701085794,-0.11843663639952626,-2.117828263380824,False
Maharashtra,Sangli,Sangli,Onion,Local,FAQ,2026-06-04,2350.0,2629.0,2487.0,False,2026,6,4,3,155,2,Kharif,2504.0,2533.0,2559.0,2624.0,2522.3333333333335,2537.0,2563.714285714286,22.18107301280387,-1.0276679841897234,-2.4771341463414633,False
Maharashtra,Sangli,Sangli,Onion,Local,FAQ,2026-06-05,2436.0,2570.0,2492.0,False,2026,6,5,4,156,2,Kharif,2487.0,2530.0,2568.0,2580.0,2507.0,2526.714285714286,2553.9285714285716,26.54376440090671,-0.6789137380191693,-0.46511627906976744,False
Maharashtra,Sangli,Sangli,Onion,Local,FAQ,2026-06-06,2439.0,2578.0,2507.0,False,2026,6,6,5,157,2,Kharif,2492.0,2504.0,2545.0,2617.0,2494.3333333333335,2515.8571428571427,2547.6428571428573,21.995670569660312,0.2010454362685967,-2.751241880015285,False
Maharashtra,Sangli,Sangli,Onion,Local,FAQ,2026-06-07,2439.0,2624.0,2526.0,False,2026,6,7,6,158,2,Kharif,2507.0,2487.0,2520.0,2619.0,2495.3333333333335,2510.4285714285716,2539.785714285714,17.915143899838537,0.6019261637239166,-3.7800687285223367,False
Maharashtra,Sangli,Sangli,Onion,Local,FAQ,2026-06-08,2392.0,2613.0,2488.0,False,2026,6,8,0,159,2,Kharif,2526.0,2492.0,2533.0,2576.0,2508.3333333333335,2511.285714285714,2533.1428571428573,18.58058382391765,0.7578779417630634,-1.6692546583850931,False
Maharashtra,Sangli,Sangli,Onion,Local,FAQ,2026-06-09,2469.0,2598.0,2523.0,False,2026,6,9,1,160,2,Kharif,2488.0,2507.0,2530.0,2575.0,2507.0,2504.8571428571427,2526.8571428571427,17.572977090097858,-1.5043547110055424,-1.7475728155339807,False
Maharashtra,Sangli,Sangli,Onion,Local,FAQ,2026-06-10,2436.0,2640.0,2537.0,False,2026,6,10,2,161,2,Kharif,2523.0,2526.0,2504.0,2542.0,2512.3333333333335,2503.8571428571427,2523.1428571428573,16.035674514732595,1.4067524115755627,-1.4948859166011015,False
Maharashtra,Sangli,Sangli,Onion,Local,FAQ,2026-06-11,2484.0,2640.0,2545.0,False,2026,6,11,3,162,2,Kharif,2537.0,2488.0,2487.0,2559.0,2516.0,2508.5714285714284,2522.785714285714,20.35400978395336,0.5548949663099485,-2.813599062133646,False
Maharashtra,Sangli,Sangli,Onion,Local,FAQ,2026-06-12,2428.0,2593.0,2505.0,False,2026,6,12,4,163,2,Kharif,2545.0,2523.0,2492.0,2568.0,2535.0,2516.8571428571427,2521.785714285714,21.85885458593429,0.31533307055577453,-2.959501557632399,False
Maharashtra,Sangli,Sangli,Onion,Local,FAQ,2026-06-13,2458.0,2592.0,2510.0,False,2026,6,13,5,164,2,Kharif,2505.0,2537.0,2507.0,2545.0,2529.0,2518.714285714286,2517.285714285714,19.855429867861826,-1.5717092337917484,-1.493123772102161,False
Maharashtra,Sangli,Sangli,Onion,Local,FAQ,2026-06-14,2432.0,2633.0,2494.0,False,2026,6,14,6,165,2,Kharif,2510.0,2545.0,2526.0,2520.0,2520.0,2519.1428571428573,2514.785714285714,19.59105724071585,0.19960079840319359,0.2380952380952381,False
Maharashtra,Sangli,Sangli,Onion,Local,FAQ,2026-06-15,2358.0,2585.0,2467.0,False,2026,6,15,0,166,2,Kharif,2494.0,2505.0,2488.0,2533.0,2503.0,2514.5714285714284,2512.9285714285716,21.37644453485891,-0.6374501992031872,-1.7765495459928937,False
Maharashtra,Sangli,Sangli,Onion,Local,FAQ,2026-06-16,2407.0,2570.0,2466.0,False,2026,6,16,1,167,2,Kharif,2467.0,2510.0,2523.0,2530.0,2490.3333333333335,2511.5714285714284,2508.214285714286,26.56976441280434,-1.082598235765838,-0.2766798418972332,False
Maharashtra,Sangli,Sangli,Onion,Local,FAQ,2026-06-17,2394.0,2628.0,2503.0,False,2026,6,17,2,168,2,Kharif,2466.0,2494.0,2537.0,2504.0,2475.6666666666665,2503.4285714285716,2503.6428571428573,30.869926805096053,-0.040535062829347386,1.317891373801917,False
Maharashtra,Sangli,Sangli,Onion,Local,FAQ,2026-06-18,2399.0,2563.0,2477.0,False,2026,6,18,3,169,2,Kharif,2503.0,2467.0,2545.0,2487.0,2478.6666666666665,2498.5714285714284,2503.5714285714284,27.159142983877302,1.5004055150040552,2.332127060715722,False
Maharashtra,Sangli,Sangli,Onion,Local,FAQ,2026-06-19,2358.0,2580.0,2473.0,False,2026,6,19,4,170,2,Kharif,2477.0,2466.0,2505.0,2492.0,2482.0,2488.8571428571427,2502.8571428571427,18.59595450116059,-1.038753495805034,0.521669341894061,False
Maharashtra,Sangli,Sangli,Onion,Local,FAQ,2026-06-20,2378.0,2503.0,2438.0,False,2026,6,20,5,171,2,Kharif,2473.0,2503.0,2510.0,2507.0,2484.3333333333335,2484.285714285714,2501.5,17.88588163620975,-0.16148566814695195,0.11966493817311527,False
Maharashtra,Sangli,Sangli,Onion,Local,FAQ,2026-06-21,2377.0,2518.0,2452.0,False,2026,6,21,6,172,2,Kharif,2438.0,2477.0,2494.0,2526.0,2462.6666666666665,2474.0,2496.5714285714284,21.05548226313403,-1.4152850788515974,-1.2668250197941409,False
Maharashtra,Sangli,Sangli,Onion,Local,FAQ,2026-06-22,2370.0,2577.0,2437.0,False,2026,6,22,0,173,2,Kharif,2452.0,2473.0,2467.0,2488.0,2454.3333333333335,2468.0,2491.285714285714,20.379728490173704,0.5742411812961444,-0.8440514469453377,False
Maharashtra,Sangli,Sangli,Onion,Local,FAQ,2026-06-23,2357.0,2517.0,2415.0,False,2026,6,23,1,174,2,Kharif,2437.0,2438.0,2466.0,2523.0,2442.3333333333335,2463.714285714286,2487.6428571428573,23.535181365450736,-0.6117455138662317,-2.2592152199762188,False
Maharashtra,Sangli,Sangli,Onion,Local,FAQ,2026-06-24,2361.0,2512.0,2422.0,False,2026,6,24,2,175,2,Kharif,2415.0,2452.0,2503.0,2537.0,2434.6666666666665,2456.4285714285716,2479.9285714285716,29.77614897227311,-0.9027492819039803,-1.3401655498620417,False
Maharashtra,Sangli,Sangli,Onion,Local,FAQ,2026-06-25,2274.0,2558.0,2421.0,False,2026,6,25,3,176,2,Kharif,2422.0,2437.0,2477.0,2545.0,2424.6666666666665,2444.8571428571427,2471.714285714286,23.8007602919788,0.2898550724637681,-2.6719056974459727,False
Maharashtra,Sangli,Sangli,Onion,Local,FAQ,2026-06-26,2339.0,2523.0,2406.0,False,2026,6,26,4,177,2,Kharif,2421.0,2415.0,2473.0,2505.0,2419.3333333333335,2436.8571428571427,2462.8571428571427,20.35868832897394,-0.041288191577208914,-1.2774451097804391,False
Maharashtra,Sangli,Sangli,Onion,Local,FAQ,2026-06-27,2282.0,2531.0,2425.0,False,2026,6,27,5,178,2,Kharif,2406.0,2422.0,2438.0,2510.0,2416.3333333333335,2427.285714285714,2455.785714285714,15.766148184373296,-0.6195786864931847,-2.8685258964143427,False
Maharashtra,Sangli,Sangli,Onion,Local,FAQ,2026-06-28,2257.0,2453.0,2384.0,False,2026,6,28,6,179,2,Kharif,2425.0,2421.0,2452.0,2494.0,2417.3333333333335,2425.4285714285716,2449.714285714286,15.042796092678994,0.7896924355777223,-1.6840417000801924,False
Maharashtra,Sangli,Sangli,Onion,Local,FAQ,2026-06-29,2315.0,2490.0,2397.0,False,2026,6,29,0,180,2,Kharif,2384.0,2406.0,2437.0,2467.0,2405.0,2415.714285714286,2441.8571428571427,16.869245050437357,-1.6907216494845363,-1.2160518848804214,False
Maharashtra,Sangli,Sangli,Onion,Local,FAQ,2026-06-30,2296.0,2468.0,2357.0,False,2026,6,30,1,181,2,Kharif,2397.0,2425.0,2415.0,2466.0,2402.0,2410.0,2436.8571428571427,15.143755588811315,0.5453020134228188,-2.068126520681265,False
Maharashtra,Sangli,Sangli,Onion,Local,FAQ,2026-07-01,2279.0,2466.0,2358.0,False,2026,7,1,2,182,3,Kharif,2357.0,2384.0,2422.0,2503.0,2379.3333333333335,2401.714285714286,2429.0714285714284,24.763644627527665,-1.668752607425949,-3.2361166600079905,False
Maharashtra,Sangli,Sangli,Onion,Local,FAQ,2026-07-02,2253.0,2411.0,2356.0,False,2026,7,2,3,183,3,Kharif,2358.0,2397.0,2421.0,2477.0,2370.6666666666665,2392.5714285714284,2418.714285714286,27.669821965807806,0.04242681374628765,-2.2607993540573275,False
Maharashtra,Sangli,Sangli,Onion,Local,FAQ,2026-07-03,2242.0,2389.0,2326.0,False,2026,7,3,4,184,3,Kharif,2356.0,2357.0,2406.0,2473.0,2357.0,2383.285714285714,2410.0714285714284,27.4451834615586,-0.08481764206955046,-2.7092600080873432,False
Maharashtra,Sangli,Sangli,Onion,Local,FAQ,2026-07-04,2276.0,2469.0,2351.0,False,2026,7,4,5,185,3,Kharif,2326.0,2358.0,2425.0,2438.0,2346.6666666666665,2371.8571428571427,2399.5714285714284,32.58541888345321,-1.2733446519524618,-0.5332239540607054,False
Maharashtra,Sangli,Sangli,Onion,Local,FAQ,2026-07-05,2211.0,2447.0,2337.0,False,2026,7,5,6,186,3,Kharif,2351.0,2356.0,2384.0,2452.0,2344.3333333333335,2361.285714285714,2393.3571428571427,23.091948710291643,1.0748065348237317,-2.7732463295269167,False
Maharashtra,Sangli,Sangli,Onion,Local,FAQ,2026-07-06,2190.0,2418.0,2275.0,False,2026,7,6,0,187,3,Kharif,2337.0,2326.0,2397.0,2437.0,2338.0,2354.5714285714284,2385.1428571428573,22.202530958272774,-0.5954912803062526,-1.6413623307345095,False
Maharashtra,Sangli,Sangli,Onion,Local,FAQ,2026-07-07,2122.0,2402.0,2255.0,False,2026,7,7,1,188,3,Kharif,2275.0,2351.0,2357.0,2415.0,2321.0,2337.1428571428573,2373.5714285714284,29.89664736739387,-2.652973898160034,-2.401656314699793,False
Maharashtra,Sangli,Sangli,Onion,Local,FAQ,2026-07-08,2120.0,2332.0,2264.0,False,2026,7,8,2,189,3,Kharif,2255.0,2337.0,2358.0,2422.0,2289.0,2322.5714285714284,2362.1428571428573,41.2910690216812,-0.8791208791208791,-2.6424442609413705,False
Maharashtra,Sangli,Sangli,Onion,Local,FAQ,2026-07-09,2192.0,2373.0,2249.0,False,2026,7,9,3,190,3,Kharif,2264.0,2275.0,2356.0,2421.0,2264.6666666666665,2309.1428571428573,2350.8571428571427,43.094580368577645,0.3991130820399113,-2.6848409748038,False
Maharashtra,Sangli,Sangli,Onion,Local,FAQ,2026-07-10,2214.0,2408.0,2278.0,False,2026,7,10,4,191,3,Kharif,2249.0,2255.0,2326.0,2406.0,2256.0,2293.8571428571427,2338.5714285714284,42.67875572784684,-0.6625441696113075,-3.3250207813798838,False
Maharashtra,Sangli,Sangli,Onion,Local,FAQ,2026-07-11,2215.0,2351.0,2285.0,False,2026,7,11,5,192,3,Kharif,2278.0,2264.0,2351.0,2425.0,2263.6666666666665,2287.0,2329.4285714285716,40.45161719059451,1.2894619831036016,-3.0515463917525776,False
Maharashtra,Satara,Satara,Onion,Local,FAQ,2025-12-04,2006.0,2194.0,2078.0,False,2025,12,4,3,338,4,Rabi,,,,,,,,,,,False
Maharashtra,Satara,Satara,Onion,Local,FAQ,2025-12-05,2018.0,2222.0,2107.0,False,2025,12,5,4,339,4,Rabi,2078.0,,,,,,,,,,False
Maharashtra,Satara,Satara,Onion,Local,FAQ,2025-12-06,1965.0,2170.0,2115.0,False,2025,12,6,5,340,4,Rabi,2107.0,,,,,,,,1.395572666025024,,False
Maharashtra,Satara,Satara,Onion,Local,FAQ,2025-12-07,1948.0,2187.0,2096.0,False,2025,12,7,6,341,4,Rabi,2115.0,2078.0,,,2100.0,,,,0.37968675842429994,,False
Maharashtra,Satara,Satara,Onion,Local,FAQ,2025-12-08,1997.0,2228.0,2104.0,False,2025,12,8,0,342,4,Rabi,2096.0,2107.0,,,2106.0,,,,-0.8983451536643027,,False
Maharashtra,Satara,Satara,Onion,Local,FAQ,2025-12-09,1977.0,2205.0,2115.0,False,2025,12,9,1,343,4,Rabi,2104.0,2115.0,,,2105.0,,,,0.38167938931297707,,False
Maharashtra,Satara,Satara,Onion,Local,FAQ,2025-12-10,2013.0,2270.0,2144.0,False,2025,12,10,2,344,4,Rabi,2115.0,2096.0,,,2105.0,,,,0.5228136882129277,,False
Maharashtra,Satara,Satara,Onion,Local,FAQ,2025-12-11,1984.0,2208.0,2114.0,False,2025,12,11,3,345,4,Rabi,2144.0,2104.0,2078.0,,2121.0,2108.4285714285716,,20.222571076704863,1.3711583924349882,,False
Maharashtra,Satara,Satara,Onion,Local,FAQ,2025-12-12,2006.0,2161.0,2110.0,False,2025,12,12,4,346,4,Rabi,2114.0,2115.0,2107.0,,2124.3333333333335,2113.5714285714284,,15.131172490999475,-1.3992537313432836,,False
Maharashtra,Satara,Satara,Onion,Local,FAQ,2025-12-13,2031.0,2200.0,2113.0,False,2025,12,13,5,347,4,Rabi,2110.0,2144.0,2115.0,,2122.6666666666665,2114.0,,14.955489516116323,-0.1892147587511826,,False
Maharashtra,Satara,Satara,Onion,Local,FAQ,2025-12-14,2064.0,2248.0,2153.0,False,2025,12,14,6,348,4,Rabi,2113.0,2114.0,2096.0,,2112.3333333333335,2113.714285714286,,14.952305125679691,0.14218009478672985,,False
Maharashtra,Satara,Satara,Onion,Local,FAQ,2025-12-15,2058.0,2219.0,2132.0,False,2025,12,15,0,349,4,Rabi,2153.0,2110.0,2104.0,,2125.3333333333335,2121.8571428571427,,18.73880618243466,1.893043066729768,,False
Maharashtra,Satara,Satara,Onion,Local,FAQ,2025-12-16,2061.0,2269.0,2173.0,False,2025,12,16,1,350,4,Rabi,2132.0,2113.0,2115.0,,2132.6666666666665,2125.8571428571427,,17.218483977289726,-0.9753831862517418,,False
Maharashtra,Satara,Satara,Onion,Local,FAQ,2025-12-17,2110.0,2334.0,2198.0,False,2025,12,17,2,351,4,Rabi,2173.0,2153.0,2144.0,,2152.6666666666665,2134.1428571428573,,23.814761328697905,1.9230769230769231,,False
Maharashtra,Satara,Satara,Onion,Local,FAQ,2025-12-18,2083.0,2220.0,2136.0,False,2025,12,18,3,352,4,Rabi,2198.0,2132.0,2114.0,2078.0,2167.6666666666665,2141.8571428571427,2125.1428571428573,34.07554632200117,1.150483202945237,1.7324350336862366,False
Maharashtra,Satara,Satara,Onion,Local,FAQ,2025-12-19,2105.0,2283.0,2193.0,False,2025,12,19,4,353,4,Rabi,2136.0,2173.0,2110.0,2107.0,2169.0,2145.0,2129.285714285714,32.0312347560938,-2.820746132848044,0.14238253440911247,False
Maharashtra,Satara,Satara,Onion,Local,FAQ,2025-12-20,2107.0,2344.0,2218.0,False,2025,12,20,5,354,4,Rabi,2193.0,2198.0,2113.0,2115.0,2175.6666666666665,2156.8571428571427,2135.4285714285716,32.27707427586199,2.6685393258426964,-0.09456264775413711,False
Maharashtra,Satara,Satara,Onion,Local,FAQ,2025-12-21,2148.0,2401.0,2279.0,False,2025,12,21,6,355,4,Rabi,2218.0,2136.0,2153.0,2096.0,2182.3333333333335,2171.8571428571427,2142.785714285714,32.89087295602692,1.1399908800729595,2.719465648854962,False
Maharashtra,Satara,Satara,Onion,Local,FAQ,2025-12-22,2224.0,2441.0,2298.0,False,2025,12,22,0,356,4,Rabi,2279.0,2193.0,2132.0,2104.0,2230.0,2189.8571428571427,2155.8571428571427,50.5747913867125,2.7502254283137963,1.3307984790874523,False
Maharashtra,Satara,Satara,Onion,Local,FAQ,2025-12-23,2249.0,2448.0,2305.0,False,2025,12,23,1,357,4,Rabi,2298.0,2218.0,2173.0,2115.0,2265.0,2213.5714285714284,2169.714285714286,57.38425202921379,0.8336989907854322,2.7423167848699763,False
Maharashtra,Satara,Satara,Onion,Local,FAQ,2025-12-25,2202.0,2361.0,2280.0,False,2025,12,25,3,359,4,Rabi,2305.0,2279.0,2198.0,2144.0,2294.0,2232.4285714285716,2183.285714285714,63.221455068293906,0.30461270670147955,2.5186567164179103,False
Maharashtra,Satara,Satara,Onion,Local,FAQ,2025-12-26,2203.0,2395.0,2284.0,False,2025,12,26,4,360,4,Rabi,2280.0,2298.0,2136.0,2114.0,2294.3333333333335,2244.1428571428573,2193.0,63.375675069194315,-1.0845986984815619,1.0406811731315044,False
Maharashtra,Satara,Satara,Onion,Local,FAQ,2025-12-27,2197.0,2396.0,2319.0,False,2025,12,27,5,361,4,Rabi,2284.0,2305.0,2193.0,2110.0,2289.6666666666665,2265.285714285714,2205.1428571428573,42.550809963751604,0.17543859649122806,3.9336492890995256,False
Maharashtra,Satara,Satara,Onion,Local,FAQ,2025-12-28,2226.0,2412.0,2294.0,False,2025,12,28,6,362,4,Rabi,2319.0,2280.0,2218.0,2113.0,2294.3333333333335,2283.285714285714,2220.0714285714284,32.28887468728612,1.532399299474606,4.969238050165641,False
Maharashtra,Satara,Satara,Onion,Local,FAQ,2025-12-29,2221.0,2392.0,2289.0,False,2025,12,29,0,363,4,Rabi,2294.0,2284.0,2279.0,2153.0,2299.0,2294.1428571428573,2233.0,14.622227046839942,-1.0780508840017249,5.852299117510451,False
Maharashtra,Satara,Satara,Onion,Local,FAQ,2025-12-30,2167.0,2350.0,2274.0,False,2025,12,30,1,364,4,Rabi,2289.0,2319.0,2298.0,2132.0,2300.6666666666665,2295.5714285714284,2242.714285714286,13.327379623123893,-0.2179598953792502,7.786116322701689,False
Maharashtra,Satara,Satara,Onion,Local,FAQ,2025-12-31,2136.0,2380.0,2282.0,False,2025,12,31,2,365,4,Rabi,2274.0,2294.0,2305.0,2173.0,2285.6666666666665,2292.1428571428573,2252.8571428571427,15.507294750407286,-0.655307994757536,6.074551311550851,False
Maharashtra,Satara,Satara,Onion,Local,FAQ,2026-01-01,2233.0,2400.0,2287.0,False,2026,1,1,3,1,1,Rabi,2282.0,2289.0,2280.0,2198.0,2281.6666666666665,2288.8571428571427,2260.6428571428573,14.74707396319752,0.3518029903254178,3.7306642402183803,False
Maharashtra,Satara,Satara,Onion,Local,FAQ,2026-01-02,2176.0,2431.0,2321.0,False,2026,1,2,4,2,1,Rabi,2287.0,2274.0,2284.0,2136.0,2281.0,2289.8571428571427,2267.0,14.276187299463,0.21910604732690622,6.928838951310862,False
Maharashtra,Satara,Satara,Onion,Local,FAQ,2026-01-03,2250.0,2394.0,2323.0,False,2026,1,3,5,3,1,Rabi,2321.0,2282.0,2319.0,2193.0,2296.6666666666665,2295.1428571428573,2280.214285714286,18.08709089772778,1.4866637516397025,5.745554035567715,False
Maharashtra,Satara,Satara,Onion,Local,FAQ,2026-01-04,2213.0,2415.0,2324.0,False,2026,1,4,6,4,1,Rabi,2323.0,2287.0,2294.0,2218.0,2310.3333333333335,2295.714285714286,2289.5,19.00626463137627,0.08616975441619991,3.4265103697024344,False
Maharashtra,Satara,Satara,Onion,Local,FAQ,2026-01-05,2164.0,2369.0,2292.0,False,2026,1,5,0,5,1,Rabi,2324.0,2321.0,2289.0,2279.0,2322.6666666666665,2300.0,2297.0714285714284,21.74089847882252,0.04304778303917348,0.4387889425186486,False
Maharashtra,Satara,Satara,Onion,Local,FAQ,2026-01-06,2143.0,2367.0,2275.0,False,2026,1,6,1,6,1,Rabi,2292.0,2323.0,2274.0,2298.0,2313.0,2300.4285714285716,2298.0,21.516328240482412,-1.376936316695353,-1.0443864229765014,False
Maharashtra,Satara,Satara,Onion,Local,FAQ,2026-01-07,2146.0,2353.0,2258.0,False,2026,1,7,2,7,1,Rabi,2275.0,2324.0,2282.0,2305.0,2297.0,2300.5714285714284,2296.3571428571427,21.313979316061857,-0.7417102966841187,-0.9978308026030369,False
Maharashtra,Satara,Satara,Onion,Local,FAQ,2026-01-08,2156.0,2332.0,2265.0,False,2026,1,8,3,8,1,Rabi,2258.0,2292.0,2287.0,2280.0,2275.0,2297.1428571428573,2293.0,26.175233659752884,-0.7472527472527473,0.30701754385964913,False
Maharashtra,Satara,Satara,Onion,Local,FAQ,2026-01-09,2209.0,2341.0,2281.0,False,2026,1,9,4,9,1,Rabi,2265.0,2275.0,2321.0,2284.0,2266.0,2294.0,2291.9285714285716,28.786570943175445,0.3100088573959256,1.6199649737302975,False
Maharashtra,Satara,Satara,Onion,Local,FAQ,2026-01-10,2239.0,2405.0,2291.0,False,2026,1,10,5,10,1,Rabi,2281.0,2258.0,2323.0,2319.0,2268.0,2288.285714285714,2291.714285714286,26.40526642997391,0.7064017660044151,0.172488141440276,False
Maharashtra,Satara,Satara,Onion,Local,FAQ,2026-01-11,2243.0,2405.0,2316.0,False,2026,1,11,6,11,1,Rabi,2291.0,2265.0,2324.0,2294.0,2279.0,2283.714285714286,2289.714285714286,21.754036297614082,0.4384042086804033,1.3077593722755012,False
Maharashtra,Satara,Satara,Onion,Local,FAQ,2026-01-12,2262.0,2471.0,2371.0,False,2026,1,12,0,12,1,Rabi,2316.0,2281.0,2292.0,2289.0,2296.0,2282.5714285714284,2291.285714285714,19.363687173474975,1.0912265386294195,0.1310615989515072,False
Maharashtra,Satara,Satara,Onion,Local,FAQ,2026-01-13,2258.0,2473.0,2351.0,False,2026,1,13,1,13,1,Rabi,2371.0,2291.0,2275.0,2274.0,2326.0,2293.8571428571427,2297.1428571428573,38.92055400182959,2.3747841105354057,0.04397537379067722,False
Maharashtra,Satara,Satara,Onion,Local,FAQ,2026-01-15,2329.0,2464.0,2406.0,False,2026,1,15,3,15,1,Rabi,2351.0,2316.0,2258.0,2282.0,2346.0,2304.714285714286,2302.6428571428573,43.15365680029787,-0.8435259384226065,-1.0517090271691498,False
Maharashtra,Satara,Satara,Onion,Local,FAQ,2026-01-16,2388.0,2586.0,2447.0,False,2026,1,16,4,16,1,Rabi,2406.0,2371.0,2265.0,2287.0,2376.0,2325.8571428571427,2311.5,51.834443411782715,2.3394300297745643,-0.9619588981198076,False
Maharashtra,Satara,Satara,Onion,Local,FAQ,2026-01-17,2359.0,2517.0,2432.0,False,2026,1,17,5,17,1,Rabi,2447.0,2351.0,2281.0,2321.0,2401.3333333333335,2351.8571428571427,2322.9285714285716,61.0476004754428,1.7040731504571904,-1.7233950883239983,False
Maharashtra,Satara,Satara,Onion,Local,FAQ,2026-01-18,2350.0,2509.0,2407.0,False,2026,1,18,6,18,1,Rabi,2432.0,2406.0,2291.0,2323.0,2428.3333333333335,2373.4285714285716,2330.8571428571427,58.46040581127364,-0.6129955046996322,-1.3775290572535515,False
Maharashtra,Satara,Satara,Onion,Local,FAQ,2026-01-19,2275.0,2528.0,2413.0,False,2026,1,19,0,19,1,Rabi,2407.0,2447.0,2316.0,2324.0,2428.6666666666665,2390.0,2336.8571428571427,46.39683897278355,-1.0279605263157896,-0.34423407917383825,False
Maharashtra,Satara,Satara,Onion,Local,FAQ,2026-01-20,2271.0,2456.0,2374.0,False,2026,1,20,1,20,1,Rabi,2413.0,2432.0,2371.0,2292.0,2417.3333333333335,2403.8571428571427,2343.214285714286,33.22864512950507,0.24927295388450355,3.446771378708551,False
Maharashtra,Satara,Satara,Onion,Local,FAQ,2026-01-21,2255.0,2520.0,2404.0,False,2026,1,21,2,21,1,Rabi,2374.0,2407.0,2351.0,2275.0,2398.0,2404.285714285714,2349.0714285714284,32.75013631377967,-1.6162453377538335,3.3406593406593412,False
Maharashtra,Satara,Satara,Onion,Local,FAQ,2026-01-22,2268.0,2497.0,2374.0,False,2026,1,22,3,22,1,Rabi,2404.0,2413.0,2406.0,2258.0,2397.0,2411.8571428571427,2358.285714285714,23.075445618143664,1.2636899747262005,6.554472984942426,False
Maharashtra,Satara,Satara,Onion,Local,FAQ,2026-01-23,2250.0,2502.0,2356.0,False,2026,1,23,4,23,1,Rabi,2374.0,2374.0,2447.0,2265.0,2384.0,2407.285714285714,2366.5714285714284,27.225688149940495,-1.2479201331114809,8.035320088300221,False
Maharashtra,Satara,Satara,Onion,Local,FAQ,2026-01-24,2287.0,2474.0,2355.0,False,2026,1,24,5,24,1,Rabi,2356.0,2404.0,2432.0,2281.0,2378.0,2394.285714285714,2373.0714285714284,26.824828584189326,-0.7582139848357203,6.619903551074089,False
Maharashtra,Satara,Satara,Onion,Local,FAQ,2026-01-25,2299.0,2454.0,2359.0,False,2026,1,25,6,25,1,Rabi,2355.0,2374.0,2407.0,2291.0,2361.6666666666665,2383.285714285714,2378.3571428571427,24.46571945746006,-0.042444821731748725,5.063291139240507,False
Maharashtra,Satara,Satara,Onion,Local,FAQ,2026-01-26,2198.0,2409.0,2324.0,False,2026,1,26,0,26,1,Rabi,2359.0,2356.0,2413.0,2316.0,2356.6666666666665,2376.4285714285716,2383.214285714286,23.41550158090623,0.16985138004246286,4.1882556131260795,False
Maharashtra,Satara,Satara,Onion,Local,FAQ,2026-01-27,2208.0,2424.0,2351.0,False,2026,1,27,1,27,1,Rabi,2324.0,2355.0,2374.0,2371.0,2346.0,2363.714285714286,2383.785714285714,24.39066956654656,-1.483679525222552,0.12652889076339097,False
Maharashtra,Satara,Satara,Onion,Local,FAQ,2026-01-28,2276.0,2431.0,2366.0,False,2026,1,28,2,28,1,Rabi,2351.0,2359.0,2404.0,2351.0,2344.6666666666665,2360.4285714285716,2382.3571428571427,24.3232203381613,1.161790017211704,2.2543598468736707,False
Maharashtra,Satara,Satara,Onion,Local,FAQ,2026-01-29,2295.0,2509.0,2397.0,False,2026,1,29,3,29,1,Rabi,2366.0,2324.0,2374.0,2406.0,2347.0,2355.0,2383.4285714285716,15.684387141348264,0.6380263717566993,-1.3300083125519535,False
Maharashtra,Satara,Satara,Onion,Local,FAQ,2026-01-30,2341.0,2526.0,2400.0,False,2026,1,30,4,30,1,Rabi,2397.0,2351.0,2356.0,2447.0,2371.3333333333335,2358.285714285714,2382.785714285714,21.615690949812034,1.3102282333051563,-3.7188393951777683,False
Maharashtra,Satara,Satara,Onion,Local,FAQ,2026-01-31,2276.0,2525.0,2404.0,False,2026,1,31,5,31,1,Rabi,2400.0,2366.0,2355.0,2432.0,2387.6666666666665,2364.5714285714284,2379.4285714285716,26.65118598271767,0.1251564455569462,-3.1661184210526314,False
Maharashtra,Satara,Satara,Onion,Local,FAQ,2026-02-01,2346.0,2480.0,2400.0,False,2026,2,1,6,32,1,Rabi,2404.0,2397.0,2359.0,2407.0,2400.3333333333335,2371.5714285714284,2377.4285714285716,29.949163276326697,0.16666666666666669,-1.9941836310760284,False
Maharashtra,Satara,Satara,Onion,Local,FAQ,2026-02-02,2321.0,2524.0,2380.0,False,2026,2,2,0,33,1,Rabi,2400.0,2400.0,2324.0,2413.0,2401.3333333333335,2377.4285714285716,2376.9285714285716,31.069047527811527,-0.16638935108153077,-3.6883547451305425,False
Maharashtra,Satara,Satara,Onion,Local,FAQ,2026-02-03,2242.0,2428.0,2347.0,False,2026,2,3,1,34,1,Rabi,2380.0,2404.0,2351.0,2374.0,2394.6666666666665,2385.4285714285716,2374.5714285714284,20.39491066300815,-0.8333333333333334,-0.9688289806234204,False
Maharashtra,Satara,Satara,Onion,Local,FAQ,2026-02-04,2209.0,2421.0,2319.0,False,2026,2,4,2,35,1,Rabi,2347.0,2400.0,2366.0,2404.0,2375.6666666666665,2384.8571428571427,2372.6428571428573,21.543974961518984,-1.3865546218487395,-1.5806988352745424,False
Maharashtra,Satara,Satara,Onion,Local,FAQ,2026-02-05,2124.0,2366.0,2266.0,False,2026,2,5,3,36,1,Rabi,2319.0,2380.0,2397.0,2374.0,2348.6666666666665,2378.1428571428573,2366.5714285714284,32.78937110013769,-1.1930123561994035,0.9688289806234204,False
Maharashtra,Satara,Satara,Onion,Local,FAQ,2026-02-06,2180.0,2406.0,2268.0,False,2026,2,6,4,37,1,Rabi,2266.0,2347.0,2400.0,2356.0,2310.6666666666665,2359.4285714285716,2358.8571428571427,51.993131414499054,-2.2854678740836567,1.8675721561969438,False
Maharashtra,Satara,Satara,Onion,Local,FAQ,2026-02-07,2128.0,2396.0,2265.0,False,2026,2,7,5,38,1,Rabi,2268.0,2319.0,2404.0,2355.0,2284.3333333333335,2340.5714285714284,2352.5714285714284,58.371960000374564,0.088261253309797,2.08067940552017,False
Maharashtra,Satara,Satara,Onion,Local,FAQ,2026-02-08,2190.0,2338.0,2248.0,False,2026,2,8,6,39,1,Rabi,2265.0,2266.0,2400.0,2359.0,2266.3333333333335,2320.714285714286,2346.1428571428573,56.820519432428526,-0.13227513227513227,1.7380245866892752,False
Maharashtra,Satara,Satara,Onion,Local,FAQ,2026-02-09,2206.0,2392.0,2273.0,False,2026,2,9,0,40,1,Rabi,2248.0,2268.0,2380.0,2324.0,2260.3333333333335,2299.0,2338.214285714286,50.11985634456165,-0.7505518763796909,2.4096385542168677,False
Maharashtra,Satara,Satara,Onion,Local,FAQ,2026-02-10,2160.0,2406.0,2274.0,False,2026,2,10,1,41,1,Rabi,2273.0,2265.0,2347.0,2351.0,2262.0,2283.714285714286,2334.5714285714284,35.47635027128455,1.112099644128114,-0.1701403658017865,False
Maharashtra,Satara,Satara,Onion,Local,FAQ,2026-02-11,2211.0,2410.0,2274.0,False,2026,2,11,2,42,1,Rabi,2274.0,2248.0,2319.0,2366.0,2265.0,2273.285714285714,2329.0714285714284,21.90672869015735,0.04399472063352398,-1.9864750633981403,False
Maharashtra,Satara,Satara,Onion,Local,FAQ,2026-02-12,2162.0,2399.0,2273.0,False,2026,2,12,3,43,1,Rabi,2274.0,2273.0,2266.0,2397.0,2273.6666666666665,2266.8571428571427,2322.5,9.136530549150601,0.0,-5.465164789319983,False
Maharashtra,Satara,Satara,Onion,Local,FAQ,2026-02-13,2227.0,2394.0,2294.0,False,2026,2,13,4,44,1,Rabi,2273.0,2274.0,2268.0,2400.0,2273.6666666666665,2267.8571428571427,2313.6428571428573,9.40617831404268,-0.04397537379067722,-5.5,False
Maharashtra,Satara,Satara,Onion,Local,FAQ,2026-02-14,2180.0,2324.0,2267.0,False,2026,2,14,5,45,1,Rabi,2294.0,2274.0,2265.0,2404.0,2280.3333333333335,2271.5714285714284,2306.0714285714284,13.648652471401963,0.9238891333040036,-5.782029950083194,False
Maharashtra,Satara,Satara,Onion,Local,FAQ,2026-02-15,2206.0,2323.0,2259.0,False,2026,2,15,6,46,1,Rabi,2267.0,2273.0,2248.0,2400.0,2278.0,2271.8571428571427,2296.285714285714,13.508374827327838,-1.176983435047951,-6.333333333333334,False
Maharashtra,Satara,Satara,Onion,Local,FAQ,2026-02-16,2114.0,2354.0,2261.0,False,2026,2,16,0,47,1,Rabi,2259.0,2294.0,2273.0,2380.0,2273.3333333333335,2273.4285714285716,2286.214285714286,10.596495377487605,-0.35288928098808997,-4.495798319327731,False
Maharashtra,Satara,Satara,Onion,Local,FAQ,2026-02-17,2193.0,2375.0,2274.0,False,2026,2,17,1,48,1,Rabi,2261.0,2267.0,2274.0,2347.0,2262.3333333333335,2271.714285714286,2277.714285714286,11.6004926003521,0.08853474988933156,-3.110353642948445,False
Maharashtra,Satara,Satara,Onion,Local,FAQ,2026-02-20,2185.0,2390.0,2241.0,False,2026,2,20,4,51,1,Rabi,2274.0,2259.0,2274.0,2319.0,2264.6666666666665,2271.714285714286,2272.5,11.6004926003521,0.574966828836798,-1.9404915912031047,False
Maharashtra,Satara,Satara,Onion,Local,FAQ,2026-02-21,2223.0,2399.0,2279.0,False,2026,2,21,5,52,1,Rabi,2241.0,2261.0,2273.0,2266.0,2258.6666666666665,2267.0,2266.9285714285716,16.278820596080518,-1.4511873350923483,0.3089143865842895,False
Maharashtra,Satara,Satara,Onion,Local,FAQ,2026-02-22,2144.0,2319.0,2263.0,False,2026,2,22,6,53,1,Rabi,2279.0,2274.0,2294.0,2268.0,2264.6666666666665,2267.8571428571427,2267.8571428571427,16.79710859470274,1.6956715751896476,1.1463844797178129,False
Maharashtra,Satara,Satara,Onion,Local,FAQ,2026-02-23,2155.0,2406.0,2256.0,False,2026,2,23,0,54,1,Rabi,2263.0,2241.0,2267.0,2265.0,2261.0,2263.4285714285716,2267.5,12.218253323821422,-0.7020623080298377,0.08830022075055188,False
Maharashtra,Satara,Satara,Onion,Local,FAQ,2026-02-24,2186.0,2379.0,2267.0,False,2026,2,24,1,55,1,Rabi,2256.0,2279.0,2259.0,2248.0,2266.0,2261.8571428571427,2266.8571428571427,12.388550781892997,-0.30932390631904555,0.4893238434163701,False
Maharashtra,Satara,Satara,Onion,Local,FAQ,2026-02-25,2194.0,2390.0,2297.0,False,2026,2,25,2,56,1,Rabi,2267.0,2263.0,2261.0,2273.0,2262.0,2263.0,2268.214285714286,12.44989959796287,0.4875886524822695,-0.5279366476022878,False
Maharashtra,Satara,Satara,Onion,Local,FAQ,2026-02-26,2175.0,2353.0,2262.0,False,2026,2,26,3,57,1,Rabi,2297.0,2256.0,2274.0,2274.0,2273.3333333333335,2268.1428571428573,2269.9285714285716,17.78040655165775,1.3233348037053374,0.0,False
Maharashtra,Satara,Satara,Onion,Local,FAQ,2026-02-27,2124.0,2380.0,2257.0,False,2026,2,27,4,58,1,Rabi,2262.0,2267.0,2241.0,2274.0,2275.3333333333335,2266.4285714285716,2269.0714285714284,17.699878934192867,-1.52372659991293,-1.4511873350923483,False
Maharashtra,Satara,Satara,Onion,Local,FAQ,2026-02-28,2190.0,2318.0,2242.0,False,2026,2,28,5,59,1,Rabi,2257.0,2297.0,2279.0,2273.0,2272.0,2268.714285714286,2267.8571428571427,14.636874503714045,-0.22104332449160036,0.2639683238011439,False
Maharashtra,Satara,Satara,Onion,Local,FAQ,2026-03-01,2052.0,2242.0,2178.0,False,2026,3,1,6,60,1,Rabi,2242.0,2262.0,2263.0,2294.0,2253.6666666666665,2263.4285714285716,2265.6428571428573,16.82118845241738,-0.664599025254763,-1.3513513513513513,False
Maharashtra,Satara,Satara,Onion,Local,FAQ,2026-03-02,2090.0,2215.0,2141.0,False,2026,3,2,0,61,1,Rabi,2178.0,2257.0,2256.0,2267.0,2225.6666666666665,2251.285714285714,2257.3571428571427,36.43127907770206,-2.8545941123996434,-0.4852227613586237,False
Maharashtra,Satara,Satara,Onion,Local,FAQ,2026-03-03,1997.0,2275.0,2145.0,False,2026,3,3,1,62,1,Rabi,2141.0,2242.0,2267.0,2259.0,2187.0,2234.8571428571427,2248.3571428571427,55.09818076678014,-1.6988062442607896,0.35413899955732625,False
Maharashtra,Satara,Satara,Onion,Local,FAQ,2026-03-04,2084.0,2250.0,2145.0,False,2026,3,4,2,63,1,Rabi,2145.0,2178.0,2297.0,2261.0,2154.6666666666665,2217.4285714285716,2240.214285714286,62.08826282761962,0.18682858477347034,1.592215833701902,False
Maharashtra,Satara,Satara,Onion,Local,FAQ,2026-03-05,2064.0,2293.0,2159.0,False,2026,3,5,3,64,1,Rabi,2145.0,2141.0,2262.0,2274.0,2143.6666666666665,2195.714285714286,2231.9285714285716,55.8919024716807,0.0,-0.5277044854881267,False
Maharashtra,Satara,Satara,Onion,Local,FAQ,2026-03-06,2094.0,2241.0,2159.0,False,2026,3,6,4,65,1,Rabi,2159.0,2145.0,2257.0,2241.0,2149.6666666666665,2181.0,2223.714285714286,48.61755512842776,0.6526806526806527,0.71396697902722,False
Maharashtra,Satara,Satara,Onion,Local,FAQ,2026-03-07,2011.0,2233.0,2135.0,False,2026,3,7,5,66,1,Rabi,2159.0,2145.0,2242.0,2279.0,2154.3333333333335,2167.0,2217.8571428571427,35.3977400408414,0.0,-1.6235190873189995,False
Maharashtra,Satara,Satara,Onion,Local,FAQ,2026-03-08,2005.0,2230.0,2101.0,False,2026,3,8,6,67,1,Rabi,2135.0,2159.0,2178.0,2263.0,2151.0,2151.714285714286,2207.5714285714284,14.614083227159616,-1.11162575266327,-3.756076005302696,False
Maharashtra,Satara,Satara,Onion,Local,FAQ,2026-03-09,1922.0,2207.0,2061.0,False,2026,3,9,0,68,1,Rabi,2101.0,2159.0,2141.0,2256.0,2131.6666666666665,2140.714285714286,2196.0,19.64445880913077,-1.592505854800937,-5.097517730496453,False
Maharashtra,Satara,Satara,Onion,Local,FAQ,2026-03-10,1925.0,2138.0,2044.0,False,2026,3,10,1,69,1,Rabi,2061.0,2135.0,2145.0,2267.0,2099.0,2129.285714285714,2182.0714285714284,35.95234941655767,-1.9038553069966682,-5.381561535068372,False
Maharashtra,Satara,Satara,Onion,Local,FAQ,2026-03-11,1995.0,2204.0,2070.0,False,2026,3,11,2,70,1,Rabi,2044.0,2101.0,2145.0,2297.0,2068.6666666666665,2114.8571428571427,2166.1428571428573,47.12546576754739,-0.8248423095584668,-6.617326948193296,False
Maharashtra,Satara,Satara,Onion,Local,FAQ,2026-03-12,2008.0,2264.0,2124.0,False,2026,3,12,3,71,1,Rabi,2070.0,2061.0,2159.0,2262.0,2058.3333333333335,2104.1428571428573,2149.9285714285716,47.653011697144976,1.2720156555772992,-4.553492484526967,False
Maharashtra,Satara,Satara,Onion,Local,FAQ,2026-03-13,1995.0,2220.0,2109.0,False,2026,3,13,4,72,1,Rabi,2124.0,2044.0,2159.0,2257.0,2079.3333333333335,2099.1428571428573,2140.0714285714284,42.494817611188985,2.608695652173913,-4.342046964997785,False
Maharashtra,Satara,Satara,Onion,Local,FAQ,2026-03-14,2044.0,2233.0,2109.0,False,2026,3,14,5,73,1,Rabi,2109.0,2070.0,2135.0,2242.0,2101.0,2092.0,2129.5,34.13697897195942,-0.7062146892655368,-4.772524531668154,False
Maharashtra,Satara,Satara,Onion,Local,FAQ,2026-03-15,1990.0,2209.0,2091.0,False,2026,3,15,6,74,1,Rabi,2109.0,2124.0,2101.0,2178.0,2114.0,2088.285714285714,2120.0,29.820095493420983,0.0,-3.535353535353535,False
Maharashtra,Satara,Satara,Onion,Local,FAQ,2026-03-16,2025.0,2133.0,2082.0,False,2026,3,16,0,75,1,Rabi,2091.0,2109.0,2061.0,2141.0,2103.0,2086.8571428571427,2113.785714285714,29.345235680455893,-0.8534850640113799,-3.7365716954694066,False
Maharashtra,Satara,Satara,Onion,Local,FAQ,2026-03-17,1940.0,2210.0,2086.0,False,2026,3,17,1,76,1,Rabi,2082.0,2109.0,2044.0,2145.0,2094.0,2089.8571428571427,2109.5714285714284,27.260646675042686,-0.430416068866571,-4.708624708624709,False
Maharashtra,Satara,Satara,Onion,Local,FAQ,2026-03-18,1967.0,2179.0,2052.0,False,2026,3,18,2,77,1,Rabi,2086.0,2091.0,2070.0,2145.0,2086.3333333333335,2095.8571428571427,2105.3571428571427,18.792095602714024,0.19212295869356388,-3.4965034965034967,False
Maharashtra,Satara,Satara,Onion,Local,FAQ,2026-03-19,1912.0,2097.0,2028.0,False,2026,3,19,3,78,1,Rabi,2052.0,2082.0,2124.0,2159.0,2073.3333333333335,2093.285714285714,2098.714285714286,23.54934030010403,-1.6299137104506232,-1.6211208893006022,False
Maharashtra,Satara,Satara,Onion,Local,FAQ,2026-03-20,1981.0,2110.0,2058.0,False,2026,3,20,4,79,1,Rabi,2028.0,2086.0,2109.0,2159.0,2055.3333333333335,2079.5714285714284,2089.3571428571427,29.80412243774887,-1.1695906432748537,-2.3158869847151458,False
Maharashtra,Satara,Satara,Onion,Local,FAQ,2026-03-21,2018.0,2223.0,2076.0,False,2026,3,21,5,80,1,Rabi,2058.0,2052.0,2109.0,2135.0,2046.0,2072.285714285714,2082.1428571428573,27.56032344821094,1.4792899408284024,-1.2177985948477752,False
Maharashtra,Satara,Satara,Onion,Local,FAQ,2026-03-22,1989.0,2189.0,2101.0,False,2026,3,22,6,81,1,Rabi,2076.0,2028.0,2091.0,2101.0,2054.0,2067.5714285714284,2077.9285714285716,22.611627855691193,0.8746355685131195,-0.47596382674916704,False
Maharashtra,Satara,Satara,Onion,Local,FAQ,2026-03-23,2011.0,2144.0,2082.0,False,2026,3,23,0,82,1,Rabi,2101.0,2058.0,2082.0,2061.0,2078.3333333333335,2069.0,2077.9285714285716,24.569628948464626,1.2042389210019269,1.0189228529839884,False
Maharashtra,Satara,Satara,Onion,Local,FAQ,2026-03-24,2001.0,2218.0,2115.0,False,2026,3,24,1,83,1,Rabi,2082.0,2076.0,2086.0,2044.0,2086.3333333333335,2069.0,2079.4285714285716,24.569628948464626,-0.9043312708234174,2.054794520547945,False
Maharashtra,Satara,Satara,Onion,Local,FAQ,2026-03-25,2075.0,2276.0,2129.0,False,2026,3,25,2,84,1,Rabi,2115.0,2101.0,2052.0,2070.0,2099.3333333333335,2073.1428571428573,2084.5,29.80172574099428,1.585014409221902,-0.8695652173913043,False
Maharashtra,Satara,Satara,Onion,Local,FAQ,2026-03-26,1965.0,2223.0,2113.0,False,2026,3,26,3,85,1,Rabi,2129.0,2082.0,2028.0,2124.0,2108.6666666666665,2084.1428571428573,2088.714285714286,34.53224855804828,0.6619385342789598,-4.519774011299435,False
Maharashtra,Satara,Satara,Onion,Local,FAQ,2026-03-27,2028.0,2261.0,2136.0,False,2026,3,27,4,86,1,Rabi,2113.0,2115.0,2058.0,2109.0,2119.0,2096.285714285714,2087.9285714285716,25.177465358996233,-0.7515265382808831,-2.418207681365576,False
Maharashtra,Satara,Satara,Onion,Local,FAQ,2026-03-28,2086.0,2233.0,2149.0,False,2026,3,28,5,87,1,Rabi,2136.0,2129.0,2076.0,2109.0,2126.0,2107.4285714285716,2089.8571428571427,22.530402739804586,1.0884997633696167,-1.5647226173541962,False
Maharashtra,Satara,Satara,Onion,Local,FAQ,2026-03-29,2033.0,2248.0,2176.0,False,2026,3,29,6,88,1,Rabi,2149.0,2113.0,2101.0,2091.0,2132.6666666666665,2117.8571428571427,2092.714285714286,22.45312577664086,0.6086142322097379,0.47824007651841227,False
Maharashtra,Satara,Satara,Onion,Local,FAQ,2026-03-30,2056.0,2261.0,2150.0,False,2026,3,30,0,89,1,Rabi,2176.0,2136.0,2082.0,2082.0,2153.6666666666665,2128.5714285714284,2098.785714285714,29.77055112497184,1.2563983248022337,0.0,False
Maharashtra,Satara,Satara,Onion,Local,FAQ,2026-03-31,1957.0,2175.0,2101.0,False,2026,3,31,1,90,1,Rabi,2150.0,2149.0,2115.0,2086.0,2158.3333333333335,2138.285714285714,2103.6428571428573,22.16389169881917,-1.1948529411764706,1.3902205177372962,False
Maharashtra,Satara,Satara,Onion,Local,FAQ,2026-04-01,1956.0,2210.0,2095.0,False,2026,4,1,2,91,2,Zaid,2101.0,2176.0,2129.0,2052.0,2142.3333333333335,2136.285714285714,2104.714285714286,25.058027893344736,-2.27906976744186,3.752436647173489,False
Maharashtra,Satara,Satara,Onion,Local,FAQ,2026-04-02,2010.0,2221.0,2089.0,False,2026,4,2,3,92,2,Zaid,2095.0,2150.0,2113.0,2028.0,2115.3333333333335,2131.4285714285716,2107.785714285714,29.590860879972805,-0.28557829604950025,4.191321499013807,False
Maharashtra,Satara,Satara,Onion,Local,FAQ,2026-04-04,1957.0,2214.0,2091.0,False,2026,4,4,5,94,2,Zaid,2089.0,2101.0,2136.0,2058.0,2095.0,2128.0,2112.1428571428573,33.246553706093685,-0.2863961813842482,3.7900874635568513,False
Maharashtra,Satara,Satara,Onion,Local,FAQ,2026-04-05,2040.0,2213.0,2108.0,False,2026,4,5,6,95,2,Zaid,2091.0,2095.0,2149.0,2076.0,2091.6666666666665,2121.5714285714284,2114.5,35.70180734385663,0.09573958831977022,3.5163776493256265,False
Maharashtra,Satara,Satara,Onion,Local,FAQ,2026-04-06,1989.0,2281.0,2137.0,False,2026,4,6,0,96,2,Zaid,2108.0,2089.0,2176.0,2101.0,2096.0,2115.714285714286,2116.785714285714,33.76247564832211,0.8130081300813009,3.5697287006187532,False
Maharashtra,Satara,Satara,Onion,Local,FAQ,2026-04-07,2015.0,2218.0,2147.0,False,2026,4,7,1,97,2,Zaid,2137.0,2091.0,2150.0,2082.0,2112.0,2110.1428571428573,2119.3571428571427,23.947362912749885,1.3757115749525617,3.266090297790586,False
Maharashtra,Satara,Satara,Onion,Local,FAQ,2026-04-08,2030.0,2265.0,2131.0,False,2026,4,8,2,98,2,Zaid,2147.0,2108.0,2101.0,2115.0,2130.6666666666665,2109.714285714286,2124.0,23.128008169825595,0.4679457182966776,-0.6619385342789598,False
Maharashtra,Satara,Satara,Onion,Local,FAQ,2026-04-09,2030.0,2240.0,2139.0,False,2026,4,9,3,99,2,Zaid,2131.0,2137.0,2095.0,2129.0,2138.3333333333335,2114.0,2125.1428571428573,24.006943440015604,-0.7452258965999069,-1.5969938938468764,False
Maharashtra,Satara,Satara,Onion,Local,FAQ,2026-04-10,2101.0,2288.0,2181.0,False,2026,4,10,4,100,2,Zaid,2139.0,2147.0,2089.0,2113.0,2139.0,2120.285714285714,2125.8571428571427,23.963265537837202,0.37541060534960113,-1.135825840037861,False
Maharashtra,Satara,Satara,Onion,Local,FAQ,2026-04-11,2086.0,2326.0,2200.0,False,2026,4,11,5,101,2,Zaid,2181.0,2131.0,2091.0,2136.0,2150.3333333333335,2133.4285714285716,2130.714285714286,28.70457073274643,1.9635343618513323,-2.106741573033708,False
Maharashtra,Satara,Satara,Onion,Local,FAQ,2026-04-12,2144.0,2306.0,2210.0,False,2026,4,12,6,102,2,Zaid,2200.0,2139.0,2108.0,2149.0,2173.3333333333335,2149.0,2135.285714285714,31.299627260809533,0.871160018340211,-1.9078641228478361,False
Maharashtra,Satara,Satara,Onion,Local,FAQ,2026-04-13,2074.0,2274.0,2204.0,False,2026,4,13,0,103,2,Zaid,2210.0,2181.0,2137.0,2176.0,2197.0,2163.5714285714284,2139.6428571428573,32.740683880325456,0.45454545454545453,-1.7922794117647058,False
Maharashtra,Satara,Satara,Onion,Local,FAQ,2026-04-14,2077.0,2306.0,2183.0,False,2026,4,14,1,104,2,Zaid,2204.0,2200.0,2147.0,2150.0,2204.6666666666665,2173.1428571428573,2141.6428571428573,33.4635551579416,-0.27149321266968324,-0.13953488372093023,False
Maharashtra,Satara,Satara,Onion,Local,FAQ,2026-04-15,2067.0,2281.0,2153.0,False,2026,4,15,2,105,2,Zaid,2183.0,2210.0,2131.0,2101.0,2199.0,2178.285714285714,2144.0,31.483933922513557,-0.9528130671506352,1.4278914802475011,False
Maharashtra,Satara,Satara,Onion,Local,FAQ,2026-04-16,2059.0,2215.0,2164.0,False,2026,4,16,3,106,2,Zaid,2153.0,2204.0,2139.0,2095.0,2180.0,2181.4285714285716,2147.714285714286,26.713649088399894,-1.3742556115437472,2.100238663484487,False
Maharashtra,Satara,Satara,Onion,Local,FAQ,2026-04-17,1999.0,2232.0,2145.0,False,2026,4,17,4,107,2,Zaid,2164.0,2183.0,2181.0,2089.0,2166.6666666666665,2185.0,2152.6428571428573,21.19748412742597,0.5109150023223409,4.404021062709431,False
Maharashtra,Satara,Satara,Onion,Local,FAQ,2026-04-18,2078.0,2226.0,2161.0,False,2026,4,18,5,108,2,Zaid,2145.0,2153.0,2200.0,2091.0,2154.0,2179.8571428571427,2156.6428571428573,26.124245261352492,-0.878003696857671,5.2128168340506935,False
Maharashtra,Satara,Satara,Onion,Local,FAQ,2026-04-19,2029.0,2266.0,2179.0,False,2026,4,19,6,109,2,Zaid,2161.0,2164.0,2210.0,2108.0,2156.6666666666665,2174.285714285714,2161.6428571428573,25.25677655410186,0.745920745920746,4.838709677419355,False
Maharashtra,Satara,Satara,Onion,Local,FAQ,2026-04-20,2075.0,2292.0,2170.0,False,2026,4,20,0,110,2,Zaid,2179.0,2145.0,2204.0,2137.0,2161.6666666666665,2169.8571428571427,2166.714285714286,20.152986308284206,0.8329477093937991,3.13523631258774,False
Maharashtra,Satara,Satara,Onion,Local,FAQ,2026-04-21,2086.0,2266.0,2175.0,False,2026,4,21,1,111,2,Zaid,2170.0,2161.0,2183.0,2147.0,2170.0,2165.0,2169.0714285714284,13.576941236240554,-0.4130335016062414,1.6767582673497903,False
Maharashtra,Satara,Satara,Onion,Local,FAQ,2026-04-22,2079.0,2249.0,2199.0,False,2026,4,22,2,112,2,Zaid,2175.0,2179.0,2153.0,2131.0,2174.6666666666665,2163.8571428571427,2171.0714285714284,12.061351104879474,0.2304147465437788,1.0323791647114031,False
Maharashtra,Satara,Satara,Onion,Local,FAQ,2026-04-23,2032.0,2220.0,2161.0,False,2026,4,23,3,113,2,Zaid,2199.0,2170.0,2164.0,2139.0,2181.3333333333335,2170.4285714285716,2175.9285714285716,16.771574591693717,1.103448275862069,1.168770453482936,False
Maharashtra,Satara,Satara,Onion,Local,FAQ,2026-04-24,2083.0,2290.0,2192.0,False,2026,4,24,4,114,2,Zaid,2161.0,2175.0,2145.0,2181.0,2178.3333333333335,2170.0,2177.5,16.99999999997143,-1.7280582082764895,-1.6506189821182942,False
Maharashtra,Satara,Satara,Onion,Local,FAQ,2026-04-25,2070.0,2284.0,2178.0,False,2026,4,25,5,115,2,Zaid,2192.0,2199.0,2161.0,2200.0,2184.0,2176.714285714286,2178.285714285714,14.591256351111124,1.4345210550670986,-1.7727272727272727,False
Maharashtra,Satara,Satara,Onion,Local,FAQ,2026-04-26,2077.0,2293.0,2183.0,False,2026,4,26,6,116,2,Zaid,2178.0,2161.0,2179.0,2210.0,2177.0,2179.1428571428573,2176.714285714286,12.850792082278558,-0.6386861313868614,-1.402714932126697,False
Maharashtra,Satara,Satara,Onion,Local,FAQ,2026-04-27,2131.0,2341.0,2208.0,False,2026,4,27,0,117,2,Zaid,2183.0,2192.0,2170.0,2204.0,2184.3333333333335,2179.714285714286,2174.785714285714,12.932056883465796,0.2295684113865932,-1.5426497277676952,False
Maharashtra,Satara,Satara,Onion,Local,FAQ,2026-04-28,2123.0,2281.0,2223.0,False,2026,4,28,1,118,2,Zaid,2208.0,2178.0,2175.0,2183.0,2189.6666666666665,2185.1428571428573,2175.0714285714284,15.826439601986388,1.1452130096197892,-0.3664681630783326,False
Maharashtra,Satara,Satara,Onion,Local,FAQ,2026-04-29,2091.0,2340.0,2219.0,False,2026,4,29,2,119,2,Zaid,2223.0,2183.0,2199.0,2153.0,2204.6666666666665,2192.0,2177.9285714285716,20.42873792803922,0.6793478260869565,2.1365536460752437,False
Maharashtra,Satara,Satara,Onion,Local,FAQ,2026-04-30,2078.0,2309.0,2207.0,False,2026,4,30,3,120,2,Zaid,2219.0,2208.0,2161.0,2164.0,2216.6666666666665,2194.8571428571427,2182.6428571428573,22.828553549054494,-0.1799370220422852,-0.13863216266173753,False
Maharashtra,Satara,Satara,Onion,Local,FAQ,2026-05-01,2096.0,2272.0,2179.0,False,2026,5,1,4,121,2,Zaid,2207.0,2223.0,2192.0,2145.0,2216.3333333333335,2201.4285714285716,2185.714285714286,17.44378726896605,-0.540784136998648,2.191142191142191,False
Maharashtra,Satara,Satara,Onion,Local,FAQ,2026-05-02,2115.0,2246.0,2174.0,False,2026,5,2,5,122,2,Zaid,2179.0,2219.0,2178.0,2161.0,2201.6666666666665,2199.5714285714284,2188.1428571428573,19.21680811906419,-1.2686905301314002,0.7866728366496992,False
Maharashtra,Satara,Satara,Onion,Local,FAQ,2026-05-03,2062.0,2355.0,2212.0,False,2026,5,3,6,123,2,Zaid,2174.0,2207.0,2183.0,2179.0,2186.6666666666665,2199.0,2189.0714285714284,20.008331597925597,-0.2294630564479119,0.18357044515832951,False
Maharashtra,Satara,Satara,Onion,Local,FAQ,2026-05-04,2114.0,2320.0,2228.0,False,2026,5,4,0,124,2,Zaid,2212.0,2179.0,2208.0,2170.0,2188.3333333333335,2203.1428571428573,2191.4285714285716,19.126147646840934,1.7479300827966882,1.7511520737327189,False
Maharashtra,Satara,Satara,Onion,Local,FAQ,2026-05-06,2139.0,2361.0,2273.0,False,2026,5,6,2,126,2,Zaid,2228.0,2174.0,2223.0,2175.0,2204.6666666666665,2206.0,2195.5714285714284,21.338541031021396,0.7233273056057866,2.206896551724138,False
Maharashtra,Satara,Satara,Onion,Local,FAQ,2026-05-07,2252.0,2406.0,2320.0,False,2026,5,7,3,127,2,Zaid,2273.0,2212.0,2219.0,2199.0,2237.6666666666665,2213.1428571428573,2202.5714285714284,33.10301381760893,2.0197486535008977,0.9095043201455207,False
Maharashtra,Satara,Satara,Onion,Local,FAQ,2026-05-09,2282.0,2506.0,2362.0,False,2026,5,9,5,129,2,Zaid,2320.0,2228.0,2207.0,2161.0,2273.6666666666665,2227.5714285714284,2211.214285714286,52.4431665165736,2.067751869775627,2.128644146228598,False
Maharashtra,Satara,Satara,Onion,Local,FAQ,2026-05-10,2242.0,2411.0,2318.0,False,2026,5,10,6,130,2,Zaid,2362.0,2273.0,2179.0,2192.0,2318.3333333333335,2249.714285714286,2225.5714285714284,71.55118048341954,1.810344827586207,-0.5930656934306568,False
Maharashtra,Satara,Satara,Onion,Local,FAQ,2026-05-11,2235.0,2429.0,2331.0,False,2026,5,11,0,131,2,Zaid,2318.0,2320.0,2174.0,2178.0,2333.3333333333335,2269.5714285714284,2234.5714285714284,67.84751811441032,-1.8628281117696865,-0.18365472910927455,False
Maharashtra,Satara,Satara,Onion,Local,FAQ,2026-05-12,2254.0,2375.0,2317.0,False,2026,5,12,1,132,2,Zaid,2331.0,2362.0,2212.0,2183.0,2337.0,2292.0,2245.5,55.88380803058791,0.5608283002588439,1.3284470911589554,False
Maharashtra,Satara,Satara,Onion,Local,FAQ,2026-05-13,2223.0,2440.0,2317.0,False,2026,5,13,2,133,2,Zaid,2317.0,2318.0,2228.0,2208.0,2322.0,2307.0,2255.0714285714284,43.566041821579915,-0.6006006006006006,0.9057971014492754,False
Maharashtra,Satara,Satara,Onion,Local,FAQ,2026-05-14,2234.0,2427.0,2361.0,False,2026,5,14,3,134,2,Zaid,2317.0,2331.0,2273.0,2223.0,2321.6666666666665,2319.714285714286,2262.8571428571427,26.189783540618503,0.0,2.249212775528565,False
Maharashtra,Satara,Satara,Onion,Local,FAQ,2026-05-15,2211.0,2452.0,2336.0,False,2026,5,15,4,135,2,Zaid,2361.0,2317.0,2320.0,2219.0,2331.6666666666665,2332.285714285714,2272.714285714286,20.540320394397117,1.8990073370738023,4.5515998197386205,False
Maharashtra,Satara,Satara,Onion,Local,FAQ,2026-05-16,2197.0,2400.0,2343.0,False,2026,5,16,5,136,2,Zaid,2336.0,2317.0,2362.0,2207.0,2338.0,2334.5714285714284,2281.0714285714284,19.823026533607592,-1.058873358746294,7.023108291798821,False
Maharashtra,Satara,Satara,Onion,Local,FAQ,2026-05-17,2265.0,2416.0,2341.0,False,2026,5,17,6,137,2,Zaid,2343.0,2361.0,2318.0,2179.0,2346.6666666666665,2331.8571428571427,2290.785714285714,16.456291313939683,0.2996575342465753,6.3790729692519506,False
Maharashtra,Satara,Satara,Onion,Local,FAQ,2026-05-18,2195.0,2411.0,2336.0,False,2026,5,18,0,138,2,Zaid,2341.0,2336.0,2331.0,2174.0,2340.0,2335.1428571428573,2302.3571428571427,15.496543393369674,-0.08536064874093044,7.221711131554738,False
Maharashtra,Satara,Satara,Onion,Local,FAQ,2026-05-19,2264.0,2487.0,2359.0,False,2026,5,19,1,139,2,Zaid,2336.0,2343.0,2317.0,2212.0,2340.0,2335.8571428571427,2313.9285714285716,15.388616695767613,-0.21358393848782573,4.746835443037975,False
Maharashtra,Satara,Satara,Onion,Local,FAQ,2026-05-20,2282.0,2438.0,2339.0,False,2026,5,20,2,140,2,Zaid,2359.0,2341.0,2317.0,2228.0,2345.3333333333335,2341.8571428571427,2324.4285714285716,14.993649449325993,0.9845890410958904,3.9946140035906645,False
Maharashtra,Satara,Satara,Onion,Local,FAQ,2026-05-21,2193.0,2418.0,2278.0,False,2026,5,21,3,141,2,Zaid,2339.0,2336.0,2361.0,2273.0,2344.6666666666665,2345.0,2332.3571428571427,10.567244989420116,-0.8478168715557439,3.8715354157501105,False
Maharashtra,Satara,Satara,Onion,Local,FAQ,2026-05-22,2248.0,2416.0,2300.0,False,2026,5,22,4,142,2,Zaid,2278.0,2359.0,2336.0,2320.0,2325.3333333333335,2333.1428571428573,2332.714285714286,25.556659741495437,-2.6079521162890122,0.6896551724137931,False
Maharashtra,Satara,Satara,Onion,Local,FAQ,2026-05-23,2158.0,2357.0,2302.0,False,2026,5,23,5,143,2,Zaid,2300.0,2339.0,2343.0,2362.0,2305.6666666666665,2328.0,2331.285714285714,28.35489375751028,0.9657594381035997,-0.8044030482641829,False
Maharashtra,Satara,Satara,Onion,Local,FAQ,2026-05-24,2223.0,2391.0,2315.0,False,2026,5,24,6,144,2,Zaid,2302.0,2278.0,2341.0,2318.0,2293.3333333333335,2322.1428571428573,2327.0,28.967962599094292,0.08695652173913043,0.992234685073339,False
Maharashtra,Satara,Satara,Onion,Local,FAQ,2026-05-25,2265.0,2442.0,2335.0,False,2026,5,25,0,145,2,Zaid,2315.0,2300.0,2336.0,2331.0,2305.6666666666665,2318.4285714285716,2326.785714285714,27.790029044341882,0.5647263249348393,0.21450021450021448,False
Maharashtra,Satara,Satara,Onion,Local,FAQ,2026-05-27,2202.0,2328.0,2263.0,False,2026,5,27,2,147,2,Zaid,2335.0,2302.0,2359.0,2317.0,2317.3333333333335,2318.285714285714,2327.0714285714284,27.6870263584062,0.8639308855291578,1.812688821752266,False
Maharashtra,Satara,Satara,Onion,Local,FAQ,2026-05-28,2219.0,2367.0,2292.0,False,2026,5,28,3,148,2,Zaid,2263.0,2315.0,2339.0,2317.0,2304.3333333333335,2304.5714285714284,2323.214285714286,27.933594725442873,-3.0835117773019274,0.9495036685369012,False
Maharashtra,Satara,Satara,Onion,Local,FAQ,2026-05-29,2195.0,2358.0,2297.0,False,2026,5,29,4,149,2,Zaid,2292.0,2335.0,2278.0,2361.0,2296.6666666666665,2297.8571428571427,2321.4285714285716,23.58974757125915,1.2814847547503314,-3.515459551037696,False
Maharashtra,Satara,Satara,Onion,Local,FAQ,2026-05-30,2190.0,2448.0,2326.0,False,2026,5,30,5,150,2,Zaid,2297.0,2263.0,2300.0,2336.0,2284.0,2300.5714285714284,2316.8571428571427,21.961004400647674,0.2181500872600349,-1.5410958904109588,False
Maharashtra,Satara,Satara,Onion,Local,FAQ,2026-05-31,2226.0,2388.0,2330.0,False,2026,5,31,6,151,2,Zaid,2326.0,2292.0,2302.0,2343.0,2305.0,2304.285714285714,2316.1428571428573,23.95630943831572,1.262516325642142,-1.7498932991890739,False
Maharashtra,Satara,Satara,Onion,Local,FAQ,2026-06-01,2225.0,2419.0,2321.0,False,2026,6,1,0,152,2,Kharif,2330.0,2297.0,2315.0,2341.0,2317.6666666666665,2308.285714285714,2315.214285714286,25.779282933608222,0.17196904557179707,-1.1106364801366937,False
Maharashtra,Satara,Satara,Onion,Local,FAQ,2026-06-02,2236.0,2423.0,2332.0,False,2026,6,2,1,153,2,Kharif,2321.0,2326.0,2335.0,2336.0,2325.6666666666665,2309.1428571428573,2313.785714285714,26.13700168616243,-0.38626609442060084,-0.04280821917808219,False
Maharashtra,Satara,Satara,Onion,Local,FAQ,2026-06-03,2239.0,2459.0,2354.0,False,2026,6,3,2,154,2,Kharif,2332.0,2330.0,2263.0,2359.0,2327.6666666666665,2308.714285714286,2313.5,25.662646562095407,0.47393364928909953,-4.069520983467571,False
Maharashtra,Satara,Satara,Onion,Local,FAQ,2026-06-04,2224.0,2451.0,2355.0,False,2026,6,4,3,155,2,Kharif,2354.0,2321.0,2292.0,2339.0,2335.6666666666665,2321.714285714286,2313.1428571428573,21.32849647547713,0.9433962264150944,-2.0094057289439933,False
Maharashtra,Satara,Satara,Onion,Local,FAQ,2026-06-05,2282.0,2466.0,2337.0,False,2026,6,5,4,156,2,Kharif,2355.0,2332.0,2297.0,2278.0,2347.0,2330.714285714286,2314.285714285714,19.9475502732666,0.04248088360237893,0.8340649692712907,False
Maharashtra,Satara,Satara,Onion,Local,FAQ,2026-06-06,2255.0,2404.0,2321.0,False,2026,6,6,5,157,2,Kharif,2337.0,2354.0,2326.0,2300.0,2348.6666666666665,2336.4285714285716,2318.5,13.302344941857148,-0.7643312101910829,1.1304347826086958,False
Maharashtra,Satara,Satara,Onion,Local,FAQ,2026-06-07,2175.0,2403.0,2301.0,False,2026,6,7,6,158,2,Kharif,2321.0,2355.0,2330.0,2302.0,2337.6666666666665,2335.714285714286,2320.0,14.067862734066217,-0.6846384253316218,1.2163336229365769,False
Maharashtra,Satara,Satara,Onion,Local,FAQ,2026-06-08,2171.0,2446.0,2309.0,False,2026,6,8,0,159,2,Kharif,2301.0,2337.0,2321.0,2315.0,2319.6666666666665,2331.5714285714284,2319.9285714285716,19.320603362355264,-0.8616975441619992,0.2591792656587473,False
Maharashtra,Satara,Satara,Onion,Local,FAQ,2026-06-09,2228.0,2397.0,2302.0,False,2026,6,9,1,160,2,Kharif,2309.0,2321.0,2332.0,2335.0,2310.3333333333335,2329.8571428571427,2319.5,20.884033545811604,0.3476749239461104,-0.1284796573875803,False
Maharashtra,Satara,Satara,Onion,Local,FAQ,2026-06-10,2220.0,2424.0,2324.0,False,2026,6,10,2,161,2,Kharif,2302.0,2301.0,2354.0,2263.0,2304.0,2325.5714285714284,2317.1428571428573,23.308490176015468,-0.303161541792984,4.021210782147592,False
Maharashtra,Satara,Satara,Onion,Local,FAQ,2026-06-11,2261.0,2438.0,2322.0,False,2026,6,11,3,162,2,Kharif,2324.0,2309.0,2355.0,2292.0,2311.6666666666665,2321.285714285714,2321.5,19.686833888949497,0.9556907037358819,2.74869109947644,False
Maharashtra,Satara,Satara,Onion,Local,FAQ,2026-06-12,2184.0,2458.0,2312.0,False,2026,6,12,4,163,2,Kharif,2322.0,2302.0,2337.0,2297.0,2316.0,2316.5714285714284,2323.6428571428573,13.125765283797374,-0.08605851979345956,1.74140182847192,False
Maharashtra,Satara,Satara,Onion,Local,FAQ,2026-06-13,2271.0,2443.0,2341.0,False,2026,6,13,5,164,2,Kharif,2312.0,2324.0,2321.0,2326.0,2319.3333333333335,2313.0,2324.714285714286,9.556847457866644,-0.4306632213608958,-0.21496130696474636,False
Maharashtra,Satara,Satara,Onion,Local,FAQ,2026-06-14,2256.0,2477.0,2364.0,False,2026,6,14,6,165,2,Kharif,2341.0,2322.0,2301.0,2330.0,2325.0,2315.8571428571427,2325.785714285714,14.20596789413326,1.254325259515571,-1.2446351931330473,False
Maharashtra,Satara,Satara,Onion,Local,FAQ,2026-06-15,2217.0,2437.0,2347.0,False,2026,6,15,0,166,2,Kharif,2364.0,2312.0,2309.0,2321.0,2339.0,2324.8571428571427,2328.214285714286,21.37310281192733,0.9824861170439982,-0.5170185264971995,False
Maharashtra,Satara,Satara,Onion,Local,FAQ,2026-06-16,2283.0,2469.0,2349.0,False,2026,6,16,1,167,2,Kharif,2347.0,2341.0,2302.0,2332.0,2350.6666666666665,2330.285714285714,2330.0714285714284,21.499723143283312,-0.7191201353637902,-1.2864493996569468,False
Maharashtra,Satara,Satara,Onion,Local,FAQ,2026-06-17,2241.0,2452.0,2370.0,False,2026,6,17,2,168,2,Kharif,2349.0,2364.0,2324.0,2354.0,2353.3333333333335,2337.0,2331.285714285714,18.29389697867745,0.08521516829995739,-1.274426508071368,False
Maharashtra,Satara,Satara,Onion,Local,FAQ,2026-06-18,2293.0,2500.0,2361.0,False,2026,6,18,3,169,2,Kharif,2370.0,2347.0,2322.0,2355.0,2355.3333333333335,2343.5714285714284,2332.4285714285716,20.91934625218742,0.8939974457215836,-1.4012738853503186,False
Maharashtra,Satara,Satara,Onion,Local,FAQ,2026-06-19,2236.0,2416.0,2351.0,False,2026,6,19,4,170,2,Kharif,2361.0,2349.0,2312.0,2337.0,2360.0,2349.1428571428573,2332.8571428571427,19.351387301072425,-0.37974683544303794,-1.069747539580659,False
Maharashtra,Satara,Satara,Onion,Local,FAQ,2026-06-20,2345.0,2541.0,2403.0,False,2026,6,20,5,171,2,Kharif,2351.0,2370.0,2341.0,2321.0,2360.6666666666665,2354.714285714286,2333.8571428571427,10.435744434621524,-0.4235493434985175,0.8616975441619992,False
Maharashtra,Satara,Satara,Onion,Local,FAQ,2026-06-21,2246.0,2477.0,2376.0,False,2026,6,21,6,172,2,Kharif,2403.0,2361.0,2364.0,2301.0,2371.6666666666665,2363.5714285714284,2339.714285714286,19.355078083518542,2.211824755423224,2.737940026075619,False
Maharashtra,Satara,Satara,Onion,Local,FAQ,2026-06-22,2226.0,2491.0,2374.0,False,2026,6,22,0,173,2,Kharif,2376.0,2351.0,2347.0,2309.0,2376.6666666666665,2365.285714285714,2345.0714285714284,19.922468770331385,-1.1235955056179776,1.645734084019056,False
Maharashtra,Satara,Satara,Onion,Local,FAQ,2026-06-23,2273.0,2453.0,2386.0,False,2026,6,23,1,174,2,Kharif,2374.0,2403.0,2349.0,2302.0,2384.3333333333335,2369.1428571428573,2349.714285714286,18.343287341049088,-0.08417508417508417,2.041702867072111,False
Maharashtra,Satara,Satara,Onion,Local,FAQ,2026-06-24,2315.0,2432.0,2381.0,False,2026,6,24,2,175,2,Kharif,2386.0,2376.0,2370.0,2324.0,2378.6666666666665,2374.4285714285716,2355.714285714286,16.840993071051276,0.5054759898904801,1.9793459552495698,False
Maharashtra,Satara,Satara,Onion,Local,FAQ,2026-06-25,2300.0,2509.0,2406.0,False,2026,6,25,3,176,2,Kharif,2381.0,2374.0,2361.0,2322.0,2380.3333333333335,2376.0,2359.785714285714,16.87206764646322,-0.20955574182732606,1.6795865633074936,False
Maharashtra,Satara,Satara,Onion,Local,FAQ,2026-06-26,2362.0,2543.0,2420.0,False,2026,6,26,4,177,2,Kharif,2406.0,2386.0,2351.0,2312.0,2391.0,2382.4285714285716,2365.785714285714,18.680267154208593,1.0499790004199916,1.6868512110726646,False
Maharashtra,Satara,Satara,Onion,Local,FAQ,2026-06-27,2359.0,2564.0,2428.0,False,2026,6,27,5,178,2,Kharif,2420.0,2381.0,2403.0,2341.0,2402.3333333333335,2392.285714285714,2373.5,17.499659860649054,0.5818786367414797,2.648440837249039,False
Maharashtra,Satara,Satara,Onion,Local,FAQ,2026-06-28,2311.0,2513.0,2432.0,False,2026,6,28,6,179,2,Kharif,2428.0,2406.0,2376.0,2364.0,2418.0,2395.8571428571427,2379.714285714286,22.0183905817359,0.3305785123966942,0.5076142131979695,False
Maharashtra,Satara,Satara,Onion,Local,FAQ,2026-06-29,2368.0,2597.0,2465.0,False,2026,6,29,0,180,2,Kharif,2432.0,2420.0,2374.0,2347.0,2426.6666666666665,2403.8571428571427,2384.5714285714284,23.709552023251955,0.16474464579901155,1.1504047720494248,False
Maharashtra,Satara,Satara,Onion,Local,FAQ,2026-06-30,2313.0,2545.0,2412.0,False,2026,6,30,1,181,2,Kharif,2465.0,2428.0,2386.0,2349.0,2441.6666666666665,2416.8571428571427,2393.0,28.97371551038548,1.3569078947368423,1.5751383567475523,False
Maharashtra,Satara,Satara,Onion,Local,FAQ,2026-07-01,2313.0,2464.0,2397.0,False,2026,7,1,2,182,3,Kharif,2412.0,2432.0,2381.0,2370.0,2436.3333333333335,2420.5714285714284,2397.5,25.85766902912261,-2.150101419878296,0.4641350210970464,False
Maharashtra,Satara,Satara,Onion,Local,FAQ,2026-07-02,2358.0,2492.0,2418.0,False,2026,7,2,3,183,3,Kharif,2397.0,2465.0,2406.0,2361.0,2424.6666666666665,2422.8571428571427,2399.4285714285716,22.229324261962596,-0.6218905472636816,1.9059720457433291,False
Maharashtra,Satara,Satara,Onion,Local,FAQ,2026-07-03,2368.0,2517.0,2432.0,False,2026,7,3,4,184,3,Kharif,2418.0,2412.0,2420.0,2351.0,2409.0,2424.5714285714284,2403.5,21.14913034350003,0.8760951188986232,2.9349213100808167,False
Maharashtra,Satara,Satara,Onion,Local,FAQ,2026-07-04,2357.0,2584.0,2472.0,False,2026,7,4,5,185,3,Kharif,2432.0,2397.0,2428.0,2403.0,2415.6666666666665,2426.285714285714,2409.285714285714,21.203099503895288,0.5789909015715468,1.0403662089055348,False
Maharashtra,Satara,Satara,Onion,Local,FAQ,2026-07-05,2379.0,2598.0,2464.0,False,2026,7,5,6,186,3,Kharif,2472.0,2418.0,2432.0,2376.0,2440.6666666666665,2432.5714285714284,2414.214285714286,27.40959164756806,1.644736842105263,2.356902356902357,False
Maharashtra,Satara,Satara,Onion,Local,FAQ,2026-07-06,2361.0,2537.0,2474.0,False,2026,7,6,0,187,3,Kharif,2464.0,2432.0,2465.0,2374.0,2456.0,2437.1428571428573,2420.5,29.85759853834457,-0.3236245954692557,3.8331929233361413,False
Maharashtra,Satara,Satara,Onion,Local,FAQ,2026-07-07,2356.0,2557.0,2474.0,False,2026,7,7,1,188,3,Kharif,2474.0,2472.0,2412.0,2386.0,2470.0,2438.4285714285716,2427.6428571428573,31.410492635739196,0.4058441558441558,1.0896898575020955,False
Maharashtra,Satara,Satara,Onion,Local,FAQ,2026-07-08,2395.0,2598.0,2462.0,False,2026,7,8,2,189,3,Kharif,2474.0,2464.0,2397.0,2381.0,2470.6666666666665,2447.285714285714,2433.9285714285716,31.457454260831422,0.0,0.6719865602687947,False
Maharashtra,Satara,Satara,Onion,Local,FAQ,2026-07-09,2394.0,2601.0,2467.0,False,2026,7,9,3,190,3,Kharif,2462.0,2474.0,2418.0,2406.0,2470.0,2456.5714285714284,2439.714285714286,22.441458232922777,-0.4850444624090542,0.4987531172069825,False
Maharashtra,Satara,Satara,Onion,Local,FAQ,2026-07-10,2370.0,2590.0,2489.0,False,2026,7,10,4,191,3,Kharif,2467.0,2474.0,2432.0,2420.0,2467.6666666666665,2463.5714285714284,2444.0714285714284,14.71798381640933,0.20308692120227456,0.49586776859504134,False
Maharashtra,Satara,Satara,Onion,Local,FAQ,2026-07-11,2374.0,2526.0,2455.0,False,2026,7,11,5,192,3,Kharif,2489.0,2462.0,2472.0,2428.0,2472.6666666666665,2471.714285714286,2449.0,8.994707438592997,0.8917713822456425,1.8121911037891267,False
Maharashtra,Nashik,Nashik,Potato,Local,FAQ,2026-02-12,1058.0,1190.0,1113.0,False,2026,2,12,3,43,1,Rabi,,,,,,,,,,,False
Maharashtra,Nashik,Nashik,Potato,Local,FAQ,2026-02-13,977.0,1195.0,1092.0,False,2026,2,13,4,44,1,Rabi,1113.0,,,,,,,,,,False
Maharashtra,Nashik,Nashik,Potato,Local,FAQ,2026-02-14,969.0,1187.0,1088.0,False,2026,2,14,5,45,1,Rabi,1092.0,,,,,,,,-1.8867924528301887,,False
Maharashtra,Nashik,Nashik,Potato,Local,FAQ,2026-02-15,1005.0,1183.0,1106.0,False,2026,2,15,6,46,1,Rabi,1088.0,1113.0,,,1097.6666666666667,,,,-0.3663003663003663,,False
Maharashtra,Nashik,Nashik,Potato,Local,FAQ,2026-02-16,936.0,1201.0,1057.0,False,2026,2,16,0,47,1,Rabi,1106.0,1092.0,,,1095.3333333333333,,,,1.6544117647058825,,False
Maharashtra,Nashik,Nashik,Potato,Local,FAQ,2026-02-17,899.0,1036.0,982.0,False,2026,2,17,1,48,1,Rabi,1057.0,1088.0,,,1083.6666666666667,,,,-4.430379746835443,,False
Maharashtra,Nashik,Nashik,Potato,Local,FAQ,2026-02-18,1008.0,1201.0,1075.0,False,2026,2,18,2,49,1,Rabi,982.0,1106.0,,,1048.3333333333333,,,,-7.095553453169347,,False
Maharashtra,Nashik,Nashik,Potato,Local,FAQ,2026-02-19,919.0,1212.0,1067.0,False,2026,2,19,3,50,1,Rabi,1075.0,1057.0,1113.0,,1038.0,1073.2857142857142,,44.37609824261363,9.470468431771895,,False
Maharashtra,Nashik,Nashik,Potato,Local,FAQ,2026-02-20,956.0,1171.0,1076.0,False,2026,2,20,4,51,1,Rabi,1067.0,982.0,1092.0,,1041.3333333333333,1066.7142857142858,,40.77464197968424,-0.7441860465116279,,False
Maharashtra,Nashik,Nashik,Potato,Local,FAQ,2026-02-21,965.0,1204.0,1069.0,False,2026,2,21,5,52,1,Rabi,1076.0,1075.0,1088.0,,1072.6666666666667,1064.4285714285713,,39.55105199973463,0.8434864104967198,,False
Maharashtra,Nashik,Nashik,Potato,Local,FAQ,2026-02-22,901.0,1108.0,1000.0,False,2026,2,22,6,53,1,Rabi,1069.0,1067.0,1106.0,,1070.6666666666667,1061.7142857142858,,38.29584087823933,-0.6505576208178439,,False
Maharashtra,Nashik,Nashik,Potato,Local,FAQ,2026-02-23,920.0,1129.0,989.0,False,2026,2,23,0,54,1,Rabi,1000.0,1076.0,1057.0,,1048.3333333333333,1046.5714285714287,,38.819484552894096,-6.454630495790459,,False
Maharashtra,Nashik,Nashik,Potato,Local,FAQ,2026-02-24,962.0,1132.0,1022.0,False,2026,2,24,1,55,1,Rabi,989.0,1069.0,982.0,,1019.3333333333334,1036.857142857143,,43.94477053237235,-1.0999999999999999,,False
Maharashtra,Nashik,Nashik,Potato,Local,FAQ,2026-02-25,1003.0,1123.0,1065.0,False,2026,2,25,2,56,1,Rabi,1022.0,1000.0,1075.0,,1003.6666666666666,1042.5714285714287,,37.79266746719155,3.336703741152679,,False
Maharashtra,Nashik,Nashik,Potato,Local,FAQ,2026-02-26,883.0,1051.0,992.0,False,2026,2,26,3,57,1,Rabi,1065.0,989.0,1067.0,1113.0,1025.3333333333333,1041.142857142857,1057.2142857142858,36.53048303097285,4.207436399217221,-4.132973944294699,False
Maharashtra,Nashik,Nashik,Potato,Local,FAQ,2026-02-27,920.0,1080.0,1013.0,False,2026,2,27,4,58,1,Rabi,992.0,1022.0,1076.0,1092.0,1026.3333333333333,1030.4285714285713,1048.5714285714287,38.621484275193914,-6.854460093896714,-1.465201465201465,False
Maharashtra,Nashik,Nashik,Potato,Local,FAQ,2026-02-28,895.0,1097.0,1014.0,False,2026,2,28,5,59,1,Rabi,1013.0,1065.0,1069.0,1088.0,1023.3333333333334,1021.4285714285714,1042.9285714285713,33.19064699006407,2.1169354838709675,-1.7463235294117647,False
Maharashtra,Nashik,Nashik,Potato,Local,FAQ,2026-03-01,963.0,1170.0,1022.0,False,2026,3,1,6,60,1,Rabi,1014.0,992.0,1000.0,1106.0,1006.3333333333334,1013.5714285714286,1037.642857142857,25.721956527819714,0.09871668311944717,-9.584086799276673,False
Maharashtra,Nashik,Nashik,Potato,Local,FAQ,2026-03-02,889.0,1056.0,1004.0,False,2026,3,2,0,61,1,Rabi,1022.0,1013.0,989.0,1057.0,1016.3333333333334,1016.7142857142857,1031.642857142857,25.12445213806852,0.7889546351084813,-6.433301797540208,False
Maharashtra,Nashik,Nashik,Potato,Local,FAQ,2026-03-03,823.0,1058.0,954.0,False,2026,3,3,1,62,1,Rabi,1004.0,1014.0,1022.0,982.0,1013.3333333333334,1018.8571428571429,1027.857142857143,22.908721566458595,-1.761252446183953,4.0733197556008145,False
Maharashtra,Nashik,Nashik,Potato,Local,FAQ,2026-03-04,881.0,1087.0,947.0,False,2026,3,4,2,63,1,Rabi,954.0,1022.0,1065.0,1075.0,993.3333333333334,1009.1428571428571,1025.857142857143,33.37877854480081,-4.9800796812749,-0.9302325581395349,False
Maharashtra,Nashik,Nashik,Potato,Local,FAQ,2026-03-05,824.0,1018.0,943.0,False,2026,3,5,3,64,1,Rabi,947.0,1004.0,992.0,1067.0,968.3333333333334,992.2857142857143,1016.7142857142857,30.103788718998253,-0.7337526205450734,-7.029053420805999,False
Maharashtra,Nashik,Nashik,Potato,Local,FAQ,2026-03-06,842.0,1039.0,949.0,False,2026,3,6,4,65,1,Rabi,943.0,954.0,1013.0,1076.0,948.0,985.2857142857143,1007.8571428571429,35.41051767349286,-0.42238648363252373,-5.855018587360595,False
Maharashtra,Nashik,Nashik,Potato,Local,FAQ,2026-03-07,850.0,1008.0,936.0,False,2026,3,7,5,66,1,Rabi,949.0,947.0,1014.0,1069.0,946.3333333333334,976.1428571428571,998.7857142857143,35.324347464737535,0.6362672322375398,-5.144995322731525,False
Maharashtra,Nashik,Nashik,Potato,Local,FAQ,2026-03-08,855.0,1042.0,947.0,False,2026,3,8,6,67,1,Rabi,936.0,943.0,1022.0,1000.0,942.6666666666666,965.0,989.2857142857143,33.655113529249135,-1.36986301369863,2.1999999999999997,False
Maharashtra,Nashik,Nashik,Potato,Local,FAQ,2026-03-09,836.0,1044.0,911.0,False,2026,3,9,0,68,1,Rabi,947.0,949.0,1004.0,989.0,944.0,954.2857142857143,985.5,22.610574854215322,1.1752136752136753,1.5166835187057632,False
Maharashtra,Nashik,Nashik,Potato,Local,FAQ,2026-03-10,919.0,1067.0,999.0,False,2026,3,10,1,69,1,Rabi,911.0,936.0,954.0,1022.0,931.3333333333334,941.0,979.9285714285714,14.341083176198472,-3.8014783526927136,-6.653620352250488,False
Maharashtra,Nashik,Nashik,Potato,Local,FAQ,2026-03-11,910.0,1090.0,969.0,False,2026,3,11,2,70,1,Rabi,999.0,947.0,947.0,1065.0,952.3333333333334,947.4285714285714,978.2857142857143,26.266944644407317,9.659714599341383,-11.07981220657277,False
Maharashtra,Nashik,Nashik,Potato,Local,FAQ,2026-03-12,898.0,1079.0,987.0,False,2026,3,12,3,71,1,Rabi,969.0,911.0,943.0,992.0,959.6666666666666,950.5714285714286,971.4285714285714,27.494588212089287,-3.003003003003003,-4.939516129032258,False
Maharashtra,Nashik,Nashik,Potato,Local,FAQ,2026-03-13,861.0,1045.0,958.0,False,2026,3,13,4,72,1,Rabi,987.0,999.0,949.0,1013.0,985.0,956.8571428571429,971.0714285714286,30.35582630198314,1.8575851393188854,-6.317867719644619,False
Maharashtra,Nashik,Nashik,Potato,Local,FAQ,2026-03-14,833.0,1066.0,949.0,False,2026,3,14,5,73,1,Rabi,958.0,969.0,936.0,1014.0,971.3333333333334,958.1428571428571,967.1428571428571,30.157522949940233,-2.9381965552178317,-7.6923076923076925,False
Maharashtra,Nashik,Nashik,Potato,Local,FAQ,2026-03-15,851.0,1026.0,930.0,False,2026,3,15,6,74,1,Rabi,949.0,987.0,947.0,1022.0,964.6666666666666,960.0,962.5,28.942471675146358,-0.9394572025052191,-7.338551859099804,False
Maharashtra,Nashik,Nashik,Potato,Local,FAQ,2026-03-16,861.0,1053.0,913.0,False,2026,3,16,0,75,1,Rabi,930.0,958.0,911.0,1004.0,945.6666666666666,957.5714285714286,955.9285714285714,30.86452733509828,-2.0021074815595363,-9.262948207171315,False
Maharashtra,Nashik,Nashik,Potato,Local,FAQ,2026-03-17,824.0,968.0,895.0,False,2026,3,17,1,76,1,Rabi,913.0,949.0,999.0,954.0,930.6666666666666,957.8571428571429,949.4285714285714,30.366805184985104,-1.827956989247312,4.716981132075472,False
Maharashtra,Nashik,Nashik,Potato,Local,FAQ,2026-03-18,761.0,933.0,875.0,False,2026,3,18,2,77,1,Rabi,895.0,930.0,969.0,947.0,912.6666666666666,943.0,945.2142857142857,32.264531609802894,-1.9715224534501645,2.3231256599788805,False
Maharashtra,Nashik,Nashik,Potato,Local,FAQ,2026-03-19,801.0,978.0,864.0,False,2026,3,19,3,78,1,Rabi,875.0,913.0,987.0,943.0,894.3333333333334,929.5714285714286,940.0714285714286,38.58262624056335,-2.2346368715083798,4.665959703075292,False
Maharashtra,Nashik,Nashik,Potato,Local,FAQ,2026-03-20,796.0,978.0,902.0,False,2026,3,20,4,79,1,Rabi,864.0,895.0,958.0,949.0,878.0,912.0,934.4285714285714,35.99073954968525,-1.2571428571428571,0.9483667017913594,False
Maharashtra,Nashik,Nashik,Potato,Local,FAQ,2026-03-21,757.0,934.0,872.0,False,2026,3,21,5,80,1,Rabi,902.0,875.0,949.0,936.0,880.3333333333334,904.0,931.0714285714286,29.743346594937915,4.398148148148148,1.3888888888888888,False
Maharashtra,Nashik,Nashik,Potato,Local,FAQ,2026-03-22,723.0,910.0,800.0,False,2026,3,22,6,81,1,Rabi,872.0,864.0,930.0,947.0,879.3333333333334,893.0,926.5,24.013884872435685,-3.325942350332594,-1.7951425554382259,False
Maharashtra,Nashik,Nashik,Potato,Local,FAQ,2026-03-23,705.0,992.0,842.0,False,2026,3,23,0,82,1,Rabi,800.0,902.0,913.0,911.0,858.0,874.4285714285714,916.0,37.25075902070938,-8.256880733944955,0.21953896816684962,False
Maharashtra,Nashik,Nashik,Potato,Local,FAQ,2026-03-24,725.0,874.0,798.0,False,2026,3,24,1,83,1,Rabi,842.0,872.0,895.0,999.0,838.0,864.2857142857143,911.0714285714286,34.56739449111935,5.25,-10.41041041041041,False
Maharashtra,Nashik,Nashik,Potato,Local,FAQ,2026-03-25,750.0,935.0,848.0,False,2026,3,25,2,84,1,Rabi,798.0,800.0,875.0,969.0,813.3333333333334,850.4285714285714,896.7142857142857,39.31860095364886,-5.225653206650831,-9.700722394220847,False
Maharashtra,Nashik,Nashik,Potato,Local,FAQ,2026-03-26,754.0,929.0,841.0,False,2026,3,26,3,85,1,Rabi,848.0,842.0,864.0,987.0,829.3333333333334,846.5714285714286,888.0714285714286,37.80148649130447,6.265664160401002,-12.462006079027356,False
Maharashtra,Nashik,Nashik,Potato,Local,FAQ,2026-03-27,729.0,978.0,863.0,False,2026,3,27,4,86,1,Rabi,841.0,798.0,902.0,958.0,829.0,843.2857142857143,877.6428571428571,37.02573107859793,-0.8254716981132075,-5.845511482254697,False
Maharashtra,Nashik,Nashik,Potato,Local,FAQ,2026-03-28,683.0,869.0,815.0,False,2026,3,28,5,87,1,Rabi,863.0,848.0,872.0,949.0,850.6666666666666,837.7142857142857,870.8571428571429,28.7211553024012,2.6159334126040426,-8.113804004214963,False
Maharashtra,Nashik,Nashik,Potato,Local,FAQ,2026-03-29,711.0,949.0,848.0,False,2026,3,29,6,88,1,Rabi,815.0,841.0,800.0,930.0,839.6666666666666,829.5714285714286,861.2857142857143,25.25111973000265,-5.5619930475086905,-13.978494623655912,False
Maharashtra,Nashik,Nashik,Potato,Local,FAQ,2026-03-30,729.0,897.0,846.0,False,2026,3,30,0,89,1,Rabi,848.0,863.0,842.0,913.0,842.0,836.4285714285714,855.4285714285714,22.21753918909411,4.049079754601228,-7.776560788608982,False
Maharashtra,Nashik,Nashik,Potato,Local,FAQ,2026-03-31,633.0,865.0,770.0,False,2026,3,31,1,90,1,Rabi,846.0,815.0,798.0,895.0,836.3333333333334,837.0,850.6428571428571,22.435091560615895,-0.2358490566037736,-10.837988826815643,False
Maharashtra,Nashik,Nashik,Potato,Local,FAQ,2026-04-01,649.0,843.0,743.0,False,2026,4,1,2,91,2,Zaid,770.0,848.0,848.0,875.0,821.3333333333334,833.0,841.7142857142857,31.29430193075437,-8.983451536643026,-3.085714285714286,False
Maharashtra,Nashik,Nashik,Potato,Local,FAQ,2026-04-02,642.0,850.0,732.0,False,2026,4,2,3,92,2,Zaid,743.0,846.0,841.0,864.0,786.3333333333334,818.0,832.2857142857143,45.04812241740169,-3.506493506493506,-2.662037037037037,False
Maharashtra,Nashik,Nashik,Potato,Local,FAQ,2026-04-03,637.0,878.0,747.0,False,2026,4,3,4,93,2,Zaid,732.0,770.0,863.0,902.0,748.3333333333334,802.4285714285714,822.8571428571429,53.76757741383043,-1.4804845222072678,-4.323725055432372,False
Maharashtra,Nashik,Nashik,Potato,Local,FAQ,2026-04-04,683.0,834.0,744.0,False,2026,4,4,5,94,2,Zaid,747.0,743.0,815.0,872.0,740.6666666666666,785.8571428571429,811.7857142857143,49.7105909957095,2.0491803278688523,-6.536697247706422,False
Maharashtra,Nashik,Nashik,Potato,Local,FAQ,2026-04-05,632.0,826.0,768.0,False,2026,4,5,6,95,2,Zaid,744.0,732.0,848.0,800.0,741.0,775.7142857142857,802.6428571428571,50.01571181710082,-0.4016064257028112,6.0,False
Maharashtra,Nashik,Nashik,Potato,Local,FAQ,2026-04-06,655.0,847.0,712.0,False,2026,4,6,0,96,2,Zaid,768.0,747.0,846.0,842.0,753.0,764.2857142857143,800.3571428571429,38.57768908628325,3.225806451612903,0.4750593824228029,False
Maharashtra,Nashik,Nashik,Potato,Local,FAQ,2026-04-07,627.0,864.0,731.0,False,2026,4,7,1,97,2,Zaid,712.0,744.0,770.0,798.0,741.3333333333334,745.1428571428571,791.0714285714286,20.086716766958673,-7.291666666666667,-3.508771929824561,False
Maharashtra,Nashik,Nashik,Potato,Local,FAQ,2026-04-08,635.0,761.0,698.0,False,2026,4,8,2,98,2,Zaid,731.0,768.0,743.0,848.0,737.0,739.5714285714286,786.2857142857143,17.251638983553736,2.6685393258426964,-12.382075471698114,False
Maharashtra,Nashik,Nashik,Potato,Local,FAQ,2026-04-09,627.0,801.0,718.0,False,2026,4,9,3,99,2,Zaid,698.0,712.0,732.0,841.0,713.6666666666666,733.1428571428571,775.5714285714286,23.14035847769019,-4.514363885088919,-12.960760998810938,False
Maharashtra,Nashik,Nashik,Potato,Local,FAQ,2026-04-10,609.0,863.0,720.0,False,2026,4,10,4,100,2,Zaid,718.0,731.0,747.0,863.0,715.6666666666666,731.1428571428571,766.7857142857143,23.84972796090848,2.865329512893983,-13.441483198146004,False
Maharashtra,Nashik,Nashik,Potato,Local,FAQ,2026-04-11,677.0,830.0,756.0,False,2026,4,11,5,101,2,Zaid,720.0,698.0,744.0,815.0,712.0,727.2857142857143,756.5714285714286,23.026899383935906,0.2785515320334262,-8.71165644171779,False
Maharashtra,Nashik,Nashik,Potato,Local,FAQ,2026-04-12,639.0,824.0,768.0,False,2026,4,12,6,102,2,Zaid,756.0,718.0,768.0,848.0,731.3333333333334,729.0,752.3571428571429,24.852900568474507,5.0,-9.433962264150944,False
Maharashtra,Nashik,Nashik,Potato,Local,FAQ,2026-04-13,665.0,894.0,771.0,False,2026,4,13,0,103,2,Zaid,768.0,720.0,712.0,846.0,748.0,729.0,746.6428571428571,24.852900568474507,1.5873015873015872,-15.839243498817968,False
Maharashtra,Nashik,Nashik,Potato,Local,FAQ,2026-04-14,616.0,812.0,701.0,False,2026,4,14,1,104,2,Zaid,771.0,756.0,731.0,770.0,765.0,737.4285714285714,741.2857142857143,27.939560619645903,0.390625,-5.0649350649350655,False
Maharashtra,Nashik,Nashik,Potato,Local,FAQ,2026-04-15,625.0,815.0,739.0,False,2026,4,15,2,105,2,Zaid,701.0,768.0,698.0,743.0,746.6666666666666,733.1428571428571,736.3571428571429,31.200579970186585,-9.07911802853437,-6.056527590847914,False
Maharashtra,Nashik,Nashik,Potato,Local,FAQ,2026-04-16,748.0,868.0,806.0,False,2026,4,16,3,106,2,Zaid,739.0,771.0,718.0,732.0,737.0,739.0,736.0714285714286,27.080128015449905,5.420827389443652,-1.912568306010929,False
Maharashtra,Nashik,Nashik,Potato,Local,FAQ,2026-04-17,672.0,926.0,806.0,False,2026,4,17,4,107,2,Zaid,806.0,701.0,720.0,747.0,748.6666666666666,751.5714285714286,741.3571428571429,34.980266545852395,9.066305818673884,-3.614457831325301,False
Maharashtra,Nashik,Nashik,Potato,Local,FAQ,2026-04-18,630.0,844.0,759.0,False,2026,4,18,5,108,2,Zaid,806.0,739.0,756.0,744.0,783.6666666666666,763.8571428571429,745.5714285714286,37.08291867076673,0.0,1.6129032258064515,False
Maharashtra,Nashik,Nashik,Potato,Local,FAQ,2026-04-19,640.0,765.0,709.0,False,2026,4,19,6,109,2,Zaid,759.0,806.0,768.0,768.0,790.3333333333334,764.2857142857143,746.6428571428571,36.994208040871364,-5.831265508684864,0.0,False
Maharashtra,Nashik,Nashik,Potato,Local,FAQ,2026-04-20,555.0,813.0,664.0,False,2026,4,20,0,110,2,Zaid,709.0,806.0,771.0,712.0,758.0,755.8571428571429,742.4285714285714,42.34158149868,-6.587615283267458,8.286516853932584,False
Maharashtra,Nashik,Nashik,Potato,Local,FAQ,2026-04-21,510.0,763.0,643.0,False,2026,4,21,1,111,2,Zaid,664.0,759.0,701.0,731.0,710.6666666666666,740.5714285714286,739.0,53.742773600601794,-6.346967559943582,-4.1039671682626535,False
Maharashtra,Nashik,Nashik,Potato,Local,FAQ,2026-04-22,522.0,758.0,667.0,False,2026,4,22,2,112,2,Zaid,643.0,709.0,739.0,698.0,672.0,732.2857142857143,732.7142857142857,64.29544899839013,-3.1626506024096384,5.873925501432665,False
Maharashtra,Nashik,Nashik,Potato,Local,FAQ,2026-04-23,541.0,749.0,654.0,False,2026,4,23,3,113,2,Zaid,667.0,664.0,806.0,718.0,658.0,722.0,730.5,68.65372046242763,3.7325038880248838,12.256267409470752,False
Maharashtra,Nashik,Nashik,Potato,Local,FAQ,2026-04-24,647.0,817.0,716.0,False,2026,4,24,4,114,2,Zaid,654.0,643.0,806.0,720.0,654.6666666666666,700.2857142857143,725.9285714285714,61.301751703394075,-1.9490254872563717,11.944444444444445,False
Maharashtra,Nashik,Nashik,Potato,Local,FAQ,2026-04-25,633.0,873.0,757.0,False,2026,4,25,5,115,2,Zaid,716.0,667.0,759.0,756.0,679.0,687.4285714285714,725.6428571428571,41.75666470898822,9.480122324159021,0.3968253968253968,False
Maharashtra,Nashik,Nashik,Potato,Local,FAQ,2026-04-26,699.0,882.0,760.0,False,2026,4,26,6,116,2,Zaid,757.0,654.0,709.0,768.0,709.0,687.1428571428571,725.7142857142857,41.18830162164988,5.726256983240224,-7.682291666666667,False
Maharashtra,Nashik,Nashik,Potato,Local,FAQ,2026-04-27,648.0,846.0,790.0,False,2026,4,27,0,117,2,Zaid,760.0,716.0,664.0,771.0,744.3333333333334,694.4285714285714,725.1428571428571,49.392499912627045,0.3963011889035667,-13.878080415045396,False
Maharashtra,Nashik,Nashik,Potato,Local,FAQ,2026-04-28,658.0,844.0,790.0,False,2026,4,28,1,118,2,Zaid,790.0,757.0,643.0,701.0,769.0,712.4285714285714,726.5,58.562949444327536,3.9473684210526314,-8.273894436519258,False
Maharashtra,Nashik,Nashik,Potato,Local,FAQ,2026-04-29,745.0,935.0,810.0,False,2026,4,29,2,119,2,Zaid,790.0,760.0,667.0,739.0,780.0,733.4285714285714,732.8571428571429,55.80877213860615,0.0,-9.742895805142084,False
Maharashtra,Nashik,Nashik,Potato,Local,FAQ,2026-04-30,695.0,813.0,746.0,False,2026,4,30,3,120,2,Zaid,810.0,790.0,654.0,806.0,796.6666666666666,753.8571428571429,737.9285714285714,53.56749191884949,2.5316455696202533,-18.858560794044664,False
Maharashtra,Nashik,Nashik,Potato,Local,FAQ,2026-05-01,653.0,916.0,795.0,False,2026,5,1,4,121,2,Zaid,746.0,790.0,716.0,806.0,782.0,767.0,733.6428571428571,31.87998327059077,-7.901234567901234,-11.166253101736972,False
Maharashtra,Nashik,Nashik,Potato,Local,FAQ,2026-05-02,697.0,903.0,814.0,False,2026,5,2,5,122,2,Zaid,795.0,810.0,757.0,759.0,783.6666666666666,778.2857142857143,732.8571428571429,23.767725215185738,6.568364611260054,-0.2635046113306983,False
Maharashtra,Nashik,Nashik,Potato,Local,FAQ,2026-05-03,782.0,997.0,874.0,False,2026,5,3,6,123,2,Zaid,814.0,746.0,760.0,709.0,785.0,786.4285714285714,736.7857142857143,24.992379791025524,2.3899371069182394,7.193229901269394,False
Maharashtra,Nashik,Nashik,Potato,Local,FAQ,2026-05-04,783.0,942.0,885.0,False,2026,5,4,0,124,2,Zaid,874.0,795.0,790.0,664.0,827.6666666666666,802.7142857142857,748.5714285714286,38.43051862653657,7.371007371007371,18.97590361445783,False
Maharashtra,Nashik,Nashik,Potato,Local,FAQ,2026-05-05,776.0,1037.0,898.0,False,2026,5,5,1,125,2,Zaid,885.0,814.0,790.0,643.0,857.6666666666666,816.2857142857143,764.3571428571429,48.61657565657251,1.2585812356979404,22.86158631415241,False
Maharashtra,Nashik,Nashik,Potato,Local,FAQ,2026-05-06,825.0,1036.0,887.0,False,2026,5,6,2,126,2,Zaid,898.0,874.0,810.0,667.0,885.6666666666666,831.7142857142857,782.5714285714286,55.529914717845884,1.4689265536723164,21.43928035982009,False
Maharashtra,Nashik,Nashik,Potato,Local,FAQ,2026-05-07,749.0,997.0,857.0,False,2026,5,7,3,127,2,Zaid,887.0,885.0,746.0,654.0,890.0,842.7142857142857,798.2857142857143,58.07958415173013,-1.2249443207126949,14.067278287461773,False
Maharashtra,Nashik,Nashik,Potato,Local,FAQ,2026-05-08,790.0,989.0,872.0,False,2026,5,8,4,128,2,Zaid,857.0,898.0,795.0,716.0,880.6666666666666,858.5714285714286,812.7857142857143,39.43288451219598,-3.3821871476888385,11.033519553072626,False
Maharashtra,Nashik,Nashik,Potato,Local,FAQ,2026-05-09,802.0,957.0,886.0,False,2026,5,9,5,129,2,Zaid,872.0,887.0,814.0,757.0,872.0,869.5714285714286,823.9285714285714,27.75402158760996,1.7502917152858808,7.5297225891677675,False
Maharashtra,Nashik,Nashik,Potato,Local,FAQ,2026-05-10,770.0,919.0,851.0,False,2026,5,10,6,130,2,Zaid,886.0,857.0,874.0,760.0,871.6666666666666,879.8571428571429,833.1428571428571,13.309502512966576,1.6055045871559634,15.0,False
Maharashtra,Nashik,Nashik,Potato,Local,FAQ,2026-05-11,770.0,940.0,845.0,False,2026,5,11,0,131,2,Zaid,851.0,872.0,885.0,790.0,869.6666666666666,876.5714285714286,839.6428571428571,17.25163898355324,-3.9503386004514676,12.025316455696203,False
Maharashtra,Nashik,Nashik,Potato,Local,FAQ,2026-05-12,788.0,994.0,870.0,False,2026,5,12,1,132,2,Zaid,845.0,886.0,898.0,790.0,860.6666666666666,870.8571428571429,843.5714285714286,20.3423087138439,-0.7050528789659225,13.670886075949367,False
Maharashtra,Nashik,Nashik,Potato,Local,FAQ,2026-05-13,732.0,975.0,868.0,False,2026,5,13,2,133,2,Zaid,870.0,851.0,887.0,810.0,855.3333333333334,866.8571428571429,849.2857142857143,16.506852833777714,2.9585798816568047,9.506172839506172,False
Maharashtra,Nashik,Nashik,Potato,Local,FAQ,2026-05-14,816.0,1001.0,882.0,False,2026,5,14,3,134,2,Zaid,868.0,845.0,857.0,746.0,861.0,864.1428571428571,853.4285714285714,14.016996485552633,-0.22988505747126436,14.87935656836461,False
Maharashtra,Nashik,Nashik,Potato,Local,FAQ,2026-05-15,808.0,1041.0,947.0,False,2026,5,15,4,135,2,Zaid,882.0,870.0,872.0,795.0,873.3333333333334,867.7142857142857,863.1428571428571,15.041213223603373,1.6129032258064515,9.685534591194969,False
Maharashtra,Nashik,Nashik,Potato,Local,FAQ,2026-05-16,813.0,1078.0,953.0,False,2026,5,16,5,136,2,Zaid,947.0,868.0,886.0,814.0,899.0,878.4285714285714,874.0,33.718724485843055,7.369614512471655,8.845208845208845,False
Maharashtra,Nashik,Nashik,Potato,Local,FAQ,2026-05-17,944.0,1175.0,1027.0,False,2026,5,17,6,137,2,Zaid,953.0,882.0,851.0,874.0,927.3333333333334,888.0,883.9285714285714,44.128599947575374,0.6335797254487857,-2.631578947368421,False
Maharashtra,Nashik,Nashik,Potato,Local,FAQ,2026-05-19,995.0,1103.0,1051.0,False,2026,5,19,1,139,2,Zaid,1027.0,947.0,845.0,885.0,975.6666666666666,913.1428571428571,894.8571428571429,64.82136625997137,7.76495278069255,-4.519774011299435,False
Maharashtra,Nashik,Nashik,Potato,Local,FAQ,2026-05-20,911.0,1089.0,1006.0,False,2026,5,20,2,140,2,Zaid,1051.0,953.0,870.0,898.0,1010.3333333333334,942.5714285714286,906.7142857142857,74.73253897033226,2.3369036027263874,-3.11804008908686,False
Maharashtra,Nashik,Nashik,Potato,Local,FAQ,2026-05-21,891.0,1076.0,957.0,False,2026,5,21,3,141,2,Zaid,1006.0,1027.0,868.0,887.0,1028.0,962.0,914.4285714285714,70.26616065598854,-4.281636536631779,-2.142051860202931,False
Maharashtra,Nashik,Nashik,Potato,Local,FAQ,2026-05-22,843.0,1014.0,944.0,False,2026,5,22,4,142,2,Zaid,957.0,1051.0,882.0,857.0,1004.6666666666666,974.7142857142857,919.4285714285714,57.27336287697766,-4.870775347912525,2.9171528588098017,False
Maharashtra,Nashik,Nashik,Potato,Local,FAQ,2026-05-23,913.0,1035.0,970.0,False,2026,5,23,5,143,2,Zaid,944.0,1006.0,947.0,872.0,969.0,983.5714285714286,925.6428571428571,43.74112154809918,-1.3584117032392893,8.600917431192661,False
Maharashtra,Nashik,Nashik,Potato,Local,FAQ,2026-05-24,862.0,1050.0,919.0,False,2026,5,24,6,144,2,Zaid,970.0,957.0,953.0,886.0,957.0,986.8571428571429,932.6428571428571,41.33371735612544,2.754237288135593,7.562076749435666,False
Maharashtra,Nashik,Nashik,Potato,Local,FAQ,2026-05-25,822.0,1061.0,944.0,False,2026,5,25,0,145,2,Zaid,919.0,944.0,1027.0,851.0,944.3333333333334,982.0,935.0,47.51140214025687,-5.257731958762887,20.681551116333726,False
Maharashtra,Nashik,Nashik,Potato,Local,FAQ,2026-05-26,871.0,1083.0,969.0,False,2026,5,26,1,146,2,Zaid,944.0,970.0,1051.0,845.0,944.3333333333334,970.1428571428571,941.6428571428571,44.681944792903224,2.720348204570185,24.378698224852073,False
Maharashtra,Nashik,Nashik,Potato,Local,FAQ,2026-05-27,844.0,1072.0,972.0,False,2026,5,27,2,147,2,Zaid,969.0,919.0,1006.0,870.0,944.0,958.4285714285714,950.5,27.330429578625957,2.6483050847457625,15.632183908045977,False
Maharashtra,Nashik,Nashik,Potato,Local,FAQ,2026-05-28,873.0,1037.0,959.0,False,2026,5,28,3,148,2,Zaid,972.0,944.0,957.0,868.0,961.6666666666666,953.5714285714286,957.7857142857143,19.311975066062733,0.30959752321981426,10.253456221198157,False
Maharashtra,Nashik,Nashik,Potato,Local,FAQ,2026-05-29,864.0,1085.0,1001.0,False,2026,5,29,4,149,2,Zaid,959.0,969.0,944.0,882.0,966.6666666666666,953.8571428571429,964.2857142857143,19.38580727773212,-1.337448559670782,7.029478458049887,False
Maharashtra,Nashik,Nashik,Potato,Local,FAQ,2026-05-30,904.0,1137.0,1031.0,False,2026,5,30,5,150,2,Zaid,1001.0,972.0,970.0,947.0,977.3333333333334,962.0,972.7857142857143,25.547341675143393,4.37956204379562,2.428722280887012,False
Maharashtra,Nashik,Nashik,Potato,Local,FAQ,2026-05-31,932.0,1142.0,1034.0,False,2026,5,31,6,151,2,Zaid,1031.0,959.0,919.0,953.0,997.0,970.7142857142857,978.7857142857143,36.700201115315686,2.997002997002997,-3.5676810073452256,False
Maharashtra,Nashik,Nashik,Potato,Local,FAQ,2026-06-02,955.0,1164.0,1066.0,False,2026,6,2,1,153,2,Kharif,1034.0,1001.0,944.0,1027.0,1022.0,987.1428571428571,984.5714285714286,35.40917287666278,0.2909796314258002,-8.081791626095423,False
Maharashtra,Nashik,Nashik,Potato,Local,FAQ,2026-06-03,1028.0,1214.0,1087.0,False,2026,6,3,2,154,2,Kharif,1066.0,1031.0,969.0,1051.0,1043.6666666666667,1004.5714285714286,987.3571428571429,40.3189663510726,3.0947775628626695,-7.802093244529019,False
Maharashtra,Nashik,Nashik,Potato,Local,FAQ,2026-06-04,981.0,1196.0,1062.0,False,2026,6,4,3,155,2,Kharif,1087.0,1034.0,972.0,1006.0,1062.3333333333333,1021.4285714285714,989.9285714285714,47.070362730904606,1.9699812382739212,-3.3797216699801194,False
Maharashtra,Nashik,Nashik,Potato,Local,FAQ,2026-06-05,1038.0,1233.0,1095.0,False,2026,6,5,4,156,2,Kharif,1062.0,1066.0,959.0,957.0,1071.6666666666667,1034.2857142857142,993.9285714285714,43.4730348826103,-2.2999080036798527,0.20898641588296762,False
Maharashtra,Nashik,Nashik,Potato,Local,FAQ,2026-06-06,969.0,1231.0,1113.0,False,2026,6,6,5,157,2,Kharif,1095.0,1087.0,1001.0,944.0,1081.3333333333333,1053.7142857142858,1003.7857142857143,33.45501599518357,3.1073446327683616,6.038135593220339,False
Maharashtra,Nashik,Nashik,Potato,Local,FAQ,2026-06-07,976.0,1186.0,1067.0,False,2026,6,7,6,158,2,Kharif,1113.0,1062.0,1031.0,970.0,1090.0,1069.7142857142858,1015.8571428571429,30.712181544755094,1.643835616438356,6.288659793814433,False
Maharashtra,Nashik,Nashik,Potato,Local,FAQ,2026-06-08,879.0,1154.0,1029.0,False,2026,6,8,0,159,2,Kharif,1067.0,1095.0,1034.0,919.0,1091.6666666666667,1074.857142857143,1022.7857142857143,25.764501233469,-4.132973944294699,12.51360174102285,False
Maharashtra,Nashik,Nashik,Potato,Local,FAQ,2026-06-09,888.0,1088.0,1002.0,False,2026,6,9,1,160,2,Kharif,1029.0,1113.0,1066.0,944.0,1069.6666666666667,1074.142857142857,1030.642857142857,27.11966427661105,-3.5613870665417062,12.923728813559322,False
Maharashtra,Nashik,Nashik,Potato,Local,FAQ,2026-06-10,945.0,1183.0,1049.0,False,2026,6,10,2,161,2,Kharif,1002.0,1067.0,1087.0,969.0,1032.6666666666667,1065.0,1034.7857142857142,38.656607887051294,-2.623906705539359,12.177502579979361,False
Maharashtra,Nashik,Nashik,Potato,Local,FAQ,2026-06-11,1005.0,1145.0,1058.0,False,2026,6,11,3,162,2,Kharif,1049.0,1029.0,1062.0,972.0,1026.6666666666667,1059.5714285714287,1040.5,37.7087838699723,4.69061876247505,9.25925925925926,False
Maharashtra,Nashik,Nashik,Potato,Local,FAQ,2026-06-12,992.0,1194.0,1049.0,False,2026,6,12,4,163,2,Kharif,1058.0,1002.0,1095.0,959.0,1036.3333333333333,1059.0,1046.642857142857,37.696153649940236,0.8579599618684461,14.181438998957246,False
Maharashtra,Nashik,Nashik,Potato,Local,FAQ,2026-06-13,930.0,1144.0,1002.0,False,2026,6,13,5,164,2,Kharif,1049.0,1049.0,1113.0,1001.0,1052.0,1052.4285714285713,1053.0714285714287,34.22405169300697,-0.8506616257088847,11.188811188811188,False
Maharashtra,Nashik,Nashik,Potato,Local,FAQ,2026-06-14,905.0,1153.0,1010.0,False,2026,6,14,6,165,2,Kharif,1002.0,1058.0,1067.0,1031.0,1036.3333333333333,1036.5714285714287,1053.142857142857,26.2732889887355,-4.480457578646329,3.4917555771096023,False
Maharashtra,Nashik,Nashik,Potato,Local,FAQ,2026-06-15,958.0,1134.0,1009.0,False,2026,6,15,0,166,2,Kharif,1010.0,1049.0,1029.0,1034.0,1020.3333333333334,1028.4285714285713,1051.642857142857,24.005951642990684,0.7984031936127743,-0.4835589941972921,False
Maharashtra,Nashik,Nashik,Potato,Local,FAQ,2026-06-16,861.0,1108.0,1004.0,False,2026,6,16,1,167,2,Kharif,1009.0,1002.0,1002.0,1066.0,1007.0,1025.5714285714287,1049.857142857143,25.09221089539421,-0.09900990099009901,-6.0037523452157595,False
Maharashtra,Nashik,Nashik,Potato,Local,FAQ,2026-06-17,875.0,1042.0,978.0,False,2026,6,17,2,168,2,Kharif,1004.0,1010.0,1049.0,1087.0,1007.6666666666666,1025.857142857143,1045.4285714285713,24.788630266234613,-0.4955401387512388,-3.4958601655933763,False
Maharashtra,Nashik,Nashik,Potato,Local,FAQ,2026-06-18,844.0,1056.0,985.0,False,2026,6,18,3,169,2,Kharif,978.0,1009.0,1058.0,1062.0,997.0,1015.7142857142857,1037.642857142857,28.051822791124458,-2.589641434262948,-0.3766478342749529,False
Maharashtra,Nashik,Nashik,Potato,Local,FAQ,2026-06-19,847.0,1022.0,964.0,False,2026,6,19,4,170,2,Kharif,985.0,1004.0,1049.0,1095.0,989.0,1005.2857142857143,1032.142857142857,22.78679651109342,0.7157464212678937,-4.200913242009133,False
Maharashtra,Nashik,Nashik,Potato,Local,FAQ,2026-06-20,806.0,1010.0,930.0,False,2026,6,20,5,171,2,Kharif,964.0,978.0,1002.0,1113.0,975.6666666666666,993.1428571428571,1022.7857142857143,17.68642201829988,-2.131979695431472,-9.973045822102426,False
Maharashtra,Nashik,Nashik,Potato,Local,FAQ,2026-06-21,844.0,1050.0,940.0,False,2026,6,21,6,172,2,Kharif,930.0,985.0,1010.0,1067.0,959.6666666666666,982.8571428571429,1009.7142857142857,28.99671574177669,-3.5269709543568464,-5.342080599812558,False
Maharashtra,Nashik,Nashik,Potato,Local,FAQ,2026-06-22,876.0,1072.0,956.0,False,2026,6,22,0,173,2,Kharif,940.0,964.0,1009.0,1029.0,944.6666666666666,972.8571428571429,1000.6428571428571,30.12434547796956,1.0752688172043012,-1.9436345966958213,False
Maharashtra,Nashik,Nashik,Potato,Local,FAQ,2026-06-24,853.0,1053.0,928.0,False,2026,6,24,2,175,2,Kharif,956.0,930.0,1004.0,1002.0,942.0,965.2857142857143,995.4285714285714,25.888957013328454,1.702127659574468,0.19960079840319359,False
Maharashtra,Nashik,Nashik,Potato,Local,FAQ,2026-06-25,821.0,1035.0,897.0,False,2026,6,25,3,176,2,Kharif,928.0,940.0,978.0,1049.0,941.3333333333334,954.4285714285714,990.1428571428571,22.685216499273686,-2.928870292887029,-6.7683508102955185,False
Maharashtra,Nashik,Nashik,Potato,Local,FAQ,2026-06-26,783.0,953.0,894.0,False,2026,6,26,4,177,2,Kharif,897.0,956.0,985.0,1058.0,927.0,942.8571428571429,979.2857142857143,28.556543741777634,-3.34051724137931,-6.899810964083176,False
Maharashtra,Nashik,Nashik,Potato,Local,FAQ,2026-06-27,809.0,1019.0,898.0,False,2026,6,27,5,178,2,Kharif,894.0,928.0,964.0,1049.0,906.3333333333334,929.8571428571429,967.5714285714286,26.835477583652647,-0.33444816053511706,-8.102955195424213,False
Maharashtra,Nashik,Nashik,Potato,Local,FAQ,2026-06-28,855.0,1021.0,933.0,False,2026,6,28,6,179,2,Kharif,898.0,897.0,930.0,1002.0,896.3333333333334,920.4285714285714,956.7857142857143,24.31636720987694,0.44742729306487694,-7.18562874251497,False
Maharashtra,Nashik,Nashik,Potato,Local,FAQ,2026-06-29,918.0,1100.0,978.0,False,2026,6,29,0,180,2,Kharif,933.0,894.0,940.0,1010.0,908.3333333333334,920.8571428571429,951.8571428571429,24.538599331313133,3.8975501113585747,-6.9306930693069315,False
Maharashtra,Nashik,Nashik,Potato,Local,FAQ,2026-06-30,959.0,1116.0,1034.0,False,2026,6,30,1,181,2,Kharif,978.0,898.0,956.0,1009.0,936.3333333333334,926.2857142857143,949.5714285714286,32.41766126519044,4.823151125401929,-5.2527254707631315,False
Maharashtra,Nashik,Nashik,Potato,Local,FAQ,2026-07-01,952.0,1088.0,1035.0,False,2026,7,1,2,182,3,Kharif,1034.0,933.0,928.0,1004.0,981.6666666666666,937.4285714285714,951.3571428571429,51.89045237439079,5.725971370143149,-7.569721115537849,False
Maharashtra,Nashik,Nashik,Potato,Local,FAQ,2026-07-02,928.0,1170.0,1068.0,False,2026,7,2,3,183,3,Kharif,1035.0,978.0,897.0,978.0,1015.6666666666666,952.7142857142857,953.5714285714286,63.18152231392213,0.09671179883945842,-8.282208588957054,False
Maharashtra,Nashik,Nashik,Potato,Local,FAQ,2026-07-03,955.0,1104.0,1051.0,False,2026,7,3,4,184,3,Kharif,1068.0,1034.0,894.0,985.0,1045.6666666666667,977.1428571428571,960.0,70.66453276203048,3.1884057971014492,-9.238578680203045,False
Maharashtra,Nashik,Nashik,Potato,Local,FAQ,2026-07-04,966.0,1192.0,1050.0,False,2026,7,4,5,185,3,Kharif,1051.0,1035.0,898.0,964.0,1051.3333333333333,999.5714285714286,964.7142857142857,64.5261113629122,-1.5917602996254683,-6.846473029045644,False
Maharashtra,Nashik,Nashik,Potato,Local,FAQ,2026-07-05,1019.0,1179.0,1071.0,False,2026,7,5,6,186,3,Kharif,1050.0,1068.0,933.0,930.0,1056.3333333333333,1021.2857142857143,970.8571428571429,48.144623395605365,-0.09514747859181732,0.3225806451612903,False
Maharashtra,Nashik,Nashik,Potato,Local,FAQ,2026-07-06,934.0,1142.0,1027.0,False,2026,7,6,0,187,3,Kharif,1071.0,1051.0,978.0,940.0,1057.3333333333333,1041.0,980.9285714285714,31.262330900514307,2.0,4.042553191489362,False
Maharashtra,Nashik,Nashik,Potato,Local,FAQ,2026-07-07,911.0,1084.0,1034.0,False,2026,7,7,1,188,3,Kharif,1027.0,1050.0,1034.0,956.0,1049.3333333333333,1048.0,987.1428571428571,17.06848948598719,-4.1083099906629315,8.158995815899582,False
Maharashtra,Nashik,Nashik,Potato,Local,FAQ,2026-07-08,957.0,1073.0,1011.0,False,2026,7,8,2,189,3,Kharif,1034.0,1071.0,1035.0,928.0,1044.0,1048.0,992.7142857142857,17.06848948598719,0.6815968841285297,11.530172413793103,False
Maharashtra,Nashik,Nashik,Potato,Local,FAQ,2026-07-09,836.0,1067.0,985.0,False,2026,7,9,3,190,3,Kharif,1011.0,1027.0,1068.0,897.0,1024.0,1044.5714285714287,998.6428571428571,21.85449719437555,-2.2243713733075436,19.063545150501675,False
Maharashtra,Nashik,Nashik,Potato,Local,FAQ,2026-07-10,931.0,1059.0,1007.0,False,2026,7,10,4,191,3,Kharif,985.0,1034.0,1051.0,894.0,1010.0,1032.7142857142858,1004.9285714285714,28.523173536115255,-2.571711177052423,17.561521252796418,False
Maharashtra,Nashik,Nashik,Potato,Local,FAQ,2026-07-11,948.0,1076.0,1020.0,False,2026,7,11,5,192,3,Kharif,1007.0,1011.0,1050.0,898.0,1001.0,1026.4285714285713,1013.0,28.66971190912626,2.233502538071066,16.926503340757236,False
Maharashtra,Pune,Pune,Potato,Local,FAQ,2026-02-12,1054.0,1211.0,1143.0,False,2026,2,12,3,43,1,Rabi,,,,,,,,,,,False
Maharashtra,Pune,Pune,Potato,Local,FAQ,2026-02-13,1045.0,1299.0,1153.0,False,2026,2,13,4,44,1,Rabi,1143.0,,,,,,,,,,False
Maharashtra,Pune,Pune,Potato,Local,FAQ,2026-02-14,1015.0,1211.0,1127.0,False,2026,2,14,5,45,1,Rabi,1153.0,,,,,,,,0.8748906386701663,,False
Maharashtra,Pune,Pune,Potato,Local,FAQ,2026-02-15,991.0,1220.0,1127.0,False,2026,2,15,6,46,1,Rabi,1127.0,1143.0,,,1141.0,,,,-2.2549869904596704,,False
Maharashtra,Pune,Pune,Potato,Local,FAQ,2026-02-16,984.0,1188.0,1111.0,False,2026,2,16,0,47,1,Rabi,1127.0,1153.0,,,1135.6666666666667,,,,0.0,,False
Maharashtra,Pune,Pune,Potato,Local,FAQ,2026-02-17,969.0,1167.0,1096.0,False,2026,2,17,1,48,1,Rabi,1111.0,1127.0,,,1121.6666666666667,,,,-1.419698314108252,,False
Maharashtra,Pune,Pune,Potato,Local,FAQ,2026-02-18,940.0,1227.0,1084.0,False,2026,2,18,2,49,1,Rabi,1096.0,1127.0,,,1111.3333333333333,,,,-1.3501350135013501,,False
Maharashtra,Pune,Pune,Potato,Local,FAQ,2026-02-19,954.0,1111.0,1025.0,False,2026,2,19,3,50,1,Rabi,1084.0,1111.0,1143.0,,1097.0,1120.142857142857,,24.72804461489407,-1.094890510948905,,False
Maharashtra,Pune,Pune,Potato,Local,FAQ,2026-02-20,930.0,1166.0,1026.0,False,2026,2,20,4,51,1,Rabi,1025.0,1096.0,1153.0,,1068.3333333333333,1103.2857142857142,,41.25010822496624,-5.442804428044281,,False
Maharashtra,Pune,Pune,Potato,Local,FAQ,2026-02-21,847.0,1078.0,990.0,False,2026,2,21,5,52,1,Rabi,1026.0,1084.0,1127.0,,1045.0,1085.142857142857,,43.60209693515731,0.0975609756097561,,False
Maharashtra,Pune,Pune,Potato,Local,FAQ,2026-02-22,888.0,1069.0,1019.0,False,2026,2,22,6,53,1,Rabi,990.0,1025.0,1127.0,,1013.6666666666666,1065.5714285714287,,51.68125754035377,-3.508771929824561,,False
Maharashtra,Pune,Pune,Potato,Local,FAQ,2026-02-23,937.0,1111.0,1019.0,False,2026,2,23,0,54,1,Rabi,1019.0,1026.0,1111.0,,1011.6666666666666,1050.142857142857,,46.106501968914465,2.9292929292929295,,False
Maharashtra,Pune,Pune,Potato,Local,FAQ,2026-02-24,944.0,1112.0,998.0,False,2026,2,24,1,55,1,Rabi,1019.0,990.0,1096.0,,1009.3333333333334,1037.0,,38.3231870630126,0.0,,False
Maharashtra,Pune,Pune,Potato,Local,FAQ,2026-02-25,903.0,1034.0,979.0,False,2026,2,25,2,56,1,Rabi,998.0,1019.0,1084.0,,1012.0,1023.0,,30.221405217714874,-2.060843964671246,,False
Maharashtra,Pune,Pune,Potato,Local,FAQ,2026-02-26,865.0,1098.0,1000.0,False,2026,2,26,3,57,1,Rabi,979.0,1019.0,1025.0,1143.0,998.6666666666666,1008.0,1064.0714285714287,18.797162906495444,-1.903807615230461,-10.32370953630796,False
Maharashtra,Pune,Pune,Potato,Local,FAQ,2026-02-27,890.0,1130.0,982.0,False,2026,2,27,4,58,1,Rabi,1000.0,998.0,1026.0,1153.0,992.3333333333334,1004.4285714285714,1053.857142857143,17.347979160477927,2.1450459652706844,-11.014744145706851,False
Maharashtra,Pune,Pune,Potato,Local,FAQ,2026-02-28,885.0,1031.0,964.0,False,2026,2,28,5,59,1,Rabi,982.0,979.0,990.0,1127.0,987.0,998.1428571428571,1041.642857142857,16.159915134147617,-1.7999999999999998,-12.156166814551908,False
Maharashtra,Pune,Pune,Potato,Local,FAQ,2026-03-01,857.0,1086.0,945.0,False,2026,3,1,6,60,1,Rabi,964.0,1000.0,1019.0,1127.0,982.0,994.4285714285714,1030.0,20.69506497418434,-1.8329938900203666,-9.582963620230702,False
Maharashtra,Pune,Pune,Potato,Local,FAQ,2026-03-02,761.0,959.0,904.0,False,2026,3,2,0,61,1,Rabi,945.0,982.0,1019.0,1111.0,963.6666666666666,983.8571428571429,1017.0,24.586097503999916,-1.970954356846473,-8.28082808280828,False
Maharashtra,Pune,Pune,Potato,Local,FAQ,2026-03-03,886.0,1064.0,957.0,False,2026,3,3,1,62,1,Rabi,904.0,964.0,998.0,1096.0,937.6666666666666,967.4285714285714,1002.2142857142857,33.86176379958752,-4.338624338624339,-8.94160583941606,False
Maharashtra,Pune,Pune,Potato,Local,FAQ,2026-03-04,854.0,1059.0,944.0,False,2026,3,4,2,63,1,Rabi,957.0,945.0,979.0,1084.0,935.3333333333334,961.5714285714286,992.2857142857143,31.12799995104717,5.8628318584070795,-9.686346863468636,False
Maharashtra,Pune,Pune,Potato,Local,FAQ,2026-03-05,827.0,1061.0,947.0,False,2026,3,5,3,64,1,Rabi,944.0,904.0,1000.0,1025.0,935.0,956.5714285714286,982.2857142857143,30.669513325435435,-1.3584117032392893,-2.4390243902439024,False
Maharashtra,Pune,Pune,Potato,Local,FAQ,2026-03-06,835.0,991.0,928.0,False,2026,3,6,4,65,1,Rabi,947.0,957.0,982.0,1026.0,949.3333333333334,949.0,976.7142857142857,23.972206128487315,0.31779661016949157,-4.28849902534113,False
Maharashtra,Pune,Pune,Potato,Local,FAQ,2026-03-07,775.0,1018.0,920.0,False,2026,3,7,5,66,1,Rabi,928.0,944.0,964.0,990.0,939.6666666666666,941.2857142857143,969.7142857142857,19.930832778339116,-2.0063357972544877,-2.6262626262626263,False
Maharashtra,Pune,Pune,Potato,Local,FAQ,2026-03-08,853.0,1034.0,953.0,False,2026,3,8,6,67,1,Rabi,920.0,947.0,945.0,1019.0,931.6666666666666,935.0,964.7142857142857,18.457157599876833,-0.8620689655172413,-7.262021589793916,False
Maharashtra,Pune,Pune,Potato,Local,FAQ,2026-03-09,799.0,1067.0,930.0,False,2026,3,9,0,68,1,Rabi,953.0,928.0,904.0,1019.0,933.6666666666666,936.1428571428571,960.0,19.40299436881366,3.5869565217391304,-11.285574092247302,False
Maharashtra,Pune,Pune,Potato,Local,FAQ,2026-03-10,814.0,1047.0,921.0,False,2026,3,10,1,69,1,Rabi,930.0,920.0,957.0,998.0,934.3333333333334,939.8571428571429,953.6428571428571,13.945472042072032,-2.413431269674711,-4.108216432865731,False
Maharashtra,Pune,Pune,Potato,Local,FAQ,2026-03-11,860.0,997.0,924.0,False,2026,3,11,2,70,1,Rabi,921.0,953.0,944.0,979.0,934.6666666666666,934.7142857142857,948.1428571428571,13.187295473476972,-0.967741935483871,-3.575076608784474,False
Maharashtra,Pune,Pune,Potato,Local,FAQ,2026-03-12,824.0,970.0,919.0,False,2026,3,12,3,71,1,Rabi,924.0,930.0,947.0,1000.0,925.0,931.8571428571429,944.2142857142857,13.005493344847883,0.32573289902280134,-5.3,False
Maharashtra,Pune,Pune,Potato,Local,FAQ,2026-03-13,836.0,1054.0,968.0,False,2026,3,13,4,72,1,Rabi,919.0,921.0,928.0,982.0,921.3333333333334,927.8571428571429,938.4285714285714,11.824107738410985,-0.5411255411255411,-5.4989816700611,False
Maharashtra,Pune,Pune,Potato,Local,FAQ,2026-03-14,907.0,1173.0,1027.0,False,2026,3,14,5,73,1,Rabi,968.0,924.0,920.0,964.0,937.0,933.5714285714286,937.4285714285714,19.24280941769521,5.331882480957562,-4.564315352697095,False
Maharashtra,Pune,Pune,Potato,Local,FAQ,2026-03-15,938.0,1131.0,1041.0,False,2026,3,15,6,74,1,Rabi,1027.0,919.0,953.0,945.0,971.3333333333334,948.8571428571429,941.9285714285714,39.01037712980412,6.095041322314049,0.8465608465608466,False
Maharashtra,Pune,Pune,Potato,Local,FAQ,2026-03-16,965.0,1108.0,1045.0,False,2026,3,16,0,75,1,Rabi,1041.0,968.0,930.0,904.0,1012.0,961.4285714285714,948.7857142857143,52.43681004427199,1.3631937682570594,2.8761061946902653,False
Maharashtra,Pune,Pune,Potato,Local,FAQ,2026-03-17,924.0,1144.0,1058.0,False,2026,3,17,1,76,1,Rabi,1045.0,1027.0,921.0,957.0,1037.6666666666667,977.8571428571429,958.8571428571429,58.60156019375992,0.38424591738712777,-3.761755485893417,False
Maharashtra,Pune,Pune,Potato,Local,FAQ,2026-03-18,976.0,1156.0,1046.0,False,2026,3,18,2,77,1,Rabi,1058.0,1041.0,924.0,944.0,1048.0,997.4285714285714,966.0714285714286,59.3207584320395,1.244019138755981,-2.11864406779661,False
Maharashtra,Pune,Pune,Potato,Local,FAQ,2026-03-19,1053.0,1200.0,1109.0,False,2026,3,19,3,78,1,Rabi,1046.0,1045.0,919.0,947.0,1049.6666666666667,1014.8571428571429,973.3571428571429,51.56687751980777,-1.1342155009451798,-2.956705385427666,False
Maharashtra,Pune,Pune,Potato,Local,FAQ,2026-03-20,918.0,1176.0,1043.0,False,2026,3,20,4,79,1,Rabi,1109.0,1058.0,968.0,928.0,1071.0,1042.0,984.9285714285714,41.77718675704866,6.022944550669216,4.310344827586207,False
Maharashtra,Pune,Pune,Potato,Local,FAQ,2026-03-21,964.0,1145.0,1091.0,False,2026,3,21,5,80,1,Rabi,1043.0,1046.0,1027.0,920.0,1066.0,1052.7142857142858,993.1428571428571,26.436806953653566,-5.951307484220019,11.630434782608695,False
Maharashtra,Pune,Pune,Potato,Local,FAQ,2026-03-22,953.0,1229.0,1096.0,False,2026,3,22,6,81,1,Rabi,1091.0,1109.0,1041.0,953.0,1081.0,1061.857142857143,1005.3571428571429,27.119664276612525,4.6021093000958775,9.233997901364113,False
Maharashtra,Pune,Pune,Potato,Local,FAQ,2026-03-23,920.0,1134.0,1054.0,False,2026,3,23,0,82,1,Rabi,1096.0,1043.0,1045.0,930.0,1076.6666666666667,1069.7142857142858,1015.5714285714286,28.022100121833777,0.458295142071494,12.365591397849462,False
Maharashtra,Pune,Pune,Potato,Local,FAQ,2026-03-24,957.0,1076.0,1023.0,False,2026,3,24,1,83,1,Rabi,1054.0,1091.0,1058.0,921.0,1080.3333333333333,1071.0,1024.4285714285713,26.88246020487426,-3.832116788321168,14.87513572204126,False
Maharashtra,Pune,Pune,Potato,Local,FAQ,2026-03-25,802.0,1021.0,947.0,False,2026,3,25,2,84,1,Rabi,1023.0,1096.0,1046.0,924.0,1057.6666666666667,1066.0,1031.7142857142858,32.39341496868334,-2.941176470588235,13.203463203463203,False
Maharashtra,Pune,Pune,Potato,Local,FAQ,2026-03-26,797.0,1048.0,940.0,False,2026,3,26,3,85,1,Rabi,947.0,1054.0,1109.0,919.0,1008.0,1051.857142857143,1033.357142857143,55.762677396948725,-7.429130009775172,20.674646354733405,False
Maharashtra,Pune,Pune,Potato,Local,FAQ,2026-03-27,819.0,1077.0,936.0,False,2026,3,27,4,86,1,Rabi,940.0,1023.0,1043.0,968.0,970.0,1027.7142857142858,1034.857142857143,63.012470421111246,-0.7391763463569165,7.747933884297521,False
Maharashtra,Pune,Pune,Potato,Local,FAQ,2026-03-28,918.0,1041.0,972.0,False,2026,3,28,5,87,1,Rabi,936.0,947.0,1091.0,1027.0,941.0,1012.4285714285714,1032.5714285714287,71.14037096439948,-0.425531914893617,6.2317429406037,False
Maharashtra,Pune,Pune,Potato,Local,FAQ,2026-03-29,793.0,1053.0,926.0,False,2026,3,29,6,88,1,Rabi,972.0,940.0,1096.0,1041.0,949.3333333333334,995.4285714285714,1028.642857142857,62.98639308839416,3.8461538461538463,5.283381364073007,False
Maharashtra,Pune,Pune,Potato,Local,FAQ,2026-03-30,786.0,939.0,889.0,False,2026,3,30,0,89,1,Rabi,926.0,936.0,1054.0,1045.0,944.6666666666666,971.1428571428571,1020.4285714285714,48.957221365285015,-4.732510288065844,0.8612440191387559,False
Maharashtra,Pune,Pune,Potato,Local,FAQ,2026-03-31,770.0,915.0,844.0,False,2026,3,31,1,90,1,Rabi,889.0,972.0,1023.0,1058.0,929.0,947.5714285714286,1009.2857142857143,41.58067316617641,-3.995680345572354,-3.30812854442344,False
Maharashtra,Pune,Pune,Potato,Local,FAQ,2026-04-01,788.0,935.0,866.0,False,2026,4,1,2,91,2,Zaid,844.0,926.0,947.0,1046.0,886.3333333333334,922.0,994.0,42.49313670072703,-5.061867266591676,-9.464627151051626,False
Maharashtra,Pune,Pune,Potato,Local,FAQ,2026-04-02,748.0,985.0,848.0,False,2026,4,2,3,92,2,Zaid,866.0,889.0,940.0,1109.0,866.3333333333334,910.4285714285714,981.1428571428571,45.47474442976445,2.6066350710900474,-15.238954012623985,False
Maharashtra,Pune,Pune,Potato,Local,FAQ,2026-04-03,757.0,968.0,843.0,False,2026,4,3,4,93,2,Zaid,848.0,844.0,936.0,1043.0,852.6666666666666,897.2857142857143,962.5,48.685091098180244,-2.0785219399538106,-10.258868648130392,False
Maharashtra,Pune,Pune,Potato,Local,FAQ,2026-04-04,734.0,971.0,839.0,False,2026,4,4,5,94,2,Zaid,843.0,866.0,972.0,1091.0,852.3333333333334,884.0,948.2142857142857,49.04759593157122,-0.589622641509434,-10.907424381301558,False
Maharashtra,Pune,Pune,Potato,Local,FAQ,2026-04-05,780.0,982.0,834.0,False,2026,4,5,6,95,2,Zaid,839.0,848.0,926.0,1096.0,843.3333333333334,865.0,930.2142857142857,32.11437891869231,-0.4744958481613286,-15.51094890510949,False
Maharashtra,Pune,Pune,Potato,Local,FAQ,2026-04-06,821.0,974.0,909.0,False,2026,4,6,0,96,2,Zaid,834.0,843.0,889.0,1054.0,838.6666666666666,851.8571428571429,911.5,19.23043223147988,-0.5959475566150179,-15.654648956356738,False
Maharashtra,Pune,Pune,Potato,Local,FAQ,2026-04-07,763.0,981.0,872.0,False,2026,4,7,1,97,2,Zaid,909.0,839.0,844.0,1023.0,860.6666666666666,854.7142857142857,901.1428571428571,25.972512942944977,8.992805755395683,-17.49755620723363,False
Maharashtra,Pune,Pune,Potato,Local,FAQ,2026-04-08,806.0,1035.0,901.0,False,2026,4,8,2,98,2,Zaid,872.0,834.0,866.0,947.0,871.6666666666666,858.7142857142857,890.3571428571429,26.202508058799324,-4.07040704070407,-8.553326293558607,False
Maharashtra,Pune,Pune,Potato,Local,FAQ,2026-04-09,786.0,1006.0,890.0,False,2026,4,9,3,99,2,Zaid,901.0,909.0,848.0,940.0,894.0,863.7142857142857,887.0714285714286,30.766400968775056,3.325688073394496,-9.787234042553191,False
Maharashtra,Pune,Pune,Potato,Local,FAQ,2026-04-10,712.0,929.0,840.0,False,2026,4,10,4,100,2,Zaid,890.0,872.0,843.0,936.0,887.6666666666666,869.7142857142857,883.5,31.282126343511912,-1.2208657047724751,-9.935897435897436,False
Maharashtra,Pune,Pune,Potato,Local,FAQ,2026-04-11,668.0,899.0,811.0,False,2026,4,11,5,101,2,Zaid,840.0,901.0,839.0,972.0,877.0,869.2857142857143,876.6428571428571,31.726509870634086,-5.617977528089887,-13.68312757201646,False
Maharashtra,Pune,Pune,Potato,Local,FAQ,2026-04-12,700.0,875.0,823.0,False,2026,4,12,6,102,2,Zaid,811.0,890.0,834.0,926.0,847.0,865.2857142857143,865.1428571428571,37.433114955051614,-3.4523809523809526,-9.935205183585314,False
Maharashtra,Pune,Pune,Potato,Local,FAQ,2026-04-13,683.0,924.0,821.0,False,2026,4,13,0,103,2,Zaid,823.0,840.0,909.0,889.0,824.6666666666666,863.7142857142857,857.7857142857143,39.156584315260545,1.4796547472256474,2.249718785151856,False
Maharashtra,Pune,Pune,Potato,Local,FAQ,2026-04-14,635.0,876.0,778.0,False,2026,4,14,1,104,2,Zaid,821.0,811.0,872.0,844.0,818.3333333333334,851.1428571428571,852.9285714285714,36.209706670213016,-0.24301336573511542,3.3175355450236967,False
Maharashtra,Pune,Pune,Potato,Local,FAQ,2026-04-15,616.0,821.0,746.0,False,2026,4,15,2,105,2,Zaid,778.0,823.0,901.0,866.0,807.3333333333334,837.7142857142857,848.2142857142857,43.81671783583034,-5.237515225334957,4.041570438799076,False
Maharashtra,Pune,Pune,Potato,Local,FAQ,2026-04-16,605.0,886.0,745.0,False,2026,4,16,3,106,2,Zaid,746.0,821.0,890.0,848.0,781.6666666666666,815.5714285714286,839.6428571428571,45.632068924011364,-4.113110539845758,4.952830188679245,False
Maharashtra,Pune,Pune,Potato,Local,FAQ,2026-04-17,628.0,874.0,746.0,False,2026,4,17,4,107,2,Zaid,745.0,778.0,840.0,843.0,756.3333333333334,794.8571428571429,832.2857142857143,38.580774881749036,-0.13404825737265416,-0.3558718861209964,False
Maharashtra,Pune,Pune,Potato,Local,FAQ,2026-04-18,704.0,877.0,767.0,False,2026,4,18,5,108,2,Zaid,746.0,746.0,811.0,839.0,745.6666666666666,781.4285714285714,825.3571428571429,36.555241953592905,0.1342281879194631,-3.3373063170441,False
Maharashtra,Pune,Pune,Potato,Local,FAQ,2026-04-19,702.0,835.0,767.0,False,2026,4,19,6,109,2,Zaid,767.0,745.0,823.0,834.0,752.6666666666666,775.1428571428571,820.2142857142857,34.33864961152171,2.8150134048257374,-1.3189448441247003,False
Maharashtra,Pune,Pune,Potato,Local,FAQ,2026-04-20,664.0,844.0,751.0,False,2026,4,20,0,110,2,Zaid,767.0,746.0,821.0,909.0,760.0,767.1428571428571,815.4285714285714,27.088918837958893,0.0,-9.68096809680968,False
Maharashtra,Pune,Pune,Potato,Local,FAQ,2026-04-21,631.0,799.0,731.0,False,2026,4,21,1,111,2,Zaid,751.0,767.0,778.0,872.0,761.6666666666666,757.1428571428571,804.1428571428571,13.309502512973738,-2.0860495436766624,-10.77981651376147,False
Maharashtra,Pune,Pune,Potato,Local,FAQ,2026-04-23,702.0,913.0,786.0,False,2026,4,23,3,113,2,Zaid,731.0,767.0,746.0,901.0,749.6666666666666,750.4285714285714,794.0714285714286,12.882250616735265,-2.6631158455392807,-17.203107658157602,False
Maharashtra,Pune,Pune,Potato,Local,FAQ,2026-04-24,705.0,896.0,798.0,False,2026,4,24,4,114,2,Zaid,786.0,751.0,745.0,890.0,756.0,756.1428571428571,785.8571428571429,18.316009130708235,7.523939808481532,-16.292134831460675,False
Maharashtra,Pune,Pune,Potato,Local,FAQ,2026-04-25,752.0,892.0,833.0,False,2026,4,25,5,115,2,Zaid,798.0,731.0,746.0,840.0,771.6666666666666,763.7142857142857,779.2857142857143,23.235850789346234,1.5267175572519083,-11.190476190476192,False
Maharashtra,Pune,Pune,Potato,Local,FAQ,2026-04-26,821.0,1022.0,880.0,False,2026,4,26,6,116,2,Zaid,833.0,786.0,767.0,811.0,805.6666666666666,776.1428571428571,778.7857142857143,33.27876485803213,4.385964912280701,-5.425400739827373,False
Maharashtra,Pune,Pune,Potato,Local,FAQ,2026-04-27,771.0,966.0,857.0,False,2026,4,27,0,117,2,Zaid,880.0,798.0,767.0,823.0,837.0,792.2857142857143,783.7142857142857,50.864900424930596,5.642256902761105,-6.804374240583232,False
Maharashtra,Pune,Pune,Potato,Local,FAQ,2026-04-28,734.0,922.0,868.0,False,2026,4,28,1,118,2,Zaid,857.0,833.0,751.0,821.0,856.6666666666666,805.1428571428571,786.1428571428571,54.642561468232245,-2.6136363636363633,-8.526187576126674,False
Maharashtra,Pune,Pune,Potato,Local,FAQ,2026-04-29,830.0,951.0,881.0,False,2026,4,29,2,119,2,Zaid,868.0,880.0,731.0,778.0,868.3333333333334,821.8571428571429,789.5,53.195954017289175,1.2835472578763127,-6.041131105398458,False
Maharashtra,Pune,Pune,Potato,Local,FAQ,2026-04-30,726.0,983.0,872.0,False,2026,4,30,3,120,2,Zaid,881.0,857.0,786.0,746.0,868.6666666666666,843.2857142857143,796.8571428571429,38.745813905996606,1.497695852534562,5.361930294906166,False
Maharashtra,Pune,Pune,Potato,Local,FAQ,2026-05-01,814.0,941.0,867.0,False,2026,5,1,4,121,2,Zaid,872.0,868.0,798.0,745.0,873.6666666666666,855.5714285714286,805.8571428571429,30.259197735879813,-1.0215664018161181,7.114093959731544,False
Maharashtra,Pune,Pune,Potato,Local,FAQ,2026-05-02,726.0,956.0,864.0,False,2026,5,2,5,122,2,Zaid,867.0,881.0,833.0,746.0,873.3333333333334,865.4285714285714,814.5714285714286,16.480869140281243,-0.573394495412844,11.662198391420912,False
Maharashtra,Pune,Pune,Potato,Local,FAQ,2026-05-03,785.0,945.0,876.0,False,2026,5,3,6,123,2,Zaid,864.0,872.0,880.0,767.0,867.6666666666666,869.8571428571429,823.0,8.591246929843805,-0.34602076124567477,14.732724902216427,False
Maharashtra,Pune,Pune,Potato,Local,FAQ,2026-05-04,781.0,1024.0,883.0,False,2026,5,4,0,124,2,Zaid,876.0,867.0,857.0,767.0,869.0,869.2857142857143,830.7857142857143,7.910210399948628,1.3888888888888888,11.734028683181226,False
Maharashtra,Pune,Pune,Potato,Local,FAQ,2026-05-05,762.0,965.0,903.0,False,2026,5,5,1,125,2,Zaid,883.0,864.0,868.0,751.0,874.3333333333334,873.0,839.0714285714286,7.257180352360913,0.7990867579908676,15.579227696404793,False
Maharashtra,Pune,Pune,Potato,Local,FAQ,2026-05-06,853.0,1094.0,956.0,False,2026,5,6,2,126,2,Zaid,903.0,876.0,881.0,731.0,887.3333333333334,878.0,849.9285714285714,13.012814197296438,2.2650056625141564,20.51983584131327,False
Maharashtra,Pune,Pune,Potato,Local,FAQ,2026-05-07,883.0,1018.0,940.0,False,2026,5,7,3,127,2,Zaid,956.0,883.0,872.0,786.0,914.0,888.7142857142857,866.0,32.37135712176413,5.869324473975636,10.941475826972011,False
Maharashtra,Pune,Pune,Potato,Local,FAQ,2026-05-08,782.0,1009.0,864.0,False,2026,5,8,4,128,2,Zaid,940.0,903.0,867.0,798.0,933.0,898.4285714285714,877.0,36.46394174549804,-1.6736401673640167,8.646616541353383,False
Maharashtra,Pune,Pune,Potato,Local,FAQ,2026-05-09,737.0,920.0,854.0,False,2026,5,9,5,129,2,Zaid,864.0,956.0,864.0,833.0,920.0,898.0,881.7142857142857,36.909799963334414,-8.085106382978724,3.721488595438175,False
Maharashtra,Pune,Pune,Potato,Local,FAQ,2026-05-10,702.0,925.0,801.0,False,2026,5,10,6,130,2,Zaid,854.0,940.0,876.0,880.0,886.0,896.5714285714286,883.2142857142857,38.59990130754752,-1.1574074074074074,-0.45454545454545453,False
Maharashtra,Pune,Pune,Potato,Local,FAQ,2026-05-11,694.0,874.0,811.0,False,2026,5,11,0,131,2,Zaid,801.0,864.0,883.0,857.0,839.6666666666666,885.8571428571429,877.5714285714286,52.98876790235413,-6.206088992974239,3.0338389731621938,False
Maharashtra,Pune,Pune,Potato,Local,FAQ,2026-05-12,694.0,902.0,839.0,False,2026,5,12,1,132,2,Zaid,811.0,854.0,903.0,868.0,822.0,875.5714285714286,874.2857142857143,60.14110392196351,1.2484394506866416,4.032258064516129,False
Maharashtra,Pune,Pune,Potato,Local,FAQ,2026-05-14,718.0,915.0,843.0,False,2026,5,14,3,134,2,Zaid,839.0,801.0,956.0,881.0,817.0,866.4285714285714,872.2142857142857,60.141103921963534,3.45252774352651,8.51305334846765,False
Maharashtra,Pune,Pune,Potato,Local,FAQ,2026-05-15,778.0,965.0,905.0,False,2026,5,15,4,135,2,Zaid,843.0,811.0,940.0,872.0,831.0,850.2857142857143,869.5,45.46689009859962,0.47675804529201427,7.79816513761468,False
Maharashtra,Pune,Pune,Potato,Local,FAQ,2026-05-16,729.0,1014.0,875.0,False,2026,5,16,5,136,2,Zaid,905.0,839.0,864.0,867.0,862.3333333333334,845.2857142857143,871.8571428571429,34.577036144983126,7.354685646500593,-0.34602076124567477,False
Maharashtra,Pune,Pune,Potato,Local,FAQ,2026-05-17,797.0,995.0,899.0,False,2026,5,17,6,137,2,Zaid,875.0,843.0,854.0,864.0,874.3333333333334,846.8571428571429,872.4285714285714,35.79771208438091,-3.314917127071823,-1.1574074074074074,False
Maharashtra,Pune,Pune,Potato,Local,FAQ,2026-05-18,801.0,990.0,882.0,False,2026,5,18,0,138,2,Zaid,899.0,905.0,801.0,876.0,893.0,853.2857142857143,874.9285714285714,40.962235802075085,2.742857142857143,-8.561643835616438,False
Maharashtra,Pune,Pune,Potato,Local,FAQ,2026-05-19,751.0,984.0,864.0,False,2026,5,19,1,139,2,Zaid,882.0,875.0,811.0,883.0,885.3333333333334,864.8571428571429,875.3571428571429,34.691154354910566,-1.8909899888765296,-8.154020385050963,False
Maharashtra,Pune,Pune,Potato,Local,FAQ,2026-05-20,790.0,966.0,911.0,False,2026,5,20,2,140,2,Zaid,864.0,899.0,839.0,903.0,881.6666666666666,872.4285714285714,874.0,25.559454498986344,-2.0408163265306123,-7.087486157253599,False
Maharashtra,Pune,Pune,Potato,Local,FAQ,2026-05-21,831.0,981.0,907.0,False,2026,5,21,3,141,2,Zaid,911.0,882.0,843.0,956.0,885.6666666666666,882.7142857142857,874.5714285714286,24.322241438063795,5.439814814814815,-11.820083682008368,False
Maharashtra,Pune,Pune,Potato,Local,FAQ,2026-05-22,843.0,1080.0,941.0,False,2026,5,22,4,142,2,Zaid,907.0,864.0,905.0,940.0,894.0,891.8571428571429,871.0714285714286,18.151479016218786,-0.43907793633369924,-3.723404255319149,False
Maharashtra,Pune,Pune,Potato,Local,FAQ,2026-05-23,922.0,1080.0,982.0,False,2026,5,23,5,143,2,Zaid,941.0,911.0,875.0,864.0,919.6666666666666,897.0,871.1428571428571,25.92939130279335,3.7486218302094816,1.2731481481481481,False
Maharashtra,Pune,Pune,Potato,Local,FAQ,2026-05-24,813.0,1089.0,962.0,False,2026,5,24,6,144,2,Zaid,982.0,907.0,899.0,854.0,943.3333333333334,912.2857142857143,879.5714285714286,39.02868298108639,4.357066950053135,5.269320843091335,False
Maharashtra,Pune,Pune,Potato,Local,FAQ,2026-05-25,889.0,1053.0,962.0,False,2026,5,25,0,145,2,Zaid,962.0,941.0,882.0,801.0,961.6666666666666,921.2857142857143,887.2857142857143,42.55864301452933,-2.0366598778004072,10.112359550561797,False
Maharashtra,Pune,Pune,Potato,Local,FAQ,2026-05-26,790.0,1045.0,918.0,False,2026,5,26,1,146,2,Zaid,962.0,982.0,864.0,811.0,968.6666666666666,932.7142857142857,898.7857142857143,40.96223580207528,0.0,6.535141800246609,False
Maharashtra,Pune,Pune,Potato,Local,FAQ,2026-05-27,766.0,977.0,866.0,False,2026,5,27,2,147,2,Zaid,918.0,962.0,911.0,839.0,947.3333333333334,940.4285714285714,906.4285714285714,29.285133559864573,-4.5738045738045745,8.581644815256258,False
Maharashtra,Pune,Pune,Potato,Local,FAQ,2026-05-28,800.0,1005.0,906.0,False,2026,5,28,3,148,2,Zaid,866.0,962.0,907.0,843.0,915.3333333333334,934.0,908.3571428571429,39.85389985099815,-5.664488017429194,7.591933570581258,False
Maharashtra,Pune,Pune,Potato,Local,FAQ,2026-05-29,735.0,970.0,866.0,False,2026,5,29,4,149,2,Zaid,906.0,918.0,941.0,905.0,896.6666666666666,933.8571428571429,912.8571428571429,39.96843993047825,4.618937644341801,3.9779005524861875,False
Maharashtra,Pune,Pune,Potato,Local,FAQ,2026-05-30,804.0,994.0,867.0,False,2026,5,30,5,150,2,Zaid,866.0,866.0,982.0,875.0,879.3333333333334,923.1428571428571,910.0714285714286,47.14314574226294,-4.415011037527594,12.22857142857143,False
Maharashtra,Pune,Pune,Potato,Local,FAQ,2026-05-31,736.0,899.0,838.0,False,2026,5,31,6,151,2,Zaid,867.0,906.0,962.0,899.0,879.6666666666666,906.7142857142857,909.5,43.076344187633616,0.11547344110854503,7.007786429365963,False
Maharashtra,Pune,Pune,Potato,Local,FAQ,2026-06-01,685.0,896.0,828.0,False,2026,6,1,0,152,2,Kharif,838.0,866.0,962.0,882.0,857.0,889.0,905.1428571428571,42.03569911396788,-3.3448673587081887,9.070294784580499,False
Maharashtra,Pune,Pune,Potato,Local,FAQ,2026-06-02,723.0,940.0,811.0,False,2026,6,2,1,153,2,Kharif,828.0,867.0,918.0,864.0,844.3333333333334,869.8571428571429,901.2857142857143,32.73341092028478,-1.1933174224343674,6.25,False
Maharashtra,Pune,Pune,Potato,Local,FAQ,2026-06-03,670.0,833.0,766.0,False,2026,6,3,2,154,2,Kharif,811.0,838.0,866.0,911.0,825.6666666666666,854.5714285714286,897.5,31.463508719664432,-2.0531400966183577,-4.939626783754116,False
Maharashtra,Pune,Pune,Potato,Local,FAQ,2026-06-04,703.0,879.0,768.0,False,2026,6,4,3,155,2,Kharif,766.0,828.0,906.0,907.0,801.6666666666666,840.2857142857143,887.1428571428571,45.139466418771946,-5.548705302096177,-0.11025358324145534,False
Maharashtra,Pune,Pune,Potato,Local,FAQ,2026-06-05,609.0,837.0,716.0,False,2026,6,5,4,156,2,Kharif,768.0,811.0,866.0,941.0,781.6666666666666,820.5714285714286,877.2142857142857,41.65676072723033,0.26109660574412535,-7.970244420828905,False
Maharashtra,Pune,Pune,Potato,Local,FAQ,2026-06-06,564.0,851.0,704.0,False,2026,6,6,5,157,2,Kharif,716.0,766.0,867.0,982.0,750.0,799.1428571428571,861.1428571428571,51.75077639169152,-6.770833333333333,-11.710794297352342,False
Maharashtra,Pune,Pune,Potato,Local,FAQ,2026-06-07,546.0,743.0,682.0,False,2026,6,7,6,158,2,Kharif,704.0,768.0,838.0,962.0,729.3333333333334,775.8571428571429,841.2857142857143,52.790240800829025,-1.675977653631285,-12.889812889812891,False
Maharashtra,Pune,Pune,Potato,Local,FAQ,2026-06-08,627.0,772.0,678.0,False,2026,6,8,0,159,2,Kharif,682.0,716.0,828.0,962.0,700.6666666666666,753.5714285714286,821.2857142857143,55.06316718962287,-3.125,-13.92931392931393,False
Maharashtra,Pune,Pune,Potato,Local,FAQ,2026-06-09,642.0,801.0,697.0,False,2026,6,9,1,160,2,Kharif,678.0,704.0,811.0,918.0,688.0,732.1428571428571,801.0,50.24748276092536,-0.5865102639296188,-11.655773420479303,False
Maharashtra,Pune,Pune,Potato,Local,FAQ,2026-06-10,576.0,824.0,687.0,False,2026,6,10,2,161,2,Kharif,697.0,682.0,766.0,866.0,685.6666666666666,715.8571428571429,785.2142857142857,37.21302895236399,2.8023598820058995,-11.547344110854503,False
Maharashtra,Pune,Pune,Potato,Local,FAQ,2026-06-11,508.0,717.0,624.0,False,2026,6,11,3,162,2,Kharif,687.0,678.0,768.0,906.0,687.3333333333334,704.5714285714286,772.4285714285714,30.918479602857737,-1.4347202295552368,-15.2317880794702,False
Maharashtra,Pune,Pune,Potato,Local,FAQ,2026-06-12,549.0,682.0,627.0,False,2026,6,12,4,163,2,Kharif,624.0,697.0,716.0,866.0,669.3333333333334,684.0,752.2857142857143,29.55785287646255,-9.170305676855897,-17.321016166281755,False
Maharashtra,Pune,Pune,Potato,Local,FAQ,2026-06-13,479.0,732.0,596.0,False,2026,6,13,5,164,2,Kharif,627.0,687.0,704.0,867.0,646.0,671.2857142857143,735.2142857142857,32.49468821060904,0.4807692307692308,-18.800461361014996,False
Maharashtra,Pune,Pune,Potato,Local,FAQ,2026-06-14,472.0,748.0,607.0,False,2026,6,14,6,165,2,Kharif,596.0,624.0,682.0,838.0,615.6666666666666,655.8571428571429,715.8571428571429,39.299824305919195,-4.944178628389154,-18.615751789976134,False
Maharashtra,Pune,Pune,Potato,Local,FAQ,2026-06-15,518.0,735.0,595.0,False,2026,6,15,0,166,2,Kharif,607.0,627.0,678.0,828.0,610.0,645.1428571428571,699.3571428571429,41.164015723397455,1.8456375838926176,-18.115942028985508,False
Maharashtra,Pune,Pune,Potato,Local,FAQ,2026-06-16,556.0,665.0,611.0,False,2026,6,16,1,167,2,Kharif,595.0,596.0,697.0,811.0,599.3333333333334,633.2857142857143,682.7142857142857,42.066274241621954,-1.9769357495881383,-14.056720098643648,False
Maharashtra,Pune,Pune,Potato,Local,FAQ,2026-06-17,432.0,648.0,554.0,False,2026,6,17,2,168,2,Kharif,611.0,607.0,687.0,766.0,604.3333333333334,621.0,668.4285714285714,31.617505699637036,2.689075630252101,-10.313315926892951,False
Maharashtra,Pune,Pune,Potato,Local,FAQ,2026-06-18,414.0,581.0,531.0,False,2026,6,18,3,169,2,Kharif,554.0,595.0,624.0,768.0,586.6666666666666,602.0,653.2857142857143,24.50850192620054,-9.328968903436989,-18.75,False
Maharashtra,Pune,Pune,Potato,Local,FAQ,2026-06-19,382.0,571.0,513.0,False,2026,6,19,4,170,2,Kharif,531.0,611.0,627.0,716.0,565.3333333333334,588.7142857142857,636.3571428571429,33.97407975557252,-4.1516245487364625,-12.430167597765362,False
Maharashtra,Pune,Pune,Potato,Local,FAQ,2026-06-20,402.0,585.0,500.0,False,2026,6,20,5,171,2,Kharif,513.0,554.0,596.0,704.0,532.6666666666666,572.4285714285714,621.8571428571429,39.44556224662396,-3.389830508474576,-15.340909090909092,False
Maharashtra,Pune,Pune,Potato,Local,FAQ,2026-06-21,381.0,609.0,463.0,False,2026,6,21,6,172,2,Kharif,500.0,531.0,607.0,682.0,514.6666666666666,558.7142857142857,607.2857142857143,46.0243206928467,-2.53411306042885,-10.997067448680351,False
Maharashtra,Pune,Pune,Potato,Local,FAQ,2026-06-22,366.0,597.0,459.0,False,2026,6,22,0,173,2,Kharif,463.0,513.0,595.0,678.0,492.0,538.1428571428571,591.6428571428571,52.562434530845536,-7.3999999999999995,-12.24188790560472,False
Maharashtra,Pune,Pune,Potato,Local,FAQ,2026-06-23,380.0,519.0,460.0,False,2026,6,23,1,174,2,Kharif,459.0,500.0,611.0,697.0,474.0,518.7142857142857,576.0,53.17491352669346,-0.8639308855291578,-12.338593974175035,False
Maharashtra,Pune,Pune,Potato,Local,FAQ,2026-06-24,370.0,532.0,477.0,False,2026,6,24,2,175,2,Kharif,460.0,463.0,554.0,687.0,460.6666666666667,497.14285714285717,559.0714285714286,37.94482209484476,0.2178649237472767,-19.359534206695777,False
Maharashtra,Pune,Pune,Potato,Local,FAQ,2026-06-25,456.0,632.0,520.0,False,2026,6,25,3,176,2,Kharif,477.0,459.0,531.0,624.0,465.3333333333333,486.14285714285717,544.0714285714286,28.765885880258992,3.6956521739130435,-14.903846153846153,False
Maharashtra,Pune,Pune,Potato,Local,FAQ,2026-06-26,416.0,598.0,520.0,False,2026,6,26,4,177,2,Kharif,520.0,460.0,513.0,627.0,485.6666666666667,484.57142857142856,536.6428571428571,26.08228736682439,9.014675052410901,-18.181818181818183,False
Maharashtra,Pune,Pune,Potato,Local,FAQ,2026-06-27,331.0,610.0,476.0,False,2026,6,27,5,178,2,Kharif,520.0,477.0,500.0,596.0,505.6666666666667,485.57142857142856,529.0,27.452122825365265,0.0,-16.10738255033557,False
Maharashtra,Pune,Pune,Potato,Local,FAQ,2026-06-28,404.0,564.0,465.0,False,2026,6,28,6,179,2,Kharif,476.0,520.0,463.0,607.0,505.3333333333333,482.14285714285717,520.4285714285714,26.841687548961648,-8.461538461538462,-23.72322899505766,False
Maharashtra,Pune,Pune,Potato,Local,FAQ,2026-06-29,405.0,619.0,471.0,False,2026,6,29,0,180,2,Kharif,465.0,520.0,459.0,595.0,487.0,482.42857142857144,510.2857142857143,26.613637749950808,-2.3109243697478994,-22.857142857142858,False
Maharashtra,Pune,Pune,Potato,Local,FAQ,2026-06-30,384.0,584.0,470.0,False,2026,6,30,1,181,2,Kharif,471.0,476.0,460.0,611.0,470.6666666666667,484.14285714285717,501.42857142857144,25.202040733693565,1.2903225806451613,-24.713584288052374,False
Maharashtra,Pune,Pune,Potato,Local,FAQ,2026-07-01,370.0,526.0,433.0,False,2026,7,1,2,182,3,Kharif,470.0,465.0,477.0,554.0,468.6666666666667,485.57142857142856,491.35714285714283,23.852722715704257,-0.21231422505307856,-13.898916967509026,False
Maharashtra,Pune,Pune,Potato,Local,FAQ,2026-07-02,396.0,591.0,450.0,False,2026,7,2,3,183,3,Kharif,433.0,471.0,520.0,531.0,458.0,479.2857142857143,482.7142857142857,31.16469308749866,-7.872340425531915,-2.0715630885122414,False
Maharashtra,Pune,Pune,Potato,Local,FAQ,2026-07-03,307.0,520.0,440.0,False,2026,7,3,4,184,3,Kharif,450.0,470.0,520.0,513.0,451.0,469.2857142857143,476.92857142857144,26.855876363246537,3.9260969976905313,1.364522417153996,False
Maharashtra,Pune,Pune,Potato,Local,FAQ,2026-07-04,361.0,527.0,441.0,False,2026,7,4,5,185,3,Kharif,440.0,433.0,476.0,500.0,441.0,457.85714285714283,471.7142857142857,16.826849293398414,-2.2222222222222223,-4.8,False
Maharashtra,Pune,Pune,Potato,Local,FAQ,2026-07-05,399.0,605.0,456.0,False,2026,7,5,6,186,3,Kharif,441.0,450.0,465.0,463.0,443.6666666666667,452.85714285714283,467.5,15.699560200084402,0.22727272727272727,0.4319654427645789,False
Maharashtra,Pune,Pune,Potato,Local,FAQ,2026-07-06,365.0,604.0,459.0,False,2026,7,6,0,187,3,Kharif,456.0,440.0,471.0,459.0,445.6666666666667,451.57142857142856,467.0,14.886875011866357,3.4013605442176873,2.6143790849673203,False
Maharashtra,Pune,Pune,Potato,Local,FAQ,2026-07-07,375.0,553.0,450.0,False,2026,7,7,1,188,3,Kharif,459.0,441.0,470.0,460.0,452.0,449.85714285714283,467.0,12.82482711291162,0.6578947368421052,2.1739130434782608,False
Maharashtra,Pune,Pune,Potato,Local,FAQ,2026-07-08,449.0,575.0,506.0,False,2026,7,8,2,189,3,Kharif,450.0,456.0,433.0,477.0,455.0,447.0,466.2857142857143,9.34523051257779,-1.9607843137254901,-9.224318658280922,False
Maharashtra,Pune,Pune,Potato,Local,FAQ,2026-07-09,431.0,626.0,502.0,False,2026,7,9,3,190,3,Kharif,506.0,459.0,450.0,520.0,471.6666666666667,457.42857142857144,468.35714285714283,22.53779893761293,12.444444444444445,-13.461538461538462,False
Maharashtra,Pune,Pune,Potato,Local,FAQ,2026-07-10,439.0,647.0,511.0,False,2026,7,10,4,191,3,Kharif,502.0,450.0,440.0,520.0,486.0,464.85714285714283,467.07142857142856,27.667240384181405,-0.7905138339920948,-15.384615384615385,False
Maharashtra,Pune,Pune,Potato,Local,FAQ,2026-07-11,328.0,574.0,472.0,False,2026,7,11,5,192,3,Kharif,511.0,506.0,441.0,476.0,506.3333333333333,475.0,466.42857142857144,29.955522584879482,1.7928286852589643,-7.352941176470589,False
Maharashtra,Satara,Satara,Potato,Local,FAQ,2026-02-12,1022.0,1197.0,1095.0,False,2026,2,12,3,43,1,Rabi,,,,,,,,,,,False
Maharashtra,Satara,Satara,Potato,Local,FAQ,2026-02-13,993.0,1212.0,1068.0,False,2026,2,13,4,44,1,Rabi,1095.0,,,,,,,,,,False
Maharashtra,Satara,Satara,Potato,Local,FAQ,2026-02-14,987.0,1160.0,1072.0,False,2026,2,14,5,45,1,Rabi,1068.0,,,,,,,,-2.4657534246575343,,False
Maharashtra,Satara,Satara,Potato,Local,FAQ,2026-02-15,1007.0,1221.0,1098.0,False,2026,2,15,6,46,1,Rabi,1072.0,1095.0,,,1078.3333333333333,,,,0.37453183520599254,,False
Maharashtra,Satara,Satara,Potato,Local,FAQ,2026-02-16,988.0,1216.0,1132.0,False,2026,2,16,0,47,1,Rabi,1098.0,1068.0,,,1079.3333333333333,,,,2.425373134328358,,False
Maharashtra,Satara,Satara,Potato,Local,FAQ,2026-02-17,1022.0,1188.0,1128.0,False,2026,2,17,1,48,1,Rabi,1132.0,1072.0,,,1100.6666666666667,,,,3.096539162112933,,False
Maharashtra,Satara,Satara,Potato,Local,FAQ,2026-02-18,1045.0,1254.0,1116.0,False,2026,2,18,2,49,1,Rabi,1128.0,1098.0,,,1119.3333333333333,,,,-0.35335689045936397,,False
Maharashtra,Satara,Satara,Potato,Local,FAQ,2026-02-19,1011.0,1173.0,1077.0,False,2026,2,19,3,50,1,Rabi,1116.0,1132.0,1095.0,,1125.3333333333333,1101.2857142857142,,25.46052032536052,-1.0638297872340425,,False
Maharashtra,Satara,Satara,Potato,Local,FAQ,2026-02-20,1036.0,1261.0,1124.0,False,2026,2,20,4,51,1,Rabi,1077.0,1128.0,1068.0,,1107.0,1098.7142857142858,,27.059898285804685,-3.494623655913978,,False
Maharashtra,Satara,Satara,Potato,Local,FAQ,2026-02-21,1044.0,1245.0,1151.0,False,2026,2,21,5,52,1,Rabi,1124.0,1116.0,1072.0,,1105.6666666666667,1106.7142857142858,,24.635437116169992,4.36397400185701,,False
Maharashtra,Satara,Satara,Potato,Local,FAQ,2026-02-22,1017.0,1260.0,1149.0,False,2026,2,22,6,53,1,Rabi,1151.0,1077.0,1098.0,,1117.3333333333333,1118.0,,24.17298767908805,2.4021352313167257,,False
Maharashtra,Satara,Satara,Potato,Local,FAQ,2026-02-23,993.0,1225.0,1126.0,False,2026,2,23,0,54,1,Rabi,1149.0,1124.0,1132.0,,1141.3333333333333,1125.2857142857142,,24.817428591713036,-0.1737619461337967,,False
Maharashtra,Satara,Satara,Potato,Local,FAQ,2026-02-24,1030.0,1239.0,1159.0,False,2026,2,24,1,55,1,Rabi,1126.0,1151.0,1128.0,,1142.0,1124.4285714285713,,24.64992997188959,-2.0017406440382945,,False
Maharashtra,Satara,Satara,Potato,Local,FAQ,2026-02-25,1026.0,1218.0,1126.0,False,2026,2,25,2,56,1,Rabi,1159.0,1149.0,1116.0,,1144.6666666666667,1128.857142857143,,27.960856993474632,2.930728241563055,,False
Maharashtra,Satara,Satara,Potato,Local,FAQ,2026-02-26,1020.0,1154.0,1084.0,False,2026,2,26,3,57,1,Rabi,1126.0,1126.0,1077.0,1095.0,1137.0,1130.2857142857142,1115.7857142857142,27.44518346154952,-2.8472821397756687,-1.643835616438356,False
Maharashtra,Satara,Satara,Potato,Local,FAQ,2026-02-27,1013.0,1139.0,1069.0,False,2026,2,27,4,58,1,Rabi,1084.0,1159.0,1124.0,1068.0,1123.0,1131.2857142857142,1115.0,25.217152137082778,-3.7300177619893424,5.2434456928838955,False
Maharashtra,Satara,Satara,Potato,Local,FAQ,2026-02-28,967.0,1104.0,1053.0,False,2026,2,28,5,59,1,Rabi,1069.0,1126.0,1151.0,1072.0,1093.0,1123.4285714285713,1115.0714285714287,34.66437721377751,-1.3837638376383763,7.369402985074627,False
Maharashtra,Satara,Satara,Potato,Local,FAQ,2026-03-01,886.0,1073.0,1020.0,False,2026,3,1,6,60,1,Rabi,1053.0,1084.0,1149.0,1098.0,1068.6666666666667,1109.4285714285713,1113.7142857142858,40.90174056140376,-1.4967259120673526,4.644808743169399,False
Maharashtra,Satara,Satara,Potato,Local,FAQ,2026-03-02,974.0,1178.0,1089.0,False,2026,3,2,0,61,1,Rabi,1020.0,1069.0,1126.0,1132.0,1047.3333333333333,1091.0,1108.142857142857,48.46304433964767,-3.133903133903134,-0.5300353356890459,False
Maharashtra,Satara,Satara,Potato,Local,FAQ,2026-03-03,1030.0,1199.0,1145.0,False,2026,3,3,1,62,1,Rabi,1089.0,1053.0,1159.0,1128.0,1054.0,1085.7142857142858,1105.0714285714287,45.96271781097606,6.764705882352941,2.74822695035461,False
Maharashtra,Satara,Satara,Potato,Local,FAQ,2026-03-04,1038.0,1282.0,1143.0,False,2026,3,4,2,63,1,Rabi,1145.0,1020.0,1126.0,1116.0,1084.6666666666667,1083.7142857142858,1106.2857142857142,42.40956765367238,5.142332415059688,0.8960573476702508,False
Maharashtra,Satara,Satara,Potato,Local,FAQ,2026-03-05,1063.0,1255.0,1123.0,False,2026,3,5,3,64,1,Rabi,1143.0,1089.0,1084.0,1077.0,1125.6666666666667,1086.142857142857,1108.2142857142858,45.601274000582215,-0.17467248908296942,0.6499535747446611,False
Maharashtra,Satara,Satara,Potato,Local,FAQ,2026-03-06,1027.0,1199.0,1109.0,False,2026,3,6,4,65,1,Rabi,1123.0,1145.0,1069.0,1124.0,1137.0,1091.7142857142858,1111.5,47.63302175911945,-1.7497812773403325,-4.893238434163702,False
Maharashtra,Satara,Satara,Potato,Local,FAQ,2026-03-07,1004.0,1169.0,1069.0,False,2026,3,7,5,66,1,Rabi,1109.0,1143.0,1053.0,1151.0,1125.0,1097.4285714285713,1110.4285714285713,46.84676133543313,-1.2466607301869992,-8.51433536055604,False
Maharashtra,Satara,Satara,Potato,Local,FAQ,2026-03-08,962.0,1196.0,1061.0,False,2026,3,8,6,67,1,Rabi,1069.0,1123.0,1020.0,1149.0,1100.3333333333333,1099.7142857142858,1104.5714285714287,44.65689303162593,-3.606853020739405,-11.22715404699739,False
Maharashtra,Satara,Satara,Potato,Local,FAQ,2026-03-09,982.0,1202.0,1103.0,False,2026,3,9,0,68,1,Rabi,1061.0,1109.0,1089.0,1126.0,1079.6666666666667,1105.5714285714287,1098.2857142857142,33.837144988198524,-0.7483629560336763,-3.285968028419183,False
Maharashtra,Satara,Satara,Potato,Local,FAQ,2026-03-10,1010.0,1190.0,1118.0,False,2026,3,10,1,69,1,Rabi,1103.0,1069.0,1145.0,1159.0,1077.6666666666667,1107.5714285714287,1096.642857142857,33.10013667070026,3.9585296889726673,-1.2079378774805867,False
Maharashtra,Satara,Satara,Potato,Local,FAQ,2026-03-11,1031.0,1238.0,1108.0,False,2026,3,11,2,70,1,Rabi,1118.0,1061.0,1143.0,1126.0,1094.0,1103.7142857142858,1093.7142857142858,29.37524062718039,1.3599274705349047,1.5097690941385435,False
Maharashtra,Satara,Satara,Potato,Local,FAQ,2026-03-12,1028.0,1216.0,1117.0,False,2026,3,12,3,71,1,Rabi,1108.0,1103.0,1123.0,1084.0,1109.6666666666667,1098.7142857142858,1092.4285714285713,24.074289783323085,-0.8944543828264758,3.5977859778597785,False
Maharashtra,Satara,Satara,Potato,Local,FAQ,2026-03-13,968.0,1197.0,1106.0,False,2026,3,13,4,72,1,Rabi,1117.0,1118.0,1109.0,1069.0,1114.3333333333333,1097.857142857143,1094.7857142857142,23.154758844411287,0.8122743682310468,3.7418147801683816,False
Maharashtra,Satara,Satara,Potato,Local,FAQ,2026-03-14,1037.0,1161.0,1087.0,False,2026,3,14,5,73,1,Rabi,1106.0,1108.0,1069.0,1053.0,1110.3333333333333,1097.4285714285713,1097.4285714285713,22.940917904166337,-0.9847806624888094,1.519468186134853,False
Maharashtra,Satara,Satara,Potato,Local,FAQ,2026-03-15,971.0,1151.0,1089.0,False,2026,3,15,6,74,1,Rabi,1087.0,1117.0,1061.0,1020.0,1103.3333333333333,1100.0,1099.857142857143,20.04993765576306,-1.7179023508137432,4.019607843137255,False
Maharashtra,Satara,Satara,Potato,Local,FAQ,2026-03-16,967.0,1203.0,1082.0,False,2026,3,16,0,75,1,Rabi,1089.0,1106.0,1103.0,1089.0,1094.0,1104.0,1104.7857142857142,12.247448713915379,0.18399264029438822,1.285583103764922,False
Maharashtra,Satara,Satara,Potato,Local,FAQ,2026-03-17,986.0,1112.0,1054.0,False,2026,3,17,1,76,1,Rabi,1082.0,1087.0,1118.0,1145.0,1086.0,1101.0,1104.2857142857142,14.83239697419086,-0.642791551882461,-2.3580786026200875,False
Maharashtra,Satara,Satara,Potato,Local,FAQ,2026-03-18,904.0,1163.0,1036.0,False,2026,3,18,2,77,1,Rabi,1054.0,1089.0,1108.0,1143.0,1075.0,1091.857142857143,1097.7857142857142,21.035118028577187,-2.5878003696857674,-3.062117235345582,False
Maharashtra,Satara,Satara,Potato,Local,FAQ,2026-03-19,941.0,1135.0,1051.0,False,2026,3,19,3,78,1,Rabi,1036.0,1082.0,1117.0,1123.0,1057.3333333333333,1081.5714285714287,1090.142857142857,28.206719901807563,-1.7077798861480076,-0.5342831700801425,False
Maharashtra,Satara,Satara,Potato,Local,FAQ,2026-03-20,933.0,1143.0,1034.0,False,2026,3,20,4,79,1,Rabi,1051.0,1054.0,1106.0,1109.0,1047.0,1072.142857142857,1085.0,25.268086403132457,1.4478764478764479,-0.2705139765554554,False
Maharashtra,Satara,Satara,Potato,Local,FAQ,2026-03-21,937.0,1121.0,1023.0,False,2026,3,21,5,80,1,Rabi,1034.0,1036.0,1087.0,1069.0,1040.3333333333333,1061.857142857143,1079.642857142857,23.800760291977383,-1.6175071360608944,1.683816651075772,False
Maharashtra,Satara,Satara,Potato,Local,FAQ,2026-03-22,925.0,1131.0,1065.0,False,2026,3,22,6,81,1,Rabi,1023.0,1051.0,1089.0,1061.0,1036.0,1052.7142857142858,1076.357142857143,24.803993534067722,-1.0638297872340425,2.639019792648445,False
Maharashtra,Satara,Satara,Potato,Local,FAQ,2026-03-23,936.0,1088.0,1024.0,False,2026,3,23,0,82,1,Rabi,1065.0,1034.0,1082.0,1103.0,1040.6666666666667,1049.2857142857142,1076.642857142857,20.180141110459896,4.105571847507331,-1.9038984587488668,False
Maharashtra,Satara,Satara,Potato,Local,FAQ,2026-03-24,924.0,1145.0,1067.0,False,2026,3,24,1,83,1,Rabi,1024.0,1023.0,1054.0,1118.0,1037.3333333333333,1041.0,1071.0,15.979153085608596,-3.8497652582159625,-5.724508050089446,False
Maharashtra,Satara,Satara,Potato,Local,FAQ,2026-03-25,945.0,1146.0,1090.0,False,2026,3,25,2,84,1,Rabi,1067.0,1065.0,1036.0,1108.0,1052.0,1042.857142857143,1067.357142857143,18.325106379213885,4.19921875,-6.4981949458483745,False
Maharashtra,Satara,Satara,Potato,Local,FAQ,2026-03-26,933.0,1175.0,1072.0,False,2026,3,26,3,85,1,Rabi,1090.0,1024.0,1051.0,1117.0,1060.3333333333333,1050.5714285714287,1066.0714285714287,25.0789230421157,2.1555763823805063,-5.908683974932856,False
Maharashtra,Satara,Satara,Potato,Local,FAQ,2026-03-27,959.0,1209.0,1076.0,False,2026,3,27,4,86,1,Rabi,1072.0,1067.0,1034.0,1106.0,1076.3333333333333,1053.5714285714287,1062.857142857143,26.361949490740653,-1.651376146788991,-6.50994575045208,False
Maharashtra,Satara,Satara,Potato,Local,FAQ,2026-03-28,1002.0,1162.0,1065.0,False,2026,3,28,5,87,1,Rabi,1076.0,1090.0,1023.0,1087.0,1079.3333333333333,1059.5714285714287,1060.7142857142858,25.94132573621402,0.3731343283582089,-5.887764489420423,False
Maharashtra,Satara,Satara,Potato,Local,FAQ,2026-03-29,978.0,1141.0,1088.0,False,2026,3,29,6,88,1,Rabi,1065.0,1072.0,1065.0,1089.0,1071.0,1065.5714285714287,1059.142857142857,20.321229809053353,-1.0223048327137547,-2.203856749311295,False
Maharashtra,Satara,Satara,Potato,Local,FAQ,2026-03-30,967.0,1229.0,1115.0,False,2026,3,30,0,89,1,Rabi,1088.0,1076.0,1024.0,1082.0,1076.3333333333333,1068.857142857143,1059.0714285714287,22.003246513704163,2.15962441314554,-5.360443622920517,False
Maharashtra,Satara,Satara,Potato,Local,FAQ,2026-03-31,1044.0,1251.0,1110.0,False,2026,3,31,1,90,1,Rabi,1115.0,1065.0,1067.0,1054.0,1089.3333333333333,1081.857142857143,1061.4285714285713,17.506461392187894,2.4816176470588234,1.2333965844402277,False
Maharashtra,Satara,Satara,Potato,Local,FAQ,2026-04-01,931.0,1199.0,1073.0,False,2026,4,1,2,91,2,Zaid,1110.0,1088.0,1090.0,1036.0,1104.3333333333333,1088.0,1065.4285714285713,18.912077270004993,-0.4484304932735426,5.212355212355212,False
Maharashtra,Satara,Satara,Potato,Local,FAQ,2026-04-02,952.0,1196.0,1075.0,False,2026,4,2,3,92,2,Zaid,1073.0,1115.0,1072.0,1051.0,1099.3333333333333,1085.5714285714287,1068.0714285714287,19.688043265368503,-3.3333333333333335,1.9980970504281639,False
Maharashtra,Satara,Satara,Potato,Local,FAQ,2026-04-03,938.0,1129.0,1057.0,False,2026,4,3,4,93,2,Zaid,1075.0,1110.0,1076.0,1034.0,1086.0,1086.0,1069.7857142857142,19.37352144895985,0.1863932898415657,4.061895551257253,False
Maharashtra,Satara,Satara,Potato,Local,FAQ,2026-04-04,945.0,1167.0,1039.0,False,2026,4,4,5,94,2,Zaid,1057.0,1073.0,1065.0,1023.0,1068.3333333333333,1083.2857142857142,1071.4285714285713,22.14132099126135,-1.6744186046511629,4.105571847507331,False
Maharashtra,Satara,Satara,Potato,Local,FAQ,2026-04-06,960.0,1148.0,1075.0,False,2026,4,6,0,96,2,Zaid,1039.0,1075.0,1088.0,1065.0,1057.0,1079.5714285714287,1072.5714285714287,27.29992150695108,-1.7029328287606436,2.15962441314554,False
Maharashtra,Satara,Satara,Potato,Local,FAQ,2026-04-07,986.0,1125.0,1048.0,False,2026,4,7,1,97,2,Zaid,1075.0,1057.0,1115.0,1024.0,1057.0,1077.7142857142858,1073.2857142857142,27.072213834571013,3.4648700673724733,8.88671875,False
Maharashtra,Satara,Satara,Potato,Local,FAQ,2026-04-08,942.0,1109.0,1013.0,False,2026,4,8,2,98,2,Zaid,1048.0,1039.0,1110.0,1067.0,1054.0,1068.142857142857,1075.0,23.269640961479553,-2.511627906976744,4.029990627928772,False
Maharashtra,Satara,Satara,Potato,Local,FAQ,2026-04-09,982.0,1184.0,1042.0,False,2026,4,9,3,99,2,Zaid,1013.0,1075.0,1073.0,1090.0,1045.3333333333333,1054.2857142857142,1071.142857142857,23.07028598084707,-3.3396946564885495,-1.5596330275229358,False
Maharashtra,Satara,Satara,Potato,Local,FAQ,2026-04-10,969.0,1162.0,1076.0,False,2026,4,10,4,100,2,Zaid,1042.0,1048.0,1075.0,1072.0,1034.3333333333333,1049.857142857143,1067.7142857142858,21.820697906868826,2.8627838104639687,0.2798507462686567,False
Maharashtra,Satara,Satara,Potato,Local,FAQ,2026-04-11,933.0,1106.0,1052.0,False,2026,4,11,5,101,2,Zaid,1076.0,1013.0,1057.0,1076.0,1043.6666666666667,1050.0,1068.0,22.015146301277202,3.262955854126679,-1.7657992565055762,False
Maharashtra,Satara,Satara,Potato,Local,FAQ,2026-04-12,943.0,1172.0,1077.0,False,2026,4,12,6,102,2,Zaid,1052.0,1042.0,1039.0,1065.0,1056.6666666666667,1049.2857142857142,1066.2857142857142,21.83051599416287,-2.2304832713754648,-2.4413145539906105,False
Maharashtra,Satara,Satara,Potato,Local,FAQ,2026-04-13,922.0,1167.0,1040.0,False,2026,4,13,0,103,2,Zaid,1077.0,1076.0,1075.0,1088.0,1068.3333333333333,1054.7142857142858,1067.142857142857,23.506837910944245,2.376425855513308,-1.1948529411764706,False
Maharashtra,Satara,Satara,Potato,Local,FAQ,2026-04-14,962.0,1171.0,1059.0,False,2026,4,14,1,104,2,Zaid,1040.0,1052.0,1048.0,1115.0,1056.3333333333333,1049.7142857142858,1063.7142857142858,22.156370684404383,-3.4354688950789227,-6.00896860986547,False
Maharashtra,Satara,Satara,Potato,Local,FAQ,2026-04-15,987.0,1221.0,1087.0,False,2026,4,15,2,105,2,Zaid,1059.0,1077.0,1013.0,1110.0,1058.6666666666667,1051.2857142857142,1059.7142857142858,22.40323105948638,1.826923076923077,-8.73873873873874,False
Maharashtra,Satara,Satara,Potato,Local,FAQ,2026-04-16,954.0,1175.0,1084.0,False,2026,4,16,3,106,2,Zaid,1087.0,1040.0,1042.0,1073.0,1062.0,1061.857142857143,1058.0714285714287,18.433923180091245,2.644003777148253,-2.8890959925442683,False
Maharashtra,Satara,Satara,Potato,Local,FAQ,2026-04-17,936.0,1142.0,1069.0,False,2026,4,17,4,107,2,Zaid,1084.0,1059.0,1076.0,1075.0,1076.6666666666667,1067.857142857143,1058.857142857143,17.714669734700447,-0.27598896044158233,0.09302325581395349,False
Maharashtra,Satara,Satara,Potato,Local,FAQ,2026-04-18,925.0,1158.0,1027.0,False,2026,4,18,5,108,2,Zaid,1069.0,1087.0,1052.0,1057.0,1080.0,1066.857142857143,1058.4285714285713,17.37266599602695,-1.3837638376383763,-0.47303689687795647,False
Maharashtra,Satara,Satara,Potato,Local,FAQ,2026-04-19,991.0,1127.0,1066.0,False,2026,4,19,6,109,2,Zaid,1027.0,1084.0,1077.0,1039.0,1060.0,1063.2857142857142,1056.2857142857142,22.69151299285142,-3.9289055191768005,3.6573628488931664,False
Maharashtra,Satara,Satara,Potato,Local,FAQ,2026-04-20,897.0,1086.0,1026.0,False,2026,4,20,0,110,2,Zaid,1066.0,1069.0,1040.0,1075.0,1054.0,1061.7142857142858,1058.2142857142858,21.952329304762692,3.79746835443038,-3.255813953488372,False
Maharashtra,Satara,Satara,Potato,Local,FAQ,2026-04-21,961.0,1193.0,1046.0,False,2026,4,21,1,111,2,Zaid,1026.0,1027.0,1059.0,1048.0,1039.6666666666667,1059.7142857142858,1054.7142857142858,24.723229870671698,-3.75234521575985,1.049618320610687,False
Maharashtra,Satara,Satara,Potato,Local,FAQ,2026-04-22,885.0,1110.0,1033.0,False,2026,4,22,2,112,2,Zaid,1046.0,1066.0,1087.0,1013.0,1046.0,1057.857142857143,1054.5714285714287,25.268086403132425,1.949317738791423,7.305034550839092,False
Maharashtra,Satara,Satara,Potato,Local,FAQ,2026-04-23,884.0,1058.0,1005.0,False,2026,4,23,3,113,2,Zaid,1033.0,1026.0,1084.0,1042.0,1035.0,1050.142857142857,1056.0,23.0320687406962,-1.24282982791587,4.030710172744722,False
Maharashtra,Satara,Satara,Potato,Local,FAQ,2026-04-24,865.0,1066.0,1002.0,False,2026,4,24,4,114,2,Zaid,1005.0,1046.0,1069.0,1076.0,1028.0,1038.857142857143,1053.357142857143,23.03206874069596,-2.7105517909002903,-0.6505576208178439,False
Maharashtra,Satara,Satara,Potato,Local,FAQ,2026-04-25,852.0,1117.0,998.0,False,2026,4,25,5,115,2,Zaid,1002.0,1033.0,1027.0,1052.0,1013.3333333333334,1029.2857142857142,1048.0714285714287,22.328713097072384,-0.2985074626865672,-2.376425855513308,False
Maharashtra,Satara,Satara,Potato,Local,FAQ,2026-04-26,863.0,1083.0,993.0,False,2026,4,26,6,116,2,Zaid,998.0,1005.0,1066.0,1077.0,1001.6666666666666,1025.142857142857,1044.2142857142858,25.314215844253646,-0.39920159680638717,-1.021355617455896,False
Maharashtra,Satara,Satara,Potato,Local,FAQ,2026-04-27,860.0,1063.0,958.0,False,2026,4,27,0,117,2,Zaid,993.0,1002.0,1026.0,1040.0,997.6666666666666,1014.7142857142857,1038.2142857142858,20.196652244980818,-0.501002004008016,-1.3461538461538463,False
Maharashtra,Satara,Satara,Potato,Local,FAQ,2026-04-28,823.0,1012.0,936.0,False,2026,4,28,1,118,2,Zaid,958.0,998.0,1046.0,1059.0,983.0,1005.0,1032.357142857143,28.507309004298936,-3.5246727089627394,-1.2275731822474032,False
Maharashtra,Satara,Satara,Potato,Local,FAQ,2026-04-29,779.0,981.0,874.0,False,2026,4,29,2,119,2,Zaid,936.0,993.0,1033.0,1087.0,962.3333333333334,989.2857142857143,1023.5714285714286,32.21652932742233,-2.2964509394572024,-4.967801287948482,False
Maharashtra,Satara,Satara,Potato,Local,FAQ,2026-04-30,773.0,958.0,867.0,False,2026,4,30,3,120,2,Zaid,874.0,958.0,1005.0,1084.0,922.6666666666666,966.5714285714286,1008.3571428571429,48.29719502847891,-6.623931623931624,-7.287822878228782,False
Maharashtra,Satara,Satara,Potato,Local,FAQ,2026-05-01,761.0,969.0,894.0,False,2026,5,1,4,121,2,Zaid,867.0,936.0,1002.0,1069.0,892.3333333333334,946.8571428571429,992.8571428571429,57.31907353120823,-0.8009153318077803,-6.26753975678204,False
Maharashtra,Satara,Satara,Potato,Local,FAQ,2026-05-02,816.0,1036.0,927.0,False,2026,5,2,5,122,2,Zaid,894.0,874.0,998.0,1027.0,878.3333333333334,931.4285714285714,980.3571428571429,54.46667832371369,3.1141868512110724,-2.8237585199610513,False
Maharashtra,Satara,Satara,Potato,Local,FAQ,2026-05-03,839.0,984.0,920.0,False,2026,5,3,6,123,2,Zaid,927.0,867.0,993.0,1066.0,896.0,921.2857142857143,973.2142857142857,45.94821101237721,3.691275167785235,-6.848030018761726,False
Maharashtra,Satara,Satara,Potato,Local,FAQ,2026-05-04,780.0,912.0,851.0,False,2026,5,4,0,124,2,Zaid,920.0,894.0,958.0,1026.0,913.6666666666666,910.8571428571429,962.7857142857143,33.57791224117466,-0.7551240560949299,-6.627680311890838,False
Maharashtra,Satara,Satara,Potato,Local,FAQ,2026-05-05,739.0,1007.0,884.0,False,2026,5,5,1,125,2,Zaid,851.0,927.0,936.0,1046.0,899.3333333333334,895.5714285714286,950.2857142857143,32.88797725033983,-7.5,-10.51625239005736,False
Maharashtra,Satara,Satara,Potato,Local,FAQ,2026-05-06,868.0,1061.0,923.0,False,2026,5,6,2,126,2,Zaid,884.0,920.0,874.0,1033.0,885.0,888.1428571428571,938.7142857142857,27.697343864397418,3.8777908343125738,-15.392061955469508,False
Maharashtra,Satara,Satara,Potato,Local,FAQ,2026-05-07,808.0,1065.0,917.0,False,2026,5,7,3,127,2,Zaid,923.0,851.0,867.0,1005.0,886.0,895.1428571428571,930.8571428571429,29.650343288783006,4.411764705882353,-13.73134328358209,False
Maharashtra,Satara,Satara,Potato,Local,FAQ,2026-05-08,847.0,1091.0,950.0,False,2026,5,8,4,128,2,Zaid,917.0,884.0,894.0,1002.0,908.0,902.2857142857143,924.5714285714286,27.699063075091978,-0.6500541711809318,-10.778443113772456,False
Maharashtra,Satara,Satara,Potato,Local,FAQ,2026-05-09,880.0,1161.0,1012.0,False,2026,5,9,5,129,2,Zaid,950.0,923.0,927.0,998.0,930.0,910.2857142857143,920.8571428571429,32.56641565434036,3.598691384950927,-7.114228456913827,False
Maharashtra,Satara,Satara,Potato,Local,FAQ,2026-05-10,880.0,1024.0,969.0,False,2026,5,10,6,130,2,Zaid,1012.0,917.0,920.0,993.0,959.6666666666666,922.4285714285714,921.8571428571429,50.65852064841177,6.526315789473684,-7.351460221550855,False
Maharashtra,Satara,Satara,Potato,Local,FAQ,2026-05-11,912.0,1081.0,982.0,False,2026,5,11,0,131,2,Zaid,969.0,950.0,851.0,958.0,977.0,929.4285714285714,920.1428571428571,53.56882533357347,-4.24901185770751,-11.169102296450939,False
Maharashtra,Satara,Satara,Potato,Local,FAQ,2026-05-12,896.0,1147.0,1020.0,False,2026,5,12,1,132,2,Zaid,982.0,1012.0,884.0,936.0,987.6666666666666,948.1428571428571,921.8571428571429,43.548549809104586,1.3415892672858616,-5.555555555555555,False
Maharashtra,Satara,Satara,Potato,Local,FAQ,2026-05-13,815.0,1078.0,962.0,False,2026,5,13,2,133,2,Zaid,1020.0,969.0,923.0,874.0,990.3333333333334,967.5714285714286,927.8571428571429,40.38505145412434,3.8696537678207736,5.606407322654462,False
Maharashtra,Satara,Satara,Potato,Local,FAQ,2026-05-14,871.0,1040.0,962.0,False,2026,5,14,3,134,2,Zaid,962.0,982.0,917.0,867.0,988.0,973.1428571428571,934.1428571428571,35.62035266261997,-5.686274509803922,5.767012687427912,False
Maharashtra,Satara,Satara,Potato,Local,FAQ,2026-05-15,868.0,1038.0,935.0,False,2026,5,15,4,135,2,Zaid,962.0,1020.0,950.0,894.0,981.3333333333334,979.5714285714286,940.9285714285714,26.75728650204054,0.0,6.263982102908278,False
Maharashtra,Satara,Satara,Potato,Local,FAQ,2026-05-16,880.0,1072.0,959.0,False,2026,5,16,5,136,2,Zaid,935.0,962.0,1012.0,927.0,953.0,977.4285714285714,943.8571428571429,29.932463663258297,-2.806652806652807,9.169363538295578,False
Maharashtra,Satara,Satara,Potato,Local,FAQ,2026-05-17,891.0,1019.0,969.0,False,2026,5,17,6,137,2,Zaid,959.0,962.0,969.0,920.0,952.0,969.8571428571429,946.1428571428571,26.20069064883749,2.5668449197860963,5.326086956521739,False
Maharashtra,Satara,Satara,Potato,Local,FAQ,2026-05-18,882.0,1088.0,945.0,False,2026,5,18,0,138,2,Zaid,969.0,935.0,982.0,851.0,954.3333333333334,969.8571428571429,949.6428571428571,26.20069064883749,1.0427528675703857,15.393654524089307,False
Maharashtra,Satara,Satara,Potato,Local,FAQ,2026-05-19,806.0,1045.0,934.0,False,2026,5,19,1,139,2,Zaid,945.0,959.0,1020.0,884.0,957.6666666666666,964.5714285714286,956.3571428571429,27.06077815373384,-2.476780185758514,15.384615384615385,False
Maharashtra,Satara,Satara,Potato,Local,FAQ,2026-05-20,802.0,1036.0,949.0,False,2026,5,20,2,140,2,Zaid,934.0,969.0,962.0,923.0,949.3333333333334,952.2857142857143,959.9285714285714,14.138768047628234,-1.164021164021164,4.225352112676056,False
Maharashtra,Satara,Satara,Potato,Local,FAQ,2026-05-21,846.0,1082.0,936.0,False,2026,5,21,3,141,2,Zaid,949.0,945.0,962.0,917.0,942.6666666666666,950.4285714285714,961.7857142857143,13.48897256844458,1.6059957173447537,4.907306434023991,False
Maharashtra,Satara,Satara,Potato,Local,FAQ,2026-05-22,837.0,1020.0,941.0,False,2026,5,22,4,142,2,Zaid,936.0,934.0,935.0,950.0,939.6666666666666,946.7142857142857,963.1428571428571,13.35058407853234,-1.36986301369863,-1.5789473684210527,False
Maharashtra,Satara,Satara,Potato,Local,FAQ,2026-05-23,838.0,1039.0,952.0,False,2026,5,23,5,143,2,Zaid,941.0,949.0,959.0,1012.0,942.0,947.5714285714286,962.5,12.64722819246366,0.5341880341880342,-5.237154150197629,False
Maharashtra,Satara,Satara,Potato,Local,FAQ,2026-05-25,864.0,1021.0,946.0,False,2026,5,25,0,145,2,Zaid,952.0,936.0,969.0,969.0,943.0,946.5714285714286,958.2142857142857,11.844227044665253,1.1689691817215728,0.0,False
Maharashtra,Satara,Satara,Potato,Local,FAQ,2026-05-26,836.0,1071.0,939.0,False,2026,5,26,1,146,2,Zaid,946.0,941.0,945.0,982.0,946.3333333333334,943.2857142857143,956.5714285714286,6.626066850298435,-0.6302521008403361,-3.7678207739307537,False
Maharashtra,Satara,Satara,Potato,Local,FAQ,2026-05-27,802.0,1011.0,923.0,False,2026,5,27,2,147,2,Zaid,939.0,952.0,934.0,1020.0,945.6666666666666,942.4285714285714,953.5,6.754187413664853,-0.7399577167019027,-8.431372549019608,False
Maharashtra,Satara,Satara,Potato,Local,FAQ,2026-05-28,848.0,1066.0,938.0,False,2026,5,28,3,148,2,Zaid,923.0,946.0,949.0,962.0,936.0,940.8571428571429,946.5714285714286,9.685531674068457,-1.703940362087327,-1.3513513513513513,False
Maharashtra,Satara,Satara,Potato,Local,FAQ,2026-05-29,831.0,1005.0,919.0,False,2026,5,29,4,149,2,Zaid,938.0,939.0,936.0,962.0,933.3333333333334,939.2857142857143,944.8571428571429,9.013217807084953,1.6251354279523293,-2.7027027027027026,False
Maharashtra,Satara,Satara,Potato,Local,FAQ,2026-05-30,786.0,960.0,841.0,False,2026,5,30,5,150,2,Zaid,919.0,923.0,941.0,935.0,926.6666666666666,936.8571428571429,941.7857142857143,11.880355935017802,-2.025586353944563,0.6417112299465241,False
Maharashtra,Satara,Satara,Potato,Local,FAQ,2026-05-31,668.0,930.0,800.0,False,2026,5,31,6,151,2,Zaid,841.0,938.0,952.0,959.0,899.3333333333334,922.5714285714286,935.0714285714286,37.83674203230093,-8.487486398258977,-0.7299270072992701,False
Maharashtra,Satara,Satara,Potato,Local,FAQ,2026-06-01,693.0,872.0,792.0,False,2026,6,1,0,152,2,Kharif,800.0,919.0,946.0,969.0,853.3333333333334,900.8571428571429,923.7142857142857,56.931035974612925,-4.875148632580261,-2.3735810113519094,False
Maharashtra,Satara,Satara,Potato,Local,FAQ,2026-06-02,677.0,874.0,751.0,False,2026,6,2,1,153,2,Kharif,792.0,841.0,939.0,945.0,811.0,878.8571428571429,911.0714285714286,65.66437027650011,-1.0,-0.6349206349206349,False
Maharashtra,Satara,Satara,Potato,Local,FAQ,2026-06-03,724.0,837.0,778.0,False,2026,6,3,2,154,2,Kharif,751.0,800.0,923.0,934.0,781.0,852.0,897.2142857142857,74.77967638335801,-5.1767676767676765,-1.177730192719486,False
Maharashtra,Satara,Satara,Potato,Local,FAQ,2026-06-04,681.0,899.0,755.0,False,2026,6,4,3,155,2,Kharif,778.0,792.0,938.0,949.0,773.6666666666666,831.2857142857143,886.0714285714286,71.86031423466285,3.5952063914780292,-1.1591148577449948,False
Maharashtra,Satara,Satara,Potato,Local,FAQ,2026-06-05,639.0,827.0,741.0,False,2026,6,5,4,156,2,Kharif,755.0,751.0,919.0,936.0,761.3333333333334,805.1428571428571,872.2142857142857,58.63852138718954,-2.956298200514139,-1.8162393162393164,False
Maharashtra,Satara,Satara,Potato,Local,FAQ,2026-06-06,649.0,804.0,733.0,False,2026,6,6,5,157,2,Kharif,741.0,778.0,841.0,941.0,758.0,779.7142857142857,858.2857142857143,34.77410092637566,-1.8543046357615895,-10.626992561105206,False
Maharashtra,Satara,Satara,Potato,Local,FAQ,2026-06-07,674.0,844.0,762.0,False,2026,6,7,6,158,2,Kharif,733.0,755.0,800.0,952.0,743.0,764.2857142857143,843.4285714285714,25.869636550167122,-1.0796221322537112,-15.966386554621847,False
Maharashtra,Satara,Satara,Potato,Local,FAQ,2026-06-08,618.0,783.0,726.0,False,2026,6,8,0,159,2,Kharif,762.0,741.0,792.0,946.0,745.3333333333334,758.8571428571429,829.8571428571429,20.570436484005334,3.956343792633015,-16.27906976744186,False
Maharashtra,Satara,Satara,Potato,Local,FAQ,2026-06-10,635.0,827.0,751.0,False,2026,6,10,2,161,2,Kharif,726.0,733.0,751.0,939.0,740.3333333333334,749.4285714285714,814.1428571428571,17.784423361057925,-4.724409448818897,-20.02129925452609,False
Maharashtra,Satara,Satara,Potato,Local,FAQ,2026-06-11,706.0,825.0,769.0,False,2026,6,11,3,162,2,Kharif,751.0,762.0,778.0,923.0,746.3333333333334,749.4285714285714,800.7142857142857,17.784423361057925,3.443526170798898,-15.70964247020585,False
Maharashtra,Satara,Satara,Potato,Local,FAQ,2026-06-12,677.0,870.0,744.0,False,2026,6,12,4,163,2,Kharif,769.0,726.0,755.0,938.0,748.6666666666666,748.1428571428571,789.7142857142857,15.560940111139939,2.396804260985353,-19.50959488272921,False
Maharashtra,Satara,Satara,Potato,Local,FAQ,2026-06-13,677.0,835.0,729.0,False,2026,6,13,5,164,2,Kharif,744.0,751.0,741.0,919.0,754.6666666666666,746.5714285714286,775.8571428571429,15.306394555392174,-3.2509752925877766,-19.368879216539717,False
Maharashtra,Satara,Satara,Potato,Local,FAQ,2026-06-14,627.0,814.0,733.0,False,2026,6,14,6,165,2,Kharif,729.0,769.0,733.0,841.0,747.3333333333334,744.8571428571429,762.2857142857143,16.647608150796916,-2.0161290322580645,-12.841854934601665,False
Maharashtra,Satara,Satara,Potato,Local,FAQ,2026-06-15,581.0,784.0,661.0,False,2026,6,15,0,166,2,Kharif,733.0,744.0,762.0,800.0,735.3333333333334,744.8571428571429,754.5714285714286,16.647608150796916,0.5486968449931412,-4.75,False
Maharashtra,Satara,Satara,Potato,Local,FAQ,2026-06-16,594.0,794.0,654.0,False,2026,6,16,1,167,2,Kharif,661.0,729.0,726.0,792.0,707.6666666666666,730.4285714285714,744.6428571428571,34.01890230864773,-9.822646657571624,-8.333333333333332,False
Maharashtra,Satara,Satara,Potato,Local,FAQ,2026-06-17,578.0,768.0,663.0,False,2026,6,17,2,168,2,Kharif,654.0,733.0,751.0,751.0,682.6666666666666,720.1428571428571,734.7857142857143,44.7676541393722,-1.059001512859304,0.0,False
Maharashtra,Satara,Satara,Potato,Local,FAQ,2026-06-18,527.0,739.0,636.0,False,2026,6,18,3,169,2,Kharif,663.0,661.0,769.0,778.0,659.3333333333334,707.5714285714286,728.5,46.96046969830361,1.3761467889908259,-1.1568123393316194,False
Maharashtra,Satara,Satara,Potato,Local,FAQ,2026-06-19,556.0,721.0,626.0,False,2026,6,19,4,170,2,Kharif,636.0,654.0,744.0,755.0,651.0,688.5714285714286,718.3571428571429,44.82133845560547,-4.072398190045249,-1.456953642384106,False
Maharashtra,Satara,Satara,Potato,Local,FAQ,2026-06-20,579.0,744.0,639.0,False,2026,6,20,5,171,2,Kharif,626.0,663.0,729.0,741.0,641.6666666666666,671.7142857142857,709.1428571428571,42.63689437452381,-1.5723270440251573,-1.6194331983805668,False
Maharashtra,Satara,Satara,Potato,Local,FAQ,2026-06-21,558.0,807.0,678.0,False,2026,6,21,6,172,2,Kharif,639.0,636.0,733.0,733.0,633.6666666666666,658.8571428571429,701.8571428571429,35.446807902485574,2.07667731629393,0.0,False
Maharashtra,Satara,Satara,Potato,Local,FAQ,2026-06-22,526.0,765.0,647.0,False,2026,6,22,0,173,2,Kharif,678.0,626.0,661.0,762.0,647.6666666666666,651.0,697.9285714285714,18.14754345174152,6.103286384976526,-13.254593175853019,False
Maharashtra,Satara,Satara,Potato,Local,FAQ,2026-06-23,607.0,750.0,659.0,False,2026,6,23,1,174,2,Kharif,647.0,639.0,654.0,726.0,654.6666666666666,649.0,689.7142857142857,17.62573875518916,-4.572271386430678,-9.917355371900827,False
Maharashtra,Satara,Satara,Potato,Local,FAQ,2026-06-24,624.0,805.0,696.0,False,2026,6,24,2,175,2,Kharif,659.0,678.0,663.0,751.0,661.3333333333334,649.7142857142857,684.9285714285714,17.960273621828257,1.8547140649149922,-11.717709720372836,False
Maharashtra,Satara,Satara,Potato,Local,FAQ,2026-06-25,518.0,789.0,659.0,False,2026,6,25,3,176,2,Kharif,696.0,647.0,636.0,769.0,667.3333333333334,654.4285714285714,681.0,24.985710201737923,5.614567526555387,-17.29518855656697,False
Maharashtra,Satara,Satara,Potato,Local,FAQ,2026-06-26,616.0,839.0,691.0,False,2026,6,26,4,177,2,Kharif,659.0,659.0,626.0,744.0,671.3333333333334,657.7142857142857,673.1428571428571,23.634115777218067,-5.316091954022988,-15.86021505376344,False
Maharashtra,Satara,Satara,Potato,Local,FAQ,2026-06-27,573.0,813.0,684.0,False,2026,6,27,5,178,2,Kharif,691.0,696.0,639.0,729.0,682.0,667.0,669.3571428571429,21.79449471769253,4.855842185128983,-12.345679012345679,False
Maharashtra,Satara,Satara,Potato,Local,FAQ,2026-06-28,536.0,767.0,647.0,False,2026,6,28,6,179,2,Kharif,684.0,659.0,678.0,733.0,678.0,673.4285714285714,666.1428571428571,18.554937733262452,-1.0130246020260492,-7.503410641200546,False
Maharashtra,Satara,Satara,Potato,Local,FAQ,2026-06-29,606.0,751.0,690.0,False,2026,6,29,0,180,2,Kharif,647.0,691.0,647.0,661.0,674.0,669.0,660.0,20.840665376442818,-5.409356725146199,-2.118003025718608,False
Maharashtra,Satara,Satara,Potato,Local,FAQ,2026-06-30,592.0,818.0,694.0,False,2026,6,30,1,181,2,Kharif,690.0,684.0,659.0,654.0,673.6666666666666,675.1428571428571,662.0714285714286,19.5740352799925,6.646058732612056,0.764525993883792,False
Maharashtra,Satara,Satara,Potato,Local,FAQ,2026-07-01,572.0,765.0,673.0,False,2026,7,1,2,182,3,Kharif,694.0,647.0,696.0,663.0,677.0,680.1428571428571,664.9285714285714,19.230432231467447,0.5797101449275363,4.97737556561086,False
Maharashtra,Satara,Satara,Potato,Local,FAQ,2026-07-02,578.0,810.0,662.0,False,2026,7,2,3,183,3,Kharif,673.0,690.0,659.0,636.0,685.6666666666666,676.8571428571429,665.6428571428571,17.994708216835832,-3.025936599423631,3.6163522012578615,False
Maharashtra,Satara,Satara,Potato,Local,FAQ,2026-07-03,523.0,743.0,660.0,False,2026,7,3,4,184,3,Kharif,662.0,694.0,691.0,626.0,676.3333333333334,677.2857142857143,667.5,17.52820855756888,-1.634472511144131,10.383386581469649,False
Maharashtra,Satara,Satara,Potato,Local,FAQ,2026-07-04,600.0,746.0,694.0,False,2026,7,4,5,185,3,Kharif,660.0,673.0,684.0,639.0,665.0,672.8571428571429,669.9285714285714,17.401423039770496,-0.3021148036253776,7.042253521126761,False
Maharashtra,Satara,Satara,Potato,Local,FAQ,2026-07-05,645.0,803.0,702.0,False,2026,7,5,6,186,3,Kharif,694.0,662.0,647.0,678.0,672.0,674.2857142857143,673.8571428571429,18.82121396822288,5.151515151515151,-4.572271386430678,False
Maharashtra,Satara,Satara,Potato,Local,FAQ,2026-07-06,608.0,834.0,720.0,False,2026,7,6,0,187,3,Kharif,702.0,660.0,690.0,647.0,685.3333333333334,682.1428571428571,675.5714285714286,16.915757657947168,1.1527377521613833,6.646058732612056,False
Maharashtra,Satara,Satara,Potato,Local,FAQ,2026-07-07,680.0,866.0,733.0,False,2026,7,7,1,188,3,Kharif,720.0,694.0,694.0,659.0,705.3333333333334,686.4285714285714,680.7857142857143,22.210036341376384,2.564102564102564,5.311077389984825,False
Maharashtra,Satara,Satara,Potato,Local,FAQ,2026-07-08,592.0,784.0,713.0,False,2026,7,8,2,189,3,Kharif,733.0,702.0,673.0,696.0,718.3333333333334,692.0,686.0714285714286,28.442925306647894,1.8055555555555554,-3.3045977011494254,False
Maharashtra,Satara,Satara,Potato,Local,FAQ,2026-07-09,683.0,807.0,737.0,False,2026,7,9,3,190,3,Kharif,713.0,720.0,662.0,659.0,722.0,697.7142857142857,687.2857142857143,28.004251377918532,-2.728512960436562,0.4552352048558422,False
Maharashtra,Satara,Satara,Potato,Local,FAQ,2026-07-10,630.0,823.0,722.0,False,2026,7,10,4,191,3,Kharif,737.0,733.0,660.0,691.0,727.6666666666666,708.4285714285714,692.8571428571429,26.36194949073282,3.3660589060308554,-4.486251808972503,False
Maharashtra,Satara,Satara,Potato,Local,FAQ,2026-07-11,593.0,768.0,691.0,False,2026,7,11,5,192,3,Kharif,722.0,713.0,694.0,684.0,724.0,717.2857142857143,695.0714285714286,15.596092306653969,-2.03527815468114,1.461988304093567,False
Maharashtra,Kolhapur,Kolhapur,Soybean,Yellow,FAQ,2026-02-02,4079.0,4232.0,4164.0,False,2026,2,2,0,33,1,Rabi,,,,,,,,,,,False
Maharashtra,Kolhapur,Kolhapur,Soybean,Yellow,FAQ,2026-02-03,4049.0,4260.0,4164.0,False,2026,2,3,1,34,1,Rabi,4164.0,,,,,,,,,,False
Maharashtra,Kolhapur,Kolhapur,Soybean,Yellow,FAQ,2026-02-04,3852.0,4069.0,3998.0,False,2026,2,4,2,35,1,Rabi,4164.0,,,,,,,,0.0,,False
Maharashtra,Kolhapur,Kolhapur,Soybean,Yellow,FAQ,2026-02-05,3885.0,4111.0,3987.0,False,2026,2,5,3,36,1,Rabi,3998.0,4164.0,,,4108.666666666667,,,,-3.9865513928914504,,False
Maharashtra,Kolhapur,Kolhapur,Soybean,Yellow,FAQ,2026-02-06,3944.0,4128.0,4032.0,False,2026,2,6,4,37,1,Rabi,3987.0,4164.0,,,4049.6666666666665,,,,-0.2751375687843922,,False
Maharashtra,Kolhapur,Kolhapur,Soybean,Yellow,FAQ,2026-02-07,3979.0,4149.0,4038.0,False,2026,2,7,5,38,1,Rabi,4032.0,3998.0,,,4005.6666666666665,,,,1.1286681715575622,,False
Maharashtra,Kolhapur,Kolhapur,Soybean,Yellow,FAQ,2026-02-08,3886.0,4093.0,3990.0,False,2026,2,8,6,39,1,Rabi,4038.0,3987.0,,,4019.0,,,,0.1488095238095238,,False
Maharashtra,Kolhapur,Kolhapur,Soybean,Yellow,FAQ,2026-02-09,3902.0,4080.0,3960.0,False,2026,2,9,0,40,1,Rabi,3990.0,4032.0,4164.0,,4020.0,4053.285714285714,,78.16374753408029,-1.188707280832095,,False
Maharashtra,Kolhapur,Kolhapur,Soybean,Yellow,FAQ,2026-02-10,3792.0,4011.0,3889.0,False,2026,2,10,1,41,1,Rabi,3960.0,4038.0,4164.0,,3996.0,4024.1428571428573,,67.27661448930719,-0.7518796992481203,,False
Maharashtra,Kolhapur,Kolhapur,Soybean,Yellow,FAQ,2026-02-11,3814.0,4007.0,3917.0,False,2026,2,11,2,42,1,Rabi,3889.0,3990.0,3998.0,,3946.3333333333335,3984.8571428571427,,50.09467227636258,-1.792929292929293,,False
Maharashtra,Kolhapur,Kolhapur,Soybean,Yellow,FAQ,2026-02-12,3833.0,4094.0,3977.0,False,2026,2,12,3,43,1,Rabi,3917.0,3960.0,3987.0,,3922.0,3973.285714285714,,55.60489872218758,0.7199794291591669,,False
Maharashtra,Kolhapur,Kolhapur,Soybean,Yellow,FAQ,2026-02-13,3824.0,3977.0,3881.0,False,2026,2,13,4,44,1,Rabi,3977.0,3889.0,4032.0,,3927.6666666666665,3971.8571428571427,,55.321570752068915,1.5317845289762573,,False
Maharashtra,Kolhapur,Kolhapur,Soybean,Yellow,FAQ,2026-02-14,3850.0,4036.0,3942.0,False,2026,2,14,5,45,1,Rabi,3881.0,3917.0,4038.0,,3925.0,3950.285714285714,,57.36350258283916,-2.4138798089011817,,False
Maharashtra,Kolhapur,Kolhapur,Soybean,Yellow,FAQ,2026-02-15,3805.0,4045.0,3918.0,False,2026,2,15,6,46,1,Rabi,3942.0,3977.0,3990.0,,3933.3333333333335,3936.5714285714284,,42.42977391273347,1.5717598557072918,,False
Maharashtra,Kolhapur,Kolhapur,Soybean,Yellow,FAQ,2026-02-16,3854.0,4008.0,3923.0,False,2026,2,16,0,47,1,Rabi,3918.0,3881.0,3960.0,4164.0,3913.6666666666665,3926.285714285714,3989.785714285714,35.47635027129184,-0.60882800608828,-4.899135446685879,False
Maharashtra,Kolhapur,Kolhapur,Soybean,Yellow,FAQ,2026-02-17,3812.0,3994.0,3897.0,False,2026,2,17,1,48,1,Rabi,3923.0,3942.0,3889.0,4164.0,3927.6666666666665,3921.0,3972.5714285714284,32.2231800623913,0.1276161306789178,-6.604226705091258,False
Maharashtra,Kolhapur,Kolhapur,Soybean,Yellow,FAQ,2026-02-18,3788.0,3906.0,3853.0,False,2026,2,18,2,49,1,Rabi,3897.0,3918.0,3917.0,3998.0,3912.6666666666665,3922.1428571428573,3953.5,31.018427702622464,-0.662758093295947,-2.0260130065032516,False
Maharashtra,Kolhapur,Kolhapur,Soybean,Yellow,FAQ,2026-02-19,3737.0,3979.0,3834.0,False,2026,2,19,3,50,1,Rabi,3853.0,3923.0,3977.0,3987.0,3891.0,3913.0,3943.1428571428573,40.70626487409474,-1.1290736463946625,-0.2508151492350138,False
Maharashtra,Kolhapur,Kolhapur,Soybean,Yellow,FAQ,2026-02-20,3767.0,4015.0,3882.0,False,2026,2,20,4,51,1,Rabi,3834.0,3897.0,3881.0,4032.0,3861.3333333333335,3892.5714285714284,3932.214285714286,39.08476746277268,-0.4931222424085129,-3.7450396825396823,False
Maharashtra,Kolhapur,Kolhapur,Soybean,Yellow,FAQ,2026-02-21,3902.0,4063.0,3963.0,False,2026,2,21,5,52,1,Rabi,3882.0,3853.0,3942.0,4038.0,3856.3333333333335,3892.714285714286,3921.5,39.03722277397213,1.2519561815336464,-2.37741456166419,False
Maharashtra,Kolhapur,Kolhapur,Soybean,Yellow,FAQ,2026-02-22,3874.0,4064.0,4007.0,False,2026,2,22,6,53,1,Rabi,3963.0,3834.0,3918.0,3990.0,3893.0,3895.714285714286,3916.1428571428573,43.95343856747416,2.0865533230293662,-1.8045112781954888,False
Maharashtra,Kolhapur,Kolhapur,Soybean,Yellow,FAQ,2026-02-23,3989.0,4211.0,4108.0,False,2026,2,23,0,54,1,Rabi,4007.0,3882.0,3923.0,3960.0,3950.6666666666665,3908.4285714285716,3917.3571428571427,61.02965711536479,1.110269997476659,-0.9343434343434343,False
Maharashtra,Kolhapur,Kolhapur,Soybean,Yellow,FAQ,2026-02-24,3905.0,4156.0,4017.0,False,2026,2,24,1,55,1,Rabi,4108.0,3963.0,3897.0,3889.0,4026.0,3934.8571428571427,3927.9285714285716,97.53192395557514,2.5205889693037187,0.20570840833119053,False
Maharashtra,Kolhapur,Kolhapur,Soybean,Yellow,FAQ,2026-02-25,3847.0,4079.0,3947.0,False,2026,2,25,2,56,1,Rabi,4017.0,4007.0,3853.0,3917.0,4044.0,3952.0,3937.0714285714284,100.27628499966087,-2.2151898734177213,-1.6339034975746747,False
Maharashtra,Kolhapur,Kolhapur,Soybean,Yellow,FAQ,2026-02-26,3839.0,3950.0,3895.0,False,2026,2,26,3,57,1,Rabi,3947.0,4108.0,3834.0,3977.0,4024.0,3965.4285714285716,3939.214285714286,90.6400521161529,-1.7425939756036841,-3.5956751320090516,False
Maharashtra,Kolhapur,Kolhapur,Soybean,Yellow,FAQ,2026-02-27,3794.0,3966.0,3882.0,False,2026,2,27,4,58,1,Rabi,3895.0,4017.0,3882.0,3881.0,3953.0,3974.1428571428573,3933.3571428571427,77.94106442568884,-1.3174562959209526,0.02576655501159495,False
Maharashtra,Kolhapur,Kolhapur,Soybean,Yellow,FAQ,2026-02-28,3886.0,4013.0,3941.0,False,2026,2,28,5,59,1,Rabi,3882.0,3947.0,3963.0,3942.0,3908.0,3974.1428571428573,3933.4285714285716,77.94106442568884,-0.3337612323491656,0.532724505327245,False
Maharashtra,Kolhapur,Kolhapur,Soybean,Yellow,FAQ,2026-03-02,3886.0,4101.0,3972.0,False,2026,3,2,0,61,1,Rabi,3941.0,3895.0,4007.0,3918.0,3906.0,3971.0,3933.3571428571427,78.90289390552496,1.519835136527563,2.271567126084737,False
Maharashtra,Kolhapur,Kolhapur,Soybean,Yellow,FAQ,2026-03-03,3797.0,3961.0,3898.0,False,2026,3,3,1,62,1,Rabi,3972.0,3882.0,4108.0,3923.0,3931.6666666666665,3966.0,3937.214285714286,77.33477010159491,0.786602385181426,4.715778740759623,False
Maharashtra,Kolhapur,Kolhapur,Soybean,Yellow,FAQ,2026-03-04,3784.0,3948.0,3860.0,False,2026,3,4,2,63,1,Rabi,3898.0,3941.0,4017.0,3897.0,3937.0,3936.0,3935.4285714285716,48.38043681764977,-1.863041289023162,3.079291762894534,False
Maharashtra,Kolhapur,Kolhapur,Soybean,Yellow,FAQ,2026-03-05,3849.0,4033.0,3949.0,False,2026,3,5,3,64,1,Rabi,3860.0,3972.0,3947.0,3853.0,3910.0,3913.5714285714284,3932.785714285714,40.285883147231104,-0.9748589020010261,2.439657409810537,False
Maharashtra,Kolhapur,Kolhapur,Soybean,Yellow,FAQ,2026-03-06,3863.0,4042.0,3915.0,False,2026,3,6,4,65,1,Rabi,3949.0,3898.0,3895.0,3834.0,3902.3333333333335,3913.8571428571427,3939.6428571428573,40.56857803534038,2.305699481865285,1.5910276473656753,False
Maharashtra,Kolhapur,Kolhapur,Soybean,Yellow,FAQ,2026-03-07,3762.0,3883.0,3829.0,False,2026,3,7,5,66,1,Rabi,3915.0,3860.0,3882.0,3882.0,3908.0,3916.714285714286,3945.4285714285716,39.71445700545417,-0.8609774626487718,0.0,False
Maharashtra,Kolhapur,Kolhapur,Soybean,Yellow,FAQ,2026-03-08,3770.0,4000.0,3901.0,False,2026,3,8,6,67,1,Rabi,3829.0,3949.0,3941.0,3963.0,3897.6666666666665,3909.1428571428573,3941.6428571428573,50.909817558202924,-2.1966794380587484,-0.5551349987383295,False
Maharashtra,Kolhapur,Kolhapur,Soybean,Yellow,FAQ,2026-03-09,3870.0,4065.0,3941.0,False,2026,3,9,0,68,1,Rabi,3901.0,3915.0,3972.0,4007.0,3881.6666666666665,3903.4285714285716,3937.214285714286,48.9450615243156,1.8803865238965787,-0.873471425006239,False
Maharashtra,Kolhapur,Kolhapur,Soybean,Yellow,FAQ,2026-03-10,3738.0,3938.0,3878.0,False,2026,3,10,1,69,1,Rabi,3941.0,3829.0,3898.0,4108.0,3890.3333333333335,3899.0,3932.5,42.71221527073173,1.0253781081773903,-5.111976630963973,False
Maharashtra,Kolhapur,Kolhapur,Soybean,Yellow,FAQ,2026-03-11,3779.0,4063.0,3927.0,False,2026,3,11,2,70,1,Rabi,3878.0,3901.0,3860.0,4017.0,3906.6666666666665,3896.1428571428573,3916.0714285714284,43.45276581695186,-1.5985790408525755,-3.9083893452825493,False
Maharashtra,Kolhapur,Kolhapur,Soybean,Yellow,FAQ,2026-03-12,3829.0,4020.0,3951.0,False,2026,3,12,3,71,1,Rabi,3927.0,3941.0,3949.0,3947.0,3915.3333333333335,3905.714285714286,3909.6428571428573,41.49985656888557,1.263537906137184,0.05067139599695972,False
Maharashtra,Kolhapur,Kolhapur,Soybean,Yellow,FAQ,2026-03-13,3867.0,4018.0,3961.0,False,2026,3,13,4,72,1,Rabi,3951.0,3878.0,3915.0,3895.0,3918.6666666666665,3906.0,3909.9285714285716,41.85291706281231,0.6111535523300229,0.5134788189987163,False
Maharashtra,Kolhapur,Kolhapur,Soybean,Yellow,FAQ,2026-03-15,3898.0,4145.0,4008.0,False,2026,3,15,6,74,1,Rabi,3961.0,3927.0,3829.0,3882.0,3946.3333333333335,3912.5714285714284,3914.6428571428573,46.818291093891375,0.2531004808909137,-1.3652756311179803,False
Maharashtra,Kolhapur,Kolhapur,Soybean,Yellow,FAQ,2026-03-16,3935.0,4121.0,4001.0,False,2026,3,16,0,75,1,Rabi,4008.0,3951.0,3901.0,3941.0,3973.3333333333335,3938.1428571428573,3923.6428571428573,42.223329141713194,1.1865690482201465,-1.0149708195889366,False
Maharashtra,Kolhapur,Kolhapur,Soybean,Yellow,FAQ,2026-03-17,3909.0,4086.0,3970.0,False,2026,3,17,1,76,1,Rabi,4001.0,3961.0,3941.0,3972.0,3990.0,3952.4285714285716,3927.9285714285716,44.42168067830863,-0.17465069860279442,-0.7804632426988922,False
Maharashtra,Kolhapur,Kolhapur,Soybean,Yellow,FAQ,2026-03-18,3772.0,3968.0,3916.0,False,2026,3,18,2,77,1,Rabi,3970.0,4008.0,3878.0,3898.0,3993.0,3956.5714285714284,3927.785714285714,44.53035347886069,-0.7748062984253936,-0.513083632632119,False
Maharashtra,Kolhapur,Kolhapur,Soybean,Yellow,FAQ,2026-03-19,3784.0,3930.0,3878.0,False,2026,3,19,3,78,1,Rabi,3916.0,4001.0,3927.0,3860.0,3962.3333333333335,3962.0,3929.0714285714284,34.5543050863405,-1.3602015113350125,1.7357512953367875,False
Maharashtra,Kolhapur,Kolhapur,Soybean,Yellow,FAQ,2026-03-20,3810.0,3955.0,3892.0,False,2026,3,20,4,79,1,Rabi,3878.0,3970.0,3951.0,3949.0,3921.3333333333335,3955.0,3930.3571428571427,45.92022067310404,-0.9703779366700716,0.05064573309698658,False
Maharashtra,Kolhapur,Kolhapur,Soybean,Yellow,FAQ,2026-03-21,3583.0,3788.0,3671.0,False,2026,3,21,5,80,1,Rabi,3892.0,3916.0,3961.0,3915.0,3895.3333333333335,3946.5714285714284,3926.285714285714,51.81330956056521,0.36101083032490977,1.1749680715197957,False
Maharashtra,Kolhapur,Kolhapur,Soybean,Yellow,FAQ,2026-03-22,3572.0,3751.0,3681.0,False,2026,3,22,6,81,1,Rabi,3671.0,3878.0,4008.0,3829.0,3813.6666666666665,3905.1428571428573,3908.8571428571427,115.34358611185448,-5.678314491264132,4.674849830242883,False
Maharashtra,Kolhapur,Kolhapur,Soybean,Yellow,FAQ,2026-03-23,3691.0,3836.0,3770.0,False,2026,3,23,0,82,1,Rabi,3681.0,3892.0,4001.0,3901.0,3748.0,3858.4285714285716,3898.285714285714,131.7887920662666,0.2724053391446472,2.563445270443476,False
Maharashtra,Kolhapur,Kolhapur,Soybean,Yellow,FAQ,2026-03-24,3620.0,3828.0,3722.0,False,2026,3,24,1,83,1,Rabi,3770.0,3671.0,3970.0,3941.0,3707.3333333333335,3825.4285714285716,3888.9285714285716,118.37772473859123,2.4178212442271123,0.7358538442019792,False
Maharashtra,Kolhapur,Kolhapur,Soybean,Yellow,FAQ,2026-03-25,3534.0,3748.0,3678.0,False,2026,3,25,2,84,1,Rabi,3722.0,3681.0,3916.0,3878.0,3724.3333333333335,3790.0,3873.285714285714,104.15533271673276,-1.273209549071618,0.9798865394533264,False
Maharashtra,Kolhapur,Kolhapur,Soybean,Yellow,FAQ,2026-03-26,3638.0,3820.0,3744.0,False,2026,3,26,3,85,1,Rabi,3678.0,3770.0,3878.0,3927.0,3723.3333333333335,3756.0,3859.0,94.5744856361022,-1.182160128962923,-1.2477718360071302,False
Maharashtra,Kolhapur,Kolhapur,Soybean,Yellow,FAQ,2026-03-27,3698.0,3828.0,3774.0,False,2026,3,27,4,86,1,Rabi,3744.0,3722.0,3892.0,3951.0,3714.6666666666665,3736.8571428571427,3845.9285714285716,77.84691938119852,1.794453507340946,-1.4932928372563907,False
Maharashtra,Kolhapur,Kolhapur,Soybean,Yellow,FAQ,2026-03-28,3783.0,3910.0,3838.0,False,2026,3,28,5,87,1,Rabi,3774.0,3678.0,3671.0,3961.0,3732.0,3720.0,3833.285714285714,44.12482294581994,0.8012820512820512,-7.321383489017924,False
Maharashtra,Kolhapur,Kolhapur,Soybean,Yellow,FAQ,2026-03-29,3666.0,3915.0,3787.0,False,2026,3,29,6,88,1,Rabi,3838.0,3744.0,3681.0,4008.0,3785.3333333333335,3743.8571428571427,3824.5,56.599259628339276,1.695813460519343,-8.158682634730539,False
Maharashtra,Kolhapur,Kolhapur,Soybean,Yellow,FAQ,2026-03-30,3809.0,3964.0,3898.0,False,2026,3,30,0,89,1,Rabi,3787.0,3774.0,3770.0,4001.0,3799.6666666666665,3759.0,3808.714285714286,50.869113091016644,-1.3288170922355393,-5.7735566108472876,False
Maharashtra,Kolhapur,Kolhapur,Soybean,Yellow,FAQ,2026-03-31,3783.0,3981.0,3873.0,False,2026,3,31,1,90,1,Rabi,3898.0,3838.0,3722.0,3970.0,3841.0,3777.285714285714,3801.3571428571427,73.46816608961616,2.93108001056245,-6.246851385390428,False
Maharashtra,Kolhapur,Kolhapur,Soybean,Yellow,FAQ,2026-04-01,3648.0,3801.0,3749.0,False,2026,4,1,2,91,2,Zaid,3873.0,3787.0,3678.0,3916.0,3852.6666666666665,3798.8571428571427,3794.4285714285716,76.62990837227245,-0.6413545407901489,-6.077630234933606,False
Maharashtra,Kolhapur,Kolhapur,Soybean,Yellow,FAQ,2026-04-02,3673.0,3886.0,3754.0,False,2026,4,2,3,92,2,Zaid,3749.0,3898.0,3744.0,3878.0,3840.0,3809.0,3782.5,61.09009739720522,-3.2016524657887944,-3.4553893759669934,False
Maharashtra,Kolhapur,Kolhapur,Soybean,Yellow,FAQ,2026-04-03,3563.0,3722.0,3642.0,False,2026,4,3,4,93,2,Zaid,3754.0,3873.0,3774.0,3892.0,3792.0,3810.4285714285716,3773.6428571428573,59.41059709865798,0.13336889837289945,-3.0318602261048304,False
Maharashtra,Kolhapur,Kolhapur,Soybean,Yellow,FAQ,2026-04-04,3677.0,3899.0,3765.0,False,2026,4,4,5,94,2,Zaid,3642.0,3749.0,3838.0,3671.0,3715.0,3791.5714285714284,3755.785714285714,87.30188455937858,-2.983484283431007,4.549169163715608,False
Maharashtra,Kolhapur,Kolhapur,Soybean,Yellow,FAQ,2026-04-05,3672.0,3896.0,3761.0,False,2026,4,5,6,95,2,Zaid,3765.0,3754.0,3787.0,3681.0,3720.3333333333335,3781.1428571428573,3762.5,85.16538532257614,3.3772652388797364,2.8796522684053247,False
Maharashtra,Kolhapur,Kolhapur,Soybean,Yellow,FAQ,2026-04-06,3697.0,3895.0,3790.0,False,2026,4,6,0,96,2,Zaid,3761.0,3642.0,3898.0,3770.0,3722.6666666666665,3777.4285714285716,3768.214285714286,85.43390650644737,-0.10624169986719788,3.395225464190981,False
Maharashtra,Kolhapur,Kolhapur,Soybean,Yellow,FAQ,2026-04-07,3732.0,3966.0,3835.0,False,2026,4,7,1,97,2,Zaid,3790.0,3765.0,3873.0,3722.0,3772.0,3762.0,3769.6428571428573,68.00490178411161,0.7710715235309757,4.056958624395486,False
Maharashtra,Kolhapur,Kolhapur,Soybean,Yellow,FAQ,2026-04-08,3657.0,3857.0,3785.0,False,2026,4,8,2,98,2,Zaid,3835.0,3761.0,3749.0,3678.0,3795.3333333333335,3756.5714285714284,3777.714285714286,58.523092715204115,1.1873350923482848,1.9303969548667754,False
Maharashtra,Kolhapur,Kolhapur,Soybean,Yellow,FAQ,2026-04-09,3754.0,3906.0,3839.0,False,2026,4,9,3,99,2,Zaid,3785.0,3790.0,3754.0,3744.0,3803.3333333333335,3761.714285714286,3785.3571428571427,59.32316659820259,-1.303780964797914,0.2670940170940171,False
Maharashtra,Kolhapur,Kolhapur,Soybean,Yellow,FAQ,2026-04-10,3827.0,3972.0,3877.0,False,2026,4,10,4,100,2,Zaid,3839.0,3835.0,3642.0,3774.0,3819.6666666666665,3773.8571428571427,3792.1428571428573,65.82408012125615,1.4266842800528403,-3.4976152623211445,False
Maharashtra,Kolhapur,Kolhapur,Soybean,Yellow,FAQ,2026-04-11,3853.0,4058.0,3922.0,False,2026,4,11,5,101,2,Zaid,3877.0,3785.0,3765.0,3838.0,3833.6666666666665,3807.4285714285716,3799.5,43.511903133347225,0.989841104454285,-1.9020323084940074,False
Maharashtra,Kolhapur,Kolhapur,Soybean,Yellow,FAQ,2026-04-12,3725.0,3874.0,3801.0,False,2026,4,12,6,102,2,Zaid,3922.0,3839.0,3761.0,3787.0,3879.3333333333335,3829.8571428571427,3805.5,56.516748465768735,1.1606912561258704,-0.6865592817533668,False
Maharashtra,Kolhapur,Kolhapur,Soybean,Yellow,FAQ,2026-04-13,3716.0,3865.0,3788.0,False,2026,4,13,0,103,2,Zaid,3801.0,3877.0,3790.0,3898.0,3866.6666666666665,3835.5714285714284,3806.5,50.04616916027812,-3.0851606323304437,-2.770651616213443,False
Maharashtra,Kolhapur,Kolhapur,Soybean,Yellow,FAQ,2026-04-14,3505.0,3694.0,3572.0,False,2026,4,14,1,104,2,Zaid,3788.0,3922.0,3835.0,3873.0,3837.0,3835.285714285714,3798.6428571428573,50.35445788181572,-0.342015259142331,-0.9811515620965658,False
Maharashtra,Kolhapur,Kolhapur,Soybean,Yellow,FAQ,2026-04-15,3438.0,3683.0,3559.0,False,2026,4,15,2,105,2,Zaid,3572.0,3801.0,3785.0,3749.0,3720.3333333333335,3797.714285714286,3777.1428571428573,111.54328649409977,-5.70221752903907,0.960256068284876,False
Maharashtra,Kolhapur,Kolhapur,Soybean,Yellow,FAQ,2026-04-16,3588.0,3799.0,3652.0,False,2026,4,16,3,106,2,Zaid,3559.0,3788.0,3839.0,3754.0,3639.6666666666665,3765.4285714285716,3763.5714285714284,143.86203708513824,-0.3639417693169093,2.2642514651038894,False
Maharashtra,Kolhapur,Kolhapur,Soybean,Yellow,FAQ,2026-04-17,3553.0,3685.0,3622.0,False,2026,4,17,4,107,2,Zaid,3652.0,3572.0,3877.0,3642.0,3594.3333333333335,3738.714285714286,3756.285714285714,145.27871407024725,2.6130935656083167,6.452498627127952,False
Maharashtra,Kolhapur,Kolhapur,Soybean,Yellow,FAQ,2026-04-18,3591.0,3780.0,3655.0,False,2026,4,18,5,108,2,Zaid,3622.0,3559.0,3922.0,3765.0,3611.0,3702.285714285714,3754.8571428571427,136.53169874393473,-0.8214676889375685,4.169986719787517,False
Maharashtra,Kolhapur,Kolhapur,Soybean,Yellow,FAQ,2026-04-19,3619.0,3854.0,3744.0,False,2026,4,19,6,109,2,Zaid,3655.0,3652.0,3801.0,3761.0,3643.0,3664.1428571428573,3747.0,96.2833121079445,0.9110988404196576,1.0635469290082424,False
Maharashtra,Kolhapur,Kolhapur,Soybean,Yellow,FAQ,2026-04-20,3616.0,3787.0,3735.0,False,2026,4,20,0,110,2,Zaid,3744.0,3622.0,3788.0,3790.0,3673.6666666666665,3656.0,3745.785714285714,84.46498288245236,2.4350205198358412,-0.05277044854881266,False
Maharashtra,Kolhapur,Kolhapur,Soybean,Yellow,FAQ,2026-04-21,3745.0,3849.0,3796.0,False,2026,4,21,1,111,2,Zaid,3735.0,3655.0,3572.0,3835.0,3711.3333333333335,3648.4285714285716,3741.8571428571427,72.13611472500212,-0.2403846153846154,-6.8578878748370276,False
Maharashtra,Kolhapur,Kolhapur,Soybean,Yellow,FAQ,2026-04-22,3577.0,3830.0,3712.0,False,2026,4,22,2,112,2,Zaid,3796.0,3744.0,3559.0,3785.0,3758.3333333333335,3680.4285714285716,3739.0714285714284,81.63915960464111,1.6331994645247656,-5.9709379128137385,False
Maharashtra,Kolhapur,Kolhapur,Soybean,Yellow,FAQ,2026-04-23,3636.0,3846.0,3765.0,False,2026,4,23,3,113,2,Zaid,3712.0,3735.0,3652.0,3839.0,3747.6666666666665,3702.285714285714,3733.8571428571427,61.77570797034884,-2.212855637513172,-4.871060171919771,False
Maharashtra,Kolhapur,Kolhapur,Soybean,Yellow,FAQ,2026-04-24,3645.0,3842.0,3699.0,False,2026,4,24,4,114,2,Zaid,3765.0,3796.0,3622.0,3877.0,3757.6666666666665,3718.4285714285716,3728.5714285714284,61.206909040446355,1.427801724137931,-6.577250451379933,False
Maharashtra,Kolhapur,Kolhapur,Soybean,Yellow,FAQ,2026-04-25,3554.0,3780.0,3653.0,False,2026,4,25,5,115,2,Zaid,3699.0,3712.0,3655.0,3922.0,3725.3333333333335,3729.4285714285716,3715.8571428571427,46.02483801476649,-1.7529880478087652,-6.807751147373789,False
Maharashtra,Kolhapur,Kolhapur,Soybean,Yellow,FAQ,2026-04-26,3563.0,3712.0,3635.0,False,2026,4,26,6,116,2,Zaid,3653.0,3765.0,3744.0,3801.0,3705.6666666666665,3729.1428571428573,3696.6428571428573,46.5669001596195,-1.2435793457691267,-1.499605367008682,False
Maharashtra,Kolhapur,Kolhapur,Soybean,Yellow,FAQ,2026-04-27,3512.0,3720.0,3655.0,False,2026,4,27,0,117,2,Zaid,3635.0,3699.0,3735.0,3788.0,3662.3333333333335,3713.5714285714284,3684.785714285714,57.67107057227342,-0.4927456884752259,-1.399155227032735,False
Maharashtra,Kolhapur,Kolhapur,Soybean,Yellow,FAQ,2026-04-28,3428.0,3720.0,3575.0,False,2026,4,28,1,118,2,Zaid,3655.0,3653.0,3796.0,3572.0,3647.6666666666665,3702.1428571428573,3675.285714285714,60.57069855804261,0.5502063273727648,6.270996640537514,False
Maharashtra,Kolhapur,Kolhapur,Soybean,Yellow,FAQ,2026-04-29,3447.0,3686.0,3560.0,False,2026,4,29,2,119,2,Zaid,3575.0,3635.0,3712.0,3559.0,3621.6666666666665,3670.5714285714284,3675.5,61.08970765155182,-2.188782489740082,4.2989603821298115,False
Maharashtra,Kolhapur,Kolhapur,Soybean,Yellow,FAQ,2026-04-30,3431.0,3648.0,3580.0,False,2026,4,30,3,120,2,Zaid,3560.0,3655.0,3765.0,3652.0,3596.6666666666665,3648.8571428571427,3675.5714285714284,70.23870863331592,-0.4195804195804196,3.0941949616648414,False
Maharashtra,Kolhapur,Kolhapur,Soybean,Yellow,FAQ,2026-05-01,3469.0,3629.0,3537.0,False,2026,5,1,4,121,2,Zaid,3580.0,3575.0,3699.0,3622.0,3571.6666666666665,3622.4285714285716,3670.4285714285716,51.581188893032135,0.5617977528089888,2.1258972943125345,False
Maharashtra,Kolhapur,Kolhapur,Soybean,Yellow,FAQ,2026-05-02,3479.0,3704.0,3608.0,False,2026,5,2,5,122,2,Zaid,3537.0,3560.0,3653.0,3655.0,3559.0,3599.285714285714,3664.3571428571427,47.69596169388272,-1.2011173184357542,-0.05471956224350205,False
Maharashtra,Kolhapur,Kolhapur,Soybean,Yellow,FAQ,2026-05-03,3528.0,3730.0,3618.0,False,2026,5,3,6,123,2,Zaid,3608.0,3580.0,3635.0,3744.0,3575.0,3592.8571428571427,3661.0,41.93418880192798,2.0073508623126943,-2.911324786324786,False
Maharashtra,Kolhapur,Kolhapur,Soybean,Yellow,FAQ,2026-05-04,3532.0,3708.0,3619.0,False,2026,5,4,0,124,2,Zaid,3618.0,3537.0,3655.0,3735.0,3587.6666666666665,3590.4285714285716,3652.0,39.50888989774234,0.2771618625277162,-2.14190093708166,False
Maharashtra,Kolhapur,Kolhapur,Soybean,Yellow,FAQ,2026-05-05,3537.0,3768.0,3641.0,False,2026,5,5,1,125,2,Zaid,3619.0,3608.0,3575.0,3796.0,3615.0,3585.285714285714,3643.714285714286,31.164693087492893,0.027639579878385848,-5.821917808219178,False
Maharashtra,Kolhapur,Kolhapur,Soybean,Yellow,FAQ,2026-05-06,3592.0,3722.0,3651.0,False,2026,5,6,2,126,2,Zaid,3641.0,3618.0,3560.0,3712.0,3626.0,3594.714285714286,3632.6428571428573,36.97618281052904,0.60790273556231,-4.094827586206897,False
Maharashtra,Kolhapur,Kolhapur,Soybean,Yellow,FAQ,2026-05-07,3552.0,3729.0,3627.0,False,2026,5,7,3,127,2,Zaid,3651.0,3619.0,3580.0,3765.0,3637.0,3607.714285714286,3628.285714285714,38.69416099668933,0.274649821477616,-4.913678618857902,False
Maharashtra,Kolhapur,Kolhapur,Soybean,Yellow,FAQ,2026-05-08,3576.0,3703.0,3627.0,False,2026,5,8,4,128,2,Zaid,3627.0,3641.0,3537.0,3699.0,3639.6666666666665,3614.4285714285716,3618.4285714285716,37.12975959548747,-0.657354149548069,-4.37956204379562,False
Maharashtra,Kolhapur,Kolhapur,Soybean,Yellow,FAQ,2026-05-09,3646.0,3904.0,3789.0,False,2026,5,9,5,129,2,Zaid,3627.0,3651.0,3608.0,3653.0,3635.0,3627.285714285714,3613.285714285714,14.59125635113236,0.0,-1.2318642211880646,False
Maharashtra,Kolhapur,Kolhapur,Soybean,Yellow,FAQ,2026-05-10,3730.0,3964.0,3821.0,False,2026,5,10,6,130,2,Zaid,3789.0,3627.0,3618.0,3635.0,3681.0,3653.1428571428573,3623.0,61.06943745013548,4.466501240694789,-0.4676753782668501,False
Maharashtra,Kolhapur,Kolhapur,Soybean,Yellow,FAQ,2026-05-11,3720.0,3901.0,3783.0,False,2026,5,11,0,131,2,Zaid,3821.0,3627.0,3619.0,3655.0,3745.6666666666665,3682.1428571428573,3636.285714285714,85.07923477838848,0.844550013196094,-0.9849521203830369,False
Maharashtra,Kolhapur,Kolhapur,Soybean,Yellow,FAQ,2026-05-12,3713.0,3948.0,3819.0,False,2026,5,12,1,132,2,Zaid,3783.0,3789.0,3641.0,3575.0,3797.6666666666665,3705.5714285714284,3645.4285714285716,87.34387431842286,-0.9945040565297042,1.8461538461538463,False
Maharashtra,Kolhapur,Kolhapur,Soybean,Yellow,FAQ,2026-05-13,3713.0,3965.0,3862.0,False,2026,5,13,2,133,2,Zaid,3819.0,3821.0,3651.0,3560.0,3807.6666666666665,3731.0,3662.8571428571427,91.23595782365733,0.9516256938937351,2.556179775280899,False
Maharashtra,Kolhapur,Kolhapur,Soybean,Yellow,FAQ,2026-05-14,3885.0,4079.0,3946.0,False,2026,5,14,3,134,2,Zaid,3862.0,3783.0,3627.0,3580.0,3821.3333333333335,3761.1428571428573,3684.4285714285716,95.17077382514283,1.125949201361613,1.3128491620111733,False
Maharashtra,Kolhapur,Kolhapur,Soybean,Yellow,FAQ,2026-05-15,3849.0,4115.0,3995.0,False,2026,5,15,4,135,2,Zaid,3946.0,3819.0,3627.0,3537.0,3875.6666666666665,3806.714285714286,3710.5714285714284,96.5966084389366,2.1750388399792855,2.5445292620865136,False
Maharashtra,Kolhapur,Kolhapur,Soybean,Yellow,FAQ,2026-05-16,3841.0,4047.0,3951.0,False,2026,5,16,5,136,2,Zaid,3995.0,3862.0,3789.0,3608.0,3934.3333333333335,3859.285714285714,3743.285714285714,81.43855410822803,1.2417638114546377,5.016629711751663,False
Maharashtra,Kolhapur,Kolhapur,Soybean,Yellow,FAQ,2026-05-17,3753.0,3992.0,3867.0,False,2026,5,17,6,137,2,Zaid,3951.0,3946.0,3821.0,3618.0,3964.0,3882.4285714285716,3767.785714285714,81.1538808742575,-1.1013767209011265,5.610834715312327,False
Maharashtra,Kolhapur,Kolhapur,Soybean,Yellow,FAQ,2026-05-18,3671.0,3859.0,3789.0,False,2026,5,18,0,138,2,Zaid,3867.0,3995.0,3783.0,3619.0,3937.6666666666665,3889.0,3785.5714285714284,77.11247197006566,-2.126044039483675,4.531638574191766,False
Maharashtra,Kolhapur,Kolhapur,Soybean,Yellow,FAQ,2026-05-19,3779.0,3981.0,3877.0,False,2026,5,19,1,139,2,Zaid,3789.0,3951.0,3819.0,3641.0,3869.0,3889.8571428571427,3797.714285714286,75.75933071560907,-2.017067494181536,4.888766822301566,False
Maharashtra,Kolhapur,Kolhapur,Soybean,Yellow,FAQ,2026-05-20,3748.0,3991.0,3875.0,False,2026,5,20,2,140,2,Zaid,3877.0,3867.0,3862.0,3651.0,3844.3333333333335,3898.1428571428573,3814.5714285714284,69.64296703288663,2.3225125362892585,5.779238564776774,False
Maharashtra,Kolhapur,Kolhapur,Soybean,Yellow,FAQ,2026-05-21,3863.0,4079.0,3929.0,False,2026,5,21,3,141,2,Zaid,3875.0,3789.0,3946.0,3627.0,3847.0,3900.0,3830.5714285714284,68.68527256018973,-0.051586278050038695,8.795147504824923,False
Maharashtra,Kolhapur,Kolhapur,Soybean,Yellow,FAQ,2026-05-22,3854.0,3967.0,3916.0,False,2026,5,22,4,142,2,Zaid,3929.0,3877.0,3995.0,3627.0,3893.6666666666665,3897.5714285714284,3852.1428571428573,67.06926057656061,1.3935483870967742,10.146126275158533,False
Maharashtra,Kolhapur,Kolhapur,Soybean,Yellow,FAQ,2026-05-23,3776.0,4030.0,3899.0,False,2026,5,23,5,143,2,Zaid,3916.0,3875.0,3951.0,3789.0,3906.6666666666665,3886.285714285714,3872.785714285714,53.14356118326006,-0.3308729956731993,4.275534441805226,False
Maharashtra,Kolhapur,Kolhapur,Soybean,Yellow,FAQ,2026-05-24,3789.0,4074.0,3925.0,False,2026,5,24,6,144,2,Zaid,3899.0,3929.0,3867.0,3821.0,3914.6666666666665,3878.8571428571427,3880.6428571428573,45.70349575043781,-0.43411644535240035,1.2038733315885892,False
Maharashtra,Kolhapur,Kolhapur,Soybean,Yellow,FAQ,2026-05-25,3926.0,4079.0,3988.0,False,2026,5,25,0,145,2,Zaid,3925.0,3916.0,3789.0,3783.0,3913.3333333333335,3887.1428571428573,3888.0714285714284,48.37502307124698,0.6668376506796614,0.1586042823156225,False
Maharashtra,Kolhapur,Kolhapur,Soybean,Yellow,FAQ,2026-05-26,3792.0,4014.0,3927.0,False,2026,5,26,1,146,2,Zaid,3988.0,3899.0,3877.0,3819.0,3937.3333333333335,3915.5714285714284,3902.714285714286,38.56534343535323,1.605095541401274,1.5187221785807803,False
Maharashtra,Kolhapur,Kolhapur,Soybean,Yellow,FAQ,2026-05-28,4034.0,4197.0,4090.0,False,2026,5,28,3,148,2,Zaid,3927.0,3925.0,3875.0,3862.0,3946.6666666666665,3922.714285714286,3910.4285714285716,34.66369034843967,-1.5295887662988967,0.33661315380631796,False
Maharashtra,Kolhapur,Kolhapur,Soybean,Yellow,FAQ,2026-05-29,4028.0,4192.0,4086.0,False,2026,5,29,4,149,2,Zaid,4090.0,3988.0,3929.0,3946.0,4001.6666666666665,3953.4285714285716,3926.714285714286,66.22400658084918,4.150751209574739,-0.4308160162189559,False
Maharashtra,Kolhapur,Kolhapur,Soybean,Yellow,FAQ,2026-05-30,4071.0,4219.0,4154.0,False,2026,5,30,5,150,2,Zaid,4086.0,3927.0,3916.0,3995.0,4034.3333333333335,3975.8571428571427,3936.714285714286,81.41545424842668,-0.09779951100244498,-1.9774718397997497,False
Maharashtra,Kolhapur,Kolhapur,Soybean,Yellow,FAQ,2026-05-31,4015.0,4289.0,4158.0,False,2026,5,31,6,151,2,Zaid,4154.0,4090.0,3899.0,3951.0,4110.0,4009.8571428571427,3948.0714285714284,99.85894814092138,1.6642192853646598,-1.3161225006327513,False
Maharashtra,Kolhapur,Kolhapur,Soybean,Yellow,FAQ,2026-06-01,4111.0,4281.0,4230.0,False,2026,6,1,0,152,2,Kharif,4158.0,4086.0,3925.0,3867.0,4132.666666666667,4046.8571428571427,3962.8571428571427,99.92068282965651,0.09629272989889263,1.4998707008016552,False
Maharashtra,Kolhapur,Kolhapur,Soybean,Yellow,FAQ,2026-06-02,4008.0,4216.0,4149.0,False,2026,6,2,1,153,2,Kharif,4230.0,4154.0,3988.0,3789.0,4180.666666666667,4090.4285714285716,3988.785714285714,104.32937768251713,1.7316017316017316,5.2520453945632095,False
Maharashtra,Kolhapur,Kolhapur,Soybean,Yellow,FAQ,2026-06-03,4051.0,4232.0,4130.0,False,2026,6,3,2,154,2,Kharif,4149.0,4158.0,3927.0,3877.0,4179.0,4113.428571428572,4014.5,95.3447379125952,-1.9148936170212765,1.2896569512509672,False
Maharashtra,Kolhapur,Kolhapur,Soybean,Yellow,FAQ,2026-06-04,3970.0,4139.0,4080.0,False,2026,6,4,3,155,2,Kharif,4130.0,4230.0,4090.0,3875.0,4169.666666666667,4142.428571428572,4032.5714285714284,48.60677985242075,-0.45794167269221503,5.548387096774193,False
Maharashtra,Kolhapur,Kolhapur,Soybean,Yellow,FAQ,2026-06-05,3983.0,4126.0,4039.0,False,2026,6,5,4,156,2,Kharif,4080.0,4149.0,4086.0,3929.0,4119.666666666667,4141.0,4047.214285714286,50.51402445528669,-1.2106537530266344,3.9959277169763303,False
Maharashtra,Kolhapur,Kolhapur,Soybean,Yellow,FAQ,2026-06-06,3973.0,4172.0,4065.0,False,2026,6,6,5,157,2,Kharif,4039.0,4130.0,4154.0,3916.0,4083.0,4134.285714285715,4055.0714285714284,61.064758755826965,-1.0049019607843137,6.077630234933606,False
Maharashtra,Kolhapur,Kolhapur,Soybean,Yellow,FAQ,2026-06-07,4082.0,4313.0,4169.0,False,2026,6,7,6,158,2,Kharif,4065.0,4080.0,4158.0,3899.0,4061.3333333333335,4121.571428571428,4065.714285714286,65.38821795722484,0.6437236939836593,6.642728904847396,False
Maharashtra,Kolhapur,Kolhapur,Soybean,Yellow,FAQ,2026-06-08,4039.0,4308.0,4178.0,False,2026,6,8,0,159,2,Kharif,4169.0,4039.0,4230.0,3925.0,4091.0,4123.142857142857,4085.0,66.53176828011334,2.5584255842558425,7.770700636942675,False
Maharashtra,Kolhapur,Kolhapur,Soybean,Yellow,FAQ,2026-06-09,4086.0,4234.0,4154.0,False,2026,6,9,1,160,2,Kharif,4178.0,4065.0,4149.0,3988.0,4137.333333333333,4115.714285714285,4103.071428571428,54.41113331455132,0.21587910769968818,4.037111334002006,False
Maharashtra,Kolhapur,Kolhapur,Soybean,Yellow,FAQ,2026-06-10,3996.0,4249.0,4127.0,False,2026,6,10,2,161,2,Kharif,4154.0,4169.0,4130.0,3927.0,4167.0,4116.428571428572,4114.928571428572,54.95106047767864,-0.5744375299186213,5.169340463458111,False
Maharashtra,Kolhapur,Kolhapur,Soybean,Yellow,FAQ,2026-06-11,4018.0,4201.0,4141.0,False,2026,6,11,3,162,2,Kharif,4127.0,4178.0,4080.0,4090.0,4153.0,4116.0,4129.214285714285,54.839158758461814,-0.6499759268175253,-0.24449877750611246,False
Maharashtra,Kolhapur,Kolhapur,Soybean,Yellow,FAQ,2026-06-12,4066.0,4253.0,4199.0,False,2026,6,12,4,163,2,Kharif,4141.0,4154.0,4039.0,4086.0,4140.666666666667,4124.714285714285,4132.857142857143,52.9802299155755,0.3392294645020596,-1.1502692119432207,False
Maharashtra,Kolhapur,Kolhapur,Soybean,Yellow,FAQ,2026-06-13,4217.0,4356.0,4269.0,False,2026,6,13,5,164,2,Kharif,4199.0,4127.0,4065.0,4154.0,4155.666666666667,4147.571428571428,4140.928571428572,43.504241719878415,1.4006278676648154,-2.142513240250361,False
Maharashtra,Kolhapur,Kolhapur,Soybean,Yellow,FAQ,2026-06-14,4138.0,4369.0,4280.0,False,2026,6,14,6,165,2,Kharif,4269.0,4141.0,4169.0,4158.0,4203.0,4176.714285714285,4149.142857142857,47.14769094990185,1.6670635865682306,0.26455026455026454,False
Maharashtra,Kolhapur,Kolhapur,Soybean,Yellow,FAQ,2026-06-15,4077.0,4261.0,4211.0,False,2026,6,15,0,166,2,Kharif,4280.0,4199.0,4178.0,4230.0,4249.333333333333,4192.571428571428,4157.857142857143,60.80805084544169,0.2576715858514875,-1.2293144208037825,False
Maharashtra,Kolhapur,Kolhapur,Soybean,Yellow,FAQ,2026-06-16,4190.0,4361.0,4250.0,False,2026,6,16,1,167,2,Kharif,4211.0,4269.0,4154.0,4149.0,4253.333333333333,4197.285714285715,4156.5,60.769274818016,-1.6121495327102804,0.1205109664979513,False
Maharashtra,Kolhapur,Kolhapur,Soybean,Yellow,FAQ,2026-06-17,4139.0,4378.0,4234.0,False,2026,6,17,2,168,2,Kharif,4250.0,4280.0,4127.0,4130.0,4247.0,4211.0,4163.714285714285,60.20243627409257,0.9261458085965328,-0.07263922518159806,False
Maharashtra,Kolhapur,Kolhapur,Soybean,Yellow,FAQ,2026-06-18,4164.0,4310.0,4217.0,False,2026,6,18,3,169,2,Kharif,4234.0,4211.0,4141.0,4080.0,4231.666666666667,4226.285714285715,4171.142857142857,47.58050821405405,-0.3764705882352941,1.4950980392156863,False
Maharashtra,Kolhapur,Kolhapur,Soybean,Yellow,FAQ,2026-06-19,4117.0,4332.0,4195.0,False,2026,6,19,4,170,2,Kharif,4217.0,4250.0,4199.0,4039.0,4233.666666666667,4237.142857142857,4180.928571428572,30.470907280209627,-0.40151157298063295,3.9613765783609804,False
Maharashtra,Kolhapur,Kolhapur,Soybean,Yellow,FAQ,2026-06-20,4188.0,4350.0,4291.0,False,2026,6,20,5,171,2,Kharif,4195.0,4234.0,4269.0,4065.0,4215.333333333333,4236.571428571428,4192.071428571428,31.33080030292844,-0.5216978894949016,5.018450184501845,False
Maharashtra,Kolhapur,Kolhapur,Soybean,Yellow,FAQ,2026-06-21,4284.0,4529.0,4379.0,False,2026,6,21,6,172,2,Kharif,4291.0,4217.0,4280.0,4169.0,4234.333333333333,4239.714285714285,4208.214285714285,35.89667712441333,2.2884386174016687,2.662508994962821,False
Maharashtra,Kolhapur,Kolhapur,Soybean,Yellow,FAQ,2026-06-22,4243.0,4458.0,4340.0,False,2026,6,22,0,173,2,Kharif,4379.0,4195.0,4211.0,4178.0,4288.333333333333,4253.857142857143,4223.214285714285,63.38882280927679,2.050804008389653,0.7898516036381044,False
Maharashtra,Kolhapur,Kolhapur,Soybean,Yellow,FAQ,2026-06-23,4183.0,4445.0,4320.0,False,2026,6,23,1,174,2,Kharif,4340.0,4291.0,4250.0,4154.0,4336.666666666667,4272.285714285715,4234.785714285715,67.47274582062421,-0.8906142955012559,2.311025517573423,False
Maharashtra,Kolhapur,Kolhapur,Soybean,Yellow,FAQ,2026-06-25,4108.0,4303.0,4209.0,False,2026,6,25,3,176,2,Kharif,4320.0,4379.0,4234.0,4127.0,4346.333333333333,4282.285714285715,4246.642857142857,68.79368741806633,-0.4608294930875576,2.59268233583717,False
Maharashtra,Kolhapur,Kolhapur,Soybean,Yellow,FAQ,2026-06-26,4243.0,4407.0,4332.0,False,2026,6,26,4,177,2,Kharif,4209.0,4340.0,4217.0,4141.0,4289.666666666667,4278.714285714285,4252.5,72.2788910764496,-2.569444444444444,1.8353054817676888,False
Maharashtra,Kolhapur,Kolhapur,Soybean,Yellow,FAQ,2026-06-27,4274.0,4426.0,4341.0,False,2026,6,27,5,178,2,Kharif,4332.0,4320.0,4195.0,4199.0,4287.0,4295.142857142857,4266.142857142857,68.90435054343651,2.9223093371347115,-0.09526077637532746,False
Maharashtra,Kolhapur,Kolhapur,Soybean,Yellow,FAQ,2026-06-28,4276.0,4466.0,4393.0,False,2026,6,28,6,179,2,Kharif,4341.0,4209.0,4291.0,4269.0,4294.0,4316.0,4276.285714285715,54.030855382241384,0.20775623268698062,0.515343171702975,False
Maharashtra,Kolhapur,Kolhapur,Soybean,Yellow,FAQ,2026-06-29,4332.0,4548.0,4441.0,False,2026,6,29,0,180,2,Kharif,4393.0,4332.0,4379.0,4280.0,4355.333333333333,4330.571428571428,4285.142857142857,59.6290117947838,1.19788067265607,2.3130841121495327,False
Maharashtra,Kolhapur,Kolhapur,Soybean,Yellow,FAQ,2026-06-30,4514.0,4720.0,4613.0,False,2026,6,30,1,181,2,Kharif,4441.0,4341.0,4340.0,4211.0,4391.666666666667,4339.428571428572,4296.642857142857,71.45361465749998,1.0926473935806966,3.063405366896224,False
Maharashtra,Kolhapur,Kolhapur,Soybean,Yellow,FAQ,2026-07-01,4437.0,4620.0,4559.0,False,2026,7,1,2,182,3,Kharif,4613.0,4393.0,4320.0,4250.0,4482.333333333333,4378.428571428572,4325.357142857143,125.71642314201695,3.8730015762215713,1.647058823529412,False
Maharashtra,Kolhapur,Kolhapur,Soybean,Yellow,FAQ,2026-07-02,4467.0,4672.0,4524.0,False,2026,7,2,3,183,3,Kharif,4559.0,4441.0,4209.0,4234.0,4537.666666666667,4412.571428571428,4347.428571428572,138.96025468081206,-1.1706048124864512,-0.5904581955597543,False
Maharashtra,Kolhapur,Kolhapur,Soybean,Yellow,FAQ,2026-07-03,4402.0,4604.0,4548.0,False,2026,7,3,4,184,3,Kharif,4524.0,4613.0,4332.0,4217.0,4565.333333333333,4457.571428571428,4368.142857142857,110.04522879687393,-0.7677122175915772,2.72705714963244,False
Maharashtra,Kolhapur,Kolhapur,Soybean,Yellow,FAQ,2026-07-04,4370.0,4602.0,4469.0,False,2026,7,4,5,185,3,Kharif,4548.0,4559.0,4341.0,4195.0,4543.666666666667,4488.428571428572,4391.785714285715,98.66079454857666,0.5305039787798408,3.4803337306317044,False
Maharashtra,Kolhapur,Kolhapur,Soybean,Yellow,FAQ,2026-07-05,4309.0,4567.0,4454.0,False,2026,7,5,6,186,3,Kharif,4469.0,4524.0,4393.0,4291.0,4513.666666666667,4506.714285714285,4411.357142857143,76.05417868363475,-1.7370272647317502,2.377068282451643,False
Maharashtra,Kolhapur,Kolhapur,Soybean,Yellow,FAQ,2026-07-06,4444.0,4666.0,4525.0,False,2026,7,6,0,187,3,Kharif,4454.0,4548.0,4441.0,4379.0,4490.333333333333,4515.428571428572,4423.0,63.274157818363854,-0.3356455582904453,1.415848367207125,False
Maharashtra,Kolhapur,Kolhapur,Soybean,Yellow,FAQ,2026-07-07,4288.0,4531.0,4425.0,False,2026,7,7,1,188,3,Kharif,4525.0,4469.0,4613.0,4340.0,4482.666666666667,4527.428571428572,4433.428571428572,54.10747681811881,1.5940727436012572,6.290322580645161,False
Maharashtra,Kolhapur,Kolhapur,Soybean,Yellow,FAQ,2026-07-08,4301.0,4486.0,4354.0,False,2026,7,8,2,189,3,Kharif,4425.0,4454.0,4559.0,4320.0,4468.0,4500.571428571428,4439.5,51.13008619482085,-2.209944751381215,5.532407407407407,False
Maharashtra,Kolhapur,Kolhapur,Soybean,Yellow,FAQ,2026-07-09,4198.0,4376.0,4293.0,False,2026,7,9,3,190,3,Kharif,4354.0,4525.0,4524.0,4209.0,4434.666666666667,4471.285714285715,4441.928571428572,68.00910303218294,-1.6045197740112995,7.483962936564505,False
Maharashtra,Kolhapur,Kolhapur,Soybean,Yellow,FAQ,2026-07-10,4311.0,4509.0,4373.0,False,2026,7,10,4,191,3,Kharif,4293.0,4425.0,4548.0,4332.0,4357.333333333333,4438.285714285715,4447.928571428572,90.4944091932864,-1.4010105649977032,4.986149584487535,False
Maharashtra,Kolhapur,Kolhapur,Soybean,Yellow,FAQ,2026-07-11,4226.0,4511.0,4366.0,False,2026,7,11,5,192,3,Kharif,4373.0,4354.0,4469.0,4341.0,4340.0,4413.285714285715,4450.857142857143,78.51266200583107,1.863498718844631,2.94862934807648,False
Maharashtra,Sangli,Sangli,Soybean,Yellow,FAQ,2026-06-22,3982.0,4124.0,4065.0,False,2026,6,22,0,173,2,Kharif,,,,,,,,,,,False
Maharashtra,Sangli,Sangli,Soybean,Yellow,FAQ,2026-06-23,4073.0,4277.0,4179.0,False,2026,6,23,1,174,2,Kharif,4065.0,,,,,,,,,,False
Maharashtra,Sangli,Sangli,Soybean,Yellow,FAQ,2026-06-24,4070.0,4321.0,4194.0,False,2026,6,24,2,175,2,Kharif,4179.0,,,,,,,,2.8044280442804426,,False
Maharashtra,Sangli,Sangli,Soybean,Yellow,FAQ,2026-06-25,4002.0,4234.0,4143.0,False,2026,6,25,3,176,2,Kharif,4194.0,4065.0,,,4146.0,,,,0.3589375448671931,,False
Maharashtra,Sangli,Sangli,Soybean,Yellow,FAQ,2026-06-26,3999.0,4183.0,4093.0,False,2026,6,26,4,177,2,Kharif,4143.0,4179.0,,,4172.0,,,,-1.2160228898426324,,False
Maharashtra,Sangli,Sangli,Soybean,Yellow,FAQ,2026-06-27,3956.0,4172.0,4064.0,False,2026,6,27,5,178,2,Kharif,4093.0,4194.0,,,4143.333333333333,,,,-1.2068549360366883,,False
Maharashtra,Sangli,Sangli,Soybean,Yellow,FAQ,2026-06-28,4008.0,4204.0,4068.0,False,2026,6,28,6,179,2,Kharif,4064.0,4143.0,,,4100.0,,,,-0.7085267529929148,,False
Maharashtra,Sangli,Sangli,Soybean,Yellow,FAQ,2026-06-29,4086.0,4314.0,4167.0,False,2026,6,29,0,180,2,Kharif,4068.0,4093.0,4065.0,,4075.0,4115.142857142857,,56.146916126143495,0.09842519685039369,,False
Maharashtra,Sangli,Sangli,Soybean,Yellow,FAQ,2026-06-30,4103.0,4279.0,4158.0,False,2026,6,30,1,181,2,Kharif,4167.0,4064.0,4179.0,,4099.666666666667,4129.714285714285,,54.16553112362851,2.433628318584071,,False
Maharashtra,Sangli,Sangli,Soybean,Yellow,FAQ,2026-07-01,4008.0,4236.0,4143.0,False,2026,7,1,2,182,3,Kharif,4158.0,4068.0,4194.0,,4131.0,4126.714285714285,,51.49664806475046,-0.21598272138228944,,False
Maharashtra,Sangli,Sangli,Soybean,Yellow,FAQ,2026-07-02,4039.0,4287.0,4152.0,False,2026,7,2,3,183,3,Kharif,4143.0,4167.0,4143.0,,4156.0,4119.428571428572,,43.35457354903918,-0.36075036075036077,,False
Maharashtra,Sangli,Sangli,Soybean,Yellow,FAQ,2026-07-03,4115.0,4280.0,4195.0,False,2026,7,3,4,184,3,Kharif,4152.0,4158.0,4093.0,,4151.0,4120.714285714285,,44.293394111365686,0.2172338884866039,,False
Maharashtra,Satara,Satara,Soybean,Yellow,FAQ,2026-02-02,3933.0,4103.0,4020.0,False,2026,2,2,0,33,1,Rabi,,,,,,,,,,,False
Maharashtra,Satara,Satara,Soybean,Yellow,FAQ,2026-02-03,3922.0,4101.0,3990.0,False,2026,2,3,1,34,1,Rabi,4020.0,,,,,,,,,,False
Maharashtra,Satara,Satara,Soybean,Yellow,FAQ,2026-02-04,4004.0,4171.0,4057.0,False,2026,2,4,2,35,1,Rabi,3990.0,,,,,,,,-0.7462686567164178,,False
Maharashtra,Satara,Satara,Soybean,Yellow,FAQ,2026-02-05,3927.0,4179.0,4053.0,False,2026,2,5,3,36,1,Rabi,4057.0,4020.0,,,4022.3333333333335,,,,1.6791979949874687,,False
Maharashtra,Satara,Satara,Soybean,Yellow,FAQ,2026-02-06,3930.0,4156.0,4073.0,False,2026,2,6,4,37,1,Rabi,4053.0,3990.0,,,4033.3333333333335,,,,-0.09859502095144194,,False
Maharashtra,Satara,Satara,Soybean,Yellow,FAQ,2026-02-07,4007.0,4158.0,4107.0,False,2026,2,7,5,38,1,Rabi,4073.0,4057.0,,,4061.0,,,,0.4934616333580064,,False
Maharashtra,Satara,Satara,Soybean,Yellow,FAQ,2026-02-08,4022.0,4143.0,4090.0,False,2026,2,8,6,39,1,Rabi,4107.0,4053.0,,,4077.6666666666665,,,,0.8347655290940339,,False
Maharashtra,Satara,Satara,Soybean,Yellow,FAQ,2026-02-09,3922.0,4114.0,4063.0,False,2026,2,9,0,40,1,Rabi,4090.0,4073.0,4020.0,,4090.0,4055.714285714286,,40.22318686907791,-0.41392744095446793,,False
Maharashtra,Satara,Satara,Soybean,Yellow,FAQ,2026-02-10,3881.0,4161.0,4022.0,False,2026,2,10,1,41,1,Rabi,4063.0,4107.0,3990.0,,4086.6666666666665,4061.8571428571427,,37.015440793577675,-0.6601466992665036,,False
Maharashtra,Satara,Satara,Soybean,Yellow,FAQ,2026-02-11,3935.0,4167.0,4050.0,False,2026,2,11,2,42,1,Rabi,4022.0,4090.0,4057.0,,4058.3333333333335,4066.4285714285716,,27.385258460572814,-1.0091065714988923,,False
Maharashtra,Satara,Satara,Soybean,Yellow,FAQ,2026-02-12,3835.0,4053.0,3974.0,False,2026,2,12,3,43,1,Rabi,4050.0,4063.0,4053.0,,4045.0,4065.4285714285716,,27.909718396149664,0.69617105917454,,False
Maharashtra,Satara,Satara,Soybean,Yellow,FAQ,2026-02-13,3946.0,4112.0,4052.0,False,2026,2,13,4,44,1,Rabi,3974.0,4022.0,4073.0,,4015.3333333333335,4054.1428571428573,,44.69686257232738,-1.876543209876543,,False
Maharashtra,Satara,Satara,Soybean,Yellow,FAQ,2026-02-14,3945.0,4183.0,4071.0,False,2026,2,14,5,45,1,Rabi,4052.0,4050.0,4107.0,,4025.3333333333335,4051.1428571428573,,43.918214032557394,1.9627579265223956,,False
Maharashtra,Satara,Satara,Soybean,Yellow,FAQ,2026-02-15,3908.0,4031.0,3981.0,False,2026,2,15,6,46,1,Rabi,4071.0,3974.0,4090.0,,4032.3333333333335,4046.0,,37.995613781944186,0.46890424481737414,,False
Maharashtra,Satara,Satara,Soybean,Yellow,FAQ,2026-02-16,3831.0,4062.0,3971.0,False,2026,2,16,0,47,1,Rabi,3981.0,4052.0,4063.0,4020.0,4034.6666666666665,4030.4285714285716,4043.0714285714284,39.27194563916727,-2.210759027266028,1.0696517412935325,False
Maharashtra,Satara,Satara,Soybean,Yellow,FAQ,2026-02-17,3951.0,4151.0,4053.0,False,2026,2,17,1,48,1,Rabi,3971.0,4071.0,4022.0,3990.0,4007.6666666666665,4017.285714285714,4039.5714285714284,41.86372449473901,-0.25119316754584275,0.8020050125313283,False
Maharashtra,Satara,Satara,Soybean,Yellow,FAQ,2026-02-18,4039.0,4224.0,4142.0,False,2026,2,18,2,49,1,Rabi,4053.0,3981.0,4050.0,4057.0,4001.6666666666665,4021.714285714286,4044.0714285714284,44.02921108277339,2.064971040040292,-0.1725412866650234,False
Maharashtra,Satara,Satara,Soybean,Yellow,FAQ,2026-02-19,4049.0,4179.0,4125.0,False,2026,2,19,3,50,1,Rabi,4142.0,3971.0,3974.0,4053.0,4055.3333333333335,4034.8571428571427,4050.1428571428573,63.365154912955525,2.1959042684431282,-1.9491734517641253,False
Maharashtra,Satara,Satara,Soybean,Yellow,FAQ,2026-02-20,3974.0,4154.0,4039.0,False,2026,2,20,4,51,1,Rabi,4125.0,4053.0,4052.0,4073.0,4106.666666666667,4056.4285714285716,4055.285714285714,64.879008271441,-0.4104297440849831,-0.5155904738521974,False
Maharashtra,Satara,Satara,Soybean,Yellow,FAQ,2026-02-21,3947.0,4190.0,4065.0,False,2026,2,21,5,52,1,Rabi,4039.0,4142.0,4071.0,4107.0,4102.0,4054.5714285714284,4052.8571428571427,65.21210813659565,-2.084848484848485,-0.8765522279035792,False
Maharashtra,Satara,Satara,Soybean,Yellow,FAQ,2026-02-22,3980.0,4255.0,4124.0,False,2026,2,22,6,53,1,Rabi,4065.0,4125.0,3981.0,4090.0,4076.3333333333335,4053.714285714286,4049.8571428571427,64.99926739513884,0.6437236939836593,-2.665036674816626,False
Maharashtra,Satara,Satara,Soybean,Yellow,FAQ,2026-02-23,4010.0,4204.0,4124.0,False,2026,2,23,0,54,1,Rabi,4124.0,4039.0,3971.0,4063.0,4076.0,4074.1428571428573,4052.285714285714,60.66418100611619,1.4514145141451413,-2.2643366970219048,False
Maharashtra,Satara,Satara,Soybean,Yellow,FAQ,2026-02-24,4052.0,4256.0,4108.0,False,2026,2,24,1,55,1,Rabi,4124.0,4065.0,4053.0,4022.0,4104.333333333333,4096.0,4056.6428571428573,41.999999999999275,0.0,0.7707608155146694,False
Maharashtra,Satara,Satara,Soybean,Yellow,FAQ,2026-02-25,3916.0,4131.0,4025.0,False,2026,2,25,2,56,1,Rabi,4108.0,4124.0,4142.0,4050.0,4118.666666666667,4103.857142857143,4062.785714285714,37.520787888974894,-0.38797284190106696,2.271604938271605,False
Maharashtra,Satara,Satara,Soybean,Yellow,FAQ,2026-02-26,3969.0,4133.0,4022.0,False,2026,2,26,3,57,1,Rabi,4025.0,4124.0,4125.0,3974.0,4085.6666666666665,4087.1428571428573,4061.0,43.310616756281625,-2.020447906523856,3.7996980372420732,False
Maharashtra,Satara,Satara,Soybean,Yellow,FAQ,2026-02-27,4030.0,4244.0,4152.0,False,2026,2,27,4,58,1,Rabi,4022.0,4108.0,4039.0,4052.0,4051.6666666666665,4072.4285714285716,4064.4285714285716,45.734221843375465,-0.07453416149068323,-0.32082922013820336,False
Maharashtra,Satara,Satara,Soybean,Yellow,FAQ,2026-02-28,4033.0,4171.0,4105.0,False,2026,2,28,5,59,1,Rabi,4152.0,4025.0,4065.0,4071.0,4066.3333333333335,4088.5714285714284,4071.5714285714284,51.54240048366997,3.2322227747389363,-0.14738393515106854,False
Maharashtra,Satara,Satara,Soybean,Yellow,FAQ,2026-03-01,4062.0,4284.0,4149.0,False,2026,3,1,6,60,1,Rabi,4105.0,4022.0,4124.0,3981.0,4093.0,4094.285714285714,4074.0,50.70409018910323,-1.1319845857418112,3.5920622959055515,False
Maharashtra,Satara,Satara,Soybean,Yellow,FAQ,2026-03-02,4016.0,4247.0,4125.0,False,2026,3,2,0,61,1,Rabi,4149.0,4152.0,4124.0,3971.0,4135.333333333333,4097.857142857143,4086.0,53.92410892921142,1.071863580998782,3.8529337698312767,False
Maharashtra,Satara,Satara,Soybean,Yellow,FAQ,2026-03-03,4119.0,4260.0,4193.0,False,2026,3,3,1,62,1,Rabi,4125.0,4105.0,4108.0,4053.0,4126.333333333333,4098.0,4097.0,54.00617248673157,-0.5784526391901663,1.3570194917345175,False
Maharashtra,Satara,Satara,Soybean,Yellow,FAQ,2026-03-04,4050.0,4282.0,4198.0,False,2026,3,4,2,63,1,Rabi,4193.0,4149.0,4025.0,4142.0,4155.666666666667,4110.142857142857,4107.0,65.05492185179172,1.6484848484848484,-2.8247223563495893,False
Maharashtra,Satara,Satara,Soybean,Yellow,FAQ,2026-03-05,4097.0,4289.0,4217.0,False,2026,3,5,3,64,1,Rabi,4198.0,4125.0,4022.0,4125.0,4172.0,4134.857142857143,4111.0,59.98174325417082,0.11924636298592892,-2.4969696969696966,False
Maharashtra,Satara,Satara,Soybean,Yellow,FAQ,2026-03-06,4140.0,4289.0,4222.0,False,2026,3,6,4,65,1,Rabi,4217.0,4193.0,4152.0,4039.0,4202.666666666667,4162.714285714285,4117.571428571428,41.16112359056442,0.45259647451167223,2.7977222084674422,False
Maharashtra,Satara,Satara,Soybean,Yellow,FAQ,2026-03-07,4043.0,4173.0,4119.0,False,2026,3,7,5,66,1,Rabi,4222.0,4198.0,4105.0,4065.0,4212.333333333333,4172.714285714285,4130.642857142857,46.3059185767617,0.11856770215793219,0.984009840098401,False
Maharashtra,Satara,Satara,Soybean,Yellow,FAQ,2026-03-08,4056.0,4182.0,4115.0,False,2026,3,8,6,67,1,Rabi,4119.0,4217.0,4149.0,4124.0,4186.0,4174.714285714285,4134.5,43.08408169193904,-2.439602084320227,0.606207565470417,False
Maharashtra,Satara,Satara,Soybean,Yellow,FAQ,2026-03-09,4168.0,4339.0,4228.0,False,2026,3,9,0,68,1,Rabi,4115.0,4222.0,4125.0,4124.0,4152.0,4169.857142857143,4133.857142857143,48.091678321816964,-0.09711094925952901,0.024248302618816685,False
Maharashtra,Satara,Satara,Soybean,Yellow,FAQ,2026-03-10,4189.0,4316.0,4241.0,False,2026,3,10,1,69,1,Rabi,4228.0,4119.0,4193.0,4108.0,4154.0,4184.571428571428,4141.285714285715,47.836029457776526,2.7460510328068044,2.0691333982473226,False
Maharashtra,Satara,Satara,Soybean,Yellow,FAQ,2026-03-11,4081.0,4342.0,4220.0,False,2026,3,11,2,70,1,Rabi,4241.0,4115.0,4198.0,4025.0,4194.666666666667,4191.428571428572,4150.785714285715,52.46223131249025,0.30747398297067174,4.298136645962733,False
Maharashtra,Satara,Satara,Soybean,Yellow,FAQ,2026-03-12,4183.0,4411.0,4293.0,False,2026,3,12,3,71,1,Rabi,4220.0,4228.0,4217.0,4022.0,4229.666666666667,4194.571428571428,4164.714285714285,53.5688253335702,-0.4951662343786843,4.8483341621084035,False
Maharashtra,Satara,Satara,Soybean,Yellow,FAQ,2026-03-13,4142.0,4364.0,4291.0,False,2026,3,13,4,72,1,Rabi,4293.0,4241.0,4222.0,4152.0,4251.333333333333,4205.428571428572,4184.071428571428,65.29128870647168,1.7298578199052135,1.6859344894026975,False
Maharashtra,Satara,Satara,Soybean,Yellow,FAQ,2026-03-14,4195.0,4300.0,4249.0,False,2026,3,14,5,73,1,Rabi,4291.0,4220.0,4119.0,4105.0,4268.0,4215.285714285715,4194.0,72.9673769244688,-0.04658746797111577,0.341047503045067,False
Maharashtra,Satara,Satara,Soybean,Yellow,FAQ,2026-03-15,4319.0,4496.0,4381.0,False,2026,3,15,6,74,1,Rabi,4249.0,4293.0,4115.0,4149.0,4277.666666666667,4233.857142857143,4204.285714285715,59.717190633369306,-0.9787928221859705,-0.8194745721860689,False
Maharashtra,Satara,Satara,Soybean,Yellow,FAQ,2026-03-16,4428.0,4578.0,4481.0,False,2026,3,16,0,75,1,Rabi,4381.0,4291.0,4228.0,4125.0,4307.0,4271.857142857143,4220.857142857143,55.995322933932,3.1066133207813604,2.4969696969696966,False
Maharashtra,Satara,Satara,Soybean,Yellow,FAQ,2026-03-17,4463.0,4695.0,4605.0,False,2026,3,17,1,76,1,Rabi,4481.0,4249.0,4241.0,4193.0,4370.333333333333,4308.0,4246.285714285715,92.63368717696054,2.282583884957772,1.1447650846649178,False
Maharashtra,Satara,Satara,Soybean,Yellow,FAQ,2026-03-19,4580.0,4805.0,4716.0,True,2026,3,19,3,78,1,Rabi,4605.0,4381.0,4220.0,4198.0,4489.0,4360.0,4275.714285714285,139.21087122299548,2.767239455478688,0.5240590757503573,False
Maharashtra,Satara,Satara,Soybean,Yellow,FAQ,2026-03-20,4621.0,4754.0,4699.0,True,2026,3,20,4,79,1,Rabi,4716.0,4481.0,4293.0,4217.0,4600.666666666667,4430.857142857143,4312.714285714285,177.13876723388725,2.4104234527687294,1.802229072800569,False
Maharashtra,Satara,Satara,Soybean,Yellow,FAQ,2026-03-21,4595.0,4817.0,4725.0,True,2026,3,21,5,80,1,Rabi,4699.0,4605.0,4291.0,4222.0,4673.333333333333,4488.857142857143,4347.142857142857,190.44546776039155,-0.3604749787955895,1.6342965419232591,False
Maharashtra,Satara,Satara,Soybean,Yellow,FAQ,2026-03-22,4541.0,4814.0,4681.0,True,2026,3,22,6,81,1,Rabi,4725.0,4716.0,4249.0,4119.0,4713.333333333333,4550.857142857143,4383.071428571428,185.8874467443692,0.5533092147265376,3.1561058509346926,False
Maharashtra,Satara,Satara,Soybean,Yellow,FAQ,2026-03-23,4531.0,4748.0,4636.0,True,2026,3,23,0,82,1,Rabi,4681.0,4699.0,4381.0,4115.0,4701.666666666667,4612.571428571428,4423.214285714285,133.21893902251017,-0.9312169312169312,6.464155528554071,False
Maharashtra,Satara,Satara,Soybean,Yellow,FAQ,2026-03-24,4351.0,4556.0,4493.0,False,2026,3,24,1,83,1,Rabi,4636.0,4725.0,4481.0,4228.0,4680.666666666667,4649.0,4460.428571428572,85.74963556772367,-0.9613330484939117,5.983916745506149,False
Maharashtra,Satara,Satara,Soybean,Yellow,FAQ,2026-03-25,4367.0,4543.0,4459.0,False,2026,3,25,2,84,1,Rabi,4493.0,4681.0,4605.0,4241.0,4603.333333333333,4650.714285714285,4479.357142857143,81.86312618370269,-3.084555651423641,8.582881395897195,False
Maharashtra,Satara,Satara,Soybean,Yellow,FAQ,2026-03-26,4169.0,4335.0,4271.0,False,2026,3,26,3,85,1,Rabi,4459.0,4636.0,4716.0,4220.0,4529.333333333333,4629.857142857143,4494.928571428572,109.4142412598728,-0.7567326953038059,11.753554502369669,False
Maharashtra,Satara,Satara,Soybean,Yellow,FAQ,2026-03-27,4162.0,4337.0,4263.0,False,2026,3,27,4,86,1,Rabi,4271.0,4493.0,4699.0,4293.0,4407.666666666667,4566.285714285715,4498.571428571428,165.7796874225019,-4.216191971294013,9.457255998136501,False
Maharashtra,Satara,Satara,Soybean,Yellow,FAQ,2026-03-28,4125.0,4361.0,4238.0,False,2026,3,28,5,87,1,Rabi,4263.0,4459.0,4725.0,4291.0,4331.0,4504.0,4496.428571428572,188.02038896530473,-0.18730976352142356,10.114192495921696,False
Maharashtra,Satara,Satara,Soybean,Yellow,FAQ,2026-03-29,4210.0,4425.0,4328.0,False,2026,3,29,6,88,1,Rabi,4238.0,4271.0,4681.0,4249.0,4257.333333333333,4434.428571428572,4492.642857142857,182.63977035214347,-0.5864414731409805,10.167098140738998,False
Maharashtra,Satara,Satara,Soybean,Yellow,FAQ,2026-03-30,4121.0,4334.0,4235.0,False,2026,3,30,0,89,1,Rabi,4328.0,4263.0,4636.0,4381.0,4276.333333333333,4384.0,4498.285714285715,148.81308186221887,2.1236432279377064,5.820588906642319,False
Maharashtra,Satara,Satara,Soybean,Yellow,FAQ,2026-03-31,4016.0,4288.0,4151.0,False,2026,3,31,1,90,1,Rabi,4235.0,4238.0,4493.0,4481.0,4267.0,4326.714285714285,4487.857142857143,106.92476215499846,-2.1487985212569316,0.2677973666592279,False
Maharashtra,Satara,Satara,Soybean,Yellow,FAQ,2026-04-01,4025.0,4218.0,4138.0,False,2026,4,1,2,91,2,Zaid,4151.0,4328.0,4459.0,4605.0,4238.0,4277.857142857143,4464.285714285715,95.84088997121485,-1.9834710743801653,-3.1704668838219328,False
Maharashtra,Satara,Satara,Soybean,Yellow,FAQ,2026-04-02,4075.0,4266.0,4127.0,False,2026,4,2,3,92,2,Zaid,4138.0,4235.0,4271.0,4716.0,4174.666666666667,4232.0,4430.928571428572,67.25573085865447,-0.31317754757889665,-9.43596268023749,False
Maharashtra,Satara,Satara,Soybean,Yellow,FAQ,2026-04-03,4115.0,4258.0,4185.0,False,2026,4,3,4,93,2,Zaid,4127.0,4151.0,4263.0,4699.0,4138.666666666667,4211.428571428572,4388.857142857143,74.9240885671459,-0.26582890285161914,-9.27856990849117,False
Maharashtra,Satara,Satara,Soybean,Yellow,FAQ,2026-04-04,4130.0,4299.0,4232.0,False,2026,4,4,5,94,2,Zaid,4185.0,4138.0,4238.0,4725.0,4150.0,4200.285714285715,4352.142857142857,71.70707609366922,1.4053792100799611,-10.306878306878307,False
Maharashtra,Satara,Satara,Soybean,Yellow,FAQ,2026-04-05,4101.0,4238.0,4167.0,False,2026,4,5,6,95,2,Zaid,4232.0,4127.0,4328.0,4681.0,4181.333333333333,4199.428571428572,4316.928571428572,71.2153006566535,1.123058542413381,-7.541123691518906,False
Maharashtra,Satara,Satara,Soybean,Yellow,FAQ,2026-04-06,3968.0,4164.0,4097.0,False,2026,4,6,0,96,2,Zaid,4167.0,4185.0,4235.0,4636.0,4194.666666666667,4176.428571428572,4280.214285714285,43.29687110655511,-1.5359168241965973,-8.64969801553063,False
Maharashtra,Satara,Satara,Soybean,Yellow,FAQ,2026-04-07,3953.0,4184.0,4101.0,False,2026,4,7,1,97,2,Zaid,4097.0,4232.0,4151.0,4493.0,4165.333333333333,4156.714285714285,4241.714285714285,43.59936653098806,-1.6798656107511398,-7.611840640997107,False
Maharashtra,Satara,Satara,Soybean,Yellow,FAQ,2026-04-08,4022.0,4191.0,4084.0,False,2026,4,8,2,98,2,Zaid,4101.0,4167.0,4138.0,4459.0,4121.666666666667,4149.571428571428,4213.714285714285,48.51067629176497,0.0976324139614352,-7.198923525454138,False
Maharashtra,Satara,Satara,Soybean,Yellow,FAQ,2026-04-09,3978.0,4172.0,4090.0,False,2026,4,9,3,99,2,Zaid,4084.0,4097.0,4127.0,4271.0,4094.0,4141.857142857143,4186.928571428572,54.57236349235362,-0.41453304072177516,-3.371575743385624,False
Maharashtra,Satara,Satara,Soybean,Yellow,FAQ,2026-04-10,3995.0,4158.0,4099.0,False,2026,4,10,4,100,2,Zaid,4090.0,4101.0,4185.0,4263.0,4091.6666666666665,4136.571428571428,4174.0,57.93921280921163,0.14691478942213515,-1.8296973961998593,False
Maharashtra,Satara,Satara,Soybean,Yellow,FAQ,2026-04-11,4022.0,4245.0,4169.0,False,2026,4,11,5,101,2,Zaid,4099.0,4084.0,4232.0,4238.0,4091.0,4124.285714285715,4162.285714285715,55.002164459563524,0.2200488997555012,-0.14157621519584712,False
Maharashtra,Satara,Satara,Soybean,Yellow,FAQ,2026-04-12,4173.0,4330.0,4225.0,False,2026,4,12,6,102,2,Zaid,4169.0,4090.0,4167.0,4328.0,4119.333333333333,4115.285714285715,4157.357142857143,36.47242924781539,1.7077335935594045,-3.71996303142329,False
Maharashtra,Satara,Satara,Soybean,Yellow,FAQ,2026-04-13,4213.0,4358.0,4282.0,False,2026,4,13,0,103,2,Zaid,4225.0,4099.0,4097.0,4235.0,4164.333333333333,4123.571428571428,4150.0,53.01527183385784,1.3432477812425043,-3.2585596221959863,False
Maharashtra,Satara,Satara,Soybean,Yellow,FAQ,2026-04-14,4221.0,4405.0,4322.0,False,2026,4,14,1,104,2,Zaid,4282.0,4169.0,4101.0,4151.0,4225.333333333333,4150.0,4153.357142857143,77.85456526968778,1.349112426035503,-1.2045290291496025,False
Maharashtra,Satara,Satara,Soybean,Yellow,FAQ,2026-04-15,4187.0,4425.0,4317.0,False,2026,4,15,2,105,2,Zaid,4322.0,4225.0,4084.0,4138.0,4276.333333333333,4181.571428571428,4165.571428571428,97.102792858656,0.9341429238673516,-1.304978250362494,False
Maharashtra,Satara,Satara,Soybean,Yellow,FAQ,2026-04-16,4258.0,4468.0,4385.0,False,2026,4,16,3,106,2,Zaid,4317.0,4282.0,4090.0,4127.0,4307.0,4214.857142857143,4178.357142857143,98.01263281064755,-0.11568718186024989,-0.8965350133268718,False
Maharashtra,Satara,Satara,Soybean,Yellow,FAQ,2026-04-17,4249.0,4425.0,4354.0,False,2026,4,17,4,107,2,Zaid,4385.0,4322.0,4099.0,4185.0,4341.333333333333,4257.0,4196.785714285715,98.7977732542521,1.5751679406995598,-2.054958183990442,False
Maharashtra,Satara,Satara,Soybean,Yellow,FAQ,2026-04-18,4302.0,4482.0,4400.0,False,2026,4,18,5,108,2,Zaid,4354.0,4317.0,4169.0,4232.0,4352.0,4293.428571428572,4208.857142857143,74.96856484076733,-0.7069555302166477,-1.488657844990548,False
Maharashtra,Satara,Satara,Soybean,Yellow,FAQ,2026-04-19,4279.0,4479.0,4427.0,False,2026,4,19,6,109,2,Zaid,4400.0,4385.0,4225.0,4167.0,4379.666666666667,4326.428571428572,4220.857142857143,60.51682174638983,1.056499770326137,1.3918886489080873,False
Maharashtra,Satara,Satara,Soybean,Yellow,FAQ,2026-04-20,4275.0,4470.0,4395.0,False,2026,4,20,0,110,2,Zaid,4427.0,4354.0,4282.0,4097.0,4393.666666666667,4355.285714285715,4239.428571428572,51.593650402964734,0.6136363636363636,4.515499145716378,False
Maharashtra,Satara,Satara,Soybean,Yellow,FAQ,2026-04-21,4245.0,4440.0,4389.0,False,2026,4,21,1,111,2,Zaid,4395.0,4400.0,4322.0,4101.0,4407.333333333333,4371.428571428572,4260.714285714285,41.54057110365267,-0.7228371357578496,5.388929529383078,False
Maharashtra,Satara,Satara,Soybean,Yellow,FAQ,2026-04-22,4251.0,4460.0,4360.0,False,2026,4,22,2,112,2,Zaid,4389.0,4427.0,4317.0,4084.0,4403.666666666667,4381.0,4281.285714285715,35.53871128781362,-0.13651877133105803,5.705190989226249,False
Maharashtra,Satara,Satara,Soybean,Yellow,FAQ,2026-04-23,4312.0,4573.0,4429.0,False,2026,4,23,3,113,2,Zaid,4360.0,4395.0,4385.0,4090.0,4381.333333333333,4387.142857142857,4301.0,24.69432169159737,-0.6607427660059239,7.212713936430318,False
Maharashtra,Satara,Satara,Soybean,Yellow,FAQ,2026-04-24,4367.0,4553.0,4499.0,False,2026,4,24,4,114,2,Zaid,4429.0,4389.0,4354.0,4099.0,4392.666666666667,4393.428571428572,4325.214285714285,29.239568754530914,1.5825688073394497,6.221029519394975,False
Maharashtra,Satara,Satara,Soybean,Yellow,FAQ,2026-04-25,4274.0,4450.0,4355.0,False,2026,4,25,5,115,2,Zaid,4499.0,4360.0,4400.0,4169.0,4429.333333333333,4414.142857142857,4353.785714285715,44.19060447434551,1.5804922104312484,5.540897097625329,False
Maharashtra,Satara,Satara,Soybean,Yellow,FAQ,2026-04-26,4226.0,4407.0,4314.0,False,2026,4,26,6,116,2,Zaid,4355.0,4429.0,4427.0,4225.0,4427.666666666667,4407.714285714285,4367.071428571428,49.5402674118401,-3.200711269170927,4.781065088757396,False
Maharashtra,Satara,Satara,Soybean,Yellow,FAQ,2026-04-27,4200.0,4445.0,4312.0,False,2026,4,27,0,117,2,Zaid,4314.0,4499.0,4395.0,4282.0,4389.333333333333,4391.571428571428,4373.428571428572,59.59825820400241,-0.9414466130884042,2.638953759925269,False
Maharashtra,Satara,Satara,Soybean,Yellow,FAQ,2026-04-28,4275.0,4454.0,4361.0,False,2026,4,28,1,118,2,Zaid,4312.0,4355.0,4389.0,4322.0,4327.0,4379.714285714285,4375.571428571428,66.64261470888333,-0.04636068613815484,1.5502082369273484,False
Maharashtra,Satara,Satara,Soybean,Yellow,FAQ,2026-04-29,4113.0,4389.0,4256.0,False,2026,4,29,2,119,2,Zaid,4361.0,4314.0,4360.0,4317.0,4329.0,4375.714285714285,4378.357142857143,66.8324130087341,1.1363636363636365,0.996062080148251,False
Maharashtra,Satara,Satara,Soybean,Yellow,FAQ,2026-04-30,4119.0,4241.0,4180.0,False,2026,4,30,3,120,2,Zaid,4256.0,4312.0,4429.0,4385.0,4309.666666666667,4360.857142857143,4374.0,80.97207043465534,-2.4077046548956664,1.0034207525655643,False
Maharashtra,Satara,Satara,Soybean,Yellow,FAQ,2026-05-01,4014.0,4190.0,4126.0,False,2026,5,1,4,121,2,Zaid,4180.0,4361.0,4499.0,4354.0,4265.666666666667,4325.285714285715,4359.357142857143,98.78210749879439,-1.7857142857142856,3.330271015158475,False
Maharashtra,Satara,Satara,Soybean,Yellow,FAQ,2026-05-02,4015.0,4168.0,4117.0,False,2026,5,2,5,122,2,Zaid,4126.0,4256.0,4355.0,4400.0,4187.333333333333,4272.0,4343.071428571428,89.63816151616832,-1.291866028708134,-1.0227272727272727,False
Maharashtra,Satara,Satara,Soybean,Yellow,FAQ,2026-05-03,4087.0,4333.0,4185.0,False,2026,5,3,6,123,2,Zaid,4117.0,4180.0,4314.0,4427.0,4141.0,4238.0,4322.857142857143,97.68486747358615,-0.21812893843916625,-2.552518635644906,False
Maharashtra,Satara,Satara,Soybean,Yellow,FAQ,2026-05-04,3977.0,4200.0,4114.0,False,2026,5,4,0,124,2,Zaid,4185.0,4126.0,4312.0,4395.0,4142.666666666667,4219.571428571428,4305.571428571428,93.01407983535522,1.6516881224192375,-1.888509670079636,False
Maharashtra,Satara,Satara,Soybean,Yellow,FAQ,2026-05-05,4026.0,4241.0,4167.0,False,2026,5,5,1,125,2,Zaid,4114.0,4117.0,4361.0,4389.0,4138.666666666667,4191.285714285715,4285.5,90.28789931050349,-1.6965352449223419,-0.6379585326953748,False
Maharashtra,Satara,Satara,Soybean,Yellow,FAQ,2026-05-07,4029.0,4199.0,4127.0,False,2026,5,7,3,127,2,Zaid,4167.0,4185.0,4256.0,4360.0,4155.333333333333,4163.571428571428,4269.642857142857,50.53334589771386,1.2882839086047642,-2.385321100917431,False
Maharashtra,Satara,Satara,Soybean,Yellow,FAQ,2026-05-08,4116.0,4306.0,4237.0,False,2026,5,8,4,128,2,Zaid,4127.0,4114.0,4180.0,4429.0,4136.0,4145.142857142857,4253.0,30.9269492591043,-0.9599232061435086,-5.622036577105441,False
Maharashtra,Satara,Satara,Soybean,Yellow,FAQ,2026-05-09,3994.0,4193.0,4140.0,False,2026,5,9,5,129,2,Zaid,4237.0,4167.0,4126.0,4499.0,4177.0,4153.285714285715,4239.285714285715,45.638851452504376,2.6653743639447542,-8.290731273616359,False
Maharashtra,Satara,Satara,Soybean,Yellow,FAQ,2026-05-10,4091.0,4235.0,4161.0,False,2026,5,10,6,130,2,Zaid,4140.0,4127.0,4117.0,4355.0,4168.0,4155.285714285715,4213.642857142857,44.537303786493645,-2.2893556761859806,-5.464982778415614,False
Maharashtra,Satara,Satara,Soybean,Yellow,FAQ,2026-05-11,3975.0,4211.0,4074.0,False,2026,5,11,0,131,2,Zaid,4161.0,4237.0,4185.0,4314.0,4179.333333333333,4161.571428571428,4199.785714285715,41.214306346437795,0.5072463768115941,-2.9902642559109873,False
Maharashtra,Satara,Satara,Soybean,Yellow,FAQ,2026-05-12,3925.0,4154.0,4046.0,False,2026,5,12,1,132,2,Zaid,4074.0,4140.0,4114.0,4312.0,4125.0,4145.714285714285,4182.642857142857,50.91075291039978,-2.0908435472242246,-4.591836734693878,False
Maharashtra,Satara,Satara,Soybean,Yellow,FAQ,2026-05-13,3995.0,4191.0,4062.0,False,2026,5,13,2,133,2,Zaid,4046.0,4161.0,4167.0,4361.0,4093.6666666666665,4136.0,4163.642857142857,63.01851579760025,-0.6872852233676976,-4.448520981426278,False
Maharashtra,Satara,Satara,Soybean,Yellow,FAQ,2026-05-14,3953.0,4120.0,4028.0,False,2026,5,14,3,134,2,Zaid,4062.0,4074.0,4127.0,4256.0,4060.6666666666665,4121.0,4142.285714285715,66.79321322808524,0.3954522985664854,-3.031015037593985,False
Maharashtra,Satara,Satara,Soybean,Yellow,FAQ,2026-05-15,4021.0,4191.0,4084.0,False,2026,5,15,4,135,2,Zaid,4028.0,4046.0,4237.0,4180.0,4045.3333333333335,4106.857142857143,4126.0,75.25607078817869,-0.8370260955194485,1.3636363636363635,False
Maharashtra,Satara,Satara,Soybean,Yellow,FAQ,2026-05-16,3997.0,4181.0,4061.0,False,2026,5,16,5,136,2,Zaid,4084.0,4062.0,4140.0,4126.0,4058.0,4085.0,4119.142857142857,48.686069191633884,1.3902681231380336,0.3393116820164809,False
Maharashtra,Satara,Satara,Soybean,Yellow,FAQ,2026-05-17,3953.0,4195.0,4052.0,False,2026,5,17,6,137,2,Zaid,4061.0,4028.0,4161.0,4117.0,4057.6666666666665,4073.714285714286,4114.5,42.58604734617526,-0.5631733594515181,1.0687393733300947,False
Maharashtra,Satara,Satara,Soybean,Yellow,FAQ,2026-05-18,4003.0,4204.0,4105.0,False,2026,5,18,0,138,2,Zaid,4052.0,4084.0,4074.0,4185.0,4065.6666666666665,4058.1428571428573,4109.857142857143,18.424879659728575,-0.2216202905688254,-2.6523297491039424,False
Maharashtra,Satara,Satara,Soybean,Yellow,FAQ,2026-05-19,4149.0,4342.0,4210.0,False,2026,5,19,1,139,2,Zaid,4105.0,4061.0,4046.0,4114.0,4072.6666666666665,4062.5714285714284,4104.142857142857,25.310453327001554,1.3079960513326752,-1.6528925619834711,False
Maharashtra,Satara,Satara,Soybean,Yellow,FAQ,2026-05-20,4159.0,4310.0,4253.0,False,2026,5,20,2,140,2,Zaid,4210.0,4052.0,4062.0,4167.0,4122.333333333333,4086.0,4111.0,59.80802621721607,2.5578562728380025,-2.51979841612671,False
Maharashtra,Satara,Satara,Soybean,Yellow,FAQ,2026-05-21,4160.0,4333.0,4220.0,False,2026,5,21,3,141,2,Zaid,4253.0,4105.0,4028.0,4127.0,4189.333333333333,4113.285714285715,4117.142857142857,85.20898678291242,1.0213776722090262,-2.3988369275502786,False
Maharashtra,Satara,Satara,Soybean,Yellow,FAQ,2026-05-22,4158.0,4435.0,4296.0,False,2026,5,22,4,142,2,Zaid,4220.0,4210.0,4084.0,4237.0,4227.666666666667,4140.714285714285,4123.785714285715,84.07479663115724,-0.7759228779684929,-3.611045551097475,False
Maharashtra,Satara,Satara,Soybean,Yellow,FAQ,2026-05-23,4158.0,4379.0,4268.0,False,2026,5,23,5,143,2,Zaid,4296.0,4253.0,4061.0,4140.0,4256.333333333333,4171.0,4128.0,97.3721383832782,1.8009478672985781,-1.9082125603864735,False
Maharashtra,Satara,Satara,Soybean,Yellow,FAQ,2026-05-24,4248.0,4475.0,4335.0,False,2026,5,24,6,144,2,Zaid,4268.0,4220.0,4052.0,4161.0,4261.333333333333,4200.571428571428,4137.142857142857,89.51323392447591,-0.6517690875232774,-2.6195626051429945,False
Maharashtra,Satara,Satara,Soybean,Yellow,FAQ,2026-05-25,3991.0,4240.0,4141.0,False,2026,5,25,0,145,2,Zaid,4335.0,4296.0,4105.0,4074.0,4299.666666666667,4241.0,4149.571428571428,73.74731633534539,1.569821930646673,0.7609229258713794,False
Maharashtra,Satara,Satara,Soybean,Yellow,FAQ,2026-05-26,4091.0,4260.0,4159.0,False,2026,5,26,1,146,2,Zaid,4141.0,4268.0,4210.0,4046.0,4248.0,4246.142857142857,4154.357142857143,63.18076862312092,-4.47520184544406,4.053386060306476,False
Maharashtra,Satara,Satara,Soybean,Yellow,FAQ,2026-05-27,4063.0,4313.0,4192.0,False,2026,5,27,2,147,2,Zaid,4159.0,4335.0,4253.0,4062.0,4211.666666666667,4238.857142857143,4162.428571428572,70.55359327354181,0.43467761410287376,4.702117183653373,False
Maharashtra,Satara,Satara,Soybean,Yellow,FAQ,2026-05-28,4155.0,4366.0,4230.0,False,2026,5,28,3,148,2,Zaid,4192.0,4141.0,4220.0,4028.0,4164.0,4230.142857142857,4171.714285714285,72.26208911876542,0.793459966338062,4.766633565044687,False
Maharashtra,Satara,Satara,Soybean,Yellow,FAQ,2026-05-29,4163.0,4374.0,4226.0,False,2026,5,29,4,149,2,Zaid,4230.0,4159.0,4296.0,4084.0,4193.666666666667,4231.571428571428,4186.142857142857,72.12687234508772,0.9064885496183206,5.190989226248776,False
Maharashtra,Satara,Satara,Soybean,Yellow,FAQ,2026-05-30,4094.0,4370.0,4231.0,False,2026,5,30,5,150,2,Zaid,4226.0,4192.0,4268.0,4061.0,4216.0,4221.571428571428,4196.285714285715,66.3245986113093,-0.09456264775413711,5.097266683082984,False
Maharashtra,Satara,Satara,Soybean,Yellow,FAQ,2026-05-31,4123.0,4343.0,4238.0,False,2026,5,31,6,151,2,Zaid,4231.0,4230.0,4335.0,4052.0,4229.0,4216.285714285715,4208.428571428572,63.41848911716278,0.1183151916706105,6.984205330700888,False
Maharashtra,Satara,Satara,Soybean,Yellow,FAQ,2026-06-01,4243.0,4423.0,4298.0,False,2026,6,1,0,152,2,Kharif,4238.0,4226.0,4141.0,4105.0,4231.666666666667,4202.428571428572,4221.714285714285,39.084767462760404,0.16544552115339162,0.8769792935444579,False
Maharashtra,Satara,Satara,Soybean,Yellow,FAQ,2026-06-02,4330.0,4529.0,4430.0,False,2026,6,2,1,153,2,Kharif,4298.0,4231.0,4159.0,4210.0,4255.666666666667,4224.857142857143,4235.5,42.826894087030915,1.4157621519584709,-1.2114014251781473,False
Maharashtra,Satara,Satara,Soybean,Yellow,FAQ,2026-06-03,4368.0,4513.0,4435.0,False,2026,6,3,2,154,2,Kharif,4430.0,4238.0,4192.0,4253.0,4322.0,4263.571428571428,4251.214285714285,79.85373533916732,3.0711959050721265,-1.434281683517517,False
Maharashtra,Satara,Satara,Soybean,Yellow,FAQ,2026-06-04,4264.0,4476.0,4411.0,False,2026,6,4,3,155,2,Kharif,4435.0,4298.0,4230.0,4220.0,4387.666666666667,4298.285714285715,4264.214285714285,94.94685230118675,0.1128668171557562,0.23696682464454977,False
Maharashtra,Satara,Satara,Soybean,Yellow,FAQ,2026-06-05,4307.0,4493.0,4384.0,False,2026,6,5,4,156,2,Kharif,4411.0,4430.0,4226.0,4296.0,4425.333333333333,4324.142857142857,4277.857142857143,97.85265891707495,-0.5411499436302142,-1.6294227188081938,False
Maharashtra,Satara,Satara,Soybean,Yellow,FAQ,2026-06-06,4190.0,4448.0,4319.0,False,2026,6,6,5,157,2,Kharif,4384.0,4435.0,4231.0,4268.0,4410.0,4346.714285714285,4284.142857142857,89.28925707256133,-0.6121060983903877,-0.8669165885660732,False
Maharashtra,Satara,Satara,Soybean,Yellow,FAQ,2026-06-07,4266.0,4419.0,4340.0,False,2026,6,7,6,158,2,Kharif,4319.0,4411.0,4238.0,4335.0,4371.333333333333,4359.285714285715,4287.785714285715,75.39609690540964,-1.4826642335766422,-2.23760092272203,False
Maharashtra,Satara,Satara,Soybean,Yellow,FAQ,2026-06-08,4218.0,4416.0,4310.0,False,2026,6,8,0,159,2,Kharif,4340.0,4384.0,4298.0,4141.0,4347.666666666667,4373.857142857143,4288.142857142857,55.20093166914253,0.48622366288492713,3.7913547452306204,False
Maharashtra,Satara,Satara,Soybean,Yellow,FAQ,2026-06-09,4255.0,4419.0,4324.0,False,2026,6,9,1,160,2,Kharif,4310.0,4319.0,4430.0,4159.0,4323.0,4375.571428571428,4300.214285714285,52.57647491306538,-0.6912442396313364,6.515989420533782,False
Maharashtra,Satara,Satara,Soybean,Yellow,FAQ,2026-06-10,4097.0,4359.0,4225.0,False,2026,6,10,2,161,2,Kharif,4324.0,4340.0,4435.0,4192.0,4324.666666666667,4360.428571428572,4312.0,49.45994050020879,0.3248259860788863,5.79675572519084,False
Maharashtra,Satara,Satara,Soybean,Yellow,FAQ,2026-06-11,4201.0,4417.0,4283.0,False,2026,6,11,3,162,2,Kharif,4225.0,4310.0,4411.0,4230.0,4286.333333333333,4330.428571428572,4314.357142857143,59.3825371155881,-2.2895467160037004,4.278959810874705,False
Maharashtra,Satara,Satara,Soybean,Yellow,FAQ,2026-06-12,4116.0,4343.0,4257.0,False,2026,6,12,4,163,2,Kharif,4283.0,4324.0,4384.0,4226.0,4277.333333333333,4312.142857142857,4318.142857142857,49.28633539979759,1.3727810650887575,3.7387600567912918,False
Maharashtra,Satara,Satara,Soybean,Yellow,FAQ,2026-06-13,4309.0,4488.0,4388.0,False,2026,6,13,5,164,2,Kharif,4257.0,4225.0,4319.0,4231.0,4255.0,4294.0,4320.357142857143,41.125823193363516,-0.6070511323838431,2.079886551642638,False
Maharashtra,Satara,Satara,Soybean,Yellow,FAQ,2026-06-14,4146.0,4391.0,4265.0,False,2026,6,14,6,165,2,Kharif,4388.0,4283.0,4340.0,4238.0,4309.333333333333,4303.857142857143,4331.571428571428,54.28145346685801,3.07728447263331,2.406795658329401,False
Maharashtra,Satara,Satara,Soybean,Yellow,FAQ,2026-06-15,4096.0,4378.0,4231.0,False,2026,6,15,0,166,2,Kharif,4265.0,4257.0,4310.0,4298.0,4303.333333333333,4293.142857142857,4333.5,53.35237755222018,-2.80309936189608,0.2791996277338297,False
Maharashtra,Satara,Satara,Soybean,Yellow,FAQ,2026-06-16,4196.0,4403.0,4285.0,False,2026,6,16,1,167,2,Kharif,4231.0,4388.0,4324.0,4430.0,4294.666666666667,4281.857142857143,4328.714285714285,57.3946239393664,-0.7971864009378663,-2.3927765237020315,False
Maharashtra,Satara,Satara,Soybean,Yellow,FAQ,2026-06-17,4128.0,4375.0,4226.0,False,2026,6,17,2,168,2,Kharif,4285.0,4265.0,4225.0,4435.0,4260.333333333333,4276.285714285715,4318.357142857143,54.43869422175602,1.2762940203261641,-4.735062006764374,False
Maharashtra,Satara,Satara,Soybean,Yellow,FAQ,2026-06-18,4141.0,4303.0,4216.0,False,2026,6,18,3,169,2,Kharif,4226.0,4231.0,4283.0,4411.0,4247.333333333333,4276.428571428572,4303.428571428572,54.282769343664455,-1.3768961493582264,-2.901836318295171,False
Maharashtra,Satara,Satara,Soybean,Yellow,FAQ,2026-06-19,4244.0,4398.0,4296.0,False,2026,6,19,4,170,2,Kharif,4216.0,4285.0,4257.0,4384.0,4242.333333333333,4266.857142857143,4289.5,58.661255161659035,-0.236630383341221,-2.896897810218978,False
Maharashtra,Satara,Satara,Soybean,Yellow,FAQ,2026-06-20,4352.0,4640.0,4499.0,False,2026,6,20,5,171,2,Kharif,4296.0,4226.0,4388.0,4319.0,4246.0,4272.428571428572,4283.214285714285,59.41620750505822,1.8975332068311195,1.5975920351933317,False
Maharashtra,Satara,Satara,Soybean,Yellow,FAQ,2026-06-21,4473.0,4626.0,4539.0,False,2026,6,21,6,172,2,Kharif,4499.0,4216.0,4265.0,4340.0,4337.0,4288.285714285715,4296.071428571428,97.80885148374794,4.725325884543762,-1.7281105990783412,False
Maharashtra,Satara,Satara,Soybean,Yellow,FAQ,2026-06-22,4297.0,4529.0,4427.0,False,2026,6,22,0,173,2,Kharif,4539.0,4296.0,4231.0,4310.0,4444.666666666667,4327.428571428572,4310.285714285715,134.7774179191413,0.8890864636585907,-1.8329466357308584,False
Maharashtra,Satara,Satara,Soybean,Yellow,FAQ,2026-06-23,4258.0,4500.0,4365.0,False,2026,6,23,1,174,2,Kharif,4427.0,4499.0,4285.0,4324.0,4488.333333333333,4355.428571428572,4318.642857142857,131.73060533130075,-2.467503855474774,-0.9019426456984274,False
Maharashtra,Satara,Satara,Soybean,Yellow,FAQ,2026-06-24,4225.0,4440.0,4346.0,False,2026,6,24,2,175,2,Kharif,4365.0,4539.0,4226.0,4225.0,4443.666666666667,4366.857142857143,4321.571428571428,128.020087709474,-1.4004969505308336,0.023668639053254437,False
Maharashtra,Satara,Satara,Soybean,Yellow,FAQ,2026-06-25,4283.0,4417.0,4362.0,False,2026,6,25,3,176,2,Kharif,4346.0,4427.0,4216.0,4283.0,4379.333333333333,4384.0,4330.214285714285,113.19010557464195,-0.4352806414662085,-1.5643240719122111,False
Maharashtra,Satara,Satara,Soybean,Yellow,FAQ,2026-06-26,4154.0,4348.0,4229.0,False,2026,6,26,4,177,2,Kharif,4362.0,4365.0,4296.0,4257.0,4357.666666666667,4404.857142857143,4335.857142857143,87.64212946489542,0.36815462494247586,0.9161381254404511,False
Maharashtra,Satara,Satara,Soybean,Yellow,FAQ,2026-06-27,4090.0,4291.0,4217.0,False,2026,6,27,5,178,2,Kharif,4229.0,4346.0,4499.0,4388.0,4312.333333333333,4395.285714285715,4333.857142857143,103.69942829432595,-3.049060064190738,2.5296262534184137,False
Maharashtra,Satara,Satara,Soybean,Yellow,FAQ,2026-06-28,4053.0,4179.0,4128.0,False,2026,6,28,6,179,2,Kharif,4217.0,4362.0,4539.0,4265.0,4269.333333333333,4355.0,4321.642857142857,111.19802156512745,-0.2837550248285647,6.424384525205158,False
Maharashtra,Satara,Satara,Soybean,Yellow,FAQ,2026-06-29,4118.0,4256.0,4192.0,False,2026,6,29,0,180,2,Kharif,4128.0,4229.0,4427.0,4231.0,4191.333333333333,4296.285714285715,4311.857142857143,106.24768905049102,-2.110505098411193,4.632474592294965,False
Maharashtra,Satara,Satara,Soybean,Yellow,FAQ,2026-06-30,4022.0,4234.0,4125.0,False,2026,6,30,1,181,2,Kharif,4192.0,4217.0,4365.0,4285.0,4179.0,4262.714285714285,4309.071428571428,94.54401847060295,1.550387596899225,1.8669778296382729,False
Maharashtra,Satara,Satara,Soybean,Yellow,FAQ,2026-07-01,4067.0,4201.0,4147.0,False,2026,7,1,2,182,3,Kharif,4125.0,4128.0,4346.0,4226.0,4148.333333333333,4228.428571428572,4297.642857142857,94.78547206341216,-1.5982824427480915,2.839564600094652,False
Maharashtra,Satara,Satara,Soybean,Yellow,FAQ,2026-07-02,3965.0,4188.0,4095.0,False,2026,7,2,3,183,3,Kharif,4147.0,4192.0,4362.0,4216.0,4154.666666666667,4200.0,4292.0,82.72041263596743,0.5333333333333333,3.462998102466793,False
Maharashtra,Satara,Satara,Soybean,Yellow,FAQ,2026-07-03,4068.0,4264.0,4163.0,False,2026,7,3,4,184,3,Kharif,4095.0,4125.0,4229.0,4296.0,4122.333333333333,4161.857142857143,4283.357142857143,51.0765065740349,-1.2539184952978055,-1.5595903165735567,False
Maharashtra,Satara,Satara,Soybean,Yellow,FAQ,2026-07-04,4041.0,4209.0,4103.0,False,2026,7,4,5,185,3,Kharif,4163.0,4147.0,4217.0,4499.0,4135.0,4152.428571428572,4273.857142857143,41.880214671730805,1.6605616605616607,-6.268059568793065,False
Maharashtra,Satara,Satara,Soybean,Yellow,FAQ,2026-07-05,4077.0,4254.0,4160.0,False,2026,7,5,6,186,3,Kharif,4103.0,4095.0,4128.0,4539.0,4120.333333333333,4136.142857142857,4245.571428571428,34.011902678434865,-1.4412683161181838,-9.054857898215465,False
Maharashtra,Satara,Satara,Soybean,Yellow,FAQ,2026-07-06,4043.0,4259.0,4155.0,False,2026,7,6,0,187,3,Kharif,4160.0,4163.0,4192.0,4427.0,4142.0,4140.714285714285,4218.5,34.874605305808416,1.389227394589325,-5.308335215721708,False
Maharashtra,Satara,Satara,Soybean,Yellow,FAQ,2026-07-07,4163.0,4408.0,4287.0,False,2026,7,7,1,188,3,Kharif,4155.0,4103.0,4125.0,4365.0,4139.333333333333,4135.428571428572,4199.071428571428,27.91568939294731,-0.1201923076923077,-5.498281786941581,False
Maharashtra,Satara,Satara,Soybean,Yellow,FAQ,2026-07-08,4269.0,4499.0,4406.0,False,2026,7,8,2,189,3,Kharif,4287.0,4160.0,4147.0,4346.0,4200.666666666667,4158.571428571428,4193.5,62.97051464204194,3.1768953068592056,-4.578923147722043,False
Maharashtra,Satara,Satara,Soybean,Yellow,FAQ,2026-07-09,4337.0,4554.0,4428.0,False,2026,7,9,3,190,3,Kharif,4406.0,4155.0,4095.0,4362.0,4282.666666666667,4195.571428571428,4197.785714285715,112.02359445350685,2.775833916491719,-6.121045392022008,False
Maharashtra,Satara,Satara,Soybean,Yellow,FAQ,2026-07-10,4246.0,4438.0,4385.0,False,2026,7,10,4,191,3,Kharif,4428.0,4287.0,4163.0,4229.0,4373.666666666667,4243.142857142857,4202.5,131.25221086572648,0.49931911030413073,-1.5606526365571056,False
Maharashtra,Satara,Satara,Soybean,Yellow,FAQ,2026-07-11,4268.0,4519.0,4393.0,False,2026,7,11,5,192,3,Kharif,4385.0,4406.0,4103.0,4217.0,4406.333333333333,4274.857142857143,4213.642857142857,135.4147069455209,-0.971093044263776,-2.7033436092008536,False
Maharashtra,Kolhapur,Kolhapur,Tomato,Hybrid,FAQ,2025-12-24,1263.0,1448.0,1347.0,False,2025,12,24,2,358,4,Rabi,,,,,,,,,,,False
Maharashtra,Kolhapur,Kolhapur,Tomato,Hybrid,FAQ,2025-12-25,1266.0,1448.0,1332.0,False,2025,12,25,3,359,4,Rabi,1347.0,,,,,,,,,,False
Maharashtra,Kolhapur,Kolhapur,Tomato,Hybrid,FAQ,2025-12-26,1166.0,1366.0,1228.0,False,2025,12,26,4,360,4,Rabi,1332.0,,,,,,,,-1.1135857461024499,,False
Maharashtra,Kolhapur,Kolhapur,Tomato,Hybrid,FAQ,2025-12-27,985.0,1165.0,1076.0,False,2025,12,27,5,361,4,Rabi,1228.0,1347.0,,,1302.3333333333333,,,,-7.807807807807808,,False
Maharashtra,Kolhapur,Kolhapur,Tomato,Hybrid,FAQ,2025-12-28,897.0,1068.0,1012.0,False,2025,12,28,6,362,4,Rabi,1076.0,1332.0,,,1212.0,,,,-12.37785016286645,,False
Maharashtra,Kolhapur,Kolhapur,Tomato,Hybrid,FAQ,2025-12-29,1057.0,1332.0,1188.0,False,2025,12,29,0,363,4,Rabi,1012.0,1228.0,,,1105.3333333333333,,,,-5.947955390334572,,False
Maharashtra,Kolhapur,Kolhapur,Tomato,Hybrid,FAQ,2025-12-30,1159.0,1322.0,1224.0,False,2025,12,30,1,364,4,Rabi,1188.0,1076.0,,,1092.0,,,,17.391304347826086,,False
Maharashtra,Kolhapur,Kolhapur,Tomato,Hybrid,FAQ,2025-12-31,1126.0,1344.0,1236.0,False,2025,12,31,2,365,4,Rabi,1224.0,1012.0,1347.0,,1141.3333333333333,1201.0,,123.32207155790617,3.0303030303030303,,False
Maharashtra,Kolhapur,Kolhapur,Tomato,Hybrid,FAQ,2026-01-01,1021.0,1173.0,1084.0,False,2026,1,1,3,1,1,Rabi,1236.0,1188.0,1332.0,,1216.0,1185.142857142857,,107.54755315894539,0.9803921568627451,,False
Maharashtra,Kolhapur,Kolhapur,Tomato,Hybrid,FAQ,2026-01-02,926.0,1115.0,992.0,False,2026,1,2,4,2,1,Rabi,1084.0,1224.0,1228.0,,1181.3333333333333,1149.7142857142858,,90.62323889914448,-12.297734627831716,,False
Maharashtra,Kolhapur,Kolhapur,Tomato,Hybrid,FAQ,2026-01-03,1050.0,1295.0,1187.0,False,2026,1,3,5,3,1,Rabi,992.0,1236.0,1076.0,,1104.0,1116.0,,100.0533191186911,-8.487084870848708,,False
Maharashtra,Kolhapur,Kolhapur,Tomato,Hybrid,FAQ,2026-01-04,1209.0,1424.0,1294.0,False,2026,1,4,6,4,1,Rabi,1187.0,1084.0,1012.0,,1087.6666666666667,1131.857142857143,,101.44362731985437,19.657258064516128,,False
Maharashtra,Kolhapur,Kolhapur,Tomato,Hybrid,FAQ,2026-01-05,1114.0,1362.0,1221.0,False,2026,1,5,0,5,1,Rabi,1294.0,992.0,1188.0,,1157.6666666666667,1172.142857142857,,101.9058856190825,9.014321819713563,,False
Maharashtra,Kolhapur,Kolhapur,Tomato,Hybrid,FAQ,2026-01-06,1138.0,1308.0,1228.0,False,2026,1,6,1,6,1,Rabi,1221.0,1187.0,1224.0,,1234.0,1176.857142857143,,103.512364110813,-5.641421947449768,,False
Maharashtra,Kolhapur,Kolhapur,Tomato,Hybrid,FAQ,2026-01-07,1128.0,1331.0,1221.0,False,2026,1,7,2,7,1,Rabi,1228.0,1294.0,1236.0,1347.0,1247.6666666666667,1177.4285714285713,1189.2142857142858,103.82654949940493,0.5733005733005733,-8.240534521158128,False
Maharashtra,Kolhapur,Kolhapur,Tomato,Hybrid,FAQ,2026-01-08,1156.0,1358.0,1214.0,False,2026,1,8,3,8,1,Rabi,1221.0,1221.0,1084.0,1332.0,1223.3333333333333,1175.2857142857142,1180.2142857142858,102.56333699347978,-0.5700325732899023,-18.61861861861862,False
Maharashtra,Kolhapur,Kolhapur,Tomato,Hybrid,FAQ,2026-01-09,1127.0,1318.0,1260.0,False,2026,1,9,4,9,1,Rabi,1214.0,1228.0,992.0,1228.0,1221.0,1193.857142857143,1171.7857142857142,94.75130354675616,-0.5733005733005733,-19.218241042345277,False
Maharashtra,Kolhapur,Kolhapur,Tomato,Hybrid,FAQ,2026-01-10,1296.0,1507.0,1394.0,False,2026,1,10,5,10,1,Rabi,1260.0,1221.0,1187.0,1076.0,1231.6666666666667,1232.142857142857,1174.0714285714287,34.72476816063032,3.789126853377265,10.315985130111525,False
Maharashtra,Kolhapur,Kolhapur,Tomato,Hybrid,FAQ,2026-01-11,1360.0,1582.0,1438.0,False,2026,1,11,6,11,1,Rabi,1394.0,1214.0,1294.0,1012.0,1289.3333333333333,1261.7142857142858,1196.7857142857142,64.90175725847571,10.634920634920634,27.865612648221344,False
Maharashtra,Kolhapur,Kolhapur,Tomato,Hybrid,FAQ,2026-01-12,1427.0,1627.0,1489.0,False,2026,1,12,0,12,1,Rabi,1438.0,1260.0,1221.0,1188.0,1364.0,1282.2857142857142,1227.2142857142858,93.40362998962149,3.1563845050215207,2.7777777777777777,False
Maharashtra,Kolhapur,Kolhapur,Tomato,Hybrid,FAQ,2026-01-13,1421.0,1673.0,1529.0,False,2026,1,13,1,13,1,Rabi,1489.0,1394.0,1228.0,1224.0,1440.3333333333333,1320.5714285714287,1248.7142857142858,116.23232072428236,3.546592489568846,0.32679738562091504,False
Maharashtra,Kolhapur,Kolhapur,Tomato,Hybrid,FAQ,2026-01-14,1184.0,1399.0,1301.0,False,2026,1,14,2,14,1,Rabi,1529.0,1438.0,1221.0,1236.0,1485.3333333333333,1363.5714285714287,1270.5,131.01508455499496,2.6863666890530555,-1.2135922330097086,False
Maharashtra,Kolhapur,Kolhapur,Tomato,Hybrid,FAQ,2026-01-15,1146.0,1354.0,1240.0,False,2026,1,15,3,15,1,Rabi,1301.0,1489.0,1214.0,1084.0,1439.6666666666667,1375.0,1275.142857142857,119.48779575058468,-14.911706998037932,11.992619926199263,False
Maharashtra,Kolhapur,Kolhapur,Tomato,Hybrid,FAQ,2026-01-16,1116.0,1259.0,1204.0,False,2026,1,16,4,16,1,Rabi,1240.0,1529.0,1260.0,992.0,1356.6666666666667,1378.7142857142858,1286.2857142857142,113.9235332517893,-4.688700999231361,27.016129032258064,False
Maharashtra,Kolhapur,Kolhapur,Tomato,Hybrid,FAQ,2026-01-17,1191.0,1351.0,1279.0,False,2026,1,17,5,17,1,Rabi,1204.0,1301.0,1394.0,1187.0,1248.3333333333333,1370.7142857142858,1301.4285714285713,125.07026596506277,-2.903225806451613,17.438921651221566,False
Maharashtra,Kolhapur,Kolhapur,Tomato,Hybrid,FAQ,2026-01-18,1204.0,1353.0,1298.0,False,2026,1,18,6,18,1,Rabi,1279.0,1240.0,1438.0,1294.0,1241.0,1354.2857142857142,1308.0,128.99317073100497,6.229235880398671,11.128284389489954,False
Maharashtra,Kolhapur,Kolhapur,Tomato,Hybrid,FAQ,2026-01-19,1227.0,1421.0,1336.0,False,2026,1,19,0,19,1,Rabi,1298.0,1204.0,1489.0,1221.0,1260.3333333333333,1334.2857142857142,1308.2857142857142,124.6297373365262,1.4855355746677092,21.94922194922195,False
Maharashtra,Kolhapur,Kolhapur,Tomato,Hybrid,FAQ,2026-01-20,1244.0,1479.0,1374.0,False,2026,1,20,1,20,1,Rabi,1336.0,1279.0,1529.0,1228.0,1304.3333333333333,1312.4285714285713,1316.5,104.81548413419547,2.9275808936825887,24.5114006514658,False
Maharashtra,Kolhapur,Kolhapur,Tomato,Hybrid,FAQ,2026-01-21,1286.0,1524.0,1414.0,False,2026,1,21,2,21,1,Rabi,1374.0,1298.0,1301.0,1221.0,1336.0,1290.2857142857142,1326.9285714285713,56.82345256938208,2.844311377245509,6.552006552006552,False
Maharashtra,Kolhapur,Kolhapur,Tomato,Hybrid,FAQ,2026-01-22,1422.0,1659.0,1513.0,False,2026,1,22,3,22,1,Rabi,1414.0,1336.0,1240.0,1214.0,1374.6666666666667,1306.4285714285713,1340.7142857142858,73.86893154513008,2.911208151382824,2.14168039538715,False
Maharashtra,Kolhapur,Kolhapur,Tomato,Hybrid,FAQ,2026-01-23,1646.0,1831.0,1718.0,False,2026,1,23,4,23,1,Rabi,1513.0,1374.0,1204.0,1260.0,1433.6666666666667,1345.4285714285713,1362.0714285714287,100.29266696832399,7.001414427157002,-4.444444444444445,False
Maharashtra,Kolhapur,Kolhapur,Tomato,Hybrid,FAQ,2026-01-24,1691.0,1866.0,1798.0,False,2026,1,24,5,24,1,Rabi,1718.0,1414.0,1279.0,1394.0,1548.3333333333333,1418.857142857143,1394.7857142857142,153.52353627530977,13.549239920687375,-8.24964131994261,False
Maharashtra,Kolhapur,Kolhapur,Tomato,Hybrid,FAQ,2026-01-25,1685.0,1913.0,1811.0,False,2026,1,25,6,25,1,Rabi,1798.0,1513.0,1298.0,1438.0,1676.3333333333333,1493.0,1423.642857142857,194.56190103237986,4.656577415599535,-9.735744089012517,False
Maharashtra,Kolhapur,Kolhapur,Tomato,Hybrid,FAQ,2026-01-26,1682.0,1872.0,1755.0,False,2026,1,26,0,26,1,Rabi,1811.0,1718.0,1336.0,1489.0,1775.6666666666667,1566.2857142857142,1450.2857142857142,205.1947971121711,0.7230255839822024,-10.275352585627937,False
Maharashtra,Kolhapur,Kolhapur,Tomato,Hybrid,FAQ,2026-01-27,1679.0,1813.0,1745.0,False,2026,1,27,1,27,1,Rabi,1755.0,1798.0,1374.0,1529.0,1788.0,1626.142857142857,1469.2857142857142,187.1411486654121,-3.0922142462727775,-10.13734466971877,False
Maharashtra,Kolhapur,Kolhapur,Tomato,Hybrid,FAQ,2026-01-28,1603.0,1762.0,1673.0,False,2026,1,28,2,28,1,Rabi,1745.0,1811.0,1414.0,1301.0,1770.3333333333333,1679.142857142857,1484.7142857142858,153.30734769456825,-0.5698005698005698,8.685626441199078,False
Maharashtra,Kolhapur,Kolhapur,Tomato,Hybrid,FAQ,2026-01-29,1560.0,1759.0,1661.0,False,2026,1,29,3,29,1,Rabi,1673.0,1755.0,1513.0,1240.0,1724.3333333333333,1716.142857142857,1511.2857142857142,100.97265070540931,-4.126074498567335,22.016129032258064,False
Maharashtra,Kolhapur,Kolhapur,Tomato,Hybrid,FAQ,2026-01-30,1523.0,1745.0,1611.0,False,2026,1,30,4,30,1,Rabi,1661.0,1745.0,1718.0,1204.0,1693.0,1737.2857142857142,1541.357142857143,57.47090361135082,-0.7172743574417215,42.691029900332225,False
Maharashtra,Kolhapur,Kolhapur,Tomato,Hybrid,FAQ,2026-01-31,1557.0,1670.0,1613.0,False,2026,1,31,5,31,1,Rabi,1611.0,1673.0,1798.0,1279.0,1648.3333333333333,1722.0,1570.4285714285713,75.008888362205,-3.0102347983142685,40.578577013291635,False
Maharashtra,Kolhapur,Kolhapur,Tomato,Hybrid,FAQ,2026-02-01,1400.0,1614.0,1507.0,False,2026,2,1,6,32,1,Rabi,1613.0,1661.0,1811.0,1298.0,1628.3333333333333,1695.5714285714287,1594.2857142857142,76.34757613017425,0.12414649286157665,39.52234206471494,False
Maharashtra,Kolhapur,Kolhapur,Tomato,Hybrid,FAQ,2026-02-02,1375.0,1576.0,1521.0,False,2026,2,2,0,33,1,Rabi,1507.0,1611.0,1755.0,1336.0,1577.0,1652.142857142857,1609.2142857142858,85.6415564459015,-6.571605703657781,31.362275449101794,False
Maharashtra,Kolhapur,Kolhapur,Tomato,Hybrid,FAQ,2026-02-03,1553.0,1667.0,1613.0,False,2026,2,3,1,34,1,Rabi,1521.0,1613.0,1745.0,1374.0,1547.0,1618.7142857142858,1622.4285714285713,84.46244586740956,0.92899800928998,27.00145560407569,False
Maharashtra,Kolhapur,Kolhapur,Tomato,Hybrid,FAQ,2026-02-04,1514.0,1684.0,1629.0,False,2026,2,4,2,35,1,Rabi,1613.0,1507.0,1673.0,1414.0,1547.0,1599.857142857143,1639.5,63.768928095715324,6.0486522024983564,18.316831683168317,False
Maharashtra,Kolhapur,Kolhapur,Tomato,Hybrid,FAQ,2026-02-05,1364.0,1643.0,1509.0,False,2026,2,5,3,36,1,Rabi,1629.0,1521.0,1661.0,1513.0,1587.6666666666667,1593.5714285714287,1654.857142857143,57.1864119724785,0.9919404835709857,9.78189028420357,False
Maharashtra,Kolhapur,Kolhapur,Tomato,Hybrid,FAQ,2026-02-06,1401.0,1531.0,1468.0,False,2026,2,6,4,37,1,Rabi,1509.0,1613.0,1611.0,1718.0,1583.6666666666667,1571.857142857143,1654.5714285714287,56.16472371939976,-7.366482504604052,-6.228172293364377,False
Maharashtra,Kolhapur,Kolhapur,Tomato,Hybrid,FAQ,2026-02-07,1386.0,1550.0,1448.0,False,2026,2,7,5,38,1,Rabi,1468.0,1629.0,1613.0,1798.0,1535.3333333333333,1551.4285714285713,1636.7142857142858,64.88414583665798,-2.7170311464546058,-10.28921023359288,False
Maharashtra,Kolhapur,Kolhapur,Tomato,Hybrid,FAQ,2026-02-08,1235.0,1502.0,1384.0,False,2026,2,8,6,39,1,Rabi,1448.0,1509.0,1507.0,1811.0,1475.0,1527.857142857143,1611.7142857142858,68.64990549017419,-1.3623978201634876,-16.786305908337933,False
Maharashtra,Kolhapur,Kolhapur,Tomato,Hybrid,FAQ,2026-02-09,1123.0,1332.0,1268.0,False,2026,2,9,0,40,1,Rabi,1384.0,1468.0,1521.0,1755.0,1433.3333333333333,1510.2857142857142,1581.2142857142858,87.91608553182077,-4.41988950276243,-13.333333333333334,False
Maharashtra,Kolhapur,Kolhapur,Tomato,Hybrid,FAQ,2026-02-10,1298.0,1406.0,1356.0,False,2026,2,10,1,41,1,Rabi,1268.0,1448.0,1613.0,1745.0,1366.6666666666667,1474.142857142857,1546.4285714285713,126.37171172303503,-8.38150289017341,-7.564469914040115,False
Maharashtra,Kolhapur,Kolhapur,Tomato,Hybrid,FAQ,2026-02-11,1050.0,1281.0,1167.0,False,2026,2,11,2,42,1,Rabi,1356.0,1384.0,1629.0,1673.0,1336.0,1437.4285714285713,1518.642857142857,116.23232072428368,6.940063091482649,-2.630005977286312,False
Maharashtra,Kolhapur,Kolhapur,Tomato,Hybrid,FAQ,2026-02-12,1048.0,1192.0,1140.0,False,2026,2,12,3,43,1,Rabi,1167.0,1268.0,1509.0,1661.0,1263.6666666666667,1371.4285714285713,1482.5,120.41574806042924,-13.938053097345133,-9.151113786875378,False
Maharashtra,Kolhapur,Kolhapur,Tomato,Hybrid,FAQ,2026-02-13,821.0,973.0,905.0,False,2026,2,13,4,44,1,Rabi,1140.0,1356.0,1468.0,1611.0,1221.0,1318.7142857142858,1445.2857142857142,130.49995438787903,-2.313624678663239,-8.876474239602732,False
Maharashtra,Kolhapur,Kolhapur,Tomato,Hybrid,FAQ,2026-02-15,1029.0,1163.0,1103.0,False,2026,2,15,6,46,1,Rabi,905.0,1167.0,1448.0,1613.0,1070.6666666666667,1238.2857142857142,1394.857142857143,185.19063536953456,-20.614035087719298,-10.22938623682579,False
Maharashtra,Kolhapur,Kolhapur,Tomato,Hybrid,FAQ,2026-02-16,1029.0,1252.0,1147.0,False,2026,2,16,0,47,1,Rabi,1103.0,1140.0,1384.0,1507.0,1049.3333333333333,1189.0,1358.4285714285713,164.869645477876,21.878453038674035,-8.161911081619111,False
Maharashtra,Kolhapur,Kolhapur,Tomato,Hybrid,FAQ,2026-02-17,1001.0,1241.0,1099.0,False,2026,2,17,1,48,1,Rabi,1147.0,905.0,1268.0,1521.0,1051.6666666666667,1155.142857142857,1332.7142857142858,140.7165337021325,3.9891205802357206,-16.63379355687048,False
Maharashtra,Kolhapur,Kolhapur,Tomato,Hybrid,FAQ,2026-02-18,998.0,1211.0,1083.0,False,2026,2,18,2,49,1,Rabi,1099.0,1103.0,1356.0,1613.0,1116.3333333333333,1131.0,1302.5714285714287,132.3769869224527,-4.184829991281604,-15.933044017358958,False
Maharashtra,Kolhapur,Kolhapur,Tomato,Hybrid,FAQ,2026-02-19,902.0,1125.0,1051.0,False,2026,2,19,3,50,1,Rabi,1083.0,1147.0,1167.0,1629.0,1109.6666666666667,1092.0,1264.7142857142858,87.72494894080717,-1.4558689717925388,-28.360957642725598,False
Maharashtra,Kolhapur,Kolhapur,Tomato,Hybrid,FAQ,2026-02-20,983.0,1145.0,1055.0,False,2026,2,20,4,51,1,Rabi,1051.0,1099.0,1140.0,1509.0,1077.6666666666667,1075.4285714285713,1223.4285714285713,81.96311597879223,-2.954755309325946,-24.45328031809145,False
Maharashtra,Kolhapur,Kolhapur,Tomato,Hybrid,FAQ,2026-02-21,968.0,1207.0,1059.0,False,2026,2,21,5,52,1,Rabi,1055.0,1083.0,905.0,1468.0,1063.0,1063.2857142857142,1191.0,76.94524955169095,0.3805899143672693,-38.35149863760218,False
Maharashtra,Kolhapur,Kolhapur,Tomato,Hybrid,FAQ,2026-02-22,1021.0,1227.0,1104.0,False,2026,2,22,6,53,1,Rabi,1059.0,1051.0,1103.0,1448.0,1055.0,1085.2857142857142,1161.7857142857142,34.39822808283375,0.37914691943127965,-23.825966850828728,False
Maharashtra,Kolhapur,Kolhapur,Tomato,Hybrid,FAQ,2026-02-23,964.0,1164.0,1056.0,False,2026,2,23,0,54,1,Rabi,1104.0,1055.0,1147.0,1384.0,1072.6666666666667,1085.4285714285713,1137.2142857142858,34.486022013074674,4.2492917847025495,-17.1242774566474,False
Maharashtra,Kolhapur,Kolhapur,Tomato,Hybrid,FAQ,2026-02-24,959.0,1152.0,1096.0,False,2026,2,24,1,55,1,Rabi,1056.0,1059.0,1099.0,1268.0,1073.0,1072.4285714285713,1113.7857142857142,22.46372737591888,-4.3478260869565215,-13.32807570977918,False
Maharashtra,Kolhapur,Kolhapur,Tomato,Hybrid,FAQ,2026-02-25,1019.0,1202.0,1138.0,False,2026,2,25,2,56,1,Rabi,1096.0,1104.0,1083.0,1356.0,1085.3333333333333,1072.0,1101.5,21.89368249824348,3.787878787878788,-20.13274336283186,False
Maharashtra,Kolhapur,Kolhapur,Tomato,Hybrid,FAQ,2026-02-26,1163.0,1355.0,1253.0,False,2026,2,26,3,57,1,Rabi,1138.0,1056.0,1051.0,1167.0,1096.6666666666667,1079.857142857143,1085.9285714285713,33.36379560456831,3.832116788321168,-9.940017137960583,False
Maharashtra,Kolhapur,Kolhapur,Tomato,Hybrid,FAQ,2026-02-27,904.0,1118.0,1054.0,False,2026,2,27,4,58,1,Rabi,1253.0,1096.0,1055.0,1140.0,1162.3333333333333,1108.7142857142858,1092.0714285714287,70.70529043316795,10.105448154657294,-7.456140350877193,False
Maharashtra,Kolhapur,Kolhapur,Tomato,Hybrid,FAQ,2026-02-28,904.0,1033.0,967.0,False,2026,2,28,5,59,1,Rabi,1054.0,1138.0,1059.0,905.0,1148.3333333333333,1108.5714285714287,1085.9285714285713,70.83280111845254,-15.881883479648842,17.016574585635357,False
Maharashtra,Kolhapur,Kolhapur,Tomato,Hybrid,FAQ,2026-03-01,969.0,1252.0,1114.0,False,2026,3,1,6,60,1,Rabi,967.0,1253.0,1104.0,1103.0,1091.3333333333333,1095.4285714285713,1090.357142857143,88.01487969439937,-8.254269449715371,0.09066183136899365,False
Maharashtra,Kolhapur,Kolhapur,Tomato,Hybrid,FAQ,2026-03-02,944.0,1159.0,1061.0,False,2026,3,2,0,61,1,Rabi,1114.0,1054.0,1056.0,1147.0,1045.0,1096.857142857143,1091.142857142857,88.25800921432987,15.201654601861428,-7.933740191804708,False
Maharashtra,Kolhapur,Kolhapur,Tomato,Hybrid,FAQ,2026-03-03,864.0,1042.0,956.0,False,2026,3,3,1,62,1,Rabi,1061.0,967.0,1096.0,1099.0,1047.3333333333333,1097.5714285714287,1085.0,87.89170826052323,-4.757630161579892,-0.27297543221110104,False
Maharashtra,Kolhapur,Kolhapur,Tomato,Hybrid,FAQ,2026-03-04,1024.0,1187.0,1090.0,False,2026,3,4,2,63,1,Rabi,956.0,1114.0,1138.0,1083.0,1043.6666666666667,1077.5714285714287,1074.7857142857142,102.9479757658512,-9.896324222431668,5.078485687903971,False
Maharashtra,Kolhapur,Kolhapur,Tomato,Hybrid,FAQ,2026-03-05,1153.0,1365.0,1258.0,False,2026,3,5,3,64,1,Rabi,1090.0,1061.0,1253.0,1051.0,1035.6666666666667,1070.7142857142858,1075.2857142857142,99.80266243228188,14.01673640167364,19.2197906755471,False
Maharashtra,Kolhapur,Kolhapur,Tomato,Hybrid,FAQ,2026-03-06,1266.0,1404.0,1319.0,False,2026,3,6,4,65,1,Rabi,1258.0,956.0,1054.0,1055.0,1101.3333333333333,1071.4285714285713,1090.0714285714287,101.33090535938658,15.412844036697248,-0.09478672985781991,False
Maharashtra,Kolhapur,Kolhapur,Tomato,Hybrid,FAQ,2026-03-07,1118.0,1352.0,1246.0,False,2026,3,7,5,66,1,Rabi,1319.0,1090.0,967.0,1059.0,1222.3333333333333,1109.2857142857142,1108.9285714285713,136.96923533615845,4.848966613672496,-8.687440982058545,False
Maharashtra,Kolhapur,Kolhapur,Tomato,Hybrid,FAQ,2026-03-08,1218.0,1455.0,1325.0,False,2026,3,8,6,67,1,Rabi,1246.0,1258.0,1114.0,1104.0,1274.3333333333333,1149.142857142857,1122.2857142857142,129.02768252256305,-5.534495830174375,0.9057971014492754,False
Maharashtra,Kolhapur,Kolhapur,Tomato,Hybrid,FAQ,2026-03-09,1104.0,1339.0,1228.0,False,2026,3,9,0,68,1,Rabi,1325.0,1319.0,1061.0,1056.0,1296.6666666666667,1179.2857142857142,1138.0714285714287,143.30586669279054,6.340288924558587,0.4734848484848485,False
Maharashtra,Kolhapur,Kolhapur,Tomato,Hybrid,FAQ,2026-03-10,1052.0,1220.0,1128.0,False,2026,3,10,1,69,1,Rabi,1228.0,1246.0,956.0,1096.0,1266.3333333333333,1203.142857142857,1150.357142857143,133.9258856873579,-7.320754716981131,-12.773722627737227,False
Maharashtra,Kolhapur,Kolhapur,Tomato,Hybrid,FAQ,2026-03-11,1015.0,1226.0,1125.0,False,2026,3,11,2,70,1,Rabi,1128.0,1325.0,1090.0,1138.0,1227.0,1227.7142857142858,1152.642857142857,89.40304671489176,-8.143322475570033,-4.21792618629174,False
Maharashtra,Kolhapur,Kolhapur,Tomato,Hybrid,FAQ,2026-03-12,836.0,1011.0,959.0,False,2026,3,12,3,71,1,Rabi,1125.0,1228.0,1258.0,1253.0,1160.3333333333333,1232.7142857142858,1151.7142857142858,81.00146971036045,-0.26595744680851063,0.39904229848363926,False
Maharashtra,Kolhapur,Kolhapur,Tomato,Hybrid,FAQ,2026-03-13,848.0,1100.0,956.0,False,2026,3,13,4,72,1,Rabi,959.0,1128.0,1319.0,1054.0,1070.6666666666667,1190.0,1130.7142857142858,129.66366748888098,-14.755555555555555,25.142314990512332,False
Maharashtra,Kolhapur,Kolhapur,Tomato,Hybrid,FAQ,2026-03-14,887.0,1059.0,946.0,False,2026,3,14,5,73,1,Rabi,956.0,1125.0,1246.0,967.0,1013.3333333333334,1138.142857142857,1123.7142857142858,141.51964359695808,-0.31282586027111575,28.852119958634955,False
Maharashtra,Kolhapur,Kolhapur,Tomato,Hybrid,FAQ,2026-03-15,724.0,920.0,829.0,False,2026,3,15,6,74,1,Rabi,946.0,959.0,1325.0,1114.0,953.6666666666666,1095.2857142857142,1122.2142857142858,148.65812488807563,-1.0460251046025104,18.940754039497307,False
Maharashtra,Kolhapur,Kolhapur,Tomato,Hybrid,FAQ,2026-03-16,845.0,967.0,915.0,False,2026,3,16,0,75,1,Rabi,829.0,956.0,1228.0,1061.0,910.3333333333334,1024.4285714285713,1101.857142857143,138.79824343612245,-12.367864693446089,15.739868049010367,False
Maharashtra,Kolhapur,Kolhapur,Tomato,Hybrid,FAQ,2026-03-17,784.0,1028.0,920.0,False,2026,3,17,1,76,1,Rabi,915.0,946.0,1128.0,956.0,896.6666666666666,979.7142857142857,1091.4285714285713,109.64140684631379,10.373944511459591,17.99163179916318,False
Maharashtra,Kolhapur,Kolhapur,Tomato,Hybrid,FAQ,2026-03-18,809.0,1033.0,940.0,False,2026,3,18,2,77,1,Rabi,920.0,829.0,1125.0,1090.0,888.0,950.0,1088.857142857143,88.99812732112699,0.546448087431694,3.211009174311927,False
Maharashtra,Kolhapur,Kolhapur,Tomato,Hybrid,FAQ,2026-03-19,896.0,1162.0,1021.0,False,2026,3,19,3,78,1,Rabi,940.0,915.0,959.0,1258.0,925.0,923.5714285714286,1078.142857142857,44.92533488229807,2.1739130434782608,-23.767885532591414,False
Maharashtra,Kolhapur,Kolhapur,Tomato,Hybrid,FAQ,2026-03-20,830.0,977.0,907.0,False,2026,3,20,4,79,1,Rabi,1021.0,920.0,956.0,1319.0,960.3333333333334,932.4285714285714,1061.2142857142858,57.442310604814175,8.617021276595745,-27.520849128127367,False
Maharashtra,Kolhapur,Kolhapur,Tomato,Hybrid,FAQ,2026-03-21,858.0,1014.0,933.0,False,2026,3,21,5,80,1,Rabi,907.0,940.0,946.0,1246.0,956.0,925.4285714285714,1031.7857142857142,57.07555560500448,-11.165523996082271,-24.077046548956663,False
Maharashtra,Kolhapur,Kolhapur,Tomato,Hybrid,FAQ,2026-03-22,1031.0,1236.0,1124.0,False,2026,3,22,6,81,1,Rabi,933.0,1021.0,829.0,1325.0,953.6666666666666,923.5714285714286,1009.4285714285714,56.503265813755945,2.8665931642778393,-37.43396226415094,False
Maharashtra,Kolhapur,Kolhapur,Tomato,Hybrid,FAQ,2026-03-23,1186.0,1303.0,1244.0,False,2026,3,23,0,82,1,Rabi,1124.0,907.0,915.0,1228.0,988.0,965.7142857142857,995.0714285714286,79.53136548078965,20.471596998928188,-25.4885993485342,False
Maharashtra,Kolhapur,Kolhapur,Tomato,Hybrid,FAQ,2026-03-24,1179.0,1328.0,1250.0,False,2026,3,24,1,83,1,Rabi,1244.0,933.0,920.0,1128.0,1100.3333333333333,1012.7142857142857,996.2142857142857,127.38356027593275,10.676156583629894,-18.439716312056735,False
Maharashtra,Kolhapur,Kolhapur,Tomato,Hybrid,FAQ,2026-03-25,1044.0,1265.0,1134.0,False,2026,3,25,2,84,1,Rabi,1250.0,1124.0,940.0,1125.0,1206.0,1059.857142857143,1004.9285714285714,146.9188308459591,0.482315112540193,-16.444444444444446,False
Maharashtra,Kolhapur,Kolhapur,Tomato,Hybrid,FAQ,2026-03-26,1087.0,1282.0,1230.0,False,2026,3,26,3,85,1,Rabi,1134.0,1244.0,1021.0,959.0,1209.3333333333333,1087.5714285714287,1005.5714285714286,138.60357997163356,-9.28,6.465067778936392,False
Maharashtra,Kolhapur,Kolhapur,Tomato,Hybrid,FAQ,2026-03-27,1219.0,1423.0,1284.0,False,2026,3,27,4,86,1,Rabi,1230.0,1250.0,907.0,956.0,1204.6666666666667,1117.4285714285713,1024.9285714285713,144.26810359288118,8.465608465608465,-5.125523012552302,False
Maharashtra,Kolhapur,Kolhapur,Tomato,Hybrid,FAQ,2026-03-28,1376.0,1610.0,1492.0,False,2026,3,28,5,87,1,Rabi,1284.0,1134.0,933.0,946.0,1216.0,1171.2857142857142,1048.357142857143,121.13451790704379,4.390243902439024,-1.3742071881606766,False
Maharashtra,Kolhapur,Kolhapur,Tomato,Hybrid,FAQ,2026-03-29,1216.0,1509.0,1359.0,False,2026,3,29,6,88,1,Rabi,1492.0,1230.0,1124.0,829.0,1335.3333333333333,1251.142857142857,1087.357142857143,122.11937953143715,16.1993769470405,35.58504221954162,False
Maharashtra,Kolhapur,Kolhapur,Tomato,Hybrid,FAQ,2026-03-30,1133.0,1326.0,1271.0,False,2026,3,30,0,89,1,Rabi,1359.0,1284.0,1244.0,915.0,1378.3333333333333,1284.7142857142858,1125.2142857142858,113.32654041267219,-8.914209115281501,35.95628415300546,False
Maharashtra,Kolhapur,Kolhapur,Tomato,Hybrid,FAQ,2026-03-31,1289.0,1502.0,1362.0,False,2026,3,31,1,90,1,Rabi,1271.0,1492.0,1250.0,920.0,1374.0,1288.5714285714287,1150.642857142857,112.16335875685651,-6.475349521707138,35.869565217391305,False
Maharashtra,Kolhapur,Kolhapur,Tomato,Hybrid,FAQ,2026-04-01,1223.0,1423.0,1287.0,False,2026,4,1,2,91,2,Zaid,1362.0,1359.0,1134.0,940.0,1330.6666666666667,1304.5714285714287,1182.2142857142858,113.72167360542697,7.159716758457907,20.638297872340424,False
Maharashtra,Kolhapur,Kolhapur,Tomato,Hybrid,FAQ,2026-04-02,1123.0,1340.0,1223.0,False,2026,4,2,3,92,2,Zaid,1287.0,1271.0,1230.0,1021.0,1306.6666666666667,1326.4285714285713,1207.0,87.04952066277684,-5.506607929515418,20.470127326150834,False
Maharashtra,Kolhapur,Kolhapur,Tomato,Hybrid,FAQ,2026-04-03,1167.0,1374.0,1293.0,False,2026,4,3,4,93,2,Zaid,1223.0,1362.0,1284.0,907.0,1290.6666666666667,1325.4285714285713,1221.4285714285713,88.37204901788357,-4.972804972804973,41.56560088202866,False
Maharashtra,Kolhapur,Kolhapur,Tomato,Hybrid,FAQ,2026-04-04,1131.0,1293.0,1222.0,False,2026,4,4,5,94,2,Zaid,1293.0,1287.0,1492.0,933.0,1267.6666666666667,1326.7142857142858,1249.0,87.73200534528392,5.723630417007359,59.91425509110396,False
Maharashtra,Kolhapur,Kolhapur,Tomato,Hybrid,FAQ,2026-04-05,1082.0,1305.0,1225.0,False,2026,4,5,6,95,2,Zaid,1222.0,1223.0,1359.0,1124.0,1246.0,1288.142857142857,1269.642857142857,56.881246386453846,-5.4911059551430785,20.90747330960854,False
Maharashtra,Kolhapur,Kolhapur,Tomato,Hybrid,FAQ,2026-04-06,1107.0,1362.0,1235.0,False,2026,4,6,0,96,2,Zaid,1225.0,1293.0,1271.0,1244.0,1246.6666666666667,1269.0,1276.857142857143,51.33874430356671,0.24549918166939444,2.1704180064308685,False
Maharashtra,Kolhapur,Kolhapur,Tomato,Hybrid,FAQ,2026-04-07,1029.0,1269.0,1146.0,False,2026,4,7,1,97,2,Zaid,1235.0,1222.0,1362.0,1250.0,1227.3333333333333,1263.857142857143,1276.2142857142858,52.884870462258654,0.8163265306122449,8.959999999999999,False
Maharashtra,Kolhapur,Kolhapur,Tomato,Hybrid,FAQ,2026-04-08,1013.0,1192.0,1121.0,False,2026,4,8,2,98,2,Zaid,1146.0,1225.0,1287.0,1134.0,1202.0,1233.0,1268.7857142857142,48.9455479759612,-7.206477732793521,13.492063492063492,False
Maharashtra,Kolhapur,Kolhapur,Tomato,Hybrid,FAQ,2026-04-09,850.0,1058.0,943.0,False,2026,4,9,3,99,2,Zaid,1121.0,1235.0,1223.0,1230.0,1167.3333333333333,1209.2857142857142,1267.857142857143,57.829387816564534,-2.181500872600349,-0.5691056910569106,False
Maharashtra,Kolhapur,Kolhapur,Tomato,Hybrid,FAQ,2026-04-10,822.0,1020.0,947.0,False,2026,4,10,4,100,2,Zaid,943.0,1146.0,1293.0,1284.0,1070.0,1169.2857142857142,1247.357142857143,115.17047406014593,-15.878679750223016,0.7009345794392523,False
Maharashtra,Kolhapur,Kolhapur,Tomato,Hybrid,FAQ,2026-04-11,738.0,936.0,808.0,False,2026,4,11,5,101,2,Zaid,947.0,1121.0,1222.0,1492.0,1003.6666666666666,1119.857142857143,1223.2857142857142,126.87845702538965,0.4241781548250266,-18.096514745308312,False
Maharashtra,Kolhapur,Kolhapur,Tomato,Hybrid,FAQ,2026-04-12,610.0,838.0,751.0,False,2026,4,12,6,102,2,Zaid,808.0,943.0,1225.0,1359.0,899.3333333333334,1060.7142857142858,1174.4285714285713,162.75002743032758,-14.6779303062302,-9.86019131714496,False
Maharashtra,Kolhapur,Kolhapur,Tomato,Hybrid,FAQ,2026-04-13,654.0,857.0,789.0,False,2026,4,13,0,103,2,Zaid,751.0,947.0,1235.0,1271.0,835.3333333333334,993.0,1131.0,180.6294549623653,-7.054455445544554,-2.832415420928403,False
Maharashtra,Kolhapur,Kolhapur,Tomato,Hybrid,FAQ,2026-04-14,667.0,901.0,813.0,False,2026,4,14,1,104,2,Zaid,789.0,808.0,1146.0,1362.0,782.6666666666666,929.2857142857143,1096.5714285714287,158.32320769628006,5.0599201065246335,-15.859030837004406,False
Maharashtra,Kolhapur,Kolhapur,Tomato,Hybrid,FAQ,2026-04-15,669.0,829.0,768.0,False,2026,4,15,2,105,2,Zaid,813.0,751.0,1121.0,1287.0,784.3333333333334,881.7142857142857,1057.357142857143,129.81617039197997,3.041825095057034,-12.898212898212899,False
Maharashtra,Kolhapur,Kolhapur,Tomato,Hybrid,FAQ,2026-04-16,677.0,834.0,752.0,False,2026,4,16,3,106,2,Zaid,768.0,789.0,943.0,1223.0,790.0,831.2857142857143,1020.2857142857143,80.60751471527357,-5.535055350553505,-22.894521668029437,False
Maharashtra,Kolhapur,Kolhapur,Tomato,Hybrid,FAQ,2026-04-17,695.0,911.0,775.0,False,2026,4,17,4,107,2,Zaid,752.0,813.0,947.0,1293.0,777.6666666666666,804.0,986.6428571428571,67.79872171854245,-2.083333333333333,-26.759474091260632,False
Maharashtra,Kolhapur,Kolhapur,Tomato,Hybrid,FAQ,2026-04-18,658.0,920.0,794.0,False,2026,4,18,5,108,2,Zaid,775.0,768.0,808.0,1222.0,765.0,779.4285714285714,949.6428571428571,24.985710201782926,3.0585106382978724,-33.878887070376436,False
Maharashtra,Kolhapur,Kolhapur,Tomato,Hybrid,FAQ,2026-04-19,689.0,952.0,834.0,False,2026,4,19,6,109,2,Zaid,794.0,752.0,751.0,1225.0,773.6666666666666,777.4285714285714,919.0714285714286,22.78052635375557,2.4516129032258065,-38.69387755102041,False
Maharashtra,Kolhapur,Kolhapur,Tomato,Hybrid,FAQ,2026-04-20,677.0,860.0,760.0,False,2026,4,20,0,110,2,Zaid,834.0,775.0,789.0,1235.0,801.0,789.2857142857143,891.1428571428571,27.783174079044624,5.037783375314862,-36.11336032388664,False
Maharashtra,Kolhapur,Kolhapur,Tomato,Hybrid,FAQ,2026-04-21,713.0,856.0,775.0,False,2026,4,21,1,111,2,Zaid,760.0,794.0,813.0,1146.0,796.0,785.1428571428571,857.2142857142857,29.913366975505646,-8.872901678657074,-29.05759162303665,False
Maharashtra,Kolhapur,Kolhapur,Tomato,Hybrid,FAQ,2026-04-22,844.0,1110.0,974.0,False,2026,4,22,2,112,2,Zaid,775.0,834.0,768.0,1121.0,789.6666666666666,779.7142857142857,830.7142857142857,27.353941128105475,1.9736842105263157,-31.489741302408564,False
Maharashtra,Kolhapur,Kolhapur,Tomato,Hybrid,FAQ,2026-04-23,956.0,1212.0,1081.0,False,2026,4,23,3,113,2,Zaid,974.0,760.0,752.0,943.0,836.3333333333334,809.1428571428571,820.2142857142857,77.49930875268844,25.677419354838708,-20.254506892895016,False
Maharashtra,Kolhapur,Kolhapur,Tomato,Hybrid,FAQ,2026-04-24,823.0,1049.0,968.0,False,2026,4,24,4,114,2,Zaid,1081.0,775.0,775.0,947.0,943.3333333333334,856.1428571428571,830.0714285714286,123.29832192887996,10.985626283367557,-18.162618796198522,False
Maharashtra,Kolhapur,Kolhapur,Tomato,Hybrid,FAQ,2026-04-25,942.0,1135.0,1060.0,False,2026,4,25,5,115,2,Zaid,968.0,974.0,794.0,808.0,1007.6666666666666,883.7142857142857,831.5714285714286,123.70760457050677,-10.453283996299723,-1.7326732673267329,False
Maharashtra,Kolhapur,Kolhapur,Tomato,Hybrid,FAQ,2026-04-26,1002.0,1206.0,1139.0,False,2026,4,26,6,116,2,Zaid,1060.0,1081.0,834.0,751.0,1036.3333333333333,921.7142857142857,849.5714285714286,132.12458046066254,9.50413223140496,11.051930758988016,False
Maharashtra,Kolhapur,Kolhapur,Tomato,Hybrid,FAQ,2026-04-27,1048.0,1281.0,1146.0,False,2026,4,27,0,117,2,Zaid,1139.0,968.0,760.0,789.0,1055.6666666666667,965.2857142857143,877.2857142857143,147.74495398683715,7.452830188679245,-3.67553865652725,False
Maharashtra,Kolhapur,Kolhapur,Tomato,Hybrid,FAQ,2026-04-28,1044.0,1199.0,1132.0,False,2026,4,28,1,118,2,Zaid,1146.0,1060.0,775.0,813.0,1115.0,1020.4285714285714,902.7857142857143,129.2295852902374,0.6145741878841089,-4.674046740467404,False
Maharashtra,Kolhapur,Kolhapur,Tomato,Hybrid,FAQ,2026-04-29,1079.0,1270.0,1148.0,False,2026,4,29,2,119,2,Zaid,1132.0,1139.0,974.0,768.0,1139.0,1071.4285714285713,925.5714285714286,75.50685872347353,-1.2216404886561953,26.822916666666668,False
Maharashtra,Kolhapur,Kolhapur,Tomato,Hybrid,FAQ,2026-04-30,1158.0,1369.0,1259.0,False,2026,4,30,3,120,2,Zaid,1148.0,1146.0,1081.0,752.0,1142.0,1096.2857142857142,952.7142857142857,66.14810222955933,1.4134275618374559,43.75,False
Maharashtra,Kolhapur,Kolhapur,Tomato,Hybrid,FAQ,2026-05-01,1241.0,1495.0,1374.0,False,2026,5,1,4,121,2,Zaid,1259.0,1132.0,968.0,775.0,1179.6666666666667,1121.7142857142858,988.9285714285714,89.41423131641568,9.668989547038327,24.903225806451612,False
Maharashtra,Kolhapur,Kolhapur,Tomato,Hybrid,FAQ,2026-05-02,1299.0,1494.0,1360.0,False,2026,5,2,5,122,2,Zaid,1374.0,1148.0,1060.0,794.0,1260.3333333333333,1179.7142857142858,1031.7142857142858,103.63511998950285,9.134233518665608,33.50125944584383,False
Maharashtra,Kolhapur,Kolhapur,Tomato,Hybrid,FAQ,2026-05-03,1384.0,1608.0,1470.0,False,2026,5,3,6,123,2,Zaid,1360.0,1259.0,1139.0,834.0,1331.0,1222.5714285714287,1072.142857142857,107.8237097346999,-1.0189228529839884,36.57074340527578,False
Maharashtra,Kolhapur,Kolhapur,Tomato,Hybrid,FAQ,2026-05-04,1442.0,1626.0,1565.0,False,2026,5,4,0,124,2,Zaid,1470.0,1374.0,1146.0,760.0,1401.3333333333333,1269.857142857143,1117.5714285714287,134.37562845921812,8.088235294117647,50.78947368421053,False
Maharashtra,Kolhapur,Kolhapur,Tomato,Hybrid,FAQ,2026-05-05,1594.0,1795.0,1649.0,False,2026,5,5,1,125,2,Zaid,1565.0,1360.0,1132.0,775.0,1465.0,1329.7142857142858,1175.0714285714287,160.74276996256546,6.462585034013606,46.064516129032256,False
Maharashtra,Kolhapur,Kolhapur,Tomato,Hybrid,FAQ,2026-05-06,1511.0,1742.0,1629.0,False,2026,5,6,2,126,2,Zaid,1649.0,1470.0,1148.0,974.0,1561.3333333333333,1403.5714285714287,1237.5,173.0595823628931,5.36741214057508,17.864476386036962,False
Maharashtra,Kolhapur,Kolhapur,Tomato,Hybrid,FAQ,2026-05-07,1402.0,1626.0,1546.0,False,2026,5,7,3,127,2,Zaid,1629.0,1565.0,1259.0,1081.0,1614.3333333333333,1472.2857142857142,1284.2857142857142,148.40677689570367,-1.2128562765312312,16.466234967622572,False
Maharashtra,Kolhapur,Kolhapur,Tomato,Hybrid,FAQ,2026-05-08,1343.0,1560.0,1471.0,False,2026,5,8,4,128,2,Zaid,1546.0,1649.0,1374.0,968.0,1608.0,1513.2857142857142,1317.5,115.70323286424501,-5.095150399017802,41.942148760330575,False
Maharashtra,Kolhapur,Kolhapur,Tomato,Hybrid,FAQ,2026-05-09,1422.0,1595.0,1509.0,False,2026,5,9,5,129,2,Zaid,1471.0,1629.0,1360.0,1060.0,1548.6666666666667,1527.142857142857,1353.4285714285713,101.13263332776958,-4.851228978007762,28.30188679245283,False
Maharashtra,Kolhapur,Kolhapur,Tomato,Hybrid,FAQ,2026-05-10,1429.0,1615.0,1513.0,False,2026,5,10,6,130,2,Zaid,1509.0,1546.0,1470.0,1139.0,1508.6666666666667,1548.4285714285713,1385.5,71.39994664530137,2.583276682528892,29.06057945566286,False
Maharashtra,Kolhapur,Kolhapur,Tomato,Hybrid,FAQ,2026-05-11,1503.0,1705.0,1604.0,False,2026,5,11,0,131,2,Zaid,1513.0,1471.0,1565.0,1146.0,1497.6666666666667,1554.5714285714287,1412.2142857142858,65.0995574558834,0.26507620941020543,36.56195462478185,False
Maharashtra,Kolhapur,Kolhapur,Tomato,Hybrid,FAQ,2026-05-12,1525.0,1737.0,1589.0,False,2026,5,12,1,132,2,Zaid,1604.0,1509.0,1649.0,1132.0,1542.0,1560.142857142857,1444.9285714285713,67.75551286654829,6.014540647719762,45.671378091872796,False
Maharashtra,Kolhapur,Kolhapur,Tomato,Hybrid,FAQ,2026-05-13,1457.0,1683.0,1573.0,False,2026,5,13,2,133,2,Zaid,1589.0,1513.0,1629.0,1148.0,1568.6666666666667,1551.5714285714287,1477.5714285714287,57.68840768258276,-0.9351620947630923,41.89895470383275,False
Maharashtra,Kolhapur,Kolhapur,Tomato,Hybrid,FAQ,2026-05-14,1472.0,1656.0,1564.0,False,2026,5,14,3,134,2,Zaid,1573.0,1604.0,1546.0,1259.0,1588.6666666666667,1543.5714285714287,1507.9285714285713,48.2764854522216,-1.0069225928256766,22.795869737887212,False
Maharashtra,Kolhapur,Kolhapur,Tomato,Hybrid,FAQ,2026-05-15,1376.0,1623.0,1508.0,False,2026,5,15,4,135,2,Zaid,1564.0,1589.0,1471.0,1374.0,1575.3333333333333,1546.142857142857,1529.7142857142858,48.902721708261794,-0.5721551176096631,7.059679767103348,False
Maharashtra,Kolhapur,Kolhapur,Tomato,Hybrid,FAQ,2026-05-16,1468.0,1656.0,1560.0,False,2026,5,16,5,136,2,Zaid,1508.0,1573.0,1509.0,1360.0,1548.3333333333333,1551.4285714285713,1539.2857142857142,40.74660371472949,-3.580562659846547,10.955882352941176,False
Maharashtra,Kolhapur,Kolhapur,Tomato,Hybrid,FAQ,2026-05-17,1536.0,1719.0,1637.0,False,2026,5,17,6,137,2,Zaid,1560.0,1564.0,1513.0,1470.0,1544.0,1558.7142857142858,1553.5714285714287,36.201815266239,3.4482758620689653,2.925170068027211,False
Maharashtra,Kolhapur,Kolhapur,Tomato,Hybrid,FAQ,2026-05-18,1453.0,1713.0,1563.0,False,2026,5,18,0,138,2,Zaid,1637.0,1508.0,1604.0,1565.0,1568.3333333333333,1576.4285714285713,1565.5,40.21963510051334,4.935897435897436,2.4920127795527156,False
Maharashtra,Kolhapur,Kolhapur,Tomato,Hybrid,FAQ,2026-05-19,1549.0,1689.0,1634.0,False,2026,5,19,1,139,2,Zaid,1563.0,1560.0,1589.0,1649.0,1586.6666666666667,1570.5714285714287,1565.357142857143,38.48314411468741,-4.520464263897373,-3.6385688295936935,False
Maharashtra,Kolhapur,Kolhapur,Tomato,Hybrid,FAQ,2026-05-20,1553.0,1715.0,1623.0,False,2026,5,20,2,140,2,Zaid,1634.0,1637.0,1573.0,1629.0,1611.3333333333333,1577.0,1564.2857142857142,45.24010020618941,4.54254638515675,-3.437691835481891,False
Maharashtra,Kolhapur,Kolhapur,Tomato,Hybrid,FAQ,2026-05-21,1497.0,1616.0,1559.0,False,2026,5,21,3,141,2,Zaid,1623.0,1563.0,1564.0,1546.0,1606.6666666666667,1584.142857142857,1563.857142857143,48.344005389936605,-0.6731946144430845,1.1642949547218628,False
Maharashtra,Kolhapur,Kolhapur,Tomato,Hybrid,FAQ,2026-05-22,1484.0,1749.0,1606.0,False,2026,5,22,4,142,2,Zaid,1559.0,1634.0,1508.0,1471.0,1605.3333333333333,1583.4285714285713,1564.7857142857142,48.726642756146035,-3.9433148490449788,2.515295717199184,False
Maharashtra,Kolhapur,Kolhapur,Tomato,Hybrid,FAQ,2026-05-23,1415.0,1601.0,1516.0,False,2026,5,23,5,143,2,Zaid,1606.0,1623.0,1560.0,1509.0,1596.0,1597.4285714285713,1574.4285714285713,35.80901722031788,3.0147530468248878,3.3797216699801194,False
Maharashtra,Kolhapur,Kolhapur,Tomato,Hybrid,FAQ,2026-05-24,1413.0,1612.0,1500.0,False,2026,5,24,6,144,2,Zaid,1516.0,1559.0,1637.0,1513.0,1560.3333333333333,1591.142857142857,1574.9285714285713,45.91088676783382,-5.603985056039851,8.19563780568407,False
Maharashtra,Kolhapur,Kolhapur,Tomato,Hybrid,FAQ,2026-05-25,1393.0,1596.0,1447.0,False,2026,5,25,0,145,2,Zaid,1500.0,1606.0,1563.0,1604.0,1540.6666666666667,1571.5714285714287,1574.0,51.912930768275785,-1.0554089709762533,-2.5561097256857854,False
Maharashtra,Kolhapur,Kolhapur,Tomato,Hybrid,FAQ,2026-05-27,1505.0,1683.0,1589.0,False,2026,5,27,2,147,2,Zaid,1447.0,1516.0,1634.0,1589.0,1487.6666666666667,1555.0,1562.7857142857142,70.34676017178154,-3.5333333333333337,2.8319697923222154,False
Maharashtra,Kolhapur,Kolhapur,Tomato,Hybrid,FAQ,2026-05-28,1431.0,1650.0,1549.0,False,2026,5,28,3,148,2,Zaid,1589.0,1500.0,1623.0,1573.0,1512.0,1548.5714285714287,1562.7857142857142,63.66280217640354,9.813407049067035,3.178639542275906,False
Maharashtra,Kolhapur,Kolhapur,Tomato,Hybrid,FAQ,2026-05-29,1476.0,1723.0,1574.0,False,2026,5,29,4,149,2,Zaid,1549.0,1447.0,1559.0,1564.0,1528.3333333333333,1538.0,1561.0714285714287,54.76616960618015,-2.5173064820641913,-0.319693094629156,False
Maharashtra,Kolhapur,Kolhapur,Tomato,Hybrid,FAQ,2026-05-30,1447.0,1647.0,1572.0,False,2026,5,30,5,150,2,Zaid,1574.0,1589.0,1606.0,1508.0,1570.6666666666667,1540.142857142857,1561.7857142857142,56.00425153928707,1.6139444803098775,6.49867374005305,False
Maharashtra,Kolhapur,Kolhapur,Tomato,Hybrid,FAQ,2026-05-31,1456.0,1652.0,1592.0,False,2026,5,31,6,151,2,Zaid,1572.0,1549.0,1516.0,1560.0,1565.0,1535.2857142857142,1566.357142857143,50.54936295580453,-0.12706480304955528,-2.8205128205128207,False
Maharashtra,Kolhapur,Kolhapur,Tomato,Hybrid,FAQ,2026-06-01,1473.0,1679.0,1594.0,False,2026,6,1,0,152,2,Kharif,1592.0,1574.0,1500.0,1637.0,1579.3333333333333,1546.142857142857,1568.642857142857,53.775547638392744,1.2722646310432568,-8.368967623701893,False
Maharashtra,Kolhapur,Kolhapur,Tomato,Hybrid,FAQ,2026-06-02,1570.0,1787.0,1654.0,False,2026,6,2,1,153,2,Kharif,1594.0,1572.0,1447.0,1563.0,1586.0,1559.5714285714287,1565.5714285714287,52.04119247562631,0.12562814070351758,-7.421625079974409,False
Maharashtra,Kolhapur,Kolhapur,Tomato,Hybrid,FAQ,2026-06-03,1554.0,1685.0,1604.0,False,2026,6,3,2,154,2,Kharif,1654.0,1592.0,1589.0,1634.0,1613.3333333333333,1589.142857142857,1572.0714285714287,32.59053324421387,3.7641154328732744,-2.7539779681762546,False
Maharashtra,Kolhapur,Kolhapur,Tomato,Hybrid,FAQ,2026-06-04,1477.0,1603.0,1534.0,False,2026,6,4,3,155,2,Kharif,1604.0,1594.0,1549.0,1623.0,1617.3333333333333,1591.2857142857142,1569.9285714285713,33.069191531858955,-3.0229746070133015,-4.559457794208257,False
Maharashtra,Kolhapur,Kolhapur,Tomato,Hybrid,FAQ,2026-06-05,1359.0,1544.0,1465.0,False,2026,6,5,4,156,2,Kharif,1534.0,1654.0,1574.0,1559.0,1597.3333333333333,1589.142857142857,1563.5714285714287,36.56696401319378,-4.364089775561098,0.9621552277100706,False
Maharashtra,Kolhapur,Kolhapur,Tomato,Hybrid,FAQ,2026-06-06,1162.0,1441.0,1300.0,False,2026,6,6,5,157,2,Kharif,1465.0,1604.0,1572.0,1606.0,1534.3333333333333,1573.5714285714287,1556.857142857143,59.871688197498386,-4.498044328552804,-2.1170610211706102,False
Maharashtra,Kolhapur,Kolhapur,Tomato,Hybrid,FAQ,2026-06-07,1091.0,1273.0,1190.0,False,2026,6,7,6,158,2,Kharif,1300.0,1534.0,1592.0,1516.0,1433.0,1534.7142857142858,1535.0,119.56687708239973,-11.262798634812286,5.013192612137203,False
Maharashtra,Kolhapur,Kolhapur,Tomato,Hybrid,FAQ,2026-06-08,1096.0,1258.0,1176.0,False,2026,6,8,0,159,2,Kharif,1190.0,1465.0,1594.0,1500.0,1318.3333333333333,1477.2857142857142,1511.7142857142858,172.35497699584403,-8.461538461538462,6.266666666666667,False
Maharashtra,Kolhapur,Kolhapur,Tomato,Hybrid,FAQ,2026-06-09,1081.0,1275.0,1147.0,False,2026,6,9,1,160,2,Kharif,1176.0,1300.0,1654.0,1447.0,1222.0,1417.5714285714287,1488.5714285714287,195.97096480759367,-1.1764705882352942,14.3054595715273,False
Maharashtra,Kolhapur,Kolhapur,Tomato,Hybrid,FAQ,2026-06-10,1113.0,1232.0,1175.0,False,2026,6,10,2,161,2,Kharif,1147.0,1190.0,1604.0,1589.0,1171.0,1345.142857142857,1467.142857142857,187.5352665246634,-2.465986394557823,0.9439899307740718,False
Maharashtra,Kolhapur,Kolhapur,Tomato,Hybrid,FAQ,2026-06-11,955.0,1165.0,1096.0,False,2026,6,11,3,162,2,Kharif,1175.0,1176.0,1534.0,1549.0,1166.0,1283.857142857143,1437.5714285714287,156.3472935182338,2.4411508282476024,-0.9683666881859263,False
Maharashtra,Kolhapur,Kolhapur,Tomato,Hybrid,FAQ,2026-06-12,1054.0,1258.0,1112.0,False,2026,6,12,4,163,2,Kharif,1096.0,1147.0,1465.0,1574.0,1139.3333333333333,1221.2857142857142,1405.2142857142858,123.81399259334772,-6.723404255319148,-6.925031766200762,False
Maharashtra,Kolhapur,Kolhapur,Tomato,Hybrid,FAQ,2026-06-13,1154.0,1365.0,1229.0,False,2026,6,13,5,164,2,Kharif,1112.0,1175.0,1300.0,1572.0,1127.6666666666667,1170.857142857143,1372.2142857142858,66.73936512391943,1.4598540145985401,-17.302798982188293,False
Maharashtra,Kolhapur,Kolhapur,Tomato,Hybrid,FAQ,2026-06-14,1202.0,1354.0,1253.0,False,2026,6,14,6,165,2,Kharif,1229.0,1096.0,1190.0,1592.0,1145.6666666666667,1160.7142857142858,1347.7142857142858,46.02069927658392,10.521582733812949,-25.251256281407038,False
Maharashtra,Kolhapur,Kolhapur,Tomato,Hybrid,FAQ,2026-06-15,1104.0,1374.0,1231.0,False,2026,6,15,0,166,2,Kharif,1253.0,1112.0,1176.0,1594.0,1198.0,1169.7142857142858,1323.5,57.444797518189105,1.9528071602929211,-26.223337515683813,False
Maharashtra,Kolhapur,Kolhapur,Tomato,Hybrid,FAQ,2026-06-16,1138.0,1295.0,1216.0,False,2026,6,16,1,167,2,Kharif,1231.0,1229.0,1147.0,1654.0,1237.6666666666667,1177.5714285714287,1297.5714285714287,62.026492035957304,-1.7557861133280128,-30.652962515114872,False
Maharashtra,Kolhapur,Kolhapur,Tomato,Hybrid,FAQ,2026-06-17,1147.0,1324.0,1235.0,False,2026,6,17,2,168,2,Kharif,1216.0,1253.0,1175.0,1604.0,1233.3333333333333,1187.4285714285713,1266.2857142857142,61.840809456916446,-1.2185215272136474,-26.74563591022444,False
Maharashtra,Kolhapur,Kolhapur,Tomato,Hybrid,FAQ,2026-06-18,1007.0,1193.0,1126.0,False,2026,6,18,3,169,2,Kharif,1235.0,1231.0,1096.0,1534.0,1227.3333333333333,1196.0,1239.9285714285713,63.95310782128503,1.5625,-28.552803129074317,False
Maharashtra,Kolhapur,Kolhapur,Tomato,Hybrid,FAQ,2026-06-19,1059.0,1240.0,1140.0,False,2026,6,19,4,170,2,Kharif,1126.0,1216.0,1112.0,1465.0,1192.3333333333333,1200.2857142857142,1210.7857142857142,56.73245480826935,-8.82591093117409,-24.09556313993174,False
Maharashtra,Kolhapur,Kolhapur,Tomato,Hybrid,FAQ,2026-06-20,1084.0,1265.0,1199.0,False,2026,6,20,5,171,2,Kharif,1140.0,1235.0,1229.0,1300.0,1167.0,1204.2857142857142,1187.5714285714287,50.065671158712284,1.2433392539964476,-5.461538461538462,False
Maharashtra,Kolhapur,Kolhapur,Tomato,Hybrid,FAQ,2026-06-21,1167.0,1331.0,1272.0,False,2026,6,21,6,172,2,Kharif,1199.0,1126.0,1253.0,1190.0,1155.0,1200.0,1180.357142857143,48.86716689149164,5.175438596491229,5.294117647058823,False
Maharashtra,Kolhapur,Kolhapur,Tomato,Hybrid,FAQ,2026-06-22,1104.0,1235.0,1158.0,False,2026,6,22,0,173,2,Kharif,1272.0,1140.0,1231.0,1176.0,1203.6666666666667,1202.7142857142858,1186.2142857142858,52.68052861578922,6.0884070058381985,4.67687074829932,False
Maharashtra,Kolhapur,Kolhapur,Tomato,Hybrid,FAQ,2026-06-23,851.0,1142.0,997.0,False,2026,6,23,1,174,2,Kharif,1158.0,1199.0,1216.0,1147.0,1209.6666666666667,1192.2857142857142,1184.9285714285713,53.36888695896713,-8.962264150943396,6.015693112467306,False
Maharashtra,Kolhapur,Kolhapur,Tomato,Hybrid,FAQ,2026-06-24,894.0,1051.0,962.0,False,2026,6,24,2,175,2,Kharif,997.0,1272.0,1235.0,1175.0,1142.3333333333333,1161.0,1174.2142857142858,89.26738859554291,-13.903281519861832,5.106382978723404,False
Maharashtra,Kolhapur,Kolhapur,Tomato,Hybrid,FAQ,2026-06-25,806.0,1015.0,951.0,False,2026,6,25,3,176,2,Kharif,962.0,1158.0,1126.0,1096.0,1039.0,1122.0,1159.0,109.00305806108268,-3.510531594784353,2.737226277372263,False
Maharashtra,Kolhapur,Kolhapur,Tomato,Hybrid,FAQ,2026-06-26,767.0,1003.0,915.0,False,2026,6,26,4,177,2,Kharif,951.0,997.0,1140.0,1112.0,970.0,1097.0,1148.642857142857,126.58330590300798,-1.1434511434511436,2.5179856115107913,False
Maharashtra,Kolhapur,Kolhapur,Tomato,Hybrid,FAQ,2026-06-27,811.0,1023.0,939.0,False,2026,6,27,5,178,2,Kharif,915.0,962.0,1199.0,1229.0,942.6666666666666,1064.857142857143,1134.5714285714287,141.52906482584217,-3.7854889589905363,-2.4410089503661516,False
Maharashtra,Kolhapur,Kolhapur,Tomato,Hybrid,FAQ,2026-06-28,768.0,977.0,833.0,False,2026,6,28,6,179,2,Kharif,939.0,951.0,1272.0,1253.0,935.0,1027.7142857142858,1113.857142857143,134.39458605876246,2.622950819672131,1.5163607342378291,False
Maharashtra,Kolhapur,Kolhapur,Tomato,Hybrid,FAQ,2026-06-29,735.0,1016.0,877.0,False,2026,6,29,0,180,2,Kharif,833.0,915.0,1158.0,1231.0,895.6666666666666,965.0,1083.857142857143,99.22869208719247,-11.288604898828542,-5.930138099106418,False
Maharashtra,Kolhapur,Kolhapur,Tomato,Hybrid,FAQ,2026-07-01,946.0,1141.0,1027.0,False,2026,7,1,2,182,3,Kharif,877.0,939.0,997.0,1216.0,883.0,924.8571428571429,1058.5714285714287,55.21602596901689,5.282112845138055,-18.009868421052634,False
Maharashtra,Kolhapur,Kolhapur,Tomato,Hybrid,FAQ,2026-07-02,830.0,1071.0,940.0,False,2026,7,2,3,183,3,Kharif,1027.0,833.0,962.0,1235.0,912.3333333333334,929.1428571428571,1045.0714285714287,62.440447818790794,17.103762827822123,-22.105263157894736,False
Maharashtra,Kolhapur,Kolhapur,Tomato,Hybrid,FAQ,2026-07-03,816.0,967.0,904.0,False,2026,7,3,4,184,3,Kharif,940.0,877.0,951.0,1126.0,948.0,926.0,1024.0,61.049160518402054,-8.471275559883155,-15.541740674955594,False
Maharashtra,Kolhapur,Kolhapur,Tomato,Hybrid,FAQ,2026-07-04,769.0,963.0,849.0,False,2026,7,4,5,185,3,Kharif,904.0,1027.0,915.0,1140.0,957.0,919.2857142857143,1008.1428571428571,60.422717266822744,-3.829787234042553,-19.736842105263158,False
Maharashtra,Kolhapur,Kolhapur,Tomato,Hybrid,FAQ,2026-07-05,675.0,905.0,785.0,False,2026,7,5,6,186,3,Kharif,849.0,940.0,939.0,1199.0,897.6666666666666,909.8571428571429,987.3571428571429,66.08688364931312,-6.084070796460177,-21.684737281067555,False
Maharashtra,Kolhapur,Kolhapur,Tomato,Hybrid,FAQ,2026-07-06,813.0,980.0,883.0,False,2026,7,6,0,187,3,Kharif,785.0,904.0,833.0,1272.0,846.0,887.8571428571429,957.7857142857143,79.11685149497485,-7.538280329799764,-34.5125786163522,False
Maharashtra,Kolhapur,Kolhapur,Tomato,Hybrid,FAQ,2026-07-07,711.0,909.0,841.0,False,2026,7,7,1,188,3,Kharif,883.0,849.0,877.0,1158.0,839.0,895.0,930.0,75.5137956491066,12.48407643312102,-24.265975820379964,False
Maharashtra,Kolhapur,Kolhapur,Tomato,Hybrid,FAQ,2026-07-08,905.0,1077.0,958.0,False,2026,7,8,2,189,3,Kharif,841.0,785.0,1027.0,997.0,836.3333333333334,889.8571428571429,907.3571428571429,78.1247476186509,-4.756511891279728,3.009027081243731,False
Maharashtra,Kolhapur,Kolhapur,Tomato,Hybrid,FAQ,2026-07-09,776.0,914.0,858.0,False,2026,7,9,3,190,3,Kharif,958.0,883.0,940.0,962.0,894.0,880.0,904.5714285714286,60.2439485204536,13.912009512485138,-2.2869022869022873,False
Maharashtra,Kolhapur,Kolhapur,Tomato,Hybrid,FAQ,2026-07-10,644.0,791.0,733.0,False,2026,7,10,4,191,3,Kharif,858.0,841.0,904.0,951.0,885.6666666666666,868.2857142857143,897.1428571428571,54.31302571120964,-10.438413361169102,-4.942166140904311,False
Maharashtra,Kolhapur,Kolhapur,Tomato,Hybrid,FAQ,2026-07-11,721.0,866.0,786.0,False,2026,7,11,5,192,3,Kharif,733.0,958.0,849.0,915.0,849.6666666666666,843.8571428571429,881.5714285714286,71.35458072526248,-14.56876456876457,-7.213114754098362,False
Maharashtra,Nashik,Nashik,Tomato,Hybrid,FAQ,2025-12-24,1271.0,1528.0,1398.0,False,2025,12,24,2,358,4,Rabi,,,,,,,,,,,False
Maharashtra,Nashik,Nashik,Tomato,Hybrid,FAQ,2025-12-25,1232.0,1384.0,1297.0,False,2025,12,25,3,359,4,Rabi,1398.0,,,,,,,,,,False
Maharashtra,Nashik,Nashik,Tomato,Hybrid,FAQ,2025-12-26,1075.0,1326.0,1205.0,False,2025,12,26,4,360,4,Rabi,1297.0,,,,,,,,-7.224606580829756,,False
Maharashtra,Nashik,Nashik,Tomato,Hybrid,FAQ,2025-12-27,1102.0,1258.0,1171.0,False,2025,12,27,5,361,4,Rabi,1205.0,1398.0,,,1300.0,,,,-7.093292212798766,,False
Maharashtra,Nashik,Nashik,Tomato,Hybrid,FAQ,2025-12-28,1133.0,1344.0,1195.0,False,2025,12,28,6,362,4,Rabi,1171.0,1297.0,,,1224.3333333333333,,,,-2.8215767634854774,,False
Maharashtra,Nashik,Nashik,Tomato,Hybrid,FAQ,2025-12-29,993.0,1210.0,1121.0,False,2025,12,29,0,363,4,Rabi,1195.0,1205.0,,,1190.3333333333333,,,,2.0495303159692573,,False
Maharashtra,Nashik,Nashik,Tomato,Hybrid,FAQ,2025-12-30,1091.0,1263.0,1196.0,False,2025,12,30,1,364,4,Rabi,1121.0,1171.0,,,1162.3333333333333,,,,-6.192468619246862,,False
Maharashtra,Nashik,Nashik,Tomato,Hybrid,FAQ,2025-12-31,1122.0,1344.0,1210.0,False,2025,12,31,2,365,4,Rabi,1196.0,1195.0,1398.0,,1170.6666666666667,1226.142857142857,,92.17452390515972,6.6904549509366635,,False
Maharashtra,Nashik,Nashik,Tomato,Hybrid,FAQ,2026-01-01,1194.0,1470.0,1331.0,False,2026,1,1,3,1,1,Rabi,1210.0,1121.0,1297.0,,1175.6666666666667,1199.2857142857142,,52.68369224505274,1.1705685618729096,,False
Maharashtra,Nashik,Nashik,Tomato,Hybrid,FAQ,2026-01-02,1306.0,1507.0,1448.0,False,2026,1,2,4,2,1,Rabi,1331.0,1196.0,1205.0,,1245.6666666666667,1204.142857142857,,63.62501754139529,10.0,,False
Maharashtra,Nashik,Nashik,Tomato,Hybrid,FAQ,2026-01-03,1471.0,1708.0,1597.0,False,2026,1,3,5,3,1,Rabi,1448.0,1210.0,1171.0,,1329.6666666666667,1238.857142857143,,112.04080889186251,8.790383170548461,,False
Maharashtra,Nashik,Nashik,Tomato,Hybrid,FAQ,2026-01-04,1558.0,1755.0,1625.0,False,2026,1,4,6,4,1,Rabi,1597.0,1331.0,1195.0,,1458.6666666666667,1299.7142857142858,,169.83100844242614,10.290055248618785,,False
Maharashtra,Nashik,Nashik,Tomato,Hybrid,FAQ,2026-01-05,1489.0,1652.0,1585.0,False,2026,1,5,0,5,1,Rabi,1625.0,1448.0,1121.0,,1556.6666666666667,1361.142857142857,,200.61856724592943,1.7532874139010644,,False
Maharashtra,Nashik,Nashik,Tomato,Hybrid,FAQ,2026-01-06,1522.0,1658.0,1606.0,False,2026,1,6,1,6,1,Rabi,1585.0,1597.0,1196.0,,1602.3333333333333,1427.4285714285713,,184.01707995261123,-2.4615384615384617,,False
Maharashtra,Nashik,Nashik,Tomato,Hybrid,FAQ,2026-01-07,1593.0,1821.0,1705.0,False,2026,1,7,2,7,1,Rabi,1606.0,1625.0,1210.0,1398.0,1605.3333333333333,1486.0,1356.0714285714287,162.01234520862909,1.3249211356466877,-13.447782546494993,False
Maharashtra,Nashik,Nashik,Tomato,Hybrid,FAQ,2026-01-08,1374.0,1580.0,1508.0,False,2026,1,8,3,8,1,Rabi,1705.0,1585.0,1331.0,1297.0,1632.0,1556.7142857142858,1378.0,125.34580738330035,6.164383561643835,2.621434078643022,False
Maharashtra,Nashik,Nashik,Tomato,Hybrid,FAQ,2026-01-09,1360.0,1568.0,1508.0,False,2026,1,9,4,9,1,Rabi,1508.0,1606.0,1448.0,1205.0,1606.3333333333333,1582.0,1393.0714285714287,82.8854631404084,-11.55425219941349,20.16597510373444,False
Maharashtra,Nashik,Nashik,Tomato,Hybrid,FAQ,2026-01-10,1539.0,1733.0,1619.0,False,2026,1,10,5,10,1,Rabi,1508.0,1705.0,1597.0,1171.0,1573.6666666666667,1590.5714285714287,1414.7142857142858,68.58779566574297,0.0,36.37916310845431,False
Maharashtra,Nashik,Nashik,Tomato,Hybrid,FAQ,2026-01-11,1614.0,1776.0,1671.0,False,2026,1,11,6,11,1,Rabi,1619.0,1508.0,1625.0,1195.0,1545.0,1593.7142857142858,1446.7142857142858,69.43033507460139,7.360742705570292,35.98326359832636,False
Maharashtra,Nashik,Nashik,Tomato,Hybrid,FAQ,2026-01-12,1544.0,1768.0,1653.0,False,2026,1,12,0,12,1,Rabi,1671.0,1508.0,1585.0,1121.0,1599.3333333333333,1600.2857142857142,1480.7142857142858,74.85032684345089,3.211859172328598,41.39161462979482,False
Maharashtra,Nashik,Nashik,Tomato,Hybrid,FAQ,2026-01-13,1452.0,1655.0,1586.0,False,2026,1,13,1,13,1,Rabi,1653.0,1619.0,1606.0,1196.0,1647.6666666666667,1610.0,1518.7142857142858,76.91987172809549,-1.0771992818671454,34.280936454849495,False
Maharashtra,Nashik,Nashik,Tomato,Hybrid,FAQ,2026-01-14,1333.0,1572.0,1466.0,False,2026,1,14,2,14,1,Rabi,1586.0,1671.0,1705.0,1210.0,1636.6666666666667,1607.142857142857,1546.5714285714287,77.46274065946923,-4.053236539624924,40.909090909090914,False
Maharashtra,Nashik,Nashik,Tomato,Hybrid,FAQ,2026-01-15,1466.0,1644.0,1537.0,False,2026,1,15,3,15,1,Rabi,1466.0,1653.0,1508.0,1331.0,1568.3333333333333,1573.0,1564.857142857143,79.7788610263813,-7.566204287515762,13.298271975957926,False
Maharashtra,Nashik,Nashik,Tomato,Hybrid,FAQ,2026-01-16,1488.0,1718.0,1625.0,False,2026,1,16,4,16,1,Rabi,1537.0,1586.0,1508.0,1448.0,1529.6666666666667,1577.142857142857,1579.5714285714287,76.52761717495315,4.843110504774898,4.143646408839778,False
Maharashtra,Nashik,Nashik,Tomato,Hybrid,FAQ,2026-01-17,1556.0,1709.0,1620.0,False,2026,1,17,5,17,1,Rabi,1625.0,1466.0,1619.0,1597.0,1542.6666666666667,1593.857142857143,1592.2142857142858,71.52255721432357,5.725439167208848,1.3775829680651221,False
Maharashtra,Nashik,Nashik,Tomato,Hybrid,FAQ,2026-01-18,1520.0,1747.0,1665.0,False,2026,1,18,6,18,1,Rabi,1620.0,1537.0,1671.0,1625.0,1594.0,1594.0,1593.857142857143,71.58212067269312,-0.3076923076923077,2.830769230769231,False
Maharashtra,Nashik,Nashik,Tomato,Hybrid,FAQ,2026-01-19,1484.0,1687.0,1606.0,False,2026,1,19,0,19,1,Rabi,1665.0,1625.0,1653.0,1585.0,1636.6666666666667,1593.142857142857,1596.7142857142858,70.53469257849538,2.7777777777777777,4.290220820189274,False
Maharashtra,Nashik,Nashik,Tomato,Hybrid,FAQ,2026-01-20,1457.0,1679.0,1585.0,False,2026,1,20,1,20,1,Rabi,1606.0,1620.0,1586.0,1606.0,1630.3333333333333,1586.4285714285713,1598.2142857142858,65.97690793718947,-3.543543543543543,-1.2453300124533,False
Maharashtra,Nashik,Nashik,Tomato,Hybrid,FAQ,2026-01-21,1635.0,1817.0,1723.0,False,2026,1,21,2,21,1,Rabi,1585.0,1665.0,1466.0,1705.0,1618.6666666666667,1586.2857142857142,1596.7142857142858,65.97907316140542,-1.3075965130759652,-14.017595307917889,False
Maharashtra,Nashik,Nashik,Tomato,Hybrid,FAQ,2026-01-23,1753.0,1941.0,1839.0,False,2026,1,23,4,23,1,Rabi,1723.0,1606.0,1537.0,1508.0,1638.0,1623.0,1598.0,59.02824182824127,8.706624605678233,1.9230769230769231,False
Maharashtra,Nashik,Nashik,Tomato,Hybrid,FAQ,2026-01-24,1733.0,1927.0,1850.0,False,2026,1,24,5,24,1,Rabi,1839.0,1585.0,1625.0,1508.0,1715.6666666666667,1666.142857142857,1621.642857142857,88.63488510255351,6.7324434126523505,7.758620689655173,False
Maharashtra,Nashik,Nashik,Tomato,Hybrid,FAQ,2026-01-25,1754.0,1984.0,1876.0,False,2026,1,25,6,25,1,Rabi,1850.0,1723.0,1620.0,1619.0,1804.0,1698.2857142857142,1646.0714285714287,109.55624778428401,0.5981511691136487,0.06176652254478073,False
Maharashtra,Nashik,Nashik,Tomato,Hybrid,FAQ,2026-01-26,1747.0,1915.0,1862.0,False,2026,1,26,0,26,1,Rabi,1876.0,1839.0,1665.0,1671.0,1855.0,1734.857142857143,1664.4285714285713,121.17952050770047,1.4054054054054055,-0.3590664272890485,False
Maharashtra,Nashik,Nashik,Tomato,Hybrid,FAQ,2026-01-27,1775.0,1966.0,1880.0,False,2026,1,27,1,27,1,Rabi,1862.0,1850.0,1606.0,1653.0,1862.6666666666667,1763.0,1678.0714285714287,125.06531626847367,-0.7462686567164178,-2.8433151845130067,False
Maharashtra,Nashik,Nashik,Tomato,Hybrid,FAQ,2026-01-28,2037.0,2164.0,2095.0,False,2026,1,28,2,28,1,Rabi,1880.0,1876.0,1585.0,1586.0,1872.6666666666667,1802.142857142857,1694.2857142857142,109.6683311496207,0.966702470461869,-0.06305170239596469,False
Maharashtra,Nashik,Nashik,Tomato,Hybrid,FAQ,2026-01-29,1988.0,2140.0,2085.0,False,2026,1,29,3,29,1,Rabi,2095.0,1862.0,1723.0,1466.0,1945.6666666666667,1875.0,1730.642857142857,110.77003204838398,11.436170212765957,17.53069577080491,False
Maharashtra,Nashik,Nashik,Tomato,Hybrid,FAQ,2026-01-30,2082.0,2258.0,2136.0,False,2026,1,30,4,30,1,Rabi,2085.0,1880.0,1839.0,1537.0,2020.0,1926.7142857142858,1774.857142857143,112.46883166121233,-0.47732696897374705,19.648666232921276,False
Maharashtra,Nashik,Nashik,Tomato,Hybrid,FAQ,2026-01-31,2126.0,2324.0,2200.0,False,2026,1,31,5,31,1,Rabi,2136.0,2095.0,1850.0,1625.0,2105.3333333333335,1969.142857142857,1817.642857142857,128.71211879154802,2.446043165467626,13.846153846153847,False
Maharashtra,Nashik,Nashik,Tomato,Hybrid,FAQ,2026-02-01,2413.0,2549.0,2480.0,False,2026,2,1,6,32,1,Rabi,2200.0,2085.0,1876.0,1620.0,2140.3333333333335,2019.142857142857,1858.7142857142858,142.00989234489828,2.9962546816479403,15.802469135802468,False
Maharashtra,Nashik,Nashik,Tomato,Hybrid,FAQ,2026-02-02,2243.0,2433.0,2318.0,False,2026,2,2,0,33,1,Rabi,2480.0,2136.0,1862.0,1665.0,2272.0,2105.4285714285716,1920.142857142857,208.48010068338058,12.727272727272727,11.831831831831833,False
Maharashtra,Nashik,Nashik,Tomato,Hybrid,FAQ,2026-02-03,2173.0,2420.0,2288.0,False,2026,2,3,1,34,1,Rabi,2318.0,2200.0,1880.0,1606.0,2332.6666666666665,2170.5714285714284,1966.7857142857142,190.17873798338385,-6.532258064516129,17.06102117061021,False
Maharashtra,Nashik,Nashik,Tomato,Hybrid,FAQ,2026-02-04,2145.0,2370.0,2222.0,False,2026,2,4,2,35,1,Rabi,2288.0,2480.0,2095.0,1585.0,2362.0,2228.8571428571427,2015.5,142.93638278552388,-1.2942191544434858,32.17665615141956,False
Maharashtra,Nashik,Nashik,Tomato,Hybrid,FAQ,2026-02-05,2100.0,2331.0,2210.0,False,2026,2,5,3,36,1,Rabi,2222.0,2318.0,2085.0,1723.0,2276.0,2247.0,2061.0,130.6458316722491,-2.8846153846153846,21.009866511897854,False
Maharashtra,Nashik,Nashik,Tomato,Hybrid,FAQ,2026-02-06,2156.0,2317.0,2210.0,False,2026,2,6,4,37,1,Rabi,2210.0,2288.0,2136.0,1839.0,2240.0,2264.8571428571427,2095.785714285714,112.02890783398952,-0.54005400540054,16.150081566068515,False
Maharashtra,Nashik,Nashik,Tomato,Hybrid,FAQ,2026-02-07,2047.0,2336.0,2189.0,False,2026,2,7,5,38,1,Rabi,2210.0,2222.0,2200.0,1850.0,2214.0,2275.4285714285716,2122.285714285714,100.76847579618364,0.0,18.91891891891892,False
Maharashtra,Nashik,Nashik,Tomato,Hybrid,FAQ,2026-02-08,1855.0,2117.0,2000.0,False,2026,2,8,6,39,1,Rabi,2189.0,2210.0,2480.0,1876.0,2203.0,2273.8571428571427,2146.5,102.21615751505821,-0.9502262443438914,32.19616204690831,False
Maharashtra,Nashik,Nashik,Tomato,Hybrid,FAQ,2026-02-09,2127.0,2280.0,2183.0,False,2026,2,9,0,40,1,Rabi,2000.0,2210.0,2318.0,1862.0,2133.0,2205.285714285714,2155.3571428571427,101.88018172624032,-8.634079488350844,24.489795918367346,False
Maharashtra,Nashik,Nashik,Tomato,Hybrid,FAQ,2026-02-10,2071.0,2275.0,2167.0,False,2026,2,10,1,41,1,Rabi,2183.0,2189.0,2288.0,1880.0,2124.0,2186.0,2178.285714285714,88.94380248224338,9.15,21.70212765957447,False
Maharashtra,Nashik,Nashik,Tomato,Hybrid,FAQ,2026-02-11,1937.0,2089.0,2023.0,False,2026,2,11,2,42,1,Rabi,2167.0,2000.0,2222.0,2095.0,2116.6666666666665,2168.714285714286,2198.785714285714,76.73702775434916,-0.7329363261566652,6.062052505966587,False
Maharashtra,Nashik,Nashik,Tomato,Hybrid,FAQ,2026-02-12,2023.0,2223.0,2139.0,False,2026,2,12,3,43,1,Rabi,2023.0,2183.0,2210.0,2085.0,2124.3333333333335,2140.285714285714,2193.6428571428573,89.50551991491041,-6.645131518227965,5.995203836930456,False
Maharashtra,Nashik,Nashik,Tomato,Hybrid,FAQ,2026-02-13,1996.0,2281.0,2140.0,False,2026,2,13,4,44,1,Rabi,2139.0,2167.0,2210.0,2136.0,2109.6666666666665,2130.1428571428573,2197.5,84.1515073571265,5.734058329214039,3.464419475655431,False
Maharashtra,Nashik,Nashik,Tomato,Hybrid,FAQ,2026-02-14,2059.0,2345.0,2206.0,False,2026,2,14,5,45,1,Rabi,2140.0,2023.0,2189.0,2200.0,2100.6666666666665,2120.1428571428573,2197.785714285714,76.92946676757339,0.04675081813931744,-0.5,False
Maharashtra,Nashik,Nashik,Tomato,Hybrid,FAQ,2026-02-15,2144.0,2357.0,2254.0,False,2026,2,15,6,46,1,Rabi,2206.0,2139.0,2000.0,2480.0,2161.6666666666665,2122.5714285714284,2198.214285714286,79.68449690886783,3.08411214953271,-19.35483870967742,False
Maharashtra,Nashik,Nashik,Tomato,Hybrid,FAQ,2026-02-16,2345.0,2575.0,2451.0,False,2026,2,16,0,47,1,Rabi,2254.0,2140.0,2183.0,2318.0,2200.0,2158.8571428571427,2182.0714285714284,72.0310779488723,2.175883952855848,-5.823986194995686,False
Maharashtra,Nashik,Nashik,Tomato,Hybrid,FAQ,2026-02-18,2249.0,2493.0,2374.0,False,2026,2,18,2,49,1,Rabi,2451.0,2206.0,2167.0,2288.0,2303.6666666666665,2197.1428571428573,2191.5714285714284,132.6868852743551,8.740017746228926,-5.288461538461538,False
Maharashtra,Nashik,Nashik,Tomato,Hybrid,FAQ,2026-02-19,2152.0,2379.0,2301.0,False,2026,2,19,3,50,1,Rabi,2374.0,2254.0,2023.0,2222.0,2359.6666666666665,2226.714285714286,2197.714285714286,147.13000406184474,-3.1415748674010606,-8.955895589558956,False
Maharashtra,Nashik,Nashik,Tomato,Hybrid,FAQ,2026-02-20,2020.0,2250.0,2114.0,False,2026,2,20,4,51,1,Rabi,2301.0,2451.0,2139.0,2210.0,2375.3333333333335,2266.4285714285716,2203.3571428571427,117.51717199748322,-3.074978938500421,-3.2126696832579182,False
Maharashtra,Nashik,Nashik,Tomato,Hybrid,FAQ,2026-02-21,1994.0,2250.0,2112.0,False,2026,2,21,5,52,1,Rabi,2114.0,2374.0,2140.0,2210.0,2263.0,2262.8571428571427,2196.5,122.31711323636009,-8.126901347240329,-3.167420814479638,False
Maharashtra,Nashik,Nashik,Tomato,Hybrid,FAQ,2026-02-22,2087.0,2282.0,2143.0,False,2026,2,22,6,53,1,Rabi,2112.0,2301.0,2206.0,2189.0,2175.6666666666665,2258.8571428571427,2189.5,127.35832464799152,-0.0946073793755913,0.7766103243490179,False
Maharashtra,Nashik,Nashik,Tomato,Hybrid,FAQ,2026-02-23,2035.0,2199.0,2118.0,False,2026,2,23,0,54,1,Rabi,2143.0,2114.0,2254.0,2000.0,2123.0,2249.8571428571427,2186.214285714286,133.7802035322985,1.4678030303030303,12.7,False
Maharashtra,Nashik,Nashik,Tomato,Hybrid,FAQ,2026-02-24,2127.0,2267.0,2182.0,False,2026,2,24,1,55,1,Rabi,2118.0,2112.0,2451.0,2183.0,2124.3333333333335,2230.4285714285716,2194.6428571428573,142.6591008229738,-1.1665888940737283,12.276683463124142,False
Maharashtra,Nashik,Nashik,Tomato,Hybrid,FAQ,2026-02-25,2048.0,2274.0,2184.0,False,2026,2,25,2,56,1,Rabi,2182.0,2143.0,2374.0,2167.0,2147.6666666666665,2192.0,2194.5714285714284,104.45573225055857,3.0217186024551466,9.5523765574527,False
Maharashtra,Nashik,Nashik,Tomato,Hybrid,FAQ,2026-02-26,2065.0,2296.0,2154.0,False,2026,2,26,3,57,1,Rabi,2184.0,2118.0,2301.0,2023.0,2161.3333333333335,2164.8571428571427,2195.785714285714,67.39047551751355,0.09165902841429881,13.741967375185368,False
Maharashtra,Nashik,Nashik,Tomato,Hybrid,FAQ,2026-02-27,1907.0,2134.0,2033.0,False,2026,2,27,4,58,1,Rabi,2154.0,2182.0,2114.0,2139.0,2173.3333333333335,2143.8571428571427,2205.1428571428573,30.943112165336682,-1.3736263736263736,-1.168770453482936,False
Maharashtra,Nashik,Nashik,Tomato,Hybrid,FAQ,2026-02-28,1975.0,2107.0,2031.0,False,2026,2,28,5,59,1,Rabi,2033.0,2184.0,2112.0,2140.0,2123.6666666666665,2132.285714285714,2197.5714285714284,51.970229573335324,-5.617455896007428,-1.3084112149532712,False
Maharashtra,Nashik,Nashik,Tomato,Hybrid,FAQ,2026-03-01,1963.0,2123.0,2057.0,False,2026,3,1,6,60,1,Rabi,2031.0,2154.0,2143.0,2206.0,2072.6666666666665,2120.714285714286,2189.785714285714,64.69856846874725,-0.0983767830791933,-2.8558476881233004,False
Maharashtra,Nashik,Nashik,Tomato,Hybrid,FAQ,2026-03-02,1990.0,2256.0,2112.0,False,2026,3,2,0,61,1,Rabi,2057.0,2033.0,2118.0,2254.0,2040.3333333333333,2108.4285714285716,2179.1428571428573,67.84997455872379,1.2801575578532742,-6.033717834960071,False
Maharashtra,Nashik,Nashik,Tomato,Hybrid,FAQ,2026-03-03,1834.0,2074.0,1972.0,False,2026,3,3,1,62,1,Rabi,2112.0,2031.0,2182.0,2451.0,2066.6666666666665,2107.5714285714284,2169.0,67.7467272096554,2.6737967914438503,-10.975112199102407,False
Maharashtra,Nashik,Nashik,Tomato,Hybrid,FAQ,2026-03-04,1897.0,2063.0,2002.0,False,2026,3,4,2,63,1,Rabi,1972.0,2057.0,2184.0,2374.0,2047.0,2077.5714285714284,2134.785714285714,75.36324732666105,-6.628787878787879,-8.003369839932603,False
Maharashtra,Nashik,Nashik,Tomato,Hybrid,FAQ,2026-03-05,2072.0,2238.0,2135.0,False,2026,3,5,3,64,1,Rabi,2002.0,2112.0,2154.0,2301.0,2028.6666666666667,2051.5714285714284,2108.214285714286,62.888412135725325,1.5212981744421907,-6.388526727509778,False
Maharashtra,Nashik,Nashik,Tomato,Hybrid,FAQ,2026-03-06,2074.0,2319.0,2221.0,False,2026,3,6,4,65,1,Rabi,2135.0,1972.0,2033.0,2114.0,2036.3333333333333,2048.8571428571427,2096.3571428571427,57.94660925205193,6.643356643356643,-3.8315988647114474,False
Maharashtra,Nashik,Nashik,Tomato,Hybrid,FAQ,2026-03-07,2374.0,2535.0,2430.0,False,2026,3,7,5,66,1,Rabi,2221.0,2002.0,2031.0,2112.0,2119.3333333333335,2075.714285714286,2104.0,86.10016315454072,4.028103044496487,-3.835227272727273,False
Maharashtra,Nashik,Nashik,Tomato,Hybrid,FAQ,2026-03-08,2126.0,2336.0,2267.0,False,2026,3,8,6,67,1,Rabi,2430.0,2135.0,2057.0,2143.0,2262.0,2132.714285714286,2126.714285714286,155.59318139056884,9.410175596578119,-4.013065795613626,False
Maharashtra,Nashik,Nashik,Tomato,Hybrid,FAQ,2026-03-09,2091.0,2294.0,2203.0,False,2026,3,9,0,68,1,Rabi,2267.0,2221.0,2112.0,2118.0,2306.0,2162.714285714286,2135.5714285714284,158.77417326265132,-6.707818930041152,-0.28328611898017,False
Maharashtra,Nashik,Nashik,Tomato,Hybrid,FAQ,2026-03-10,2116.0,2312.0,2193.0,False,2026,3,10,1,69,1,Rabi,2203.0,2430.0,1972.0,2182.0,2300.0,2175.714285714286,2141.6428571428573,157.6512123705526,-2.8231142479047198,-9.624197983501375,False
Maharashtra,Nashik,Nashik,Tomato,Hybrid,FAQ,2026-03-11,2017.0,2239.0,2162.0,False,2026,3,11,2,70,1,Rabi,2193.0,2267.0,2002.0,2184.0,2221.0,2207.285714285714,2142.4285714285716,129.7082807504531,-0.45392646391284613,-8.333333333333332,False
Maharashtra,Nashik,Nashik,Tomato,Hybrid,FAQ,2026-03-12,1950.0,2220.0,2093.0,False,2026,3,12,3,71,1,Rabi,2162.0,2203.0,2135.0,2154.0,2186.0,2230.1428571428573,2140.8571428571427,97.63610768465603,-1.4135886912904696,-0.8820798514391829,False
Maharashtra,Nashik,Nashik,Tomato,Hybrid,FAQ,2026-03-13,1983.0,2231.0,2099.0,False,2026,3,13,4,72,1,Rabi,2093.0,2193.0,2221.0,2033.0,2149.3333333333335,2224.1428571428573,2136.5,105.43628181897235,-3.1914893617021276,9.24741760944417,False
Maharashtra,Nashik,Nashik,Tomato,Hybrid,FAQ,2026-03-14,2000.0,2263.0,2121.0,False,2026,3,14,5,73,1,Rabi,2099.0,2162.0,2430.0,2031.0,2118.0,2206.714285714286,2141.214285714286,115.63262844848343,0.2866698518872432,19.64549483013294,False
Maharashtra,Nashik,Nashik,Tomato,Hybrid,FAQ,2026-03-15,2026.0,2190.0,2128.0,False,2026,3,15,6,74,1,Rabi,2121.0,2093.0,2267.0,2057.0,2104.3333333333335,2162.5714285714284,2147.6428571428573,63.34523697658216,1.0481181515007145,10.209042294603792,False
Maharashtra,Nashik,Nashik,Tomato,Hybrid,FAQ,2026-03-16,1922.0,2129.0,2031.0,False,2026,3,16,0,75,1,Rabi,2128.0,2099.0,2203.0,2112.0,2116.0,2142.714285714286,2152.714285714286,43.97997379760943,0.33003300330033003,4.308712121212121,False
Maharashtra,Nashik,Nashik,Tomato,Hybrid,FAQ,2026-03-17,1927.0,2090.0,2039.0,False,2026,3,17,1,76,1,Rabi,2031.0,2121.0,2193.0,1972.0,2093.3333333333335,2118.1428571428573,2146.9285714285716,52.00137360823448,-4.55827067669173,11.206896551724139,False
Maharashtra,Nashik,Nashik,Tomato,Hybrid,FAQ,2026-03-18,1890.0,2123.0,2035.0,False,2026,3,18,2,77,1,Rabi,2039.0,2128.0,2162.0,2002.0,2066.0,2096.1428571428573,2151.714285714286,47.428643143953956,0.3938946331856229,7.992007992007992,False
Maharashtra,Nashik,Nashik,Tomato,Hybrid,FAQ,2026-03-19,1817.0,2030.0,1909.0,False,2026,3,19,3,78,1,Rabi,2035.0,2031.0,2093.0,2135.0,2035.0,2078.0,2154.0714285714284,42.01983658543925,-0.196174595389897,-1.9672131147540985,False
Maharashtra,Nashik,Nashik,Tomato,Hybrid,FAQ,2026-03-20,1675.0,1838.0,1766.0,False,2026,3,20,4,79,1,Rabi,1909.0,2039.0,2099.0,2221.0,1994.3333333333333,2051.714285714286,2137.9285714285716,75.38062148349849,-6.191646191646192,-5.493021161638902,False
Maharashtra,Nashik,Nashik,Tomato,Hybrid,FAQ,2026-03-21,1693.0,1903.0,1840.0,False,2026,3,21,5,80,1,Rabi,1766.0,2035.0,2121.0,2430.0,1903.3333333333333,2004.142857142857,2105.4285714285716,127.57276168449893,-7.490832896804609,-12.716049382716049,False
Maharashtra,Nashik,Nashik,Tomato,Hybrid,FAQ,2026-03-22,1745.0,1945.0,1817.0,False,2026,3,22,6,81,1,Rabi,1840.0,1909.0,2128.0,2267.0,1838.3333333333333,1964.0,2063.285714285714,128.87720253533521,4.190260475651189,-6.131451257168063,False
Maharashtra,Nashik,Nashik,Tomato,Hybrid,FAQ,2026-03-23,1740.0,1868.0,1810.0,False,2026,3,23,0,82,1,Rabi,1817.0,1766.0,2031.0,2203.0,1807.6666666666667,1919.5714285714287,2031.142857142857,115.86753520415562,-1.25,-7.807535179300953,False
Maharashtra,Nashik,Nashik,Tomato,Hybrid,FAQ,2026-03-24,1728.0,1917.0,1786.0,False,2026,3,24,1,83,1,Rabi,1810.0,1840.0,2039.0,2193.0,1822.3333333333333,1888.0,2003.0714285714287,110.42644610780776,-0.3852504127682994,-7.02234382124943,False
Maharashtra,Nashik,Nashik,Tomato,Hybrid,FAQ,2026-03-25,1657.0,1926.0,1784.0,False,2026,3,25,2,84,1,Rabi,1786.0,1817.0,2035.0,2162.0,1804.3333333333333,1851.857142857143,1974.0,92.75672225671924,-1.3259668508287292,-5.874190564292322,False
Maharashtra,Nashik,Nashik,Tomato,Hybrid,FAQ,2026-03-26,1769.0,1952.0,1824.0,False,2026,3,26,3,85,1,Rabi,1784.0,1810.0,1909.0,2093.0,1793.3333333333333,1816.0,1947.0,47.759815745045444,-0.11198208286674133,-8.791208791208792,False
Maharashtra,Nashik,Nashik,Tomato,Hybrid,FAQ,2026-03-28,1622.0,1880.0,1757.0,False,2026,3,28,5,87,1,Rabi,1824.0,1786.0,1766.0,2099.0,1798.0,1803.857142857143,1927.7857142857142,26.04117618587087,2.242152466367713,-15.864697474988091,False
Maharashtra,Nashik,Nashik,Tomato,Hybrid,FAQ,2026-03-29,1614.0,1828.0,1762.0,False,2026,3,29,6,88,1,Rabi,1757.0,1784.0,1840.0,2121.0,1788.3333333333333,1802.5714285714287,1903.357142857143,28.342295501360258,-3.673245614035088,-13.24846770391325,False
Maharashtra,Nashik,Nashik,Tomato,Hybrid,FAQ,2026-03-30,1570.0,1768.0,1699.0,False,2026,3,30,0,89,1,Rabi,1762.0,1824.0,1817.0,2128.0,1781.0,1791.4285714285713,1877.7142857142858,26.44401093416882,0.28457598178713717,-14.614661654135338,False
Maharashtra,Nashik,Nashik,Tomato,Hybrid,FAQ,2026-03-31,1583.0,1790.0,1640.0,False,2026,3,31,1,90,1,Rabi,1699.0,1757.0,1810.0,2031.0,1739.3333333333333,1774.5714285714287,1847.0714285714287,41.01973973125374,-3.575482406356413,-10.881339241752832,False
Maharashtra,Nashik,Nashik,Tomato,Hybrid,FAQ,2026-04-01,1628.0,1873.0,1733.0,False,2026,4,1,2,91,2,Zaid,1640.0,1762.0,1786.0,2039.0,1700.3333333333333,1750.2857142857142,1819.142857142857,61.67310133739192,-3.4726309593878755,-12.408043158410987,False
Maharashtra,Nashik,Nashik,Tomato,Hybrid,FAQ,2026-04-02,1554.0,1748.0,1697.0,False,2026,4,2,3,92,2,Zaid,1733.0,1699.0,1784.0,2035.0,1690.6666666666667,1742.7142857142858,1797.2857142857142,59.782144172867845,5.670731707317073,-12.334152334152334,False
Maharashtra,Nashik,Nashik,Tomato,Hybrid,FAQ,2026-04-03,1568.0,1824.0,1685.0,False,2026,4,3,4,93,2,Zaid,1697.0,1640.0,1824.0,1909.0,1690.0,1730.2857142857142,1773.142857142857,58.803951924216555,-2.07732256203116,-4.452592980618125,False
Maharashtra,Nashik,Nashik,Tomato,Hybrid,FAQ,2026-04-04,1570.0,1777.0,1666.0,False,2026,4,4,5,94,2,Zaid,1685.0,1733.0,1757.0,1766.0,1705.0,1710.4285714285713,1757.142857142857,43.31226594110749,-0.7071302298173248,-0.5096262740656852,False
Maharashtra,Nashik,Nashik,Tomato,Hybrid,FAQ,2026-04-05,1566.0,1790.0,1713.0,False,2026,4,5,6,95,2,Zaid,1666.0,1697.0,1762.0,1840.0,1682.6666666666667,1697.4285714285713,1750.0,40.57444656784085,-1.1275964391691393,-4.239130434782608,False
Maharashtra,Nashik,Nashik,Tomato,Hybrid,FAQ,2026-04-06,1566.0,1724.0,1665.0,False,2026,4,6,0,96,2,Zaid,1713.0,1685.0,1699.0,1817.0,1688.0,1690.4285714285713,1740.9285714285713,30.57153983069737,2.8211284513805523,-6.494221243808475,False
Maharashtra,Nashik,Nashik,Tomato,Hybrid,FAQ,2026-04-07,1614.0,1772.0,1678.0,False,2026,4,7,1,97,2,Zaid,1665.0,1666.0,1640.0,1810.0,1681.3333333333333,1685.5714285714287,1730.0714285714287,31.664160301828975,-2.8021015761821366,-9.392265193370166,False
Maharashtra,Nashik,Nashik,Tomato,Hybrid,FAQ,2026-04-08,1857.0,2042.0,1940.0,False,2026,4,8,2,98,2,Zaid,1678.0,1713.0,1733.0,1786.0,1685.3333333333333,1691.0,1720.642857142857,25.132979661542993,0.7807807807807807,-2.967525195968645,False
Maharashtra,Nashik,Nashik,Tomato,Hybrid,FAQ,2026-04-09,1806.0,2053.0,1932.0,False,2026,4,9,3,99,2,Zaid,1940.0,1665.0,1697.0,1784.0,1761.0,1720.5714285714287,1731.642857142857,98.23926089376485,15.613825983313468,-4.876681614349776,False
Maharashtra,Nashik,Nashik,Tomato,Hybrid,FAQ,2026-04-10,1846.0,1988.0,1933.0,False,2026,4,10,4,100,2,Zaid,1932.0,1678.0,1685.0,1824.0,1850.0,1754.142857142857,1742.2142857142858,125.27493573660405,-0.4123711340206186,-7.620614035087719,False
Maharashtra,Nashik,Nashik,Tomato,Hybrid,FAQ,2026-04-11,1797.0,1973.0,1865.0,False,2026,4,11,5,101,2,Zaid,1933.0,1940.0,1666.0,1757.0,1935.0,1789.5714285714287,1750.0,136.982793497163,0.051759834368530024,-5.179282868525896,False
Maharashtra,Nashik,Nashik,Tomato,Hybrid,FAQ,2026-04-12,1698.0,1849.0,1763.0,False,2026,4,12,6,102,2,Zaid,1865.0,1932.0,1713.0,1762.0,1910.0,1818.0,1757.7142857142858,127.37608357406539,-3.517847904811174,-2.7809307604994324,False
Maharashtra,Nashik,Nashik,Tomato,Hybrid,FAQ,2026-04-13,1723.0,1904.0,1812.0,False,2026,4,13,0,103,2,Zaid,1763.0,1933.0,1665.0,1699.0,1853.6666666666667,1825.142857142857,1757.7857142857142,121.78591677123481,-5.46916890080429,-2.0011771630370805,False
Maharashtra,Nashik,Nashik,Tomato,Hybrid,FAQ,2026-04-14,1869.0,2026.0,1975.0,False,2026,4,14,1,104,2,Zaid,1812.0,1865.0,1678.0,1640.0,1813.3333333333333,1846.142857142857,1765.857142857143,100.35840534708635,2.7793533749290984,2.317073170731707,False
Maharashtra,Nashik,Nashik,Tomato,Hybrid,FAQ,2026-04-15,1852.0,2071.0,1994.0,False,2026,4,15,2,105,2,Zaid,1975.0,1763.0,1940.0,1733.0,1850.0,1888.5714285714287,1789.7857142857142,77.6334488539113,8.995584988962472,11.944604731679169,False
Maharashtra,Nashik,Nashik,Tomato,Hybrid,FAQ,2026-04-16,1867.0,2061.0,1954.0,False,2026,4,16,3,106,2,Zaid,1994.0,1812.0,1932.0,1697.0,1927.0,1896.2857142857142,1808.4285714285713,85.84426652513586,0.9620253164556962,13.847967000589275,False
Maharashtra,Nashik,Nashik,Tomato,Hybrid,FAQ,2026-04-17,1804.0,2012.0,1921.0,False,2026,4,17,4,107,2,Zaid,1954.0,1975.0,1933.0,1685.0,1974.3333333333333,1899.4285714285713,1826.7857142857142,87.75127186705716,-2.0060180541624875,14.718100890207717,False
Maharashtra,Nashik,Nashik,Tomato,Hybrid,FAQ,2026-04-18,1843.0,1995.0,1940.0,False,2026,4,18,5,108,2,Zaid,1921.0,1994.0,1865.0,1666.0,1956.3333333333333,1897.7142857142858,1843.642857142857,87.1009266803281,-1.6888433981576252,11.944777911164465,False
Maharashtra,Nashik,Nashik,Tomato,Hybrid,FAQ,2026-04-19,1895.0,2070.0,1990.0,False,2026,4,19,6,109,2,Zaid,1940.0,1954.0,1763.0,1713.0,1938.3333333333333,1908.4285714285713,1863.2142857142858,87.01888136655258,0.989068193649141,2.918855808523059,False
Maharashtra,Nashik,Nashik,Tomato,Hybrid,FAQ,2026-04-20,1849.0,2072.0,1937.0,False,2026,4,20,0,110,2,Zaid,1990.0,1921.0,1812.0,1665.0,1950.3333333333333,1940.857142857143,1883.0,62.685534140474154,2.5773195876288657,8.82882882882883,False
Maharashtra,Nashik,Nashik,Tomato,Hybrid,FAQ,2026-04-21,1799.0,1936.0,1861.0,False,2026,4,21,1,111,2,Zaid,1937.0,1940.0,1975.0,1678.0,1955.6666666666667,1958.7142857142858,1902.4285714285713,28.15264514342746,-2.6633165829145726,17.69964243146603,False
Maharashtra,Nashik,Nashik,Tomato,Hybrid,FAQ,2026-04-22,1802.0,2052.0,1944.0,False,2026,4,22,2,112,2,Zaid,1861.0,1990.0,1994.0,1940.0,1929.3333333333333,1942.4285714285713,1915.5,45.05869188387601,-3.923593185338152,2.7835051546391756,False
Maharashtra,Nashik,Nashik,Tomato,Hybrid,FAQ,2026-04-23,2071.0,2289.0,2158.0,False,2026,4,23,3,113,2,Zaid,1944.0,1937.0,1954.0,1932.0,1914.0,1935.2857142857142,1915.7857142857142,39.08842235119165,4.45996775926921,1.1387163561076603,False
Maharashtra,Nashik,Nashik,Tomato,Hybrid,FAQ,2026-04-24,2131.0,2295.0,2233.0,False,2026,4,24,4,114,2,Zaid,2158.0,1861.0,1921.0,1933.0,1987.6666666666667,1964.4285714285713,1931.9285714285713,93.51801456200486,11.008230452674898,-0.6207966890843248,False
Maharashtra,Nashik,Nashik,Tomato,Hybrid,FAQ,2026-04-25,2099.0,2324.0,2243.0,False,2026,4,25,5,115,2,Zaid,2233.0,1944.0,1940.0,1865.0,2111.6666666666665,2009.0,1953.357142857143,134.66749174664807,3.4754402224281744,4.021447721179625,False
Maharashtra,Nashik,Nashik,Tomato,Hybrid,FAQ,2026-04-26,2008.0,2271.0,2145.0,False,2026,4,26,6,116,2,Zaid,2243.0,2158.0,1990.0,1763.0,2211.3333333333335,2052.285714285714,1980.357142857143,155.82652136881202,0.44782803403493054,12.875779920589903,False
Maharashtra,Nashik,Nashik,Tomato,Hybrid,FAQ,2026-04-27,2102.0,2259.0,2172.0,False,2026,4,27,0,117,2,Zaid,2145.0,2233.0,1937.0,1812.0,2207.0,2074.4285714285716,2007.642857142857,156.51182824615006,-4.369148461881409,6.898454746136866,False
Maharashtra,Nashik,Nashik,Tomato,Hybrid,FAQ,2026-04-28,2026.0,2249.0,2126.0,False,2026,4,28,1,118,2,Zaid,2172.0,2243.0,1861.0,1975.0,2186.6666666666665,2108.0,2033.357142857143,147.03741020570203,1.2587412587412588,-5.772151898734177,False
Maharashtra,Nashik,Nashik,Tomato,Hybrid,FAQ,2026-04-29,2007.0,2210.0,2106.0,False,2026,4,29,2,119,2,Zaid,2126.0,2145.0,1944.0,1994.0,2147.6666666666665,2145.8571428571427,2044.142857142857,99.16556622038362,-2.117863720073665,-2.507522567703109,False
Maharashtra,Nashik,Nashik,Tomato,Hybrid,FAQ,2026-04-30,1890.0,2089.0,2022.0,False,2026,4,30,3,120,2,Zaid,2106.0,2172.0,2158.0,1954.0,2134.6666666666665,2169.0,2052.1428571428573,51.7944655988103,-0.940733772342427,10.440122824974411,False
Maharashtra,Nashik,Nashik,Tomato,Hybrid,FAQ,2026-05-01,1970.0,2196.0,2076.0,False,2026,5,1,4,121,2,Zaid,2022.0,2126.0,2233.0,1921.0,2084.6666666666665,2149.5714285714284,2057.0,76.3126401562597,-3.9886039886039883,16.241540864133263,False
Maharashtra,Nashik,Nashik,Tomato,Hybrid,FAQ,2026-05-02,2071.0,2226.0,2162.0,False,2026,5,2,5,122,2,Zaid,2076.0,2106.0,2243.0,1940.0,2068.0,2127.1428571428573,2068.0714285714284,70.56067972893484,2.6706231454005933,15.618556701030927,False
Maharashtra,Nashik,Nashik,Tomato,Hybrid,FAQ,2026-05-03,2076.0,2274.0,2190.0,False,2026,5,3,6,123,2,Zaid,2162.0,2022.0,2145.0,1990.0,2086.6666666666665,2115.5714285714284,2083.9285714285716,52.80106420283784,4.142581888246628,7.788944723618091,False
Maharashtra,Nashik,Nashik,Tomato,Hybrid,FAQ,2026-05-04,2235.0,2485.0,2376.0,False,2026,5,4,0,124,2,Zaid,2190.0,2076.0,2172.0,1937.0,2142.6666666666665,2122.0,2098.214285714286,59.318350168109674,1.2950971322849214,12.132163138874548,False
Maharashtra,Nashik,Nashik,Tomato,Hybrid,FAQ,2026-05-05,2241.0,2496.0,2367.0,False,2026,5,5,1,125,2,Zaid,2376.0,2162.0,2126.0,1861.0,2242.6666666666665,2151.1428571428573,2129.5714285714284,113.41873532979135,8.493150684931507,14.239656098871576,False
Maharashtra,Nashik,Nashik,Tomato,Hybrid,FAQ,2026-05-06,2192.0,2430.0,2291.0,False,2026,5,6,2,126,2,Zaid,2367.0,2190.0,2106.0,1944.0,2311.0,2185.5714285714284,2165.714285714286,138.352035454074,-0.3787878787878788,8.333333333333332,False
Maharashtra,Nashik,Nashik,Tomato,Hybrid,FAQ,2026-05-08,1978.0,2233.0,2097.0,False,2026,5,8,4,128,2,Zaid,2291.0,2376.0,2022.0,2158.0,2344.6666666666665,2212.0,2190.5,138.28834609852785,-3.2108153781157585,-6.302131603336422,False
Maharashtra,Nashik,Nashik,Tomato,Hybrid,FAQ,2026-05-09,1936.0,2102.0,2010.0,False,2026,5,9,5,129,2,Zaid,2097.0,2367.0,2076.0,2233.0,2251.6666666666665,2222.714285714286,2186.1428571428573,123.19593376097126,-8.467917939764295,-7.03090013434841,False
Maharashtra,Nashik,Nashik,Tomato,Hybrid,FAQ,2026-05-10,1887.0,2044.0,1962.0,False,2026,5,10,6,130,2,Zaid,2010.0,2291.0,2162.0,2243.0,2132.6666666666665,2213.285714285714,2170.214285714286,137.93925509164404,-4.148783977110158,-3.6112349531876946,False
Maharashtra,Nashik,Nashik,Tomato,Hybrid,FAQ,2026-05-11,1817.0,2018.0,1924.0,False,2026,5,11,0,131,2,Zaid,1962.0,2097.0,2190.0,2145.0,2023.0,2184.714285714286,2150.1428571428573,167.81111831035236,-2.3880597014925375,2.097902097902098,False
Maharashtra,Nashik,Nashik,Tomato,Hybrid,FAQ,2026-05-12,1773.0,1983.0,1858.0,False,2026,5,12,1,132,2,Zaid,1924.0,2010.0,2376.0,2172.0,1965.3333333333333,2146.714285714286,2134.3571428571427,194.42197602612862,-1.9367991845056065,9.392265193370166,False
Maharashtra,Nashik,Nashik,Tomato,Hybrid,FAQ,2026-05-13,1800.0,2007.0,1883.0,False,2026,5,13,2,133,2,Zaid,1858.0,1962.0,2367.0,2126.0,1914.6666666666667,2072.714285714286,2111.9285714285716,191.15937006044143,-3.4303534303534304,11.335841956726247,False
Maharashtra,Nashik,Nashik,Tomato,Hybrid,FAQ,2026-05-14,1855.0,1983.0,1920.0,False,2026,5,14,3,134,2,Zaid,1883.0,1924.0,2291.0,2106.0,1888.3333333333333,2003.5714285714287,2094.5714285714284,150.09647691052794,1.3455328310010763,8.784425451092117,False
Maharashtra,Nashik,Nashik,Tomato,Hybrid,FAQ,2026-05-15,1943.0,2074.0,2018.0,False,2026,5,15,4,135,2,Zaid,1920.0,1858.0,2097.0,2022.0,1887.0,1950.5714285714287,2081.285714285714,81.52679956688775,1.9649495485926711,3.7091988130563793,False
Maharashtra,Nashik,Nashik,Tomato,Hybrid,FAQ,2026-05-16,1906.0,2105.0,1969.0,False,2026,5,16,5,136,2,Zaid,2018.0,1883.0,2010.0,2076.0,1940.3333333333333,1939.2857142857142,2081.0,60.68144770223081,5.104166666666667,-3.1791907514450863,False
Maharashtra,Nashik,Nashik,Tomato,Hybrid,FAQ,2026-05-17,1743.0,1952.0,1849.0,False,2026,5,17,6,137,2,Zaid,1969.0,1920.0,1962.0,2162.0,1969.0,1933.4285714285713,2073.3571428571427,54.368670950767964,-2.4281466798810705,-9.250693802035153,False
Maharashtra,Nashik,Nashik,Tomato,Hybrid,FAQ,2026-05-18,1798.0,1987.0,1914.0,False,2026,5,18,0,138,2,Zaid,1849.0,2018.0,1924.0,2190.0,1945.3333333333333,1917.2857142857142,2051.0,60.85971378428686,-6.094464195022854,-12.146118721461187,False
Maharashtra,Nashik,Nashik,Tomato,Hybrid,FAQ,2026-05-19,1758.0,1929.0,1877.0,False,2026,5,19,1,139,2,Zaid,1914.0,1969.0,1858.0,2376.0,1910.6666666666667,1915.857142857143,2031.2857142857142,60.79317004244871,3.515413737155219,-21.801346801346803,False
Maharashtra,Nashik,Nashik,Tomato,Hybrid,FAQ,2026-05-20,1861.0,2033.0,1948.0,False,2026,5,20,2,140,2,Zaid,1877.0,1849.0,1883.0,2367.0,1880.0,1918.5714285714287,1995.642857142857,58.145957563298694,-1.9331243469174502,-20.44782425010562,False
Maharashtra,Nashik,Nashik,Tomato,Hybrid,FAQ,2026-05-21,1749.0,1950.0,1878.0,False,2026,5,21,3,141,2,Zaid,1948.0,1914.0,1920.0,2291.0,1913.0,1927.857142857143,1965.7142857142858,56.69047119058054,3.7826318593500265,-16.193801833260586,False
Maharashtra,Nashik,Nashik,Tomato,Hybrid,FAQ,2026-05-22,1767.0,2015.0,1885.0,False,2026,5,22,4,142,2,Zaid,1878.0,1877.0,2018.0,2097.0,1901.0,1921.857142857143,1936.2142857142858,59.79807291050494,-3.5934291581108826,-3.7672865999046254,False
Maharashtra,Nashik,Nashik,Tomato,Hybrid,FAQ,2026-05-23,1915.0,2117.0,2031.0,False,2026,5,23,5,143,2,Zaid,1885.0,1948.0,1969.0,2010.0,1903.6666666666667,1902.857142857143,1921.0714285714287,42.900771443842416,0.3727369542066028,-2.0398009950248754,False
Maharashtra,Nashik,Nashik,Tomato,Hybrid,FAQ,2026-05-24,1937.0,2147.0,2068.0,False,2026,5,24,6,144,2,Zaid,2031.0,1878.0,1849.0,1962.0,1931.3333333333333,1911.7142857142858,1922.5714285714287,61.2908755735469,7.745358090185676,-5.759429153924566,False
Maharashtra,Nashik,Nashik,Tomato,Hybrid,FAQ,2026-05-25,2122.0,2290.0,2210.0,False,2026,5,25,0,145,2,Zaid,2068.0,1885.0,1914.0,1924.0,1994.6666666666667,1943.0,1930.142857142857,77.65307463327167,1.8217626784835055,-0.5197505197505198,False
Maharashtra,Nashik,Nashik,Tomato,Hybrid,FAQ,2026-05-26,2155.0,2383.0,2251.0,False,2026,5,26,1,146,2,Zaid,2210.0,2031.0,1877.0,1858.0,2103.0,1985.2857142857142,1950.5714285714287,125.24072059533349,6.866537717601548,1.022604951560818,False
Maharashtra,Nashik,Nashik,Tomato,Hybrid,FAQ,2026-05-27,2142.0,2398.0,2258.0,False,2026,5,27,2,147,2,Zaid,2251.0,2068.0,1948.0,1883.0,2176.3333333333335,2038.7142857142858,1978.642857142857,148.88890073442292,1.8552036199095023,3.451938396176314,False
Maharashtra,Nashik,Nashik,Tomato,Hybrid,FAQ,2026-05-28,2266.0,2399.0,2326.0,False,2026,5,28,3,148,2,Zaid,2258.0,2210.0,1878.0,1920.0,2239.6666666666665,2083.0,2005.4285714285713,162.85781119328163,0.3109729009329187,-2.1875,False
Maharashtra,Nashik,Nashik,Tomato,Hybrid,FAQ,2026-05-29,2267.0,2495.0,2403.0,False,2026,5,29,4,149,2,Zaid,2326.0,2251.0,1885.0,2018.0,2278.3333333333335,2147.0,2034.4285714285713,156.78435296078803,3.011514614703277,-6.590683845391476,False
Maharashtra,Nashik,Nashik,Tomato,Hybrid,FAQ,2026-05-30,2394.0,2547.0,2453.0,False,2026,5,30,5,150,2,Zaid,2403.0,2258.0,2031.0,1969.0,2329.0,2221.0,2061.9285714285716,132.94610436814605,3.310404127257094,3.1488065007618085,False
Maharashtra,Nashik,Nashik,Tomato,Hybrid,FAQ,2026-05-31,2258.0,2443.0,2385.0,False,2026,5,31,6,151,2,Zaid,2453.0,2326.0,2068.0,1849.0,2394.0,2281.285714285714,2096.5,128.0178558974118,2.0807324178110695,11.844240129799893,False
Maharashtra,Nashik,Nashik,Tomato,Hybrid,FAQ,2026-06-01,2164.0,2390.0,2297.0,False,2026,6,1,0,152,2,Kharif,2385.0,2403.0,2210.0,1914.0,2413.6666666666665,2326.5714285714284,2134.785714285714,90.59223134988598,-2.7721157766000815,15.464994775339601,False
Maharashtra,Nashik,Nashik,Tomato,Hybrid,FAQ,2026-06-02,2140.0,2283.0,2224.0,False,2026,6,2,1,153,2,Kharif,2297.0,2453.0,2251.0,1877.0,2378.3333333333335,2339.0,2162.1428571428573,76.86134702609303,-3.6897274633123693,19.925412892914224,False
Maharashtra,Nashik,Nashik,Tomato,Hybrid,FAQ,2026-06-03,2095.0,2372.0,2241.0,False,2026,6,3,2,154,2,Kharif,2224.0,2385.0,2258.0,1948.0,2302.0,2335.1428571428573,2186.9285714285716,82.48520790910557,-3.1780583369612536,15.91375770020534,False
Maharashtra,Nashik,Nashik,Tomato,Hybrid,FAQ,2026-06-04,1962.0,2189.0,2105.0,False,2026,6,4,3,155,2,Kharif,2241.0,2297.0,2326.0,1878.0,2254.0,2332.714285714286,2207.8571428571427,85.33603046332159,0.7643884892086331,23.85516506922258,False
Maharashtra,Nashik,Nashik,Tomato,Hybrid,FAQ,2026-06-05,2020.0,2192.0,2086.0,False,2026,6,5,4,156,2,Kharif,2105.0,2224.0,2403.0,1885.0,2190.0,2301.1428571428573,2224.0714285714284,121.46663269038869,-6.06871932173137,27.480106100795755,False
Maharashtra,Nashik,Nashik,Tomato,Hybrid,FAQ,2026-06-06,2085.0,2332.0,2183.0,False,2026,6,6,5,157,2,Kharif,2086.0,2241.0,2453.0,2031.0,2144.0,2255.8571428571427,2238.4285714285716,135.45039506700815,-0.9026128266033254,20.777941900541606,False
Maharashtra,Nashik,Nashik,Tomato,Hybrid,FAQ,2026-06-07,2084.0,2259.0,2202.0,False,2026,6,7,6,158,2,Kharif,2183.0,2105.0,2385.0,2068.0,2124.6666666666665,2217.285714285714,2249.285714285714,104.96779551480188,4.650047938638543,15.328820116054159,False
Maharashtra,Nashik,Nashik,Tomato,Hybrid,FAQ,2026-06-08,2165.0,2304.0,2245.0,False,2026,6,8,0,159,2,Kharif,2202.0,2086.0,2297.0,2210.0,2157.0,2191.1428571428573,2258.8571428571427,74.64455454893391,0.8703618873110398,3.936651583710407,False
Maharashtra,Nashik,Nashik,Tomato,Hybrid,FAQ,2026-06-09,2038.0,2183.0,2088.0,False,2026,6,9,1,160,2,Kharif,2245.0,2183.0,2224.0,2251.0,2210.0,2183.714285714286,2261.3571428571427,64.21244501837135,1.952770208900999,-1.1994669035984007,False
Maharashtra,Nashik,Nashik,Tomato,Hybrid,FAQ,2026-06-10,1961.0,2190.0,2111.0,False,2026,6,10,2,161,2,Kharif,2088.0,2202.0,2241.0,2258.0,2178.3333333333335,2164.285714285714,2249.714285714286,70.27971325523036,-6.993318485523385,-0.7528786536758193,False
Maharashtra,Nashik,Nashik,Tomato,Hybrid,FAQ,2026-06-11,2140.0,2284.0,2218.0,False,2026,6,11,3,162,2,Kharif,2111.0,2245.0,2105.0,2326.0,2148.0,2145.714285714286,2239.214285714286,63.476279784163765,1.1015325670498084,-9.501289767841788,False
Maharashtra,Nashik,Nashik,Tomato,Hybrid,FAQ,2026-06-12,2043.0,2313.0,2172.0,False,2026,6,12,4,163,2,Kharif,2218.0,2088.0,2086.0,2403.0,2139.0,2161.8571428571427,2231.5,65.72525788316723,5.068687825675036,-13.191843528922181,False
Maharashtra,Nashik,Nashik,Tomato,Hybrid,FAQ,2026-06-13,1952.0,2173.0,2100.0,False,2026,6,13,5,164,2,Kharif,2172.0,2111.0,2183.0,2453.0,2167.0,2174.1428571428573,2215.0,56.584534316443865,-2.0739404869251574,-11.0069302894415,False
Maharashtra,Nashik,Nashik,Tomato,Hybrid,FAQ,2026-06-14,2008.0,2206.0,2069.0,False,2026,6,14,6,165,2,Kharif,2100.0,2218.0,2202.0,2385.0,2163.3333333333335,2162.285714285714,2189.785714285714,62.77662592003549,-3.314917127071823,-7.672955974842767,False
Maharashtra,Nashik,Nashik,Tomato,Hybrid,FAQ,2026-06-15,2024.0,2204.0,2138.0,False,2026,6,15,0,166,2,Kharif,2069.0,2172.0,2245.0,2297.0,2113.6666666666665,2143.285714285714,2167.214285714286,68.60931493053583,-1.4761904761904763,-2.2638223770134958,False
Maharashtra,Nashik,Nashik,Tomato,Hybrid,FAQ,2026-06-16,1861.0,2080.0,1985.0,False,2026,6,16,1,167,2,Kharif,2138.0,2100.0,2088.0,2224.0,2102.3333333333335,2128.0,2155.8571428571427,52.10566188044619,3.3349444175930403,-6.115107913669065,False
Maharashtra,Nashik,Nashik,Tomato,Hybrid,FAQ,2026-06-17,1785.0,1989.0,1934.0,False,2026,6,17,2,168,2,Kharif,1985.0,2069.0,2111.0,2241.0,2064.0,2113.285714285714,2138.785714285714,74.85923297699608,-7.15622076707203,-5.800981704596162,False
Maharashtra,Nashik,Nashik,Tomato,Hybrid,FAQ,2026-06-18,1810.0,1992.0,1910.0,False,2026,6,18,3,169,2,Kharif,1934.0,2138.0,2218.0,2105.0,2019.0,2088.0,2116.8571428571427,101.06598504607179,-2.5692695214105794,5.368171021377672,False
Maharashtra,Nashik,Nashik,Tomato,Hybrid,FAQ,2026-06-19,1588.0,1848.0,1711.0,False,2026,6,19,4,170,2,Kharif,1910.0,1985.0,2172.0,2086.0,1943.0,2044.0,2102.9285714285716,102.07676849639311,-1.2409513960703205,4.1227229146692235,False
Maharashtra,Nashik,Nashik,Tomato,Hybrid,FAQ,2026-06-20,1594.0,1807.0,1727.0,False,2026,6,20,5,171,2,Kharif,1711.0,1934.0,2100.0,2183.0,1851.6666666666667,1978.142857142857,2076.1428571428573,145.29444652317545,-10.418848167539267,-3.8021071919377003,False
Maharashtra,Nashik,Nashik,Tomato,Hybrid,FAQ,2026-06-21,1741.0,1913.0,1831.0,False,2026,6,21,6,172,2,Kharif,1727.0,1910.0,2069.0,2202.0,1782.6666666666667,1924.857142857143,2043.5714285714287,160.73314175098633,0.9351256575102279,-6.039963669391462,False
Maharashtra,Nashik,Nashik,Tomato,Hybrid,FAQ,2026-06-22,1523.0,1750.0,1669.0,False,2026,6,22,0,173,2,Kharif,1831.0,1711.0,2138.0,2245.0,1756.3333333333333,1890.857142857143,2017.0714285714287,149.9726959276568,6.022003474232774,-4.766146993318485,False
Maharashtra,Nashik,Nashik,Tomato,Hybrid,FAQ,2026-06-23,1584.0,1747.0,1644.0,False,2026,6,23,1,174,2,Kharif,1669.0,1727.0,1985.0,2088.0,1742.3333333333333,1823.857142857143,1975.9285714285713,123.6047849281851,-8.847624249044237,-4.932950191570881,False
Maharashtra,Nashik,Nashik,Tomato,Hybrid,FAQ,2026-06-24,1534.0,1757.0,1627.0,False,2026,6,24,2,175,2,Kharif,1644.0,1831.0,1934.0,2111.0,1714.6666666666667,1775.142857142857,1944.2142857142858,116.50383194188507,-1.4979029358897544,-8.3846518237802,False
Maharashtra,Nashik,Nashik,Tomato,Hybrid,FAQ,2026-06-25,1368.0,1585.0,1492.0,False,2026,6,25,3,176,2,Kharif,1627.0,1669.0,1910.0,2218.0,1646.6666666666667,1731.2857142857142,1909.642857142857,103.83113580186337,-1.0340632603406326,-13.88638412984671,False
Maharashtra,Nashik,Nashik,Tomato,Hybrid,FAQ,2026-06-26,1253.0,1435.0,1380.0,False,2026,6,26,4,177,2,Kharif,1492.0,1644.0,1711.0,2172.0,1587.6666666666667,1671.5714285714287,1857.7857142857142,104.11829353009676,-8.297480024585125,-21.224677716390424,False
Maharashtra,Nashik,Nashik,Tomato,Hybrid,FAQ,2026-06-27,1228.0,1409.0,1279.0,False,2026,6,27,5,178,2,Kharif,1380.0,1627.0,1727.0,2100.0,1499.6666666666667,1624.2857142857142,1801.2142857142858,148.80156169175507,-7.506702412868632,-17.761904761904763,False
Maharashtra,Nashik,Nashik,Tomato,Hybrid,FAQ,2026-06-28,1106.0,1323.0,1180.0,False,2026,6,28,6,179,2,Kharif,1279.0,1492.0,1831.0,2069.0,1383.6666666666667,1560.2857142857142,1742.5714285714287,188.34871407906837,-7.3188405797101455,-11.503141614306427,False
Maharashtra,Nashik,Nashik,Tomato,Hybrid,FAQ,2026-06-29,1038.0,1295.0,1174.0,False,2026,6,29,0,180,2,Kharif,1180.0,1380.0,1669.0,2138.0,1279.6666666666667,1467.2857142857142,1679.0714285714287,193.06278278124665,-7.740422204847537,-21.93638914873714,False
Maharashtra,Nashik,Nashik,Tomato,Hybrid,FAQ,2026-07-01,1131.0,1334.0,1203.0,False,2026,7,1,2,182,3,Kharif,1174.0,1279.0,1644.0,1985.0,1211.0,1396.5714285714287,1610.2142857142858,197.46886433297087,-0.5084745762711864,-17.178841309823678,False
Maharashtra,Nashik,Nashik,Tomato,Hybrid,FAQ,2026-07-02,1032.0,1241.0,1150.0,False,2026,7,2,3,183,3,Kharif,1203.0,1180.0,1627.0,1934.0,1185.6666666666667,1333.5714285714287,1554.357142857143,174.3701590896601,2.4701873935264054,-15.873836608066183,False
Maharashtra,Nashik,Nashik,Tomato,Hybrid,FAQ,2026-07-03,952.0,1154.0,1095.0,False,2026,7,3,4,184,3,Kharif,1150.0,1174.0,1492.0,1910.0,1175.6666666666667,1265.4285714285713,1498.357142857143,127.49098941083443,-4.405652535328346,-21.8848167539267,False
Maharashtra,Nashik,Nashik,Tomato,Hybrid,FAQ,2026-07-04,1030.0,1236.0,1170.0,False,2026,7,4,5,185,3,Kharif,1095.0,1203.0,1380.0,1711.0,1149.3333333333333,1208.7142857142858,1440.142857142857,93.73671334419963,-4.782608695652174,-19.34541203974284,False
Maharashtra,Nashik,Nashik,Tomato,Hybrid,FAQ,2026-07-05,1085.0,1284.0,1172.0,False,2026,7,5,6,186,3,Kharif,1170.0,1150.0,1279.0,1727.0,1138.3333333333333,1178.7142857142858,1401.5,55.6468456300328,6.8493150684931505,-25.94093804284887,False
Maharashtra,Nashik,Nashik,Tomato,Hybrid,FAQ,2026-07-06,943.0,1110.0,1053.0,False,2026,7,6,0,187,3,Kharif,1172.0,1095.0,1180.0,1831.0,1145.6666666666667,1163.4285714285713,1361.857142857143,33.989494175215576,0.17094017094017094,-35.55434188967777,False
Maharashtra,Nashik,Nashik,Tomato,Hybrid,FAQ,2026-07-07,784.0,1000.0,857.0,True,2026,7,7,1,188,3,Kharif,1053.0,1170.0,1174.0,1669.0,1131.6666666666667,1145.2857142857142,1306.2857142857142,52.51575727251866,-10.15358361774744,-29.658478130617137,False
Maharashtra,Nashik,Nashik,Tomato,Hybrid,FAQ,2026-07-08,814.0,949.0,866.0,True,2026,7,8,2,189,3,Kharif,857.0,1172.0,1203.0,1644.0,1027.3333333333333,1100.0,1248.2857142857142,118.65636659418973,-18.61348528015195,-26.824817518248175,False
Maharashtra,Nashik,Nashik,Tomato,Hybrid,FAQ,2026-07-10,844.0,1042.0,901.0,True,2026,7,10,4,191,3,Kharif,866.0,1053.0,1150.0,1627.0,925.3333333333334,1051.857142857143,1192.7142857142858,136.86907195252093,1.0501750291715286,-29.31776275353411,False
Maharashtra,Nashik,Nashik,Tomato,Hybrid,FAQ,2026-07-11,821.0,1025.0,967.0,True,2026,7,11,5,192,3,Kharif,901.0,857.0,1095.0,1492.0,874.6666666666666,1016.2857142857143,1140.857142857143,139.44379308012594,4.041570438799076,-26.60857908847185,False
Maharashtra,Pune,Pune,Tomato,Hybrid,FAQ,2025-12-24,1479.0,1595.0,1540.0,False,2025,12,24,2,358,4,Rabi,,,,,,,,,,,False
Maharashtra,Pune,Pune,Tomato,Hybrid,FAQ,2025-12-25,1482.0,1622.0,1558.0,False,2025,12,25,3,359,4,Rabi,1540.0,,,,,,,,,,False
Maharashtra,Pune,Pune,Tomato,Hybrid,FAQ,2025-12-26,1352.0,1607.0,1496.0,False,2025,12,26,4,360,4,Rabi,1558.0,,,,,,,,1.1688311688311688,,False
Maharashtra,Pune,Pune,Tomato,Hybrid,FAQ,2025-12-27,1234.0,1488.0,1367.0,False,2025,12,27,5,361,4,Rabi,1496.0,1540.0,,,1531.3333333333333,,,,-3.979460847240052,,False
Maharashtra,Pune Rural,Pune,Tomato,Hybrid,FAQ,2025-12-27,1234.0,1488.0,1367.0,False,2025,12,27,5,361,4,Rabi,1367.0,1558.0,,,1473.6666666666667,,,,-8.622994652406417,,False
Maharashtra,Pune,Pune,Tomato,Hybrid,FAQ,2025-12-28,1318.0,1510.0,1396.0,False,2025,12,28,6,362,4,Rabi,1367.0,1496.0,,,1410.0,,,,0.0,,False
Maharashtra,Pune,Pune,Tomato,Hybrid,FAQ,2025-12-29,1264.0,1498.0,1348.0,False,2025,12,29,0,363,4,Rabi,1396.0,1367.0,,,1376.6666666666667,,,,2.121433796634967,,False
Maharashtra,Pune,Pune,Tomato,Hybrid,FAQ,2025-12-30,1124.0,1319.0,1267.0,False,2025,12,30,1,364,4,Rabi,1348.0,1367.0,1540.0,,1370.3333333333333,1438.857142857143,,89.5440833173407,-3.4383954154727796,,False
Maharashtra,Pune,Pune,Tomato,Hybrid,FAQ,2026-01-01,1109.0,1287.0,1224.0,False,2026,1,1,3,1,1,Rabi,1267.0,1396.0,1558.0,,1337.0,1399.857142857143,,97.2684062640221,-6.008902077151335,,False
Maharashtra,Pune,Pune,Tomato,Hybrid,FAQ,2026-01-02,1206.0,1469.0,1321.0,False,2026,1,2,4,2,1,Rabi,1224.0,1348.0,1496.0,,1279.6666666666667,1352.142857142857,,88.26745072303184,-3.3938437253354383,,False
Maharashtra,Pune,Pune,Tomato,Hybrid,FAQ,2026-01-03,1256.0,1396.0,1310.0,False,2026,1,3,5,3,1,Rabi,1321.0,1267.0,1367.0,,1270.6666666666667,1327.142857142857,,61.436765787891076,7.924836601307189,,False
Maharashtra,Pune,Pune,Tomato,Hybrid,FAQ,2026-01-04,1253.0,1506.0,1386.0,False,2026,1,4,6,4,1,Rabi,1310.0,1224.0,1367.0,,1285.0,1319.0,,59.002824791134586,-0.8327024981074944,,False
Maharashtra,Pune,Pune,Tomato,Hybrid,FAQ,2026-01-05,1233.0,1423.0,1326.0,False,2026,1,5,0,5,1,Rabi,1386.0,1321.0,1396.0,,1339.0,1321.7142857142858,,61.942753909595865,5.801526717557252,,False
Maharashtra,Pune,Pune,Tomato,Hybrid,FAQ,2026-01-06,1177.0,1434.0,1320.0,False,2026,1,6,1,6,1,Rabi,1326.0,1310.0,1348.0,,1340.6666666666667,1311.7142857142858,,52.94876229499064,-4.329004329004329,,False
Maharashtra,Pune,Pune,Tomato,Hybrid,FAQ,2026-01-07,1287.0,1491.0,1344.0,False,2026,1,7,2,7,1,Rabi,1320.0,1386.0,1267.0,1540.0,1344.0,1307.7142857142858,1373.2857142857142,50.7632225327033,-0.4524886877828055,-17.727272727272727,False
Maharashtra,Pune,Pune,Tomato,Hybrid,FAQ,2026-01-08,1082.0,1266.0,1168.0,False,2026,1,8,3,8,1,Rabi,1344.0,1326.0,1224.0,1558.0,1330.0,1318.7142857142858,1359.2857142857142,48.774017282819294,1.8181818181818181,-21.437740693196407,False
Maharashtra,Pune,Pune,Tomato,Hybrid,FAQ,2026-01-09,1176.0,1414.0,1292.0,False,2026,1,9,4,9,1,Rabi,1168.0,1320.0,1321.0,1496.0,1277.3333333333333,1310.7142857142858,1331.4285714285713,67.78572683024618,-13.095238095238097,-11.697860962566844,False
Maharashtra,Pune,Pune,Tomato,Hybrid,FAQ,2026-01-10,1117.0,1276.0,1194.0,False,2026,1,10,5,10,1,Rabi,1292.0,1344.0,1310.0,1367.0,1268.0,1306.5714285714287,1316.857142857143,67.93834740129496,10.616438356164384,-4.169714703730797,False
Maharashtra,Pune,Pune,Tomato,Hybrid,FAQ,2026-01-11,1171.0,1335.0,1225.0,False,2026,1,11,6,11,1,Rabi,1194.0,1168.0,1386.0,1367.0,1218.0,1290.0,1304.5,80.03332639178086,-7.5851393188854495,1.3899049012435991,False
Maharashtra,Pune,Pune,Tomato,Hybrid,FAQ,2026-01-12,1012.0,1288.0,1149.0,False,2026,1,12,0,12,1,Rabi,1225.0,1292.0,1326.0,1396.0,1237.0,1267.0,1294.357142857143,70.40123104984264,2.5963149078726966,-5.014326647564469,False
Maharashtra,Pune,Pune,Tomato,Hybrid,FAQ,2026-01-13,931.0,1106.0,989.0,False,2026,1,13,1,13,1,Rabi,1149.0,1194.0,1320.0,1348.0,1189.3333333333333,1241.7142857142858,1276.7142857142858,77.14210758013265,-6.204081632653061,-2.0771513353115725,False
Maharashtra,Pune,Pune,Tomato,Hybrid,FAQ,2026-01-14,656.0,862.0,788.0,False,2026,1,14,2,14,1,Rabi,989.0,1225.0,1344.0,1267.0,1121.0,1194.4285714285713,1251.0714285714287,113.86374480471116,-13.92515230635335,6.077348066298343,False
Maharashtra,Pune,Pune,Tomato,Hybrid,FAQ,2026-01-15,756.0,968.0,894.0,False,2026,1,15,3,15,1,Rabi,788.0,1149.0,1168.0,1224.0,975.3333333333334,1115.0,1216.857142857143,171.48372128766832,-20.323559150657232,-4.57516339869281,False
Maharashtra,Pune,Pune,Tomato,Hybrid,FAQ,2026-01-16,764.0,938.0,869.0,False,2026,1,16,4,16,1,Rabi,894.0,989.0,1292.0,1321.0,890.3333333333334,1075.857142857143,1193.2857142857142,187.85936989445835,13.451776649746192,-2.195306585919758,False
Maharashtra,Pune,Pune,Tomato,Hybrid,FAQ,2026-01-17,864.0,1053.0,919.0,False,2026,1,17,5,17,1,Rabi,869.0,788.0,1194.0,1310.0,850.3333333333334,1015.4285714285714,1161.0,174.28793909587037,-2.796420581655481,-8.854961832061068,False
Maharashtra,Pune,Pune,Tomato,Hybrid,FAQ,2026-01-18,886.0,1064.0,980.0,False,2026,1,18,6,18,1,Rabi,919.0,894.0,1225.0,1386.0,894.0,976.1428571428571,1133.0714285714287,157.51447401369074,5.7537399309551205,-11.616161616161616,False
Maharashtra,Pune,Pune,Tomato,Hybrid,FAQ,2026-01-19,775.0,1009.0,901.0,False,2026,1,19,0,19,1,Rabi,980.0,869.0,1149.0,1326.0,922.6666666666666,941.1428571428571,1104.0714285714287,114.29119034499706,6.637649619151251,-13.34841628959276,False
Maharashtra,Pune,Pune,Tomato,Hybrid,FAQ,2026-01-20,841.0,979.0,910.0,False,2026,1,20,1,20,1,Rabi,901.0,919.0,989.0,1320.0,933.3333333333334,905.7142857142857,1073.7142857142858,68.30742830691948,-8.061224489795919,-25.075757575757574,False
Maharashtra,Pune,Pune,Tomato,Hybrid,FAQ,2026-01-21,962.0,1069.0,1014.0,False,2026,1,21,2,21,1,Rabi,910.0,980.0,788.0,1344.0,930.3333333333334,894.4285714285714,1044.4285714285713,58.00246300189247,0.9988901220865706,-41.36904761904761,False
Maharashtra,Pune,Pune,Tomato,Hybrid,FAQ,2026-01-22,933.0,1172.0,1040.0,False,2026,1,22,3,22,1,Rabi,1014.0,901.0,894.0,1168.0,941.6666666666666,926.7142857142857,1020.8571428571429,51.41243132976943,11.428571428571429,-23.458904109589042,False
Maharashtra,Pune,Pune,Tomato,Hybrid,FAQ,2026-01-23,826.0,1013.0,936.0,False,2026,1,23,4,23,1,Rabi,1040.0,910.0,869.0,1292.0,988.0,947.5714285714286,1011.7142857142857,64.00223210393412,2.564102564102564,-32.73993808049536,False
Maharashtra,Pune,Pune,Tomato,Hybrid,FAQ,2026-01-24,763.0,940.0,816.0,False,2026,1,24,5,24,1,Rabi,936.0,1014.0,919.0,1194.0,996.6666666666666,957.1428571428571,986.2857142857143,54.6151034404372,-10.0,-23.03182579564489,False
Maharashtra,Pune,Pune,Tomato,Hybrid,FAQ,2026-01-25,799.0,1041.0,923.0,False,2026,1,25,6,25,1,Rabi,816.0,1040.0,980.0,1225.0,930.6666666666666,942.4285714285714,959.2857142857143,76.20992311341433,-12.82051282051282,-20.0,False
Maharashtra,Pune,Pune,Tomato,Hybrid,FAQ,2026-01-26,1019.0,1175.0,1090.0,False,2026,1,26,0,26,1,Rabi,923.0,936.0,901.0,1149.0,891.6666666666666,934.2857142857143,937.7142857142857,74.55359210150942,13.112745098039216,-21.583986074847694,False
Maharashtra,Pune,Pune,Tomato,Hybrid,FAQ,2026-01-27,1020.0,1279.0,1166.0,False,2026,1,27,1,27,1,Rabi,1090.0,816.0,910.0,989.0,943.0,961.2857142857143,933.5,92.54316881995246,18.0931744312026,-7.987866531850354,False
Maharashtra,Pune,Pune,Tomato,Hybrid,FAQ,2026-01-28,1136.0,1265.0,1204.0,False,2026,1,28,2,28,1,Rabi,1166.0,923.0,1014.0,788.0,1059.6666666666667,997.8571428571429,946.1428571428571,116.40508089058204,6.972477064220184,28.680203045685282,False
Maharashtra,Pune,Pune,Tomato,Hybrid,FAQ,2026-01-29,1121.0,1361.0,1233.0,False,2026,1,29,3,29,1,Rabi,1204.0,1090.0,1040.0,894.0,1153.3333333333333,1025.0,975.8571428571429,140.46233184262155,3.2590051457975986,16.331096196868007,False
Maharashtra,Pune,Pune,Tomato,Hybrid,FAQ,2026-01-30,1228.0,1481.0,1348.0,False,2026,1,30,4,30,1,Rabi,1233.0,1166.0,936.0,869.0,1201.0,1052.5714285714287,1000.0714285714286,161.29461361419484,2.408637873754153,7.710011507479862,False
Maharashtra,Pune,Pune,Tomato,Hybrid,FAQ,2026-01-31,1193.0,1388.0,1307.0,False,2026,1,31,5,31,1,Rabi,1348.0,1204.0,816.0,919.0,1261.6666666666667,1111.4285714285713,1034.2857142857142,185.0836361782217,9.326845093268451,-11.20783460282916,False
Maharashtra,Pune,Pune,Tomato,Hybrid,FAQ,2026-02-01,1229.0,1428.0,1375.0,False,2026,2,1,6,32,1,Rabi,1307.0,1233.0,923.0,980.0,1296.0,1181.5714285714287,1062.0,142.6333962096029,-3.0415430267062313,-5.816326530612245,False
Maharashtra,Pune,Pune,Tomato,Hybrid,FAQ,2026-02-02,1146.0,1335.0,1267.0,False,2026,2,2,0,33,1,Rabi,1375.0,1348.0,1090.0,901.0,1343.3333333333333,1246.142857142857,1090.2142857142858,102.82254709194841,5.202754399387912,20.97669256381798,False
Maharashtra,Pune,Pune,Tomato,Hybrid,FAQ,2026-02-03,1219.0,1392.0,1293.0,False,2026,2,3,1,34,1,Rabi,1267.0,1307.0,1166.0,910.0,1316.3333333333333,1271.4285714285713,1116.357142857143,76.39122362954247,-7.8545454545454545,28.13186813186813,False
Maharashtra,Pune,Pune,Tomato,Hybrid,FAQ,2026-02-04,1231.0,1472.0,1331.0,False,2026,2,4,2,35,1,Rabi,1293.0,1375.0,1204.0,1014.0,1311.6666666666667,1289.5714285714287,1143.7142857142858,60.63513047416277,2.0520915548539858,18.73767258382643,False
Maharashtra,Pune,Pune,Tomato,Hybrid,FAQ,2026-02-05,1214.0,1394.0,1279.0,False,2026,2,5,3,36,1,Rabi,1331.0,1267.0,1233.0,1040.0,1297.0,1307.7142857142858,1166.357142857143,48.561693702318166,2.9389017788089715,18.557692307692307,False
Maharashtra,Pune,Pune,Tomato,Hybrid,FAQ,2026-02-06,1108.0,1335.0,1226.0,False,2026,2,6,4,37,1,Rabi,1279.0,1293.0,1348.0,936.0,1301.0,1314.2857142857142,1183.4285714285713,38.92177747616912,-3.9068369646882046,44.01709401709402,False
Maharashtra,Pune,Pune,Tomato,Hybrid,FAQ,2026-02-07,1060.0,1266.0,1185.0,False,2026,2,7,5,38,1,Rabi,1226.0,1331.0,1307.0,816.0,1278.6666666666667,1296.857142857143,1204.142857142857,47.64601617284009,-4.143862392494136,60.17156862745098,False
Maharashtra,Pune,Pune,Tomato,Hybrid,FAQ,2026-02-08,841.0,1068.0,989.0,False,2026,2,8,6,39,1,Rabi,1185.0,1279.0,1375.0,923.0,1230.0,1279.4285714285713,1230.5,63.11855813429264,-3.3442088091353996,48.97074756229686,False
Maharashtra,Pune,Pune,Tomato,Hybrid,FAQ,2026-02-09,803.0,967.0,882.0,False,2026,2,9,0,40,1,Rabi,989.0,1226.0,1267.0,1090.0,1133.3333333333333,1224.2857142857142,1235.2142857142858,113.89573343737615,-16.540084388185655,16.238532110091743,False
Maharashtra,Pune,Pune,Tomato,Hybrid,FAQ,2026-02-10,597.0,816.0,739.0,False,2026,2,10,1,41,1,Rabi,882.0,1185.0,1293.0,1166.0,1018.6666666666666,1169.2857142857142,1220.357142857143,169.30910025326824,-10.819009100101113,10.891938250428817,False
Maharashtra,Pune,Pune,Tomato,Hybrid,FAQ,2026-02-11,637.0,837.0,777.0,False,2026,2,11,2,42,1,Rabi,739.0,989.0,1331.0,1204.0,870.0,1090.142857142857,1189.857142857143,222.85602869074333,-16.213151927437643,10.548172757475083,False
Maharashtra,Pune,Pune,Tomato,Hybrid,FAQ,2026-02-12,772.0,986.0,839.0,False,2026,2,12,3,43,1,Rabi,777.0,882.0,1279.0,1233.0,799.3333333333334,1011.0,1159.357142857143,221.4309523681516,5.142083897158322,3.7307380373073804,False
Maharashtra,Pune,Pune,Tomato,Hybrid,FAQ,2026-02-13,768.0,1008.0,863.0,False,2026,2,13,4,44,1,Rabi,839.0,739.0,1226.0,1348.0,785.0,948.1428571428571,1131.2142857142858,193.3446220021205,7.979407979407979,-9.050445103857568,False
Maharashtra,Pune,Pune,Tomato,Hybrid,FAQ,2026-02-14,687.0,836.0,756.0,False,2026,2,14,5,45,1,Rabi,863.0,777.0,1185.0,1307.0,826.3333333333334,896.2857142857143,1096.5714285714287,150.28496740716108,2.860548271752086,-9.334353481254782,False
Maharashtra,Pune,Pune,Tomato,Hybrid,FAQ,2026-02-15,792.0,915.0,851.0,False,2026,2,15,6,46,1,Rabi,756.0,839.0,989.0,1375.0,819.3333333333334,835.0,1057.2142857142858,87.12634503983325,-12.398609501738122,-28.07272727272727,False
Maharashtra,Pune,Pune,Tomato,Hybrid,FAQ,2026-02-16,705.0,899.0,835.0,False,2026,2,16,0,47,1,Rabi,851.0,863.0,882.0,1267.0,823.3333333333334,815.2857142857143,1019.7857142857143,56.811719112974544,12.566137566137566,-30.386740331491712,False
Maharashtra,Pune,Pune,Tomato,Hybrid,FAQ,2026-02-17,690.0,867.0,753.0,False,2026,2,17,1,48,1,Rabi,835.0,756.0,739.0,1293.0,814.0,808.5714285714286,988.9285714285714,49.97951961506306,-1.8801410105757932,-42.846094354215005,False
Maharashtra,Pune,Pune,Tomato,Hybrid,FAQ,2026-02-18,593.0,813.0,709.0,False,2026,2,18,2,49,1,Rabi,753.0,851.0,777.0,1331.0,813.0,810.5714285714286,950.3571428571429,46.917861356692356,-9.820359281437126,-41.62283996994741,False
Maharashtra,Pune,Pune,Tomato,Hybrid,FAQ,2026-02-19,688.0,924.0,806.0,False,2026,2,19,3,50,1,Rabi,709.0,835.0,839.0,1279.0,765.6666666666666,800.8571428571429,905.9285714285714,60.18977923044428,-5.843293492695882,-34.401876465989055,False
Maharashtra,Pune,Pune,Tomato,Hybrid,FAQ,2026-02-20,627.0,777.0,681.0,False,2026,2,20,4,51,1,Rabi,806.0,753.0,863.0,1226.0,756.0,796.1428571428571,872.1428571428571,57.95523724228575,13.681241184767279,-29.608482871125613,False
Maharashtra,Pune,Pune,Tomato,Hybrid,FAQ,2026-02-21,611.0,857.0,750.0,False,2026,2,21,5,52,1,Rabi,681.0,709.0,756.0,1185.0,732.0,770.1428571428571,833.2142857142857,63.52015053358771,-15.508684863523573,-36.20253164556962,False
Maharashtra,Pune,Pune,Tomato,Hybrid,FAQ,2026-02-22,678.0,943.0,795.0,False,2026,2,22,6,53,1,Rabi,750.0,806.0,851.0,989.0,745.6666666666666,769.2857142857143,802.1428571428571,63.782741358757974,10.13215859030837,-13.953488372093023,False
Maharashtra,Pune,Pune,Tomato,Hybrid,FAQ,2026-02-23,567.0,835.0,716.0,False,2026,2,23,0,54,1,Rabi,795.0,681.0,835.0,882.0,742.0,761.2857142857143,788.2857142857143,54.68916494064329,6.0,-5.328798185941043,False
Maharashtra,Pune,Pune,Tomato,Hybrid,FAQ,2026-02-24,721.0,910.0,782.0,False,2026,2,24,1,55,1,Rabi,716.0,750.0,753.0,739.0,753.6666666666666,744.2857142857143,776.4285714285714,45.71547617497709,-9.937106918238994,1.8944519621109608,False
Maharashtra,Pune,Pune,Tomato,Hybrid,FAQ,2026-02-25,584.0,813.0,725.0,False,2026,2,25,2,56,1,Rabi,782.0,795.0,709.0,777.0,764.3333333333334,748.4285714285714,779.5,47.89870263677136,9.217877094972067,-8.751608751608751,False
Maharashtra,Pune,Pune,Tomato,Hybrid,FAQ,2026-02-26,537.0,712.0,631.0,False,2026,2,26,3,57,1,Rabi,725.0,716.0,806.0,839.0,741.0,750.7142857142857,775.7857142857143,46.04966263254879,-7.289002557544758,-3.9332538736591176,False
Maharashtra,Pune,Pune,Tomato,Hybrid,FAQ,2026-02-27,680.0,950.0,806.0,False,2026,2,27,4,58,1,Rabi,631.0,782.0,681.0,863.0,712.6666666666666,725.7142857142857,760.9285714285714,57.18891001384432,-12.96551724137931,-21.089223638470454,False
Maharashtra,Pune,Pune,Tomato,Hybrid,FAQ,2026-02-28,765.0,897.0,840.0,False,2026,2,28,5,59,1,Rabi,806.0,725.0,750.0,756.0,720.6666666666666,743.5714285714286,756.8571428571429,60.32925532127165,27.733755942947703,-0.7936507936507936,False
Maharashtra,Pune,Pune,Tomato,Hybrid,FAQ,2026-03-01,815.0,1033.0,892.0,False,2026,3,1,6,60,1,Rabi,840.0,631.0,795.0,851.0,759.0,756.4285714285714,762.8571428571429,70.63723556042643,4.218362282878412,-6.580493537015276,False
Maharashtra,Pune,Pune,Tomato,Hybrid,FAQ,2026-03-03,1040.0,1181.0,1093.0,False,2026,3,3,1,62,1,Rabi,892.0,806.0,716.0,835.0,846.0,770.2857142857143,765.7857142857143,87.06839129043831,6.190476190476191,-14.251497005988023,False
Maharashtra,Pune,Pune,Tomato,Hybrid,FAQ,2026-03-04,871.0,1077.0,1003.0,False,2026,3,4,2,63,1,Rabi,1093.0,840.0,782.0,753.0,941.6666666666666,824.1428571428571,784.2142857142857,145.13146749462337,22.533632286995516,3.851261620185923,False
Maharashtra,Pune,Pune,Tomato,Hybrid,FAQ,2026-03-05,920.0,1126.0,1035.0,False,2026,3,5,3,64,1,Rabi,1003.0,892.0,725.0,709.0,996.0,855.7142857142857,802.0714285714286,157.91106598938782,-8.234217749313816,2.2566995768688294,False
Maharashtra,Pune,Pune,Tomato,Hybrid,FAQ,2026-03-06,902.0,1095.0,954.0,False,2026,3,6,4,65,1,Rabi,1035.0,1093.0,631.0,806.0,1043.6666666666667,900.0,825.3571428571429,158.61063436394588,3.1904287138584246,-21.712158808933,False
Maharashtra,Pune,Pune,Tomato,Hybrid,FAQ,2026-03-07,897.0,1106.0,974.0,False,2026,3,7,5,66,1,Rabi,954.0,1003.0,806.0,681.0,997.3333333333334,946.1428571428571,835.9285714285714,105.352469630013,-7.82608695652174,18.355359765051396,False
Maharashtra,Pune,Pune,Tomato,Hybrid,FAQ,2026-03-08,904.0,1193.0,1051.0,False,2026,3,8,6,67,1,Rabi,974.0,1035.0,840.0,750.0,987.6666666666666,970.1428571428571,856.8571428571429,85.34133147041236,2.0964360587002098,12.0,False
Maharashtra,Pune,Pune,Tomato,Hybrid,FAQ,2026-03-09,840.0,1070.0,940.0,False,2026,3,9,0,68,1,Rabi,1051.0,954.0,892.0,795.0,993.0,1000.2857142857143,878.3571428571429,67.0067516143312,7.905544147843943,12.20125786163522,False
Maharashtra,Pune,Pune,Tomato,Hybrid,FAQ,2026-03-10,810.0,1019.0,887.0,False,2026,3,10,1,69,1,Rabi,940.0,974.0,1093.0,716.0,988.3333333333334,1007.1428571428571,888.7142857142857,55.556063489740716,-10.561370123691722,52.6536312849162,False
Maharashtra,Pune,Pune,Tomato,Hybrid,FAQ,2026-03-11,772.0,919.0,860.0,False,2026,3,11,2,70,1,Rabi,887.0,1051.0,1003.0,782.0,959.3333333333334,977.7142857142857,900.9285714285714,57.03716415845048,-5.638297872340425,28.26086956521739,False
Maharashtra,Pune,Pune,Tomato,Hybrid,FAQ,2026-03-12,687.0,903.0,754.0,False,2026,3,12,3,71,1,Rabi,860.0,940.0,1035.0,725.0,895.6666666666666,957.2857142857143,906.5,70.4928230051687,-3.0439684329199546,42.758620689655174,False
Maharashtra,Pune,Pune,Tomato,Hybrid,FAQ,2026-03-13,786.0,996.0,918.0,False,2026,3,13,4,72,1,Rabi,754.0,887.0,954.0,631.0,833.6666666666666,917.1428571428571,908.5714285714286,94.71083811868013,-12.325581395348838,51.188589540412046,False
Maharashtra,Pune,Pune,Tomato,Hybrid,FAQ,2026-03-14,793.0,1036.0,936.0,False,2026,3,14,5,73,1,Rabi,918.0,860.0,974.0,806.0,844.0,912.0,929.0714285714286,93.34345183246643,21.750663129973475,20.843672456575682,False
Maharashtra,Pune,Pune,Tomato,Hybrid,FAQ,2026-03-15,714.0,943.0,848.0,False,2026,3,15,6,74,1,Rabi,936.0,754.0,1051.0,840.0,869.3333333333334,906.5714285714286,938.3571428571429,90.18842708991197,1.9607843137254901,25.11904761904762,False
Maharashtra,Pune,Pune,Tomato,Hybrid,FAQ,2026-03-16,873.0,1026.0,940.0,False,2026,3,16,0,75,1,Rabi,848.0,918.0,940.0,892.0,900.6666666666666,877.5714285714286,938.9285714285714,65.17631763878953,-9.401709401709402,5.381165919282512,False
Maharashtra,Pune,Pune,Tomato,Hybrid,FAQ,2026-03-17,909.0,1080.0,1023.0,False,2026,3,17,1,76,1,Rabi,940.0,936.0,887.0,1093.0,908.0,877.5714285714286,942.3571428571429,65.17631763878953,10.849056603773585,-18.84720951509607,False
Maharashtra,Pune,Pune,Tomato,Hybrid,FAQ,2026-03-18,922.0,1169.0,1072.0,False,2026,3,18,2,77,1,Rabi,1023.0,848.0,860.0,1003.0,937.0,897.0,937.3571428571429,85.54336132434041,8.829787234042554,-14.257228315054835,False
Maharashtra,Pune,Pune,Tomato,Hybrid,FAQ,2026-03-19,744.0,969.0,876.0,False,2026,3,19,3,78,1,Rabi,1072.0,940.0,754.0,1035.0,1011.6666666666666,927.2857142857143,942.2857142857143,105.46834325318378,4.789833822091887,-27.149758454106284,False
Maharashtra,Pune,Pune,Tomato,Hybrid,FAQ,2026-03-20,775.0,1005.0,914.0,False,2026,3,20,4,79,1,Rabi,876.0,1023.0,918.0,954.0,990.3333333333334,944.7142857142857,930.9285714285714,78.75852183671755,-18.28358208955224,-3.7735849056603774,False
Maharashtra,Pune,Pune,Tomato,Hybrid,FAQ,2026-03-21,922.0,1145.0,1032.0,False,2026,3,21,5,80,1,Rabi,914.0,1072.0,936.0,974.0,954.0,944.1428571428571,928.0714285714286,78.99879444529186,4.337899543378995,-3.9014373716632447,False
Maharashtra,Pune,Pune,Tomato,Hybrid,FAQ,2026-03-22,875.0,986.0,934.0,False,2026,3,22,6,81,1,Rabi,1032.0,876.0,848.0,1051.0,940.6666666666666,957.8571428571429,932.2142857142857,85.42136456302642,12.910284463894966,-19.314938154138915,False
Maharashtra,Pune,Pune,Tomato,Hybrid,FAQ,2026-03-23,774.0,985.0,911.0,False,2026,3,23,0,82,1,Rabi,934.0,914.0,940.0,940.0,960.0,970.1428571428571,923.8571428571429,72.13974533599898,-9.496124031007753,0.0,False
Maharashtra,Pune,Pune,Tomato,Hybrid,FAQ,2026-03-24,891.0,1074.0,973.0,False,2026,3,24,1,83,1,Rabi,911.0,1032.0,1023.0,887.0,959.0,966.0,921.7857142857143,74.93775194564218,-2.462526766595289,15.332581736189402,False
Maharashtra,Pune,Pune,Tomato,Hybrid,FAQ,2026-03-25,831.0,1043.0,897.0,False,2026,3,25,2,84,1,Rabi,973.0,934.0,1072.0,860.0,939.3333333333334,958.8571428571429,927.9285714285714,70.87178228187479,6.805708013172337,24.651162790697676,False
Maharashtra,Pune,Pune,Tomato,Hybrid,FAQ,2026-03-27,929.0,1090.0,981.0,False,2026,3,27,4,86,1,Rabi,897.0,911.0,876.0,754.0,927.0,933.8571428571429,930.5714285714286,52.89432411714389,-7.810894141829394,16.180371352785148,False
Maharashtra,Pune,Pune,Tomato,Hybrid,FAQ,2026-03-28,1033.0,1176.0,1084.0,False,2026,3,28,5,87,1,Rabi,981.0,973.0,914.0,918.0,950.3333333333334,948.8571428571429,946.7857142857143,48.454200270043295,9.364548494983277,-0.4357298474945534,False
Maharashtra,Pune,Pune,Tomato,Hybrid,FAQ,2026-03-29,707.0,923.0,829.0,False,2026,3,29,6,88,1,Rabi,1084.0,897.0,1032.0,936.0,987.3333333333334,973.1428571428571,958.6428571428571,67.09055713841394,10.499490316004078,10.256410256410255,False
Maharashtra,Pune,Pune,Tomato,Hybrid,FAQ,2026-03-31,747.0,892.0,818.0,False,2026,3,31,1,90,1,Rabi,829.0,981.0,934.0,848.0,964.6666666666666,944.1428571428571,951.0,80.03421887215578,-23.5239852398524,10.141509433962264,False
Maharashtra,Pune,Pune,Tomato,Hybrid,FAQ,2026-04-01,825.0,993.0,917.0,False,2026,4,1,2,91,2,Zaid,818.0,1084.0,911.0,940.0,910.3333333333334,927.5714285714286,948.8571428571429,93.38068526709543,-1.3268998793727382,-3.0851063829787235,False
Maharashtra,Pune,Pune,Tomato,Hybrid,FAQ,2026-04-02,818.0,1072.0,955.0,False,2026,4,2,3,92,2,Zaid,917.0,829.0,973.0,1023.0,854.6666666666666,928.4285714285714,947.2142857142857,93.23064078376986,12.102689486552567,-4.887585532746823,False
Maharashtra,Pune,Pune,Tomato,Hybrid,FAQ,2026-04-03,824.0,1007.0,894.0,False,2026,4,3,4,93,2,Zaid,955.0,818.0,897.0,1072.0,896.6666666666666,925.8571428571429,942.3571428571429,92.03700084101762,4.143947655398037,-16.324626865671643,False
Maharashtra,Pune,Pune,Tomato,Hybrid,FAQ,2026-04-04,546.0,782.0,632.0,False,2026,4,4,5,94,2,Zaid,894.0,917.0,981.0,876.0,922.0,925.4285714285714,929.6428571428571,92.20060943915901,-6.387434554973822,11.986301369863012,False
Maharashtra,Pune,Pune,Tomato,Hybrid,FAQ,2026-04-05,343.0,592.0,450.0,False,2026,4,5,6,95,2,Zaid,632.0,955.0,1084.0,914.0,827.0,875.5714285714286,912.2142857142857,139.4140800431782,-29.30648769574944,18.599562363238512,False
Maharashtra,Pune,Pune,Tomato,Hybrid,FAQ,2026-04-06,170.0,395.0,300.0,False,2026,4,6,0,96,2,Zaid,450.0,894.0,829.0,1032.0,658.6666666666666,785.0,879.0714285714286,181.1371487759115,-28.79746835443038,-19.670542635658915,False
Maharashtra,Pune,Pune,Tomato,Hybrid,FAQ,2026-04-07,258.0,426.0,357.0,False,2026,4,7,1,97,2,Zaid,300.0,632.0,818.0,934.0,460.6666666666667,709.4285714285714,826.7857142857143,255.00840322288553,-33.33333333333333,-12.419700214132762,False
Maharashtra,Pune,Pune,Tomato,Hybrid,FAQ,2026-04-08,407.0,578.0,503.0,False,2026,4,8,2,98,2,Zaid,357.0,450.0,917.0,911.0,369.0,643.5714285714286,785.5714285714286,280.54521747415185,19.0,0.6586169045005488,False
Maharashtra,Pune,Pune,Tomato,Hybrid,FAQ,2026-04-09,335.0,583.0,480.0,False,2026,4,9,3,99,2,Zaid,503.0,300.0,955.0,973.0,386.6666666666667,584.4285714285714,756.4285714285714,255.84686640179743,40.896358543417364,-1.8499486125385407,False
Maharashtra,Pune,Pune,Tomato,Hybrid,FAQ,2026-04-10,424.0,641.0,537.0,False,2026,4,10,4,100,2,Zaid,480.0,357.0,894.0,897.0,446.6666666666667,516.5714285714286,721.2142857142857,197.524561462499,-4.572564612326044,-0.33444816053511706,False
Maharashtra,Pune,Pune,Tomato,Hybrid,FAQ,2026-04-11,448.0,620.0,508.0,False,2026,4,11,5,101,2,Zaid,537.0,503.0,632.0,981.0,506.6666666666667,465.57142857142856,695.5,110.94571817313445,11.875,-35.57594291539245,False
Maharashtra,Pune,Pune,Tomato,Hybrid,FAQ,2026-04-12,329.0,552.0,424.0,False,2026,4,12,6,102,2,Zaid,508.0,480.0,450.0,1084.0,508.3333333333333,447.85714285714283,661.7142857142857,87.3296982158784,-5.400372439478584,-58.487084870848705,False
Maharashtra,Pune,Pune,Tomato,Hybrid,FAQ,2026-04-13,282.0,516.0,373.0,False,2026,4,13,0,103,2,Zaid,424.0,537.0,300.0,829.0,489.6666666666667,444.14285714285717,614.5714285714286,87.77514563061912,-16.535433070866144,-63.8118214716526,False
Maharashtra,Pune,Pune,Tomato,Hybrid,FAQ,2026-04-14,209.0,422.0,330.0,False,2026,4,14,1,104,2,Zaid,373.0,508.0,357.0,818.0,435.0,454.57142857142856,582.0,70.41509578411376,-12.028301886792454,-56.35696821515892,False
Maharashtra,Pune,Pune,Tomato,Hybrid,FAQ,2026-04-15,152.0,417.0,300.0,False,2026,4,15,2,105,2,Zaid,330.0,424.0,503.0,917.0,375.6666666666667,450.7142857142857,547.1428571428571,77.07510252066896,-11.528150134048257,-45.147219193020725,False
Maharashtra,Pune,Pune,Tomato,Hybrid,FAQ,2026-04-17,271.0,468.0,346.0,False,2026,4,17,4,107,2,Zaid,300.0,373.0,480.0,955.0,334.3333333333333,421.7142857142857,503.07142857142856,91.04708358081355,-9.090909090909092,-49.73821989528796,False
Maharashtra,Pune,Pune,Tomato,Hybrid,FAQ,2026-04-18,172.0,417.0,300.0,False,2026,4,18,5,108,2,Zaid,346.0,330.0,537.0,894.0,325.3333333333333,402.57142857142856,459.57142857142856,90.83658797140029,15.333333333333332,-39.93288590604027,False
Maharashtra,Pune,Pune,Tomato,Hybrid,FAQ,2026-04-19,320.0,461.0,378.0,False,2026,4,19,6,109,2,Zaid,300.0,300.0,508.0,632.0,315.3333333333333,368.7142857142857,417.14285714285717,75.20353335164299,-13.294797687861271,-19.62025316455696,False
Maharashtra,Pune,Pune,Tomato,Hybrid,FAQ,2026-04-20,325.0,549.0,400.0,False,2026,4,20,0,110,2,Zaid,378.0,346.0,424.0,450.0,341.3333333333333,350.14285714285717,399.0,45.101472893278306,26.0,-5.777777777777778,False
Maharashtra,Pune,Pune,Tomato,Hybrid,FAQ,2026-04-21,415.0,604.0,533.0,False,2026,4,21,1,111,2,Zaid,400.0,300.0,373.0,300.0,359.3333333333333,346.7142857142857,395.42857142857144,39.05856408742763,5.82010582010582,24.333333333333336,False
Maharashtra,Pune,Pune,Tomato,Hybrid,FAQ,2026-04-22,396.0,548.0,470.0,False,2026,4,22,2,112,2,Zaid,533.0,378.0,330.0,357.0,437.0,369.57142857142856,412.07142857142856,81.14566561202946,33.25,-7.563025210084033,False
Maharashtra,Pune,Pune,Tomato,Hybrid,FAQ,2026-04-23,288.0,478.0,340.0,False,2026,4,23,3,113,2,Zaid,470.0,400.0,300.0,503.0,467.6666666666667,389.57142857142856,420.14285714285717,86.82138204931215,-11.819887429643527,-40.357852882703774,False
Maharashtra,Pune,Pune,Tomato,Hybrid,FAQ,2026-04-24,153.0,384.0,300.0,False,2026,4,24,4,114,2,Zaid,340.0,533.0,346.0,480.0,447.6666666666667,395.2857142857143,408.5,81.06934127793524,-27.659574468085108,-27.916666666666668,False
Maharashtra,Pune,Pune,Tomato,Hybrid,FAQ,2026-04-25,321.0,452.0,386.0,False,2026,4,25,5,115,2,Zaid,300.0,470.0,300.0,537.0,370.0,388.7142857142857,395.64285714285717,87.35123407965303,-11.76470588235294,-44.134078212290504,False
Maharashtra,Pune,Pune,Tomato,Hybrid,FAQ,2026-04-26,304.0,545.0,433.0,False,2026,4,26,6,116,2,Zaid,386.0,340.0,378.0,508.0,342.0,401.0,384.85714285714283,78.38154544704324,28.666666666666668,-25.590551181102363,False
Maharashtra,Pune,Pune,Tomato,Hybrid,FAQ,2026-04-27,363.0,531.0,444.0,False,2026,4,27,0,117,2,Zaid,433.0,300.0,400.0,424.0,373.0,408.85714285714283,379.5,78.44834515235544,12.176165803108809,-5.660377358490567,False
Maharashtra,Pune,Pune,Tomato,Hybrid,FAQ,2026-04-28,275.0,533.0,402.0,False,2026,4,28,1,118,2,Zaid,444.0,386.0,533.0,373.0,421.0,415.14285714285717,380.92857142857144,79.37763868880047,2.5404157043879905,42.89544235924933,False
Maharashtra,Pune,Pune,Tomato,Hybrid,FAQ,2026-04-29,363.0,581.0,454.0,False,2026,4,29,2,119,2,Zaid,402.0,433.0,470.0,330.0,426.3333333333333,396.42857142857144,383.0,60.04958268758095,-9.45945945945946,42.42424242424242,False
Maharashtra,Pune,Pune,Tomato,Hybrid,FAQ,2026-04-30,345.0,583.0,443.0,False,2026,4,30,3,120,2,Zaid,454.0,444.0,340.0,300.0,433.3333333333333,394.14285714285717,391.85714285714283,57.010024181218334,12.935323383084576,13.333333333333334,False
Maharashtra,Pune,Pune,Tomato,Hybrid,FAQ,2026-05-01,257.0,523.0,388.0,False,2026,5,1,4,121,2,Zaid,443.0,402.0,300.0,346.0,433.0,408.85714285714283,402.07142857142856,53.914835841443086,-2.4229074889867843,-13.294797687861271,False
Maharashtra,Pune,Pune,Tomato,Hybrid,FAQ,2026-05-02,362.0,586.0,441.0,False,2026,5,2,5,122,2,Zaid,388.0,454.0,386.0,300.0,428.3333333333333,421.42857142857144,405.07142857142856,28.634810649847257,-12.415349887133182,28.666666666666668,False
Maharashtra,Pune,Pune,Tomato,Hybrid,FAQ,2026-05-03,541.0,708.0,656.0,False,2026,5,3,6,123,2,Zaid,441.0,443.0,433.0,378.0,424.0,429.2857142857143,415.14285714285717,24.54733037565693,13.65979381443299,14.550264550264549,False
Maharashtra,Pune,Pune,Tomato,Hybrid,FAQ,2026-05-04,617.0,817.0,763.0,False,2026,5,4,0,124,2,Zaid,656.0,388.0,444.0,400.0,495.0,461.14285714285717,435.0,89.34656973723014,48.75283446712018,11.0,False
Maharashtra,Pune,Pune,Tomato,Hybrid,FAQ,2026-05-05,711.0,960.0,828.0,False,2026,5,5,1,125,2,Zaid,763.0,441.0,402.0,533.0,620.0,506.7142857142857,460.92857142857144,143.86534709664548,16.3109756097561,-24.577861163227016,False
Maharashtra,Pune,Pune,Tomato,Hybrid,FAQ,2026-05-06,787.0,942.0,838.0,False,2026,5,6,2,126,2,Zaid,828.0,656.0,454.0,470.0,749.0,567.5714285714286,482.0,178.19358120020075,8.51900393184797,-3.404255319148936,False
Maharashtra,Pune,Pune,Tomato,Hybrid,FAQ,2026-05-07,774.0,949.0,831.0,False,2026,5,7,3,127,2,Zaid,838.0,763.0,443.0,340.0,809.6666666666666,622.4285714285714,508.2857142857143,195.65518746241437,1.2077294685990339,30.294117647058822,False
Maharashtra,Pune,Pune,Tomato,Hybrid,FAQ,2026-05-08,445.0,672.0,545.0,False,2026,5,8,4,128,2,Zaid,831.0,828.0,388.0,300.0,832.3333333333334,677.8571428571429,543.3571428571429,191.26197441504925,-0.8353221957040573,29.333333333333332,False
Maharashtra,Pune,Pune,Tomato,Hybrid,FAQ,2026-05-09,323.0,505.0,438.0,False,2026,5,9,5,129,2,Zaid,545.0,838.0,441.0,386.0,738.0,700.2857142857143,560.8571428571429,157.9026221924075,-34.416365824308066,14.248704663212436,False
Maharashtra,Pune,Pune,Tomato,Hybrid,FAQ,2026-05-10,297.0,545.0,434.0,False,2026,5,10,6,130,2,Zaid,438.0,831.0,656.0,433.0,604.6666666666666,699.8571428571429,564.5714285714286,158.72557929902038,-19.63302752293578,51.50115473441108,False
Maharashtra,Pune,Pune,Tomato,Hybrid,FAQ,2026-05-11,250.0,438.0,363.0,False,2026,5,11,0,131,2,Zaid,434.0,545.0,763.0,444.0,472.3333333333333,668.1428571428571,564.6428571428571,188.3608492330867,-0.91324200913242,71.84684684684684,False
Maharashtra,Pune,Pune,Tomato,Hybrid,FAQ,2026-05-12,236.0,498.0,366.0,False,2026,5,12,1,132,2,Zaid,363.0,438.0,828.0,402.0,411.6666666666667,611.0,558.8571428571429,213.7506335273266,-16.359447004608295,105.97014925373134,False
Maharashtra,Pune,Pune,Tomato,Hybrid,FAQ,2026-05-13,271.0,491.0,366.0,False,2026,5,13,2,133,2,Zaid,366.0,434.0,838.0,454.0,387.6666666666667,545.0,556.2857142857143,206.79297215653517,0.8264462809917356,84.58149779735683,False
Maharashtra,Pune,Pune,Tomato,Hybrid,FAQ,2026-05-14,340.0,508.0,403.0,False,2026,5,14,3,134,2,Zaid,366.0,363.0,831.0,443.0,365.0,477.57142857142856,550.0,168.79263129933318,0.0,87.58465011286681,False
Maharashtra,Pune,Pune,Tomato,Hybrid,FAQ,2026-05-15,233.0,460.0,325.0,False,2026,5,15,4,135,2,Zaid,403.0,366.0,545.0,388.0,378.3333333333333,416.42857142857144,547.1428571428571,65.09699722429097,10.10928961748634,40.4639175257732,False
Maharashtra,Pune,Pune,Tomato,Hybrid,FAQ,2026-05-16,198.0,394.0,334.0,False,2026,5,16,5,136,2,Zaid,325.0,366.0,438.0,441.0,364.6666666666667,385.0,542.6428571428571,41.51305015695255,-19.35483870967742,-0.6802721088435374,False
Maharashtra,Pune,Pune,Tomato,Hybrid,FAQ,2026-05-17,175.0,375.0,312.0,False,2026,5,17,6,137,2,Zaid,334.0,403.0,434.0,656.0,354.0,370.14285714285717,535.0,37.83044880969818,2.769230769230769,-33.84146341463415,False
Maharashtra,Pune,Pune,Tomato,Hybrid,FAQ,2026-05-18,178.0,360.0,300.0,False,2026,5,18,0,138,2,Zaid,312.0,325.0,363.0,763.0,323.6666666666667,352.7142857142857,510.42857142857144,30.99308678676233,-6.58682634730539,-52.424639580602886,False
Maharashtra,Pune,Pune,Tomato,Hybrid,FAQ,2026-05-19,171.0,373.0,300.0,False,2026,5,19,1,139,2,Zaid,300.0,334.0,366.0,828.0,315.3333333333333,343.7142857142857,477.35714285714283,36.21562409474384,-3.8461538461538463,-55.79710144927537,False
Maharashtra,Pune,Pune,Tomato,Hybrid,FAQ,2026-05-20,301.0,489.0,415.0,False,2026,5,20,2,140,2,Zaid,300.0,312.0,366.0,838.0,304.0,334.2857142857143,439.64285714285717,37.994360483784945,0.0,-56.324582338902154,False
Maharashtra,Pune,Pune,Tomato,Hybrid,FAQ,2026-05-22,401.0,573.0,510.0,False,2026,5,22,4,142,2,Zaid,415.0,300.0,403.0,831.0,338.3333333333333,341.2857142857143,409.42857142857144,48.005952011930695,38.333333333333336,-51.50421179302046,False
Maharashtra,Pune,Pune,Tomato,Hybrid,FAQ,2026-05-23,284.0,530.0,404.0,False,2026,5,23,5,143,2,Zaid,510.0,300.0,325.0,545.0,408.3333333333333,356.57142857142856,386.5,78.36635575478844,22.89156626506024,-40.36697247706422,False
Maharashtra,Pune,Pune,Tomato,Hybrid,FAQ,2026-05-24,320.0,482.0,381.0,False,2026,5,24,6,144,2,Zaid,404.0,415.0,334.0,438.0,443.0,367.85714285714283,376.42857142857144,78.7494520011189,-20.784313725490197,-23.74429223744292,False
Maharashtra,Pune,Pune,Tomato,Hybrid,FAQ,2026-05-26,306.0,540.0,441.0,False,2026,5,26,1,146,2,Zaid,381.0,510.0,312.0,434.0,431.6666666666667,374.57142857142856,372.35714285714283,77.37324503741188,-5.693069306930694,-28.110599078341014,False
Maharashtra,Pune,Pune,Tomato,Hybrid,FAQ,2026-05-27,207.0,475.0,342.0,False,2026,5,27,2,147,2,Zaid,441.0,404.0,300.0,363.0,408.6666666666667,393.0,372.85714285714283,75.3215329990943,15.748031496062993,-17.355371900826448,False
Maharashtra,Pune,Pune,Tomato,Hybrid,FAQ,2026-05-28,210.0,383.0,300.0,False,2026,5,28,3,148,2,Zaid,342.0,381.0,300.0,366.0,388.0,399.0,371.35714285714283,67.9950978625198,-22.448979591836736,-18.0327868852459,False
Maharashtra,Pune,Pune,Tomato,Hybrid,FAQ,2026-05-29,474.0,677.0,548.0,False,2026,5,29,4,149,2,Zaid,300.0,441.0,415.0,366.0,361.0,399.0,366.64285714285717,67.9950978625198,-12.280701754385964,13.387978142076504,False
Maharashtra,Pune,Pune,Tomato,Hybrid,FAQ,2026-05-30,421.0,603.0,520.0,False,2026,5,30,5,150,2,Zaid,548.0,342.0,510.0,403.0,396.6666666666667,418.0,379.64285714285717,88.65476110546437,82.66666666666667,26.550868486352357,False
Maharashtra,Pune,Pune,Tomato,Hybrid,FAQ,2026-05-31,352.0,578.0,497.0,False,2026,5,31,6,151,2,Zaid,520.0,300.0,404.0,325.0,456.0,419.42857142857144,388.0,90.44677466675823,-5.109489051094891,24.307692307692307,False
Maharashtra,Pune,Pune,Tomato,Hybrid,FAQ,2026-06-01,394.0,557.0,461.0,False,2026,6,1,0,152,2,Kharif,497.0,548.0,381.0,334.0,521.6666666666666,432.7142857142857,400.2857142857143,94.5404927102934,-4.423076923076923,14.071856287425149,False
Maharashtra,Pune,Pune,Tomato,Hybrid,FAQ,2026-06-02,399.0,590.0,504.0,False,2026,6,2,1,153,2,Kharif,461.0,520.0,441.0,312.0,492.6666666666667,444.14285714285717,409.35714285714283,92.04967602953921,-7.2434607645875255,41.34615384615385,False
Maharashtra,Pune,Pune,Tomato,Hybrid,FAQ,2026-06-03,234.0,476.0,329.0,False,2026,6,3,2,154,2,Kharif,504.0,497.0,342.0,300.0,487.3333333333333,453.14285714285717,423.07142857142856,94.73195267249123,9.327548806941431,14.000000000000002,False
Maharashtra,Pune,Pune,Tomato,Hybrid,FAQ,2026-06-04,226.0,396.0,300.0,False,2026,6,4,3,155,2,Kharif,329.0,461.0,300.0,300.0,431.3333333333333,451.2857142857143,425.14285714285717,97.36480247966934,-34.72222222222222,0.0,False
Maharashtra,Pune,Pune,Tomato,Hybrid,FAQ,2026-06-05,174.0,371.0,300.0,False,2026,6,5,4,156,2,Kharif,300.0,504.0,548.0,415.0,377.6666666666667,451.2857142857143,425.14285714285717,97.36480247966934,-8.814589665653495,32.04819277108434,False
Maharashtra,Pune,Pune,Tomato,Hybrid,FAQ,2026-06-06,344.0,534.0,428.0,False,2026,6,6,5,157,2,Kharif,300.0,329.0,520.0,510.0,309.6666666666667,415.85714285714283,416.92857142857144,101.34664699506912,0.0,1.9607843137254901,False
Maharashtra,Pune,Pune,Tomato,Hybrid,FAQ,2026-06-07,321.0,515.0,391.0,False,2026,6,7,6,158,2,Kharif,428.0,300.0,497.0,404.0,342.6666666666667,402.7142857142857,411.07142857142856,91.03060709767753,42.66666666666667,23.01980198019802,False
Maharashtra,Pune,Pune,Tomato,Hybrid,FAQ,2026-06-08,333.0,540.0,418.0,False,2026,6,8,0,159,2,Kharif,391.0,300.0,461.0,381.0,373.0,387.57142857142856,410.14285714285717,80.99559070891478,-8.644859813084112,20.99737532808399,False
Maharashtra,Pune,Pune,Tomato,Hybrid,FAQ,2026-06-09,314.0,537.0,396.0,False,2026,6,9,1,160,2,Kharif,418.0,428.0,504.0,441.0,412.3333333333333,381.42857142857144,412.7857142857143,75.97336626050418,6.905370843989769,14.285714285714285,False
Maharashtra,Pune,Pune,Tomato,Hybrid,FAQ,2026-06-10,283.0,440.0,382.0,False,2026,6,10,2,161,2,Kharif,396.0,391.0,329.0,342.0,401.6666666666667,366.0,409.57142857142856,55.00606027218292,-5.263157894736842,-3.8011695906432745,False
Maharashtra,Pune,Pune,Tomato,Hybrid,FAQ,2026-06-11,295.0,509.0,365.0,False,2026,6,11,3,162,2,Kharif,382.0,418.0,300.0,300.0,398.6666666666667,373.57142857142856,412.42857142857144,52.6619949706243,-3.535353535353535,0.0,False
Maharashtra,Pune,Pune,Tomato,Hybrid,FAQ,2026-06-12,218.0,464.0,360.0,False,2026,6,12,4,163,2,Kharif,365.0,396.0,300.0,548.0,381.0,382.85714285714283,417.07142857142856,42.22332914171806,-4.450261780104712,-45.25547445255474,False
Maharashtra,Pune,Pune,Tomato,Hybrid,FAQ,2026-06-13,304.0,501.0,381.0,False,2026,6,13,5,164,2,Kharif,360.0,382.0,428.0,520.0,369.0,391.42857142857144,403.64285714285717,25.297280109780647,-1.36986301369863,-17.692307692307693,False
Maharashtra,Pune,Pune,Tomato,Hybrid,FAQ,2026-06-14,405.0,521.0,460.0,False,2026,6,14,6,165,2,Kharif,381.0,365.0,391.0,497.0,368.6666666666667,384.7142857142857,393.7142857142857,19.55943323748823,5.833333333333333,-21.32796780684105,False
Maharashtra,Pune,Pune,Tomato,Hybrid,FAQ,2026-06-15,303.0,503.0,353.0,False,2026,6,15,0,166,2,Kharif,460.0,360.0,418.0,461.0,400.3333333333333,394.57142857142856,391.07142857142856,34.746017243506245,20.73490813648294,-9.327548806941431,False
Maharashtra,Pune,Pune,Tomato,Hybrid,FAQ,2026-06-16,305.0,486.0,406.0,False,2026,6,16,1,167,2,Kharif,353.0,381.0,396.0,504.0,398.0,385.2857142857143,383.35714285714283,36.10038912862887,-23.26086956521739,-21.428571428571427,False
Maharashtra,Pune,Pune,Tomato,Hybrid,FAQ,2026-06-17,396.0,539.0,461.0,False,2026,6,17,2,168,2,Kharif,406.0,460.0,382.0,329.0,406.3333333333333,386.7142857142857,376.35714285714283,36.78638464484413,15.01416430594901,16.109422492401215,False
Maharashtra,Pune,Pune,Tomato,Hybrid,FAQ,2026-06-18,479.0,641.0,583.0,False,2026,6,18,3,169,2,Kharif,461.0,353.0,365.0,300.0,406.6666666666667,398.0,385.7857142857143,46.05069670121161,13.546798029556651,21.666666666666668,False
Maharashtra,Pune,Pune,Tomato,Hybrid,FAQ,2026-06-19,472.0,584.0,524.0,False,2026,6,19,4,170,2,Kharif,583.0,406.0,360.0,300.0,483.3333333333333,429.14285714285717,406.0,80.69578380442069,26.46420824295011,20.0,False
Maharashtra,Pune,Pune,Tomato,Hybrid,FAQ,2026-06-20,472.0,716.0,586.0,False,2026,6,20,5,171,2,Kharif,524.0,461.0,381.0,428.0,522.6666666666666,452.57142857142856,422.0,81.08196910710771,-10.120068610634648,-10.981308411214954,False
Maharashtra,Pune,Pune,Tomato,Hybrid,FAQ,2026-06-21,476.0,659.0,573.0,False,2026,6,21,6,172,2,Kharif,586.0,583.0,460.0,391.0,564.3333333333334,481.85714285714283,433.2857142857143,87.67635289599518,11.83206106870229,17.647058823529413,False
Maharashtra,Pune,Pune,Tomato,Hybrid,FAQ,2026-06-22,422.0,622.0,523.0,False,2026,6,22,0,173,2,Kharif,573.0,524.0,353.0,418.0,561.0,498.0,446.2857142857143,93.20944158184946,-2.218430034129693,-15.550239234449762,False
Maharashtra,Pune,Pune,Tomato,Hybrid,FAQ,2026-06-23,453.0,711.0,566.0,False,2026,6,23,1,174,2,Kharif,523.0,586.0,406.0,396.0,560.6666666666666,522.2857142857143,453.7857142857143,67.82259772306678,-8.726003490401396,2.525252525252525,False
Maharashtra,Pune,Pune,Tomato,Hybrid,FAQ,2026-06-24,617.0,728.0,672.0,False,2026,6,24,2,175,2,Kharif,566.0,573.0,461.0,382.0,554.0,545.1428571428571,465.92857142857144,45.333683472038906,8.221797323135755,20.680628272251308,False
Maharashtra,Pune,Pune,Tomato,Hybrid,FAQ,2026-06-25,814.0,936.0,883.0,False,2026,6,25,3,176,2,Kharif,672.0,523.0,583.0,365.0,587.0,575.2857142857143,486.64285714285717,49.97237332004774,18.727915194346288,59.726027397260275,False
Maharashtra,Pune,Pune,Tomato,Hybrid,FAQ,2026-06-26,897.0,1095.0,961.0,False,2026,6,26,4,177,2,Kharif,883.0,566.0,524.0,360.0,707.0,618.1428571428571,523.6428571428571,126.98743844888594,31.398809523809522,45.55555555555556,False
Maharashtra,Pune,Pune,Tomato,Hybrid,FAQ,2026-06-27,982.0,1127.0,1047.0,False,2026,6,27,5,178,2,Kharif,961.0,672.0,586.0,381.0,838.6666666666666,680.5714285714286,566.5714285714286,172.3183653811138,8.833522083805208,53.805774278215225,False
Maharashtra,Pune,Pune,Tomato,Hybrid,FAQ,2026-06-28,910.0,1084.0,985.0,False,2026,6,28,6,179,2,Kharif,1047.0,883.0,573.0,460.0,963.6666666666666,746.4285714285714,614.1428571428571,213.3571787268608,8.949011446409989,24.565217391304348,False
Maharashtra,Pune,Pune,Tomato,Hybrid,FAQ,2026-06-29,772.0,1012.0,863.0,False,2026,6,29,0,180,2,Kharif,985.0,961.0,523.0,353.0,997.6666666666666,805.2857142857143,651.6428571428571,214.36628643959995,-5.921680993314231,48.1586402266289,False
Maharashtra,Pune,Pune,Tomato,Hybrid,FAQ,2026-06-30,822.0,1011.0,877.0,False,2026,6,30,1,181,2,Kharif,863.0,1047.0,566.0,406.0,965.0,853.8571428571429,688.0714285714286,174.57035694472677,-12.385786802030458,39.40886699507389,False
Maharashtra,Pune,Pune,Tomato,Hybrid,FAQ,2026-07-01,729.0,933.0,830.0,False,2026,7,1,2,182,3,Kharif,877.0,985.0,672.0,461.0,908.3333333333334,898.2857142857143,721.7142857142857,120.21191605620676,1.6222479721900347,45.770065075921906,False
Maharashtra,Pune,Pune,Tomato,Hybrid,FAQ,2026-07-02,648.0,800.0,718.0,False,2026,7,2,3,183,3,Kharif,830.0,863.0,883.0,583.0,856.6666666666666,920.8571428571429,748.0714285714286,78.09914334021789,-5.359179019384264,51.45797598627787,False
Maharashtra,Pune,Pune,Tomato,Hybrid,FAQ,2026-07-03,630.0,810.0,739.0,False,2026,7,3,4,184,3,Kharif,718.0,877.0,961.0,524.0,808.3333333333334,897.2857142857143,757.7142857142857,109.86766932043521,-13.493975903614459,83.3969465648855,False
Maharashtra,Pune,Pune,Tomato,Hybrid,FAQ,2026-07-04,613.0,742.0,677.0,False,2026,7,4,5,185,3,Kharif,739.0,830.0,1047.0,586.0,762.3333333333334,865.5714285714286,773.0714285714286,119.98591187143106,2.9247910863509747,78.66894197952219,False
Maharashtra,Pune,Pune,Tomato,Hybrid,FAQ,2026-07-05,644.0,878.0,764.0,False,2026,7,5,6,186,3,Kharif,677.0,718.0,985.0,573.0,711.3333333333334,812.7142857142857,779.5714285714286,107.59912373514597,-8.389715832205685,71.9022687609075,False
Maharashtra,Pune,Pune,Tomato,Hybrid,FAQ,2026-07-06,614.0,822.0,688.0,False,2026,7,6,0,187,3,Kharif,764.0,739.0,863.0,523.0,726.6666666666666,781.1428571428571,793.2142857142857,76.5711620464435,12.850812407680944,65.00956022944551,False
Maharashtra,Pune,Pune,Tomato,Hybrid,FAQ,2026-07-07,659.0,787.0,730.0,False,2026,7,7,1,188,3,Kharif,688.0,677.0,877.0,566.0,709.6666666666666,756.1428571428571,805.0,73.91307636097103,-9.947643979057592,54.946996466431095,False
Maharashtra,Pune,Pune,Tomato,Hybrid,FAQ,2026-07-08,519.0,776.0,661.0,False,2026,7,8,2,189,3,Kharif,730.0,764.0,830.0,672.0,727.3333333333334,735.1428571428571,816.7142857142857,51.265415799959676,6.104651162790697,23.511904761904763,False
Maharashtra,Pune,Pune,Tomato,Hybrid,FAQ,2026-07-09,747.0,951.0,806.0,False,2026,7,9,3,190,3,Kharif,661.0,688.0,718.0,883.0,693.0,711.0,815.9285714285714,36.94139502870173,-9.452054794520548,-18.68629671574179,False
Maharashtra,Pune,Pune,Tomato,Hybrid,FAQ,2026-07-10,642.0,787.0,732.0,False,2026,7,10,4,191,3,Kharif,806.0,730.0,739.0,961.0,732.3333333333334,723.5714285714286,810.4285714285714,51.73283013991814,21.936459909228443,-23.100936524453694,False
Maharashtra,Pune,Pune,Tomato,Hybrid,FAQ,2026-07-11,522.0,684.0,622.0,False,2026,7,11,5,192,3,Kharif,732.0,661.0,677.0,1047.0,733.0,722.5714285714286,794.0714285714286,51.451780477313164,-9.181141439205955,-35.33906399235912,False
Maharashtra,Sangli,Sangli,Tomato,Hybrid,FAQ,2025-12-24,1627.0,1805.0,1700.0,False,2025,12,24,2,358,4,Rabi,,,,,,,,,,,False
Maharashtra,Sangli,Sangli,Tomato,Hybrid,FAQ,2025-12-25,1598.0,1801.0,1685.0,False,2025,12,25,3,359,4,Rabi,1700.0,,,,,,,,,,False
Maharashtra,Sangli,Sangli,Tomato,Hybrid,FAQ,2025-12-26,1636.0,1783.0,1705.0,False,2025,12,26,4,360,4,Rabi,1685.0,,,,,,,,-0.8823529411764706,,False
Maharashtra,Sangli,Sangli,Tomato,Hybrid,FAQ,2025-12-27,1534.0,1674.0,1606.0,False,2025,12,27,5,361,4,Rabi,1705.0,1700.0,,,1696.6666666666667,,,,1.1869436201780417,,False
Maharashtra,Sangli,Sangli,Tomato,Hybrid,FAQ,2025-12-28,1414.0,1704.0,1557.0,False,2025,12,28,6,362,4,Rabi,1606.0,1685.0,,,1665.3333333333333,,,,-5.806451612903226,,False
Maharashtra,Sangli,Sangli,Tomato,Hybrid,FAQ,2025-12-29,1525.0,1696.0,1632.0,False,2025,12,29,0,363,4,Rabi,1557.0,1705.0,,,1622.6666666666667,,,,-3.0510585305105855,,False
Maharashtra,Sangli,Sangli,Tomato,Hybrid,FAQ,2025-12-30,1654.0,1800.0,1741.0,False,2025,12,30,1,364,4,Rabi,1632.0,1606.0,,,1598.3333333333333,,,,4.8169556840077075,,False
Maharashtra,Sangli,Sangli,Tomato,Hybrid,FAQ,2025-12-31,1589.0,1830.0,1695.0,False,2025,12,31,2,365,4,Rabi,1741.0,1557.0,1700.0,,1643.3333333333333,1660.857142857143,,64.69783245062791,6.678921568627451,,False
Maharashtra,Sangli,Sangli,Tomato,Hybrid,FAQ,2026-01-01,1530.0,1719.0,1647.0,False,2026,1,1,3,1,1,Rabi,1695.0,1632.0,1685.0,,1689.3333333333333,1660.142857142857,,64.21948969855534,-2.642159678345778,,False
Maharashtra,Sangli,Sangli,Tomato,Hybrid,FAQ,2026-01-02,1619.0,1828.0,1691.0,False,2026,1,2,4,2,1,Rabi,1647.0,1741.0,1705.0,,1694.3333333333333,1654.7142857142858,,63.36853658221427,-2.831858407079646,,False
Maharashtra,Sangli,Sangli,Tomato,Hybrid,FAQ,2026-01-03,1565.0,1752.0,1615.0,False,2026,1,3,5,3,1,Rabi,1691.0,1695.0,1606.0,,1677.6666666666667,1652.7142857142858,,61.71632492221781,2.671523982999393,,False
Maharashtra,Sangli,Sangli,Tomato,Hybrid,FAQ,2026-01-04,1407.0,1649.0,1536.0,False,2026,1,4,6,4,1,Rabi,1615.0,1647.0,1557.0,,1651.0,1654.0,,60.66575090883929,-4.49438202247191,,False
Maharashtra,Sangli,Sangli,Tomato,Hybrid,FAQ,2026-01-05,1382.0,1563.0,1478.0,False,2026,1,5,0,5,1,Rabi,1536.0,1691.0,1632.0,,1614.0,1651.0,,66.50062656346434,-4.891640866873065,,False
Maharashtra,Sangli,Sangli,Tomato,Hybrid,FAQ,2026-01-06,1461.0,1619.0,1520.0,False,2026,1,6,1,6,1,Rabi,1478.0,1615.0,1741.0,,1543.0,1629.0,,93.73188713915182,-3.7760416666666665,,False
Maharashtra,Sangli,Sangli,Tomato,Hybrid,FAQ,2026-01-07,1361.0,1576.0,1435.0,False,2026,1,7,2,7,1,Rabi,1520.0,1536.0,1695.0,1700.0,1511.3333333333333,1597.4285714285713,1629.142857142857,86.67344295853131,2.841677943166441,-0.29411764705882354,False
Maharashtra,Sangli,Sangli,Tomato,Hybrid,FAQ,2026-01-08,1278.0,1472.0,1375.0,False,2026,1,8,3,8,1,Rabi,1435.0,1478.0,1647.0,1685.0,1477.6666666666667,1560.2857142857142,1610.2142857142858,93.34472719569229,-5.592105263157895,-2.2551928783382786,False
Maharashtra,Sangli,Sangli,Tomato,Hybrid,FAQ,2026-01-09,1222.0,1414.0,1321.0,False,2026,1,9,4,9,1,Rabi,1375.0,1520.0,1691.0,1705.0,1443.3333333333333,1521.4285714285713,1588.0714285714287,106.8657368583864,-4.181184668989547,-0.8211143695014663,False
Maharashtra,Sangli,Sangli,Tomato,Hybrid,FAQ,2026-01-10,1252.0,1512.0,1362.0,False,2026,1,10,5,10,1,Rabi,1321.0,1435.0,1615.0,1606.0,1377.0,1468.5714285714287,1560.642857142857,100.31759091814004,-3.9272727272727272,0.5603985056039851,False
Maharashtra,Sangli,Sangli,Tomato,Hybrid,FAQ,2026-01-11,1181.0,1381.0,1314.0,False,2026,1,11,6,11,1,Rabi,1362.0,1375.0,1536.0,1557.0,1352.6666666666667,1432.4285714285713,1543.2142857142858,82.8187924383873,3.1037093111279335,-1.348747591522158,False
Maharashtra,Sangli,Sangli,Tomato,Hybrid,FAQ,2026-01-12,1386.0,1509.0,1439.0,False,2026,1,12,0,12,1,Rabi,1314.0,1321.0,1478.0,1632.0,1332.3333333333333,1400.7142857142858,1525.857142857143,78.9635238273878,-3.524229074889868,-9.436274509803921,False
Maharashtra,Sangli,Sangli,Tomato,Hybrid,FAQ,2026-01-14,1159.0,1360.0,1260.0,False,2026,1,14,2,14,1,Rabi,1439.0,1362.0,1520.0,1741.0,1371.6666666666667,1395.142857142857,1512.0714285714287,73.80927803338737,9.512937595129376,-12.693854106835154,False
Maharashtra,Sangli,Sangli,Tomato,Hybrid,FAQ,2026-01-15,939.0,1139.0,1073.0,False,2026,1,15,3,15,1,Rabi,1260.0,1314.0,1435.0,1695.0,1337.6666666666667,1358.0,1477.7142857142858,65.45227268781746,-12.439193884642112,-15.339233038348082,False
Maharashtra,Sangli,Sangli,Tomato,Hybrid,FAQ,2026-01-16,1176.0,1323.0,1228.0,False,2026,1,16,4,16,1,Rabi,1073.0,1439.0,1375.0,1647.0,1257.3333333333333,1306.2857142857142,1433.2857142857142,117.10353579306899,-14.841269841269842,-16.514875531268974,False
Maharashtra,Sangli,Sangli,Tomato,Hybrid,FAQ,2026-01-17,1066.0,1255.0,1177.0,False,2026,1,17,5,17,1,Rabi,1228.0,1260.0,1321.0,1691.0,1187.0,1285.2857142857142,1403.357142857143,115.90184681547838,14.445479962721341,-21.880544056771143,False
Maharashtra,Sangli,Sangli,Tomato,Hybrid,FAQ,2026-01-18,1139.0,1294.0,1206.0,False,2026,1,18,6,18,1,Rabi,1177.0,1073.0,1362.0,1615.0,1159.3333333333333,1264.7142857142858,1366.642857142857,121.16615903476779,-4.153094462540716,-15.665634674922602,False
Maharashtra,Sangli,Sangli,Tomato,Hybrid,FAQ,2026-01-19,1041.0,1229.0,1166.0,False,2026,1,19,0,19,1,Rabi,1206.0,1228.0,1314.0,1536.0,1203.6666666666667,1242.4285714285713,1337.4285714285713,114.45065478603848,2.463891248937978,-14.453125,False
Maharashtra,Sangli,Sangli,Tomato,Hybrid,FAQ,2026-01-20,1152.0,1353.0,1279.0,False,2026,1,20,1,20,1,Rabi,1166.0,1177.0,1439.0,1478.0,1183.0,1221.2857142857142,1311.0,112.68202205870597,-3.316749585406302,-2.6387009472259813,False
Maharashtra,Sangli,Sangli,Tomato,Hybrid,FAQ,2026-01-21,1198.0,1430.0,1341.0,False,2026,1,21,2,21,1,Rabi,1279.0,1206.0,1260.0,1520.0,1217.0,1198.4285714285713,1296.7857142857142,68.86909597891507,9.691252144082332,-17.105263157894736,False
Maharashtra,Sangli,Sangli,Tomato,Hybrid,FAQ,2026-01-22,1450.0,1559.0,1507.0,False,2026,1,22,3,22,1,Rabi,1341.0,1166.0,1073.0,1435.0,1262.0,1210.0,1284.0,85.68936145559309,4.847537138389367,-25.226480836236938,False
Maharashtra,Sangli,Sangli,Tomato,Hybrid,FAQ,2026-01-23,1388.0,1589.0,1516.0,False,2026,1,23,4,23,1,Rabi,1507.0,1279.0,1228.0,1375.0,1375.6666666666667,1272.0,1289.142857142857,120.13048461291517,12.378821774794929,-10.690909090909091,False
Maharashtra,Sangli,Sangli,Tomato,Hybrid,FAQ,2026-01-24,1548.0,1686.0,1633.0,False,2026,1,24,5,24,1,Rabi,1516.0,1341.0,1177.0,1321.0,1454.6666666666667,1313.142857142857,1299.2142857142858,148.51422891587404,0.5972130059721301,-10.900832702498107,False
Maharashtra,Sangli,Sangli,Tomato,Hybrid,FAQ,2026-01-25,1498.0,1718.0,1641.0,False,2026,1,25,6,25,1,Rabi,1633.0,1507.0,1206.0,1362.0,1552.0,1378.2857142857142,1321.5,176.26089969674248,7.717678100263853,-11.45374449339207,False
Maharashtra,Sangli,Sangli,Tomato,Hybrid,FAQ,2026-01-26,1552.0,1781.0,1663.0,False,2026,1,26,0,26,1,Rabi,1641.0,1516.0,1166.0,1314.0,1596.6666666666667,1440.4285714285713,1341.4285714285713,181.98521656337724,0.4898958971218616,-11.263318112633181,False
Maharashtra,Sangli,Sangli,Tomato,Hybrid,FAQ,2026-01-27,1597.0,1880.0,1742.0,False,2026,1,27,1,27,1,Rabi,1663.0,1633.0,1279.0,1439.0,1645.6666666666667,1511.4285714285713,1366.357142857143,151.46601064579653,1.340645947592931,-11.118832522585128,False
Maharashtra,Sangli,Sangli,Tomato,Hybrid,FAQ,2026-01-28,1577.0,1779.0,1701.0,False,2026,1,28,2,28,1,Rabi,1742.0,1641.0,1341.0,1260.0,1682.0,1577.5714285714287,1388.0,133.02112256186652,4.750450992182802,6.428571428571428,False
Maharashtra,Sangli,Sangli,Tomato,Hybrid,FAQ,2026-01-29,1631.0,1861.0,1780.0,False,2026,1,29,3,29,1,Rabi,1701.0,1663.0,1507.0,1073.0,1702.0,1629.0,1419.5,88.43264857129029,-2.3536165327210106,40.44734389561976,False
Maharashtra,Sangli,Sangli,Tomato,Hybrid,FAQ,2026-01-30,1828.0,1970.0,1912.0,False,2026,1,30,4,30,1,Rabi,1780.0,1742.0,1516.0,1228.0,1741.0,1668.0,1470.0,85.82152022268814,4.644326866549089,23.452768729641694,False
Maharashtra,Sangli,Sangli,Tomato,Hybrid,FAQ,2026-01-31,1681.0,1898.0,1765.0,False,2026,1,31,5,31,1,Rabi,1912.0,1701.0,1633.0,1177.0,1797.6666666666667,1724.5714285714287,1518.857142857143,98.50694923516252,7.415730337078652,38.74256584536958,False
Maharashtra,Sangli,Sangli,Tomato,Hybrid,FAQ,2026-02-01,1585.0,1798.0,1729.0,False,2026,2,1,6,32,1,Rabi,1765.0,1780.0,1641.0,1206.0,1819.0,1743.4285714285713,1560.857142857143,90.35274786977345,-7.688284518828452,36.069651741293534,False
Maharashtra,Sangli,Sangli,Tomato,Hybrid,FAQ,2026-02-02,1731.0,1846.0,1787.0,False,2026,2,2,0,33,1,Rabi,1729.0,1912.0,1663.0,1166.0,1802.0,1756.0,1598.2142857142858,79.15385861303992,-2.039660056657224,42.62435677530017,False
Maharashtra,Sangli,Sangli,Tomato,Hybrid,FAQ,2026-02-03,1704.0,1880.0,1770.0,False,2026,2,3,1,34,1,Rabi,1787.0,1765.0,1742.0,1279.0,1760.3333333333333,1773.7142857142858,1642.5714285714287,67.95516729362463,3.35454019664546,36.20015637216575,False
Maharashtra,Sangli,Sangli,Tomato,Hybrid,FAQ,2026-02-04,1702.0,1874.0,1777.0,False,2026,2,4,2,35,1,Rabi,1770.0,1729.0,1701.0,1341.0,1762.0,1777.7142857142858,1677.642857142857,66.58757212802178,-0.9513150531617236,26.845637583892618,False
Maharashtra,Sangli,Sangli,Tomato,Hybrid,FAQ,2026-02-05,1392.0,1633.0,1508.0,False,2026,2,5,3,36,1,Rabi,1777.0,1787.0,1780.0,1507.0,1778.0,1788.5714285714287,1708.7857142857142,57.58141234477294,0.39548022598870053,18.115461181154615,False
Maharashtra,Sangli,Sangli,Tomato,Hybrid,FAQ,2026-02-07,1561.0,1743.0,1687.0,False,2026,2,7,5,38,1,Rabi,1508.0,1770.0,1912.0,1516.0,1685.0,1749.7142857142858,1708.857142857143,121.08635250062062,-15.137872819358469,26.121372031662272,False
Maharashtra,Sangli,Sangli,Tomato,Hybrid,FAQ,2026-02-08,1512.0,1740.0,1602.0,False,2026,2,8,6,39,1,Rabi,1687.0,1777.0,1765.0,1633.0,1657.3333333333333,1717.5714285714287,1721.0714285714287,98.60334196982824,11.870026525198938,8.083282302510716,False
Maharashtra,Sangli,Sangli,Tomato,Hybrid,FAQ,2026-02-09,1619.0,1900.0,1759.0,False,2026,2,9,0,40,1,Rabi,1602.0,1508.0,1729.0,1641.0,1599.0,1694.2857142857142,1718.857142857143,104.60037330353067,-5.038529934795495,5.362583790371724,False
Maharashtra,Sangli,Sangli,Tomato,Hybrid,FAQ,2026-02-10,1784.0,1930.0,1861.0,False,2026,2,10,1,41,1,Rabi,1759.0,1687.0,1787.0,1663.0,1682.6666666666667,1698.5714285714287,1727.2857142857142,106.85013982654516,9.800249687890137,7.456404088995791,False
Maharashtra,Sangli,Sangli,Tomato,Hybrid,FAQ,2026-02-11,1694.0,1846.0,1762.0,False,2026,2,11,2,42,1,Rabi,1861.0,1602.0,1770.0,1742.0,1740.6666666666667,1709.142857142857,1741.4285714285713,119.91862320121948,5.79874928936896,1.6073478760045925,False
Maharashtra,Sangli,Sangli,Tomato,Hybrid,FAQ,2026-02-12,1810.0,1995.0,1872.0,False,2026,2,12,3,43,1,Rabi,1762.0,1759.0,1777.0,1701.0,1794.0,1708.0,1742.857142857143,119.27838585985809,-5.319720580333154,4.467960023515579,False
Maharashtra,Sangli,Sangli,Tomato,Hybrid,FAQ,2026-02-13,1745.0,1927.0,1848.0,False,2026,2,13,4,44,1,Rabi,1872.0,1861.0,1508.0,1780.0,1831.6666666666667,1721.5714285714287,1755.0714285714287,133.047431570921,6.242905788876277,-15.280898876404494,False
Maharashtra,Sangli,Sangli,Tomato,Hybrid,FAQ,2026-02-14,1566.0,1769.0,1676.0,False,2026,2,14,5,45,1,Rabi,1848.0,1762.0,1687.0,1912.0,1827.3333333333333,1770.142857142857,1759.9285714285713,100.0556987739463,-1.282051282051282,-11.767782426778242,False
Maharashtra,Sangli,Sangli,Tomato,Hybrid,FAQ,2026-02-15,1604.0,1732.0,1670.0,False,2026,2,15,6,46,1,Rabi,1676.0,1872.0,1602.0,1765.0,1798.6666666666667,1768.5714285714287,1743.0714285714287,101.6527703227292,-9.307359307359308,-9.23512747875354,False
Maharashtra,Sangli,Sangli,Tomato,Hybrid,FAQ,2026-02-16,1668.0,1875.0,1752.0,False,2026,2,16,0,47,1,Rabi,1670.0,1848.0,1759.0,1729.0,1731.3333333333333,1778.2857142857142,1736.2857142857142,84.96021477867104,-0.35799522673031026,1.735106998264893,False
Maharashtra,Sangli,Sangli,Tomato,Hybrid,FAQ,2026-02-17,1646.0,1905.0,1762.0,False,2026,2,17,1,48,1,Rabi,1752.0,1676.0,1861.0,1787.0,1699.3333333333333,1777.2857142857142,1737.9285714285713,85.26569119662324,4.910179640718563,4.141018466703973,False
Maharashtra,Sangli,Sangli,Tomato,Hybrid,FAQ,2026-02-18,1669.0,1925.0,1785.0,False,2026,2,18,2,49,1,Rabi,1762.0,1670.0,1762.0,1770.0,1728.0,1763.142857142857,1736.142857142857,76.86227633767652,0.5707762557077625,-0.4519774011299435,False
Maharashtra,Sangli,Sangli,Tomato,Hybrid,FAQ,2026-02-19,1810.0,1983.0,1900.0,False,2026,2,19,3,50,1,Rabi,1785.0,1752.0,1872.0,1777.0,1766.3333333333333,1766.4285714285713,1737.2142857142858,77.29565995331737,1.3053348467650396,5.346088913899831,False
Maharashtra,Sangli,Sangli,Tomato,Hybrid,FAQ,2026-02-20,1781.0,1985.0,1889.0,False,2026,2,20,4,51,1,Rabi,1900.0,1762.0,1848.0,1508.0,1815.6666666666667,1770.4285714285713,1746.0,84.0949010401475,6.442577030812324,22.546419098143236,False
Maharashtra,Sangli,Sangli,Tomato,Hybrid,FAQ,2026-02-21,1835.0,2045.0,1897.0,False,2026,2,21,5,52,1,Rabi,1889.0,1785.0,1676.0,1687.0,1858.0,1776.2857142857142,1773.2142857142858,91.49993494663215,-0.5789473684210527,-0.6520450503852994,False
Maharashtra,Sangli,Sangli,Tomato,Hybrid,FAQ,2026-02-22,1981.0,2150.0,2034.0,False,2026,2,22,6,53,1,Rabi,1897.0,1900.0,1670.0,1602.0,1895.3333333333333,1807.857142857143,1788.2142857142858,89.22897244622584,0.42350449973530974,4.2446941323345815,False
Maharashtra,Sangli,Sangli,Tomato,Hybrid,FAQ,2026-02-23,1985.0,2148.0,2088.0,False,2026,2,23,0,54,1,Rabi,2034.0,1889.0,1752.0,1759.0,1940.0,1859.857142857143,1819.0714285714287,100.81241420153883,7.221929362150764,-0.3979533826037522,False
Maharashtra,Sangli,Sangli,Tomato,Hybrid,FAQ,2026-02-24,2031.0,2255.0,2111.0,False,2026,2,24,1,55,1,Rabi,2088.0,1897.0,1762.0,1861.0,2006.3333333333333,1907.857142857143,1842.5714285714287,119.21049809954907,2.6548672566371683,-5.319720580333154,False
Maharashtra,Sangli,Sangli,Tomato,Hybrid,FAQ,2026-02-25,1867.0,2147.0,1999.0,False,2026,2,25,2,56,1,Rabi,2111.0,2034.0,1785.0,1762.0,2077.6666666666665,1957.7142857142858,1860.4285714285713,121.00924797401974,1.1015325670498084,1.3053348467650396,False
Maharashtra,Sangli,Sangli,Tomato,Hybrid,FAQ,2026-02-26,1773.0,1883.0,1828.0,False,2026,2,26,3,57,1,Rabi,1999.0,2088.0,1900.0,1872.0,2066.0,1988.2857142857142,1877.357142857143,94.15539334120896,-5.305542396968262,1.4957264957264957,False
Maharashtra,Sangli,Sangli,Tomato,Hybrid,FAQ,2026-02-27,1631.0,1846.0,1750.0,False,2026,2,27,4,58,1,Rabi,1828.0,2111.0,1889.0,1848.0,1979.3333333333333,1978.0,1874.2142857142858,108.28049993727568,-8.554277138569285,2.218614718614719,False
Maharashtra,Sangli,Sangli,Tomato,Hybrid,FAQ,2026-02-28,1725.0,1908.0,1800.0,False,2026,2,28,5,59,1,Rabi,1750.0,1999.0,1897.0,1676.0,1859.0,1958.142857142857,1867.2142857142858,136.4128886523407,-4.266958424507659,13.18615751789976,False
Maharashtra,Sangli,Sangli,Tomato,Hybrid,FAQ,2026-03-01,1594.0,1812.0,1680.0,False,2026,3,1,6,60,1,Rabi,1800.0,1828.0,2034.0,1670.0,1792.6666666666667,1944.2857142857142,1876.0714285714287,148.0863647624965,2.857142857142857,21.79640718562874,False
Maharashtra,Sangli,Sangli,Tomato,Hybrid,FAQ,2026-03-02,1587.0,1758.0,1672.0,False,2026,3,2,0,61,1,Rabi,1680.0,1750.0,2088.0,1752.0,1743.3333333333333,1893.7142857142858,1876.7857142857142,171.01336622782216,-6.666666666666667,19.17808219178082,False
Maharashtra,Sangli,Sangli,Tomato,Hybrid,FAQ,2026-03-03,1660.0,1874.0,1791.0,False,2026,3,3,1,62,1,Rabi,1672.0,1800.0,2111.0,1762.0,1717.3333333333333,1834.2857142857142,1871.0714285714287,164.39861545008412,-0.4761904761904762,19.807037457434735,False
Maharashtra,Sangli,Sangli,Tomato,Hybrid,FAQ,2026-03-04,1520.0,1726.0,1654.0,False,2026,3,4,2,63,1,Rabi,1791.0,1680.0,1999.0,1785.0,1714.3333333333333,1788.5714285714287,1873.142857142857,110.17842671905267,7.117224880382775,11.988795518207283,False
Maharashtra,Sangli,Sangli,Tomato,Hybrid,FAQ,2026-03-05,1311.0,1530.0,1399.0,False,2026,3,5,3,64,1,Rabi,1654.0,1672.0,1828.0,1900.0,1705.6666666666667,1739.2857142857142,1863.7857142857142,70.31053568684737,-7.649357900614182,-3.7894736842105265,False
Maharashtra,Sangli,Sangli,Tomato,Hybrid,FAQ,2026-03-06,1266.0,1442.0,1362.0,False,2026,3,6,4,65,1,Rabi,1399.0,1791.0,1750.0,1889.0,1614.6666666666667,1678.0,1828.0,136.19471355379437,-15.417170495767834,-7.358390682901006,False
Maharashtra,Sangli,Sangli,Tomato,Hybrid,FAQ,2026-03-08,1380.0,1536.0,1483.0,False,2026,3,8,6,67,1,Rabi,1362.0,1654.0,1800.0,1897.0,1471.6666666666667,1622.5714285714287,1790.357142857143,175.3376334797693,-2.6447462473195142,-5.113336847654191,False
Maharashtra,Sangli,Sangli,Tomato,Hybrid,FAQ,2026-03-09,1426.0,1615.0,1524.0,False,2026,3,9,0,68,1,Rabi,1483.0,1399.0,1680.0,2034.0,1414.6666666666667,1577.2857142857142,1760.7857142857142,162.32859091537668,8.883994126284875,-17.404129793510325,False
Maharashtra,Sangli,Sangli,Tomato,Hybrid,FAQ,2026-03-10,1418.0,1671.0,1565.0,False,2026,3,10,1,69,1,Rabi,1524.0,1362.0,1672.0,2088.0,1456.3333333333333,1555.0,1724.357142857143,156.48003067484464,2.7646662171274445,-19.923371647509576,False
Maharashtra,Sangli,Sangli,Tomato,Hybrid,FAQ,2026-03-11,1355.0,1533.0,1476.0,False,2026,3,11,2,70,1,Rabi,1565.0,1483.0,1791.0,2111.0,1524.0,1539.7142857142858,1687.0,148.15050262679432,2.690288713910761,-15.158692562766463,False
Maharashtra,Sangli,Sangli,Tomato,Hybrid,FAQ,2026-03-12,1279.0,1534.0,1390.0,False,2026,3,12,3,71,1,Rabi,1476.0,1524.0,1654.0,1999.0,1521.6666666666667,1494.7142857142858,1641.642857142857,98.68420050125495,-5.686900958466453,-17.258629314657327,False
Maharashtra,Sangli,Sangli,Tomato,Hybrid,FAQ,2026-03-13,1255.0,1429.0,1371.0,False,2026,3,13,4,72,1,Rabi,1390.0,1565.0,1399.0,1828.0,1477.0,1457.0,1598.142857142857,75.35250493514167,-5.826558265582656,-23.468271334792124,False
Maharashtra,Sangli,Sangli,Tomato,Hybrid,FAQ,2026-03-14,1345.0,1568.0,1435.0,False,2026,3,14,5,73,1,Rabi,1371.0,1476.0,1362.0,1750.0,1412.3333333333333,1453.0,1565.5,79.56967596599783,-1.3669064748201438,-22.17142857142857,False
Maharashtra,Sangli,Sangli,Tomato,Hybrid,FAQ,2026-03-15,1120.0,1362.0,1251.0,False,2026,3,15,6,74,1,Rabi,1435.0,1390.0,1483.0,1800.0,1398.6666666666667,1463.4285714285713,1543.0,69.84472574422672,4.6681254558716265,-17.61111111111111,False
Maharashtra,Sangli,Sangli,Tomato,Hybrid,FAQ,2026-03-16,1066.0,1212.0,1127.0,False,2026,3,16,0,75,1,Rabi,1251.0,1371.0,1524.0,1680.0,1352.3333333333333,1430.2857142857142,1503.7857142857142,105.13755162597889,-12.822299651567945,-9.285714285714286,False
Maharashtra,Sangli,Sangli,Tomato,Hybrid,FAQ,2026-03-17,972.0,1181.0,1063.0,False,2026,3,17,1,76,1,Rabi,1127.0,1435.0,1565.0,1672.0,1271.0,1373.5714285714287,1464.2857142857142,145.49210418766077,-9.91207034372502,-6.399521531100478,False
Maharashtra,Sangli,Sangli,Tomato,Hybrid,FAQ,2026-03-18,923.0,1081.0,1013.0,False,2026,3,18,2,77,1,Rabi,1063.0,1251.0,1476.0,1791.0,1147.0,1301.857142857143,1420.7857142857142,158.54381999038554,-5.678793256433008,-17.587939698492463,False
Maharashtra,Sangli,Sangli,Tomato,Hybrid,FAQ,2026-03-19,966.0,1165.0,1032.0,False,2026,3,19,3,78,1,Rabi,1013.0,1127.0,1390.0,1654.0,1067.6666666666667,1235.7142857142858,1365.2142857142858,169.95363513393633,-4.703668861712136,-15.961305925030231,False
Maharashtra,Sangli,Sangli,Tomato,Hybrid,FAQ,2026-03-20,956.0,1161.0,1023.0,False,2026,3,20,4,79,1,Rabi,1032.0,1063.0,1371.0,1399.0,1036.0,1184.5714285714287,1320.7857142857142,169.6524458443012,1.8756169792694966,-2.0014295925661187,False
Maharashtra,Sangli,Sangli,Tomato,Hybrid,FAQ,2026-03-21,870.0,1049.0,976.0,False,2026,3,21,5,80,1,Rabi,1023.0,1013.0,1435.0,1362.0,1022.6666666666666,1134.857142857143,1293.9285714285713,156.38673065132738,-0.872093023255814,5.359765051395008,False
Maharashtra,Sangli,Sangli,Tomato,Hybrid,FAQ,2026-03-22,988.0,1206.0,1134.0,False,2026,3,22,6,81,1,Rabi,976.0,1032.0,1251.0,1483.0,1010.3333333333334,1069.2857142857142,1266.357142857143,92.90983852767977,-4.594330400782014,-15.64396493594066,False
Maharashtra,Sangli,Sangli,Tomato,Hybrid,FAQ,2026-03-23,996.0,1278.0,1135.0,False,2026,3,23,0,82,1,Rabi,1134.0,1023.0,1127.0,1524.0,1044.3333333333333,1052.5714285714287,1241.4285714285713,59.16884637166628,16.188524590163937,-26.0498687664042,False
Maharashtra,Sangli,Sangli,Tomato,Hybrid,FAQ,2026-03-24,1043.0,1246.0,1156.0,False,2026,3,24,1,83,1,Rabi,1135.0,976.0,1063.0,1565.0,1081.6666666666667,1053.7142857142858,1213.642857142857,60.898041253991835,0.08818342151675485,-32.076677316293924,False
Maharashtra,Sangli,Sangli,Tomato,Hybrid,FAQ,2026-03-25,1093.0,1321.0,1218.0,False,2026,3,25,2,84,1,Rabi,1156.0,1134.0,1013.0,1476.0,1141.6666666666667,1067.0,1184.4285714285713,72.33256528011046,1.8502202643171806,-31.368563685636857,False
Maharashtra,Sangli,Sangli,Tomato,Hybrid,FAQ,2026-03-26,1029.0,1284.0,1152.0,False,2026,3,26,3,85,1,Rabi,1218.0,1135.0,1032.0,1390.0,1169.6666666666667,1096.2857142857142,1166.0,86.86524868192583,5.3633217993079585,-25.755395683453237,False
Maharashtra,Sangli,Sangli,Tomato,Hybrid,FAQ,2026-03-27,1251.0,1449.0,1316.0,False,2026,3,27,4,86,1,Rabi,1152.0,1156.0,1023.0,1371.0,1175.3333333333333,1113.4285714285713,1149.0,83.85276211483477,-5.41871921182266,-25.38293216630197,False
Maharashtra,Sangli,Sangli,Tomato,Hybrid,FAQ,2026-03-28,1331.0,1512.0,1424.0,False,2026,3,28,5,87,1,Rabi,1316.0,1218.0,976.0,1435.0,1228.6666666666667,1155.2857142857142,1145.0714285714287,102.29159999028613,14.23611111111111,-31.986062717770036,False
Maharashtra,Sangli,Sangli,Tomato,Hybrid,FAQ,2026-03-29,1294.0,1511.0,1436.0,False,2026,3,29,6,88,1,Rabi,1424.0,1152.0,1134.0,1251.0,1297.3333333333333,1219.2857142857142,1144.2857142857142,111.18560201410634,8.206686930091186,-9.352517985611511,False
Maharashtra,Sangli,Sangli,Tomato,Hybrid,FAQ,2026-03-30,1330.0,1512.0,1431.0,False,2026,3,30,0,89,1,Rabi,1436.0,1316.0,1135.0,1127.0,1392.0,1262.4285714285713,1157.5,129.63777374266135,0.8426966292134831,0.709849157054126,False
Maharashtra,Sangli,Sangli,Tomato,Hybrid,FAQ,2026-04-01,1409.0,1617.0,1532.0,False,2026,4,1,2,91,2,Zaid,1431.0,1424.0,1156.0,1063.0,1430.3333333333333,1304.7142857142858,1179.2142857142858,129.42013532898358,-0.34818941504178275,8.748824082784571,False
Maharashtra,Sangli,Sangli,Tomato,Hybrid,FAQ,2026-04-02,1453.0,1701.0,1570.0,False,2026,4,2,3,92,2,Zaid,1532.0,1436.0,1218.0,1013.0,1466.3333333333333,1358.4285714285713,1212.7142857142858,135.30441867982955,7.058001397624039,20.236920039486673,False
Maharashtra,Sangli,Sangli,Tomato,Hybrid,FAQ,2026-04-03,1431.0,1636.0,1559.0,False,2026,4,3,4,93,2,Zaid,1570.0,1431.0,1152.0,1032.0,1511.0,1408.7142857142858,1252.5,139.7530134269224,2.4804177545691903,11.627906976744185,False
Maharashtra,Sangli,Sangli,Tomato,Hybrid,FAQ,2026-04-04,1462.0,1664.0,1611.0,False,2026,4,4,5,94,2,Zaid,1559.0,1532.0,1316.0,1023.0,1553.6666666666667,1466.857142857143,1290.142857142857,91.47390988952449,-0.7006369426751593,28.641251221896386,False
Maharashtra,Sangli,Sangli,Tomato,Hybrid,FAQ,2026-04-05,1640.0,1821.0,1759.0,False,2026,4,5,6,95,2,Zaid,1611.0,1570.0,1424.0,976.0,1580.0,1509.0,1332.142857142857,77.23557038912767,3.3354714560615775,45.90163934426229,False
Maharashtra,Sangli,Sangli,Tomato,Hybrid,FAQ,2026-04-06,1712.0,1924.0,1856.0,False,2026,4,6,0,96,2,Zaid,1759.0,1559.0,1436.0,1134.0,1643.0,1556.857142857143,1388.0714285714287,111.82937683726037,9.186840471756673,26.63139329805996,False
Maharashtra,Sangli,Sangli,Tomato,Hybrid,FAQ,2026-04-07,1658.0,1844.0,1739.0,False,2026,4,7,1,97,2,Zaid,1856.0,1611.0,1431.0,1135.0,1742.0,1616.857142857143,1439.642857142857,144.17284600024323,5.514496873223423,26.079295154185022,False
Maharashtra,Sangli,Sangli,Tomato,Hybrid,FAQ,2026-04-08,1699.0,1857.0,1791.0,False,2026,4,8,2,98,2,Zaid,1739.0,1759.0,1532.0,1156.0,1784.6666666666667,1660.857142857143,1482.7857142857142,123.51710889782203,-6.303879310344827,32.52595155709342,False
Maharashtra,Sangli,Sangli,Tomato,Hybrid,FAQ,2026-04-09,1638.0,1904.0,1764.0,False,2026,4,9,3,99,2,Zaid,1791.0,1856.0,1570.0,1218.0,1795.3333333333333,1697.857142857143,1528.142857142857,117.11024517013735,2.9902242668200114,28.899835796387517,False
Maharashtra,Sangli,Sangli,Tomato,Hybrid,FAQ,2026-04-10,1597.0,1744.0,1655.0,False,2026,4,10,4,100,2,Zaid,1764.0,1739.0,1559.0,1152.0,1764.6666666666667,1725.5714285714287,1567.142857142857,104.03502157584148,-1.507537688442211,35.32986111111111,False
Maharashtra,Sangli,Sangli,Tomato,Hybrid,FAQ,2026-04-11,1683.0,1822.0,1749.0,False,2026,4,11,5,101,2,Zaid,1655.0,1791.0,1611.0,1316.0,1736.6666666666667,1739.2857142857142,1603.0714285714287,82.52012741490093,-6.179138321995465,22.416413373860184,False
Maharashtra,Sangli,Sangli,Tomato,Hybrid,FAQ,2026-04-12,1846.0,2031.0,1898.0,False,2026,4,12,6,102,2,Zaid,1749.0,1764.0,1759.0,1424.0,1722.6666666666667,1759.0,1634.0,60.24118192731627,5.6797583081570995,23.525280898876407,False
Maharashtra,Sangli,Sangli,Tomato,Hybrid,FAQ,2026-04-13,1799.0,2034.0,1942.0,False,2026,4,13,0,103,2,Zaid,1898.0,1655.0,1856.0,1436.0,1767.3333333333333,1778.857142857143,1667.857142857143,79.93211405400729,8.51915380217267,29.247910863509752,False
Maharashtra,Sangli,Sangli,Tomato,Hybrid,FAQ,2026-04-14,1855.0,1964.0,1910.0,False,2026,4,14,1,104,2,Zaid,1942.0,1749.0,1739.0,1431.0,1863.0,1791.142857142857,1704.0,98.27076298239881,2.3182297154899896,21.523410202655484,False
Maharashtra,Sangli,Sangli,Tomato,Hybrid,FAQ,2026-04-15,1685.0,1846.0,1738.0,False,2026,4,15,2,105,2,Zaid,1910.0,1898.0,1791.0,1532.0,1916.6666666666667,1815.5714285714287,1738.2142857142858,104.22228991096678,-1.6477857878475797,16.906005221932116,False
Maharashtra,Sangli,Sangli,Tomato,Hybrid,FAQ,2026-04-16,1806.0,1986.0,1857.0,False,2026,4,16,3,106,2,Zaid,1738.0,1942.0,1764.0,1570.0,1863.3333333333333,1808.0,1752.9285714285713,108.1557518889614,-9.005235602094242,12.356687898089172,False
Maharashtra,Sangli,Sangli,Tomato,Hybrid,FAQ,2026-04-17,1740.0,1939.0,1849.0,False,2026,4,17,4,107,2,Zaid,1857.0,1910.0,1655.0,1559.0,1835.0,1821.2857142857142,1773.4285714285713,107.56039278116259,6.846950517836594,6.157793457344452,False
Maharashtra,Sangli,Sangli,Tomato,Hybrid,FAQ,2026-04-18,1699.0,1950.0,1846.0,False,2026,4,18,5,108,2,Zaid,1849.0,1738.0,1749.0,1611.0,1814.6666666666667,1849.0,1794.142857142857,78.69349824900704,-0.4308023694130318,8.56610800744879,False
Maharashtra,Sangli,Sangli,Tomato,Hybrid,FAQ,2026-04-19,1854.0,2071.0,1931.0,False,2026,4,19,6,109,2,Zaid,1846.0,1857.0,1898.0,1759.0,1850.6666666666667,1862.857142857143,1810.9285714285713,65.60088559216226,-0.16224986479177933,7.902217168845935,False
Maharashtra,Sangli,Sangli,Tomato,Hybrid,FAQ,2026-04-20,1752.0,1944.0,1839.0,False,2026,4,20,0,110,2,Zaid,1931.0,1849.0,1942.0,1856.0,1875.3333333333333,1867.5714285714287,1823.2142857142858,69.61048087478498,4.604550379198267,4.633620689655173,False
Maharashtra,Sangli,Sangli,Tomato,Hybrid,FAQ,2026-04-21,1697.0,1961.0,1830.0,False,2026,4,21,1,111,2,Zaid,1839.0,1846.0,1910.0,1739.0,1872.0,1852.857142857143,1822.0,61.691243493783766,-4.764370792335577,9.83323749281196,False
Maharashtra,Sangli,Sangli,Tomato,Hybrid,FAQ,2026-04-22,1704.0,1849.0,1776.0,False,2026,4,22,2,112,2,Zaid,1830.0,1931.0,1738.0,1791.0,1866.6666666666667,1841.4285714285713,1828.5,56.535703005141215,-0.48939641109298526,-2.9592406476828588,False
Maharashtra,Sangli,Sangli,Tomato,Hybrid,FAQ,2026-04-23,1682.0,1903.0,1766.0,False,2026,4,23,3,113,2,Zaid,1776.0,1839.0,1857.0,1764.0,1815.0,1846.857142857143,1827.4285714285713,45.743591796840796,-2.9508196721311477,5.272108843537415,False
Maharashtra,Sangli,Sangli,Tomato,Hybrid,FAQ,2026-04-24,1627.0,1756.0,1685.0,False,2026,4,24,4,114,2,Zaid,1766.0,1830.0,1849.0,1655.0,1790.6666666666667,1833.857142857143,1827.5714285714287,54.477605709221145,-0.5630630630630631,11.722054380664652,False
Maharashtra,Sangli,Sangli,Tomato,Hybrid,FAQ,2026-04-25,1341.0,1513.0,1424.0,False,2026,4,25,5,115,2,Zaid,1685.0,1776.0,1846.0,1749.0,1742.3333333333333,1810.4285714285713,1829.7142857142858,77.3452371790636,-4.586636466591167,5.546026300743282,False
Maharashtra,Sangli,Sangli,Tomato,Hybrid,FAQ,2026-04-27,1384.0,1575.0,1510.0,False,2026,4,27,0,117,2,Zaid,1424.0,1766.0,1931.0,1898.0,1625.0,1750.142857142857,1806.5,162.53966548859037,-15.489614243323443,1.738672286617492,False
Maharashtra,Sangli,Sangli,Tomato,Hybrid,FAQ,2026-04-28,1473.0,1615.0,1538.0,False,2026,4,28,1,118,2,Zaid,1510.0,1685.0,1839.0,1942.0,1539.6666666666667,1690.0,1778.7857142857142,162.35455029040645,6.03932584269663,-5.303810504634397,False
Maharashtra,Sangli,Sangli,Tomato,Hybrid,FAQ,2026-04-29,1316.0,1490.0,1434.0,False,2026,4,29,2,119,2,Zaid,1538.0,1424.0,1830.0,1910.0,1490.6666666666667,1647.0,1749.9285714285713,156.0523416464281,1.8543046357615895,-4.18848167539267,False
Maharashtra,Sangli,Sangli,Tomato,Hybrid,FAQ,2026-04-30,1223.0,1365.0,1276.0,False,2026,4,30,3,120,2,Zaid,1434.0,1510.0,1776.0,1738.0,1494.0,1590.4285714285713,1715.9285714285713,150.32837073426737,-6.762028608582575,2.186421173762946,False
Maharashtra,Sangli,Sangli,Tomato,Hybrid,FAQ,2026-05-02,1107.0,1386.0,1246.0,False,2026,5,2,5,122,2,Zaid,1276.0,1538.0,1766.0,1857.0,1416.0,1519.0,1682.9285714285713,165.48212390869818,-11.01813110181311,-4.900376952073236,False
Maharashtra,Sangli,Sangli,Tomato,Hybrid,FAQ,2026-05-03,1065.0,1230.0,1156.0,False,2026,5,3,6,123,2,Zaid,1246.0,1434.0,1685.0,1849.0,1318.6666666666667,1444.7142857142858,1639.2857142857142,152.31405525614488,-2.3510971786833856,-8.869659275283938,False
Maharashtra,Sangli,Sangli,Tomato,Hybrid,FAQ,2026-05-04,971.0,1221.0,1088.0,False,2026,5,4,0,124,2,Zaid,1156.0,1276.0,1424.0,1846.0,1226.0,1369.142857142857,1589.7857142857142,144.24450142198432,-7.223113964686998,-22.8602383531961,False
Maharashtra,Sangli,Sangli,Tomato,Hybrid,FAQ,2026-05-05,1086.0,1242.0,1176.0,False,2026,5,5,1,125,2,Zaid,1088.0,1246.0,1510.0,1931.0,1163.3333333333333,1321.142857142857,1535.642857142857,175.47215217941823,-5.88235294117647,-21.80217503883998,False
Maharashtra,Sangli,Sangli,Tomato,Hybrid,FAQ,2026-05-06,1099.0,1309.0,1223.0,False,2026,5,6,2,126,2,Zaid,1176.0,1156.0,1538.0,1839.0,1140.0,1273.4285714285713,1481.7142857142858,160.31516578587681,8.088235294117647,-16.367591082109843,False
Maharashtra,Sangli,Sangli,Tomato,Hybrid,FAQ,2026-05-07,1057.0,1264.0,1115.0,False,2026,5,7,3,127,2,Zaid,1223.0,1088.0,1434.0,1830.0,1162.3333333333333,1228.4285714285713,1437.7142857142858,109.98160019272875,3.9965986394557826,-21.639344262295083,False
Maharashtra,Sangli,Sangli,Tomato,Hybrid,FAQ,2026-05-08,1130.0,1345.0,1196.0,False,2026,5,8,4,128,2,Zaid,1115.0,1176.0,1276.0,1776.0,1171.3333333333333,1182.857142857143,1386.642857142857,69.0951724590349,-8.83074407195421,-28.153153153153156,False
Maharashtra,Sangli,Sangli,Tomato,Hybrid,FAQ,2026-05-09,1139.0,1355.0,1276.0,False,2026,5,9,5,129,2,Zaid,1196.0,1223.0,1246.0,1766.0,1178.0,1171.4285714285713,1345.2142857142858,56.609354771274184,7.26457399103139,-29.44507361268403,False
Maharashtra,Sangli,Sangli,Tomato,Hybrid,FAQ,2026-05-10,1344.0,1553.0,1441.0,False,2026,5,10,6,130,2,Zaid,1276.0,1115.0,1156.0,1685.0,1195.6666666666667,1175.7142857142858,1310.2142857142858,63.866303806512015,6.688963210702341,-31.394658753709198,False
Maharashtra,Sangli,Sangli,Tomato,Hybrid,FAQ,2026-05-11,1220.0,1409.0,1303.0,False,2026,5,11,0,131,2,Zaid,1441.0,1196.0,1088.0,1424.0,1304.3333333333333,1216.4285714285713,1292.7857142857142,117.51433549835485,12.931034482758621,-23.595505617977526,False
Maharashtra,Sangli,Sangli,Tomato,Hybrid,FAQ,2026-05-12,998.0,1203.0,1133.0,False,2026,5,12,1,132,2,Zaid,1303.0,1276.0,1176.0,1510.0,1340.0,1247.142857142857,1284.142857142857,105.87323957045827,-9.576682859125608,-22.119205298013245,False
Maharashtra,Sangli,Sangli,Tomato,Hybrid,FAQ,2026-05-13,1018.0,1256.0,1150.0,False,2026,5,13,2,133,2,Zaid,1133.0,1441.0,1223.0,1538.0,1292.3333333333333,1241.0,1257.2142857142858,111.77208953938725,-13.046815042210284,-20.48114434330299,False
Maharashtra,Sangli,Sangli,Tomato,Hybrid,FAQ,2026-05-14,1060.0,1240.0,1188.0,False,2026,5,14,3,134,2,Zaid,1150.0,1303.0,1115.0,1434.0,1195.3333333333333,1230.5714285714287,1229.5,117.01404067156443,1.500441306266549,-22.245467224546722,False
Maharashtra,Sangli,Sangli,Tomato,Hybrid,FAQ,2026-05-15,976.0,1178.0,1103.0,False,2026,5,15,4,135,2,Zaid,1188.0,1133.0,1196.0,1276.0,1157.0,1241.0,1211.9285714285713,107.89501069713157,3.304347826086956,-6.269592476489027,False
Maharashtra,Sangli,Sangli,Tomato,Hybrid,FAQ,2026-05-16,905.0,1102.0,1042.0,False,2026,5,16,5,136,2,Zaid,1103.0,1150.0,1276.0,1246.0,1147.0,1227.7142857142858,1199.5714285714287,119.4650775829723,-7.154882154882154,2.4077046548956664,False
Maharashtra,Sangli,Sangli,Tomato,Hybrid,FAQ,2026-05-17,1041.0,1241.0,1123.0,False,2026,5,17,6,137,2,Zaid,1042.0,1188.0,1441.0,1156.0,1111.0,1194.2857142857142,1185.0,135.3805922645696,-5.530371713508613,24.653979238754324,False
Maharashtra,Sangli,Sangli,Tomato,Hybrid,FAQ,2026-05-18,1054.0,1273.0,1163.0,False,2026,5,18,0,138,2,Zaid,1123.0,1103.0,1303.0,1088.0,1089.3333333333333,1148.857142857143,1182.642857142857,81.37859786502307,7.773512476007678,19.761029411764707,False
Maharashtra,Sangli,Sangli,Tomato,Hybrid,FAQ,2026-05-19,1137.0,1308.0,1230.0,False,2026,5,19,1,139,2,Zaid,1163.0,1042.0,1133.0,1176.0,1109.3333333333333,1128.857142857143,1188.0,47.213799435587006,3.561887800534283,-3.6564625850340136,False
Maharashtra,Sangli,Sangli,Tomato,Hybrid,FAQ,2026-05-20,1263.0,1463.0,1390.0,False,2026,5,20,2,140,2,Zaid,1230.0,1123.0,1150.0,1223.0,1172.0,1142.7142857142858,1191.857142857143,60.88709301025178,5.760963026655202,-5.9689288634505315,False
Maharashtra,Sangli,Sangli,Tomato,Hybrid,FAQ,2026-05-21,1182.0,1420.0,1295.0,False,2026,5,21,3,141,2,Zaid,1390.0,1163.0,1188.0,1115.0,1261.0,1177.0,1203.7857142857142,111.8868476035837,13.008130081300814,6.547085201793721,False
Maharashtra,Sangli,Sangli,Tomato,Hybrid,FAQ,2026-05-22,1292.0,1420.0,1364.0,False,2026,5,22,4,142,2,Zaid,1295.0,1230.0,1103.0,1196.0,1305.0,1192.2857142857142,1216.642857142857,120.60916809501799,-6.83453237410072,-7.775919732441472,False
Maharashtra,Sangli,Sangli,Tomato,Hybrid,FAQ,2026-05-23,1254.0,1443.0,1389.0,False,2026,5,23,5,143,2,Zaid,1364.0,1390.0,1042.0,1276.0,1349.6666666666667,1229.5714285714287,1228.642857142857,128.49235663760913,5.328185328185328,-18.338557993730408,False
Maharashtra,Sangli,Sangli,Tomato,Hybrid,FAQ,2026-05-24,1177.0,1384.0,1300.0,False,2026,5,24,6,144,2,Zaid,1389.0,1295.0,1123.0,1441.0,1349.3333333333333,1279.142857142857,1236.7142857142858,109.61664802305484,1.8328445747800588,-22.068008327550313,False
Maharashtra,Sangli,Sangli,Tomato,Hybrid,FAQ,2026-05-25,1287.0,1467.0,1370.0,False,2026,5,25,0,145,2,Zaid,1300.0,1364.0,1163.0,1303.0,1351.0,1304.4285714285713,1226.642857142857,85.31677666762336,-6.407487401007919,-10.744435917114352,False
Maharashtra,Sangli,Sangli,Tomato,Hybrid,FAQ,2026-05-26,1316.0,1425.0,1367.0,False,2026,5,26,1,146,2,Zaid,1370.0,1389.0,1230.0,1133.0,1353.0,1334.0,1231.4285714285713,60.346223300778156,5.384615384615385,8.561341571050308,False
Maharashtra,Sangli,Sangli,Tomato,Hybrid,FAQ,2026-05-27,1165.0,1337.0,1270.0,False,2026,5,27,2,147,2,Zaid,1367.0,1300.0,1390.0,1150.0,1345.6666666666667,1353.5714285714287,1248.142857142857,39.66886748597367,-0.21897810218978103,20.869565217391305,False
Maharashtra,Sangli,Sangli,Tomato,Hybrid,FAQ,2026-05-28,1363.0,1559.0,1443.0,False,2026,5,28,3,148,2,Zaid,1270.0,1370.0,1295.0,1188.0,1335.6666666666667,1336.4285714285713,1256.7142857142858,46.62208755107135,-7.095830285296269,9.006734006734007,False
Maharashtra,Sangli,Sangli,Tomato,Hybrid,FAQ,2026-05-29,1353.0,1559.0,1459.0,False,2026,5,29,4,149,2,Zaid,1443.0,1367.0,1364.0,1103.0,1360.0,1357.5714285714287,1274.9285714285713,57.087234833656716,13.622047244094487,23.662737987307345,False
Maharashtra,Sangli,Sangli,Tomato,Hybrid,FAQ,2026-05-30,1487.0,1603.0,1544.0,False,2026,5,30,5,150,2,Zaid,1459.0,1270.0,1389.0,1042.0,1390.6666666666667,1371.142857142857,1300.357142857143,68.93337017591837,1.1088011088011087,33.301343570057576,False
Maharashtra,Sangli,Sangli,Tomato,Hybrid,FAQ,2026-05-31,1251.0,1484.0,1393.0,False,2026,5,31,6,151,2,Zaid,1544.0,1443.0,1300.0,1123.0,1482.0,1393.2857142857142,1336.2142857142858,95.42835757033683,5.825908156271418,15.761353517364201,False
Maharashtra,Sangli,Sangli,Tomato,Hybrid,FAQ,2026-06-01,1425.0,1610.0,1489.0,False,2026,6,1,0,152,2,Kharif,1393.0,1459.0,1370.0,1163.0,1465.3333333333333,1406.5714285714287,1355.5,86.31503759071377,-9.779792746113989,17.798796216680998,False
Maharashtra,Sangli,Sangli,Tomato,Hybrid,FAQ,2026-06-02,1389.0,1649.0,1509.0,False,2026,6,2,1,153,2,Kharif,1489.0,1544.0,1367.0,1230.0,1475.3333333333333,1423.5714285714287,1378.7857142857142,89.5690741697135,6.891600861450107,11.138211382113822,False
Maharashtra,Sangli,Sangli,Tomato,Hybrid,FAQ,2026-06-03,1213.0,1460.0,1342.0,False,2026,6,3,2,154,2,Kharif,1509.0,1393.0,1270.0,1390.0,1463.6666666666667,1443.857142857143,1398.7142857142858,90.69441102116909,1.3431833445265278,-8.633093525179856,False
Maharashtra,Sangli,Sangli,Tomato,Hybrid,FAQ,2026-06-04,1295.0,1425.0,1375.0,False,2026,6,4,3,155,2,Kharif,1342.0,1489.0,1443.0,1295.0,1446.6666666666667,1454.142857142857,1395.2857142857142,69.23493475462183,-11.066931742876077,11.428571428571429,False
Maharashtra,Sangli,Sangli,Tomato,Hybrid,FAQ,2026-06-05,1311.0,1460.0,1388.0,False,2026,6,5,4,156,2,Kharif,1375.0,1509.0,1459.0,1364.0,1408.6666666666667,1444.4285714285713,1401.0,75.5421673479098,2.459016393442623,6.964809384164222,False
Maharashtra,Sangli,Sangli,Tomato,Hybrid,FAQ,2026-06-06,1386.0,1547.0,1495.0,False,2026,6,6,5,157,2,Kharif,1388.0,1342.0,1544.0,1389.0,1368.3333333333333,1434.2857142857142,1402.7142857142858,77.98656783001373,0.9454545454545455,11.159107271418286,False
Maharashtra,Sangli,Sangli,Tomato,Hybrid,FAQ,2026-06-07,1502.0,1707.0,1625.0,False,2026,6,7,6,158,2,Kharif,1495.0,1375.0,1393.0,1300.0,1419.3333333333333,1427.2857142857142,1410.2857142857142,68.06544469777113,7.708933717579251,7.153846153846153,False
Maharashtra,Sangli,Sangli,Tomato,Hybrid,FAQ,2026-06-08,1600.0,1747.0,1684.0,False,2026,6,8,0,159,2,Kharif,1625.0,1388.0,1489.0,1370.0,1502.6666666666667,1460.4285714285713,1433.5,98.33930571048178,8.695652173913043,8.686131386861314,False
Maharashtra,Sangli,Sangli,Tomato,Hybrid,FAQ,2026-06-09,1800.0,1992.0,1859.0,False,2026,6,9,1,160,2,Kharif,1684.0,1495.0,1509.0,1367.0,1601.3333333333333,1488.2857142857142,1455.9285714285713,130.23019911643112,3.6307692307692303,10.387710314557424,False
Maharashtra,Sangli,Sangli,Tomato,Hybrid,FAQ,2026-06-10,1820.0,1970.0,1880.0,False,2026,6,10,2,161,2,Kharif,1859.0,1625.0,1342.0,1270.0,1722.6666666666667,1538.2857142857142,1491.0714285714287,192.032735304614,10.391923990498812,5.669291338582677,False
Maharashtra,Sangli,Sangli,Tomato,Hybrid,FAQ,2026-06-11,1815.0,2066.0,1938.0,False,2026,6,11,3,162,2,Kharif,1880.0,1684.0,1375.0,1443.0,1807.6666666666667,1615.142857142857,1534.642857142857,207.42502948569958,1.1296395911780528,-4.712404712404712,False
Maharashtra,Sangli,Sangli,Tomato,Hybrid,FAQ,2026-06-12,1781.0,1907.0,1856.0,False,2026,6,12,4,163,2,Kharif,1938.0,1859.0,1388.0,1459.0,1892.3333333333333,1695.5714285714287,1570.0,207.94138368208357,3.0851063829787235,-4.866346812885538,False
Maharashtra,Sangli,Sangli,Tomato,Hybrid,FAQ,2026-06-13,1874.0,2113.0,1978.0,False,2026,6,13,5,164,2,Kharif,1856.0,1880.0,1495.0,1544.0,1891.3333333333333,1762.4285714285713,1598.357142857143,162.93440105643572,-4.231166150670795,-3.173575129533679,False
Maharashtra,Sangli,Sangli,Tomato,Hybrid,FAQ,2026-06-14,1884.0,2044.0,1985.0,False,2026,6,14,6,165,2,Kharif,1978.0,1938.0,1625.0,1393.0,1924.0,1831.4285714285713,1629.357142857143,129.68661861433267,6.573275862068965,16.654702081837762,False
Maharashtra,Sangli,Sangli,Tomato,Hybrid,FAQ,2026-06-15,1930.0,2123.0,2035.0,False,2026,6,15,0,166,2,Kharif,1985.0,1856.0,1684.0,1489.0,1939.6666666666667,1882.857142857143,1671.642857142857,102.76904295786977,0.3538928210313448,13.096037609133646,False
Maharashtra,Sangli,Sangli,Tomato,Hybrid,FAQ,2026-06-16,1820.0,1953.0,1894.0,False,2026,6,16,1,167,2,Kharif,2035.0,1978.0,1859.0,1509.0,1999.3333333333333,1933.0,1710.642857142857,69.96665872637911,2.518891687657431,23.194168323392976,False
Maharashtra,Sangli,Sangli,Tomato,Hybrid,FAQ,2026-06-17,1948.0,2089.0,2029.0,False,2026,6,17,2,168,2,Kharif,1894.0,1985.0,1880.0,1342.0,1971.3333333333333,1938.0,1738.142857142857,64.86139067272815,-6.9287469287469285,40.08941877794337,False
Maharashtra,Sangli,Sangli,Tomato,Hybrid,FAQ,2026-06-18,2020.0,2307.0,2157.0,False,2026,6,18,3,169,2,Kharif,2029.0,2035.0,1938.0,1375.0,1986.0,1959.2857142857142,1787.2142857142858,67.06642052402243,7.127771911298838,40.945454545454545,False
Maharashtra,Sangli,Sangli,Tomato,Hybrid,FAQ,2026-06-19,1825.0,2064.0,1933.0,False,2026,6,19,4,170,2,Kharif,2157.0,1894.0,1856.0,1388.0,2026.6666666666667,1990.5714285714287,1843.0714285714287,98.97281974168106,6.308526367668803,33.71757925072046,False
Maharashtra,Sangli,Sangli,Tomato,Hybrid,FAQ,2026-06-20,1735.0,1942.0,1825.0,False,2026,6,20,5,171,2,Kharif,1933.0,2029.0,1978.0,1495.0,2039.6666666666667,2001.5714285714287,1882.0,84.78572431500064,-10.384793694946685,32.30769230769231,False
Maharashtra,Sangli,Sangli,Tomato,Hybrid,FAQ,2026-06-21,1610.0,1810.0,1728.0,False,2026,6,21,6,172,2,Kharif,1825.0,2157.0,1985.0,1625.0,1971.6666666666667,1979.7142857142858,1905.5714285714287,108.32776542468235,-5.587170201758924,22.153846153846153,False
Maharashtra,Sangli,Sangli,Tomato,Hybrid,FAQ,2026-06-22,1695.0,1866.0,1758.0,False,2026,6,22,0,173,2,Kharif,1728.0,1933.0,2035.0,1684.0,1828.6666666666667,1943.0,1912.9285714285713,143.93632851600364,-5.315068493150685,20.843230403800476,False
Maharashtra,Sangli,Sangli,Tomato,Hybrid,FAQ,2026-06-23,1555.0,1794.0,1674.0,False,2026,6,23,1,174,2,Kharif,1758.0,1825.0,1894.0,1859.0,1770.3333333333333,1903.4285714285713,1918.2142857142858,152.26386870917867,1.7361111111111112,1.8827326519634213,False
Maharashtra,Sangli,Sangli,Tomato,Hybrid,FAQ,2026-06-24,1622.0,1845.0,1722.0,False,2026,6,24,2,175,2,Kharif,1674.0,1728.0,2029.0,1880.0,1720.0,1872.0,1905.0,175.47079529084127,-4.778156996587031,7.925531914893617,False
Maharashtra,Sangli,Sangli,Tomato,Hybrid,FAQ,2026-06-25,1642.0,1823.0,1754.0,False,2026,6,25,3,176,2,Kharif,1722.0,1758.0,2157.0,1938.0,1718.0,1828.142857142857,1893.7142857142858,167.89225569933205,2.867383512544803,11.30030959752322,False
Maharashtra,Sangli,Sangli,Tomato,Hybrid,FAQ,2026-06-26,1807.0,2012.0,1942.0,False,2026,6,26,4,177,2,Kharif,1754.0,1674.0,1933.0,1856.0,1716.6666666666667,1770.5714285714287,1880.5714285714287,84.92713964110344,1.8583042973286876,4.148706896551724,False
Maharashtra,Sangli,Sangli,Tomato,Hybrid,FAQ,2026-06-27,1788.0,1997.0,1851.0,False,2026,6,27,5,178,2,Kharif,1942.0,1722.0,1825.0,1978.0,1806.0,1771.857142857143,1886.7142857142858,87.81501119100666,10.718358038768528,-7.735085945399393,False
Maharashtra,Sangli,Sangli,Tomato,Hybrid,FAQ,2026-06-28,1737.0,1950.0,1846.0,False,2026,6,28,6,179,2,Kharif,1851.0,1754.0,1728.0,1985.0,1849.0,1775.5714285714287,1877.642857142857,90.93194734316141,-4.685890834191555,-12.947103274559193,False
Maharashtra,Sangli,Sangli,Tomato,Hybrid,FAQ,2026-06-29,1698.0,1813.0,1757.0,False,2026,6,29,0,180,2,Kharif,1846.0,1942.0,1758.0,2035.0,1879.6666666666667,1792.4285714285713,1867.7142857142858,91.5784857246475,-0.2701242571582928,-13.611793611793614,False
Maharashtra,Sangli,Sangli,Tomato,Hybrid,FAQ,2026-06-30,1671.0,1848.0,1775.0,False,2026,6,30,1,181,2,Kharif,1757.0,1851.0,1674.0,1894.0,1818.0,1792.2857142857142,1847.857142857143,91.64190141653825,-4.821235102925243,-11.615628299894404,False
Maharashtra,Sangli,Sangli,Tomato,Hybrid,FAQ,2026-07-01,1580.0,1826.0,1694.0,False,2026,7,1,2,182,3,Kharif,1775.0,1846.0,1722.0,2029.0,1792.6666666666667,1806.7142857142858,1839.357142857143,76.63705432255671,1.024473534433694,-15.130606209955644,False
Maharashtra,Sangli,Sangli,Tomato,Hybrid,FAQ,2026-07-02,1575.0,1769.0,1694.0,False,2026,7,2,3,183,3,Kharif,1694.0,1757.0,1754.0,2157.0,1742.0,1802.7142857142858,1815.4285714285713,82.31588401945993,-4.563380281690141,-18.6833565136764,False
Maharashtra,Sangli,Sangli,Tomato,Hybrid,FAQ,2026-07-03,1560.0,1752.0,1641.0,False,2026,7,3,4,184,3,Kharif,1694.0,1775.0,1942.0,1933.0,1721.0,1794.142857142857,1782.357142857143,90.90916450213705,0.0,0.46559751681324363,False
Maharashtra,Sangli,Sangli,Tomato,Hybrid,FAQ,2026-07-04,1698.0,1898.0,1784.0,False,2026,7,4,5,185,3,Kharif,1641.0,1694.0,1851.0,1825.0,1676.3333333333333,1751.142857142857,1761.5,79.82779084051278,-3.128689492325856,1.4246575342465753,False
Maharashtra,Sangli,Sangli,Tomato,Hybrid,FAQ,2026-07-05,1738.0,1904.0,1835.0,False,2026,7,5,6,186,3,Kharif,1784.0,1694.0,1846.0,1728.0,1706.3333333333333,1741.5714285714287,1758.5714285714287,69.16371192771194,8.714198659354052,6.828703703703703,False
Maharashtra,Sangli,Sangli,Tomato,Hybrid,FAQ,2026-07-06,1795.0,2022.0,1881.0,False,2026,7,6,0,187,3,Kharif,1835.0,1641.0,1757.0,1758.0,1753.3333333333333,1740.0,1766.2142857142858,66.46803743153906,2.8587443946188342,-0.05688282138794084,False
Maharashtra,Sangli,Sangli,Tomato,Hybrid,FAQ,2026-07-07,1990.0,2124.0,2042.0,False,2026,7,7,1,188,3,Kharif,1881.0,1784.0,1775.0,1674.0,1833.3333333333333,1757.7142857142858,1775.0,85.54085629240896,2.506811989100817,6.0334528076463565,False
Maharashtra,Sangli,Sangli,Tomato,Hybrid,FAQ,2026-07-08,1832.0,2040.0,1950.0,False,2026,7,8,2,189,3,Kharif,2042.0,1835.0,1694.0,1722.0,1919.3333333333333,1795.857142857143,1801.2857142857142,137.98481627994425,8.559276980329612,-1.6260162601626018,False
Maharashtra,Sangli,Sangli,Tomato,Hybrid,FAQ,2026-07-09,1935.0,2156.0,2061.0,False,2026,7,9,3,190,3,Kharif,1950.0,1881.0,1694.0,1754.0,1957.6666666666667,1832.4285714285713,1817.5714285714287,140.39332503465442,-4.505386875612145,-3.4207525655644244,False
Maharashtra,Sangli,Sangli,Tomato,Hybrid,FAQ,2026-07-10,2047.0,2184.0,2122.0,False,2026,7,10,4,191,3,Kharif,2061.0,2042.0,1641.0,1942.0,2017.6666666666667,1884.857142857143,1839.5,148.3817470484265,5.6923076923076925,-15.499485066941299,False
Maharashtra,Sangli,Sangli,Tomato,Hybrid,FAQ,2026-07-11,2001.0,2256.0,2109.0,False,2026,7,11,5,192,3,Kharif,2122.0,1950.0,1784.0,1851.0,2044.3333333333333,1953.5714285714287,1852.357142857143,126.37359579550633,2.959728287239204,-3.6196650459211237,False
Maharashtra,Satara,Satara,Tomato,Hybrid,FAQ,2025-12-24,1387.0,1530.0,1449.0,False,2025,12,24,2,358,4,Rabi,,,,,,,,,,,False
Maharashtra,Satara,Satara,Tomato,Hybrid,FAQ,2025-12-25,1287.0,1496.0,1430.0,False,2025,12,25,3,359,4,Rabi,1449.0,,,,,,,,,,False
Maharashtra,Satara,Satara,Tomato,Hybrid,FAQ,2025-12-26,1321.0,1564.0,1459.0,False,2025,12,26,4,360,4,Rabi,1430.0,,,,,,,,-1.3112491373360937,,False
Maharashtra,Satara,Satara,Tomato,Hybrid,FAQ,2025-12-27,1505.0,1678.0,1608.0,False,2025,12,27,5,361,4,Rabi,1459.0,1449.0,,,1446.0,,,,2.027972027972028,,False
Maharashtra,Satara,Satara,Tomato,Hybrid,FAQ,2025-12-28,1383.0,1593.0,1509.0,False,2025,12,28,6,362,4,Rabi,1608.0,1430.0,,,1499.0,,,,10.212474297464016,,False
Maharashtra,Satara,Satara,Tomato,Hybrid,FAQ,2025-12-29,1231.0,1500.0,1376.0,False,2025,12,29,0,363,4,Rabi,1509.0,1459.0,,,1525.3333333333333,,,,-6.156716417910448,,False
Maharashtra,Satara,Satara,Tomato,Hybrid,FAQ,2025-12-30,1406.0,1537.0,1461.0,False,2025,12,30,1,364,4,Rabi,1376.0,1608.0,,,1497.6666666666667,,,,-8.81378396288933,,False
Maharashtra,Satara,Satara,Tomato,Hybrid,FAQ,2025-12-31,1386.0,1556.0,1483.0,False,2025,12,31,2,365,4,Rabi,1461.0,1509.0,1449.0,,1448.6666666666667,1470.2857142857142,,72.62165491025911,6.1773255813953485,,False
Maharashtra,Satara,Satara,Tomato,Hybrid,FAQ,2026-01-01,1418.0,1594.0,1510.0,False,2026,1,1,3,1,1,Rabi,1483.0,1376.0,1430.0,,1440.0,1475.142857142857,,72.09583568979225,1.5058179329226558,,False
Maharashtra,Satara,Satara,Tomato,Hybrid,FAQ,2026-01-02,1380.0,1620.0,1526.0,False,2026,1,2,4,2,1,Rabi,1510.0,1461.0,1459.0,,1484.6666666666667,1486.5714285714287,,70.05915867526326,1.8206338503034392,,False
Maharashtra,Satara,Satara,Tomato,Hybrid,FAQ,2026-01-03,1188.0,1436.0,1329.0,False,2026,1,3,5,3,1,Rabi,1526.0,1483.0,1608.0,,1506.3333333333333,1496.142857142857,,70.24108145387233,1.0596026490066226,,False
Maharashtra,Satara,Satara,Tomato,Hybrid,FAQ,2026-01-04,1188.0,1445.0,1314.0,False,2026,1,4,6,4,1,Rabi,1329.0,1510.0,1509.0,,1455.0,1456.2857142857142,,75.17471712775577,-12.90956749672346,,False
Maharashtra,Satara,Satara,Tomato,Hybrid,FAQ,2026-01-05,1107.0,1328.0,1242.0,False,2026,1,5,0,5,1,Rabi,1314.0,1526.0,1376.0,,1389.6666666666667,1428.4285714285713,,87.5040135133948,-1.1286681715575622,,False
Maharashtra,Satara,Satara,Tomato,Hybrid,FAQ,2026-01-06,941.0,1214.0,1070.0,False,2026,1,6,1,6,1,Rabi,1242.0,1329.0,1461.0,,1295.0,1409.2857142857142,,112.08882532128149,-5.47945205479452,,False
Maharashtra,Satara,Satara,Tomato,Hybrid,FAQ,2026-01-07,1065.0,1331.0,1196.0,False,2026,1,7,2,7,1,Rabi,1070.0,1314.0,1483.0,1449.0,1208.6666666666667,1353.4285714285713,1411.857142857143,166.3248399396565,-13.848631239935589,2.346445824706694,False
Maharashtra,Satara,Satara,Tomato,Hybrid,FAQ,2026-01-08,1170.0,1315.0,1260.0,False,2026,1,8,3,8,1,Rabi,1196.0,1242.0,1510.0,1430.0,1169.3333333333333,1312.4285714285713,1393.7857142857142,164.4241032035318,11.775700934579438,5.594405594405594,False
Maharashtra,Satara,Satara,Tomato,Hybrid,FAQ,2026-01-09,1315.0,1535.0,1410.0,False,2026,1,9,4,9,1,Rabi,1260.0,1070.0,1526.0,1459.0,1175.3333333333333,1276.7142857142858,1381.642857142857,139.64086589738474,5.351170568561873,4.592186429061001,False
Maharashtra,Satara,Satara,Tomato,Hybrid,FAQ,2026-01-10,1239.0,1438.0,1325.0,False,2026,1,10,5,10,1,Rabi,1410.0,1196.0,1329.0,1608.0,1288.6666666666667,1260.142857142857,1378.142857142857,108.54865049280664,11.904761904761903,-17.350746268656717,False
Maharashtra,Satara,Satara,Tomato,Hybrid,FAQ,2026-01-11,1273.0,1448.0,1378.0,False,2026,1,11,6,11,1,Rabi,1325.0,1260.0,1314.0,1509.0,1331.6666666666667,1259.5714285714287,1357.9285714285713,108.13549701317179,-6.028368794326241,-12.922465208747516,False
Maharashtra,Satara,Satara,Tomato,Hybrid,FAQ,2026-01-12,1232.0,1436.0,1311.0,False,2026,1,12,0,12,1,Rabi,1378.0,1410.0,1242.0,1376.0,1371.0,1268.7142857142858,1348.5714285714287,115.9291655648888,4.0,-9.738372093023257,False
Maharashtra,Satara,Satara,Tomato,Hybrid,FAQ,2026-01-13,1029.0,1298.0,1176.0,False,2026,1,13,1,13,1,Rabi,1311.0,1325.0,1070.0,1461.0,1338.0,1278.5714285714287,1343.9285714285713,116.21224425285698,-4.862119013062409,-26.76249144421629,False
Maharashtra,Satara,Satara,Tomato,Hybrid,FAQ,2026-01-14,1022.0,1261.0,1168.0,False,2026,1,14,2,14,1,Rabi,1176.0,1378.0,1196.0,1483.0,1288.3333333333333,1293.7142857142858,1323.5714285714287,87.98241166224498,-10.297482837528605,-19.35266351989211,False
Maharashtra,Satara,Satara,Tomato,Hybrid,FAQ,2026-01-15,1151.0,1375.0,1254.0,False,2026,1,15,3,15,1,Rabi,1168.0,1311.0,1260.0,1510.0,1218.3333333333333,1289.7142857142858,1301.0714285714287,93.621070074555,-0.6802721088435374,-16.55629139072848,False
Maharashtra,Satara,Satara,Tomato,Hybrid,FAQ,2026-01-16,1173.0,1343.0,1248.0,False,2026,1,16,4,16,1,Rabi,1254.0,1176.0,1410.0,1526.0,1199.3333333333333,1288.857142857143,1282.7857142857142,93.96529247800045,7.363013698630137,-7.601572739187418,False
Maharashtra,Satara,Satara,Tomato,Hybrid,FAQ,2026-01-17,1175.0,1279.0,1225.0,False,2026,1,17,5,17,1,Rabi,1248.0,1168.0,1325.0,1329.0,1223.3333333333333,1265.7142857142858,1262.9285714285713,77.69752095083041,-0.4784688995215311,-0.3009781790820165,False
Maharashtra,Satara,Satara,Tomato,Hybrid,FAQ,2026-01-18,1046.0,1268.0,1194.0,False,2026,1,18,6,18,1,Rabi,1225.0,1254.0,1378.0,1314.0,1242.3333333333333,1251.4285714285713,1255.5,74.08971395737518,-1.842948717948718,4.87062404870624,False
Maharashtra,Satara,Satara,Tomato,Hybrid,FAQ,2026-01-19,1176.0,1346.0,1281.0,False,2026,1,19,0,19,1,Rabi,1194.0,1248.0,1311.0,1242.0,1222.3333333333333,1225.142857142857,1246.9285714285713,50.624198994250435,-2.5306122448979593,5.555555555555555,False
Maharashtra,Satara,Satara,Tomato,Hybrid,FAQ,2026-01-20,1199.0,1432.0,1322.0,False,2026,1,20,1,20,1,Rabi,1281.0,1225.0,1176.0,1070.0,1233.3333333333333,1220.857142857143,1249.7142857142858,42.81132471448955,7.2864321608040195,9.906542056074766,False
Maharashtra,Satara,Satara,Tomato,Hybrid,FAQ,2026-01-21,1254.0,1509.0,1402.0,False,2026,1,21,2,21,1,Rabi,1322.0,1194.0,1168.0,1196.0,1265.6666666666667,1241.7142857142858,1267.7142857142858,51.9124721228407,3.200624512099922,-2.341137123745819,False
Maharashtra,Satara,Satara,Tomato,Hybrid,FAQ,2026-01-22,1387.0,1586.0,1471.0,False,2026,1,22,3,22,1,Rabi,1402.0,1281.0,1254.0,1260.0,1335.0,1275.142857142857,1282.4285714285713,69.04691296847497,6.051437216338881,-0.4761904761904762,False
Maharashtra,Satara,Satara,Tomato,Hybrid,FAQ,2026-01-23,1307.0,1549.0,1439.0,False,2026,1,23,4,23,1,Rabi,1471.0,1322.0,1248.0,1410.0,1398.3333333333333,1306.142857142857,1297.5,99.82556214288425,4.921540656205421,-11.48936170212766,False
Maharashtra,Satara,Satara,Tomato,Hybrid,FAQ,2026-01-24,1281.0,1467.0,1370.0,False,2026,1,24,5,24,1,Rabi,1439.0,1402.0,1225.0,1325.0,1437.3333333333333,1333.4285714285713,1299.5714285714287,107.12120416123219,-2.175390890550646,-7.547169811320755,False
Maharashtra,Satara,Satara,Tomato,Hybrid,FAQ,2026-01-25,1196.0,1392.0,1333.0,False,2026,1,25,6,25,1,Rabi,1370.0,1471.0,1194.0,1378.0,1426.6666666666667,1354.142857142857,1302.7857142857142,96.11352414623838,-4.794996525364837,-13.352685050798257,False
Maharashtra,Satara,Satara,Tomato,Hybrid,FAQ,2026-01-26,1287.0,1550.0,1415.0,False,2026,1,26,0,26,1,Rabi,1333.0,1439.0,1281.0,1311.0,1380.6666666666667,1374.0,1299.5714285714287,67.66091929614943,-2.7007299270072993,-2.2883295194508007,False
Maharashtra,Satara,Satara,Tomato,Hybrid,FAQ,2026-01-27,1323.0,1511.0,1390.0,False,2026,1,27,1,27,1,Rabi,1415.0,1370.0,1322.0,1176.0,1372.6666666666667,1393.142857142857,1307.0,54.67305421451157,6.151537884471118,12.414965986394558,False
Maharashtra,Satara,Satara,Tomato,Hybrid,FAQ,2026-01-28,1171.0,1389.0,1275.0,False,2026,1,28,2,28,1,Rabi,1390.0,1333.0,1402.0,1168.0,1379.3333333333333,1402.857142857143,1322.2857142857142,45.13471897711264,-1.76678445229682,20.034246575342465,False
Maharashtra,Satara,Satara,Tomato,Hybrid,FAQ,2026-01-29,1168.0,1304.0,1222.0,False,2026,1,29,3,29,1,Rabi,1275.0,1415.0,1471.0,1254.0,1360.0,1384.7142857142858,1329.9285714285713,66.16321809413057,-8.273381294964029,17.304625199362043,False
Maharashtra,Satara,Satara,Tomato,Hybrid,FAQ,2026-01-30,1061.0,1303.0,1167.0,False,2026,1,30,4,30,1,Rabi,1222.0,1390.0,1439.0,1248.0,1295.6666666666667,1349.142857142857,1327.642857142857,77.93037185297449,-4.156862745098039,15.30448717948718,False
Maharashtra,Satara,Satara,Tomato,Hybrid,FAQ,2026-01-31,957.0,1224.0,1102.0,False,2026,1,31,5,31,1,Rabi,1167.0,1275.0,1370.0,1225.0,1221.3333333333333,1310.2857142857142,1321.857142857143,92.1696159004586,-4.500818330605565,11.83673469387755,False
Maharashtra,Satara,Satara,Tomato,Hybrid,FAQ,2026-02-01,1129.0,1375.0,1272.0,False,2026,2,1,6,32,1,Rabi,1102.0,1222.0,1333.0,1194.0,1163.6666666666667,1272.0,1313.0714285714287,115.85047834745123,-5.569837189374464,11.641541038525963,False
Maharashtra,Satara,Satara,Tomato,Hybrid,FAQ,2026-02-02,1137.0,1320.0,1217.0,False,2026,2,2,0,33,1,Rabi,1272.0,1167.0,1415.0,1281.0,1180.3333333333333,1263.2857142857142,1318.642857142857,112.7500395945445,15.426497277676951,10.460577673692429,False
Maharashtra,Satara,Satara,Tomato,Hybrid,FAQ,2026-02-03,1144.0,1360.0,1250.0,False,2026,2,3,1,34,1,Rabi,1217.0,1102.0,1390.0,1322.0,1197.0,1235.0,1314.0714285714287,91.10433579144237,-4.323899371069182,5.143721633888049,False
Maharashtra,Satara,Satara,Tomato,Hybrid,FAQ,2026-02-04,1102.0,1361.0,1214.0,False,2026,2,4,2,35,1,Rabi,1250.0,1272.0,1275.0,1402.0,1246.3333333333333,1215.0,1308.9285714285713,62.182527020590925,2.711585866885785,-9.058487874465051,False
Maharashtra,Satara,Satara,Tomato,Hybrid,FAQ,2026-02-05,992.0,1257.0,1115.0,False,2026,2,5,3,36,1,Rabi,1214.0,1217.0,1222.0,1471.0,1227.0,1206.2857142857142,1295.5,56.375864474417895,-2.88,-16.92726036709721,False
Maharashtra,Satara,Satara,Tomato,Hybrid,FAQ,2026-02-06,1091.0,1277.0,1160.0,False,2026,2,6,4,37,1,Rabi,1115.0,1250.0,1167.0,1439.0,1193.0,1191.0,1270.0714285714287,65.21758454077509,-8.15485996705107,-18.90201528839472,False
Maharashtra,Satara,Satara,Tomato,Hybrid,FAQ,2026-02-07,1178.0,1400.0,1290.0,False,2026,2,7,5,38,1,Rabi,1160.0,1214.0,1102.0,1370.0,1163.0,1190.0,1250.142857142857,65.69880770100127,4.0358744394618835,-19.562043795620436,False
Maharashtra,Satara,Satara,Tomato,Hybrid,FAQ,2026-02-08,1491.0,1676.0,1574.0,False,2026,2,8,6,39,1,Rabi,1290.0,1115.0,1272.0,1333.0,1188.3333333333333,1216.857142857143,1244.4285714285713,62.05489121583712,11.206896551724139,-4.576144036009002,False
Maharashtra,Satara,Satara,Tomato,Hybrid,FAQ,2026-02-09,1403.0,1604.0,1473.0,False,2026,2,9,0,40,1,Rabi,1574.0,1160.0,1217.0,1415.0,1341.3333333333333,1260.0,1261.642857142857,149.7698233957693,22.015503875968992,-13.992932862190813,False
Maharashtra,Satara,Satara,Tomato,Hybrid,FAQ,2026-02-10,1552.0,1724.0,1646.0,False,2026,2,10,1,41,1,Rabi,1473.0,1290.0,1250.0,1390.0,1445.6666666666667,1296.5714285714287,1265.7857142857142,167.70197488685807,-6.416772554002541,-10.071942446043165,False
Maharashtra,Satara,Satara,Tomato,Hybrid,FAQ,2026-02-11,1470.0,1661.0,1576.0,False,2026,2,11,2,42,1,Rabi,1646.0,1574.0,1214.0,1275.0,1564.3333333333333,1353.142857142857,1284.0714285714287,210.66278628132125,11.744738628649015,-4.784313725490196,False
Maharashtra,Satara,Satara,Tomato,Hybrid,FAQ,2026-02-12,1267.0,1445.0,1391.0,False,2026,2,12,3,43,1,Rabi,1576.0,1473.0,1115.0,1222.0,1565.0,1404.857142857143,1305.5714285714287,215.19636658288732,-4.25273390036452,-8.756137479541735,False
Maharashtra,Satara,Satara,Tomato,Hybrid,FAQ,2026-02-13,1296.0,1477.0,1393.0,False,2026,2,13,4,44,1,Rabi,1391.0,1646.0,1160.0,1167.0,1537.6666666666667,1444.2857142857142,1317.642857142857,174.71377954215603,-11.738578680203046,-0.5998286203941731,False
Maharashtra,Satara,Satara,Tomato,Hybrid,FAQ,2026-02-14,1442.0,1600.0,1541.0,False,2026,2,14,5,45,1,Rabi,1393.0,1576.0,1290.0,1102.0,1453.3333333333333,1477.5714285714287,1333.7857142857142,127.28296186431557,0.14378145219266716,17.05989110707804,False
Maharashtra,Satara,Satara,Tomato,Hybrid,FAQ,2026-02-15,1426.0,1675.0,1573.0,False,2026,2,15,6,46,1,Rabi,1541.0,1391.0,1574.0,1272.0,1441.6666666666667,1513.4285714285713,1365.142857142857,97.5070205042672,10.624551328068916,23.742138364779876,False
Maharashtra,Satara,Satara,Tomato,Hybrid,FAQ,2026-02-16,1352.0,1543.0,1450.0,False,2026,2,16,0,47,1,Rabi,1573.0,1393.0,1473.0,1217.0,1502.3333333333333,1513.2857142857142,1386.642857142857,97.40416535534794,2.0765736534717716,21.03533278553821,False
Maharashtra,Satara,Satara,Tomato,Hybrid,FAQ,2026-02-17,1447.0,1565.0,1504.0,False,2026,2,17,1,48,1,Rabi,1450.0,1541.0,1646.0,1250.0,1521.3333333333333,1510.0,1403.2857142857142,99.35793878699641,-7.819453273998729,31.680000000000003,False
Maharashtra,Satara,Satara,Tomato,Hybrid,FAQ,2026-02-18,1391.0,1560.0,1460.0,False,2026,2,18,2,49,1,Rabi,1504.0,1573.0,1576.0,1214.0,1509.0,1489.7142857142858,1421.4285714285713,79.4684723348736,3.724137931034482,29.818780889621088,False
Maharashtra,Satara,Satara,Tomato,Hybrid,FAQ,2026-02-19,1390.0,1573.0,1517.0,False,2026,2,19,3,50,1,Rabi,1460.0,1450.0,1391.0,1115.0,1471.3333333333333,1473.142857142857,1439.0,70.00816278937258,-2.925531914893617,24.753363228699552,False
Maharashtra,Satara,Satara,Tomato,Hybrid,FAQ,2026-02-20,1374.0,1483.0,1428.0,False,2026,2,20,4,51,1,Rabi,1517.0,1504.0,1393.0,1160.0,1493.6666666666667,1491.142857142857,1467.7142857142858,60.984775617717354,3.904109589041096,20.086206896551726,False
Maharashtra,Satara,Satara,Tomato,Hybrid,FAQ,2026-02-21,1313.0,1508.0,1446.0,False,2026,2,21,5,52,1,Rabi,1428.0,1460.0,1541.0,1290.0,1468.3333333333333,1496.142857142857,1486.857142857143,52.432269235112685,-5.8668424522083065,19.45736434108527,False
Maharashtra,Satara,Satara,Tomato,Hybrid,FAQ,2026-02-22,1305.0,1515.0,1439.0,False,2026,2,22,6,53,1,Rabi,1446.0,1517.0,1573.0,1574.0,1463.6666666666667,1482.5714285714287,1498.0,51.165929884571035,1.2605042016806722,-0.06353240152477764,False
Maharashtra,Satara,Satara,Tomato,Hybrid,FAQ,2026-02-23,1295.0,1441.0,1387.0,False,2026,2,23,0,54,1,Rabi,1439.0,1428.0,1450.0,1473.0,1437.6666666666667,1463.4285714285713,1488.357142857143,33.82236509992765,-0.48409405255878285,-1.561439239646979,False
Maharashtra,Satara,Satara,Tomato,Hybrid,FAQ,2026-02-24,1475.0,1665.0,1582.0,False,2026,2,24,1,55,1,Rabi,1387.0,1446.0,1504.0,1646.0,1424.0,1454.4285714285713,1482.2142857142858,44.64249523663287,-3.6136205698401667,-8.626974483596598,False
Maharashtra,Satara,Satara,Tomato,Hybrid,FAQ,2026-02-25,1372.0,1515.0,1454.0,False,2026,2,25,2,56,1,Rabi,1582.0,1439.0,1460.0,1576.0,1469.3333333333333,1465.5714285714287,1477.642857142857,64.42788511935503,14.059120403749098,-7.3604060913705585,False
Maharashtra,Satara,Satara,Tomato,Hybrid,FAQ,2026-02-26,1257.0,1531.0,1384.0,False,2026,2,26,3,57,1,Rabi,1454.0,1387.0,1517.0,1391.0,1474.3333333333333,1464.7142857142858,1468.9285714285713,64.55414855172765,-8.091024020227561,9.05823148813803,False
Maharashtra,Satara,Satara,Tomato,Hybrid,FAQ,2026-02-27,1213.0,1497.0,1360.0,False,2026,2,27,4,58,1,Rabi,1384.0,1582.0,1428.0,1393.0,1473.3333333333333,1445.7142857142858,1468.4285714285713,66.15314123485358,-4.814305364511692,2.512562814070352,False
Maharashtra,Satara,Satara,Tomato,Hybrid,FAQ,2026-02-28,1425.0,1617.0,1504.0,False,2026,2,28,5,59,1,Rabi,1360.0,1454.0,1446.0,1541.0,1399.3333333333333,1436.0,1466.0714285714287,73.74505633148368,-1.7341040462427744,-6.164828033744322,False
Maharashtra,Satara,Satara,Tomato,Hybrid,FAQ,2026-03-01,1480.0,1674.0,1576.0,False,2026,3,1,6,60,1,Rabi,1504.0,1384.0,1439.0,1573.0,1416.0,1444.2857142857142,1463.4285714285713,78.1808038794593,10.588235294117647,-8.518753973299429,False
Maharashtra,Satara,Satara,Tomato,Hybrid,FAQ,2026-03-02,1422.0,1646.0,1504.0,False,2026,3,2,0,61,1,Rabi,1576.0,1360.0,1387.0,1450.0,1480.0,1463.857142857143,1463.642857142857,92.47779656297652,4.787234042553192,-4.344827586206897,False
Maharashtra,Satara,Satara,Tomato,Hybrid,FAQ,2026-03-03,1534.0,1689.0,1590.0,False,2026,3,3,1,62,1,Rabi,1504.0,1504.0,1582.0,1504.0,1528.0,1480.5714285714287,1467.5,86.66190463107857,-4.568527918781726,5.1861702127659575,False
Maharashtra,Satara,Satara,Tomato,Hybrid,FAQ,2026-03-04,1503.0,1683.0,1608.0,False,2026,3,4,2,63,1,Rabi,1590.0,1576.0,1454.0,1460.0,1556.6666666666667,1481.7142857142858,1473.642857142857,88.26043712731774,5.718085106382978,-0.410958904109589,False
Maharashtra,Satara,Satara,Tomato,Hybrid,FAQ,2026-03-05,1593.0,1812.0,1677.0,False,2026,3,5,3,64,1,Rabi,1608.0,1504.0,1384.0,1517.0,1567.3333333333333,1503.7142857142858,1484.2142857142858,98.7686088554384,1.1320754716981132,-8.767303889255109,False
Maharashtra,Satara,Satara,Tomato,Hybrid,FAQ,2026-03-06,1680.0,1792.0,1740.0,False,2026,3,6,4,65,1,Rabi,1677.0,1590.0,1360.0,1428.0,1625.0,1545.5714285714287,1495.642857142857,101.6232538068246,4.291044776119403,-4.761904761904762,False
Maharashtra,Satara,Satara,Tomato,Hybrid,FAQ,2026-03-07,1847.0,2081.0,1993.0,False,2026,3,7,5,66,1,Rabi,1740.0,1608.0,1504.0,1446.0,1675.0,1599.857142857143,1517.9285714285713,86.31421005340624,3.7567084078711988,4.011065006915629,False
Maharashtra,Satara,Satara,Tomato,Hybrid,FAQ,2026-03-08,1809.0,2070.0,1927.0,False,2026,3,8,6,67,1,Rabi,1993.0,1677.0,1576.0,1439.0,1803.3333333333333,1669.7142857142858,1557.0,161.20040765634636,14.540229885057471,9.520500347463516,False
Maharashtra,Satara,Satara,Tomato,Hybrid,FAQ,2026-03-09,1835.0,2006.0,1943.0,False,2026,3,9,0,68,1,Rabi,1927.0,1740.0,1504.0,1387.0,1886.6666666666667,1719.857142857143,1591.857142857143,180.6132410903026,-3.311590566984446,8.435472242249459,False
Maharashtra,Satara,Satara,Tomato,Hybrid,FAQ,2026-03-10,1984.0,2213.0,2075.0,False,2026,3,10,1,69,1,Rabi,1943.0,1993.0,1590.0,1582.0,1954.3333333333333,1782.5714285714287,1631.5714285714287,169.01366526887725,0.8303061754021795,0.5056890012642226,False
Maharashtra,Satara,Satara,Tomato,Hybrid,FAQ,2026-03-11,2000.0,2255.0,2115.0,False,2026,3,11,2,70,1,Rabi,2075.0,1927.0,1608.0,1454.0,1981.6666666666667,1851.857142857143,1666.7857142857142,176.17266962787022,6.793618116314977,10.591471801925723,False
Maharashtra,Satara,Satara,Tomato,Hybrid,FAQ,2026-03-12,1949.0,2100.0,2030.0,False,2026,3,12,3,71,1,Rabi,2115.0,1943.0,1677.0,1384.0,2044.3333333333333,1924.2857142857142,1714.0,162.93016324560475,1.9277108433734942,21.170520231213874,False
Maharashtra,Satara,Satara,Tomato,Hybrid,FAQ,2026-03-13,1917.0,2184.0,2058.0,False,2026,3,13,4,72,1,Rabi,2030.0,2075.0,1740.0,1360.0,2073.3333333333335,1974.7142857142858,1760.142857142857,123.49185436796837,-4.0189125295508275,27.941176470588236,False
Maharashtra,Satara,Satara,Tomato,Hybrid,FAQ,2026-03-14,1883.0,2077.0,1951.0,False,2026,3,14,5,73,1,Rabi,2058.0,2115.0,1993.0,1504.0,2067.6666666666665,2020.142857142857,1810.0,69.40323856860735,1.3793103448275863,32.513297872340424,False
Maharashtra,Satara,Satara,Tomato,Hybrid,FAQ,2026-03-15,1949.0,2119.0,2046.0,False,2026,3,15,6,74,1,Rabi,1951.0,2030.0,1927.0,1576.0,2013.0,2014.142857142857,1841.9285714285713,73.81605193866042,-5.199222546161321,22.27157360406091,False
Maharashtra,Satara,Satara,Tomato,Hybrid,FAQ,2026-03-16,1923.0,2103.0,2006.0,False,2026,3,16,0,75,1,Rabi,2046.0,2058.0,1943.0,1504.0,2018.3333333333333,2031.142857142857,1875.5,63.36515491296761,4.86929779600205,29.188829787234045,False
Maharashtra,Satara,Satara,Tomato,Hybrid,FAQ,2026-03-17,1951.0,2164.0,2016.0,False,2026,3,17,1,76,1,Rabi,2006.0,1951.0,2075.0,1590.0,2001.0,2040.142857142857,1911.357142857143,52.260337323293314,-1.9550342130987293,30.50314465408805,False
Maharashtra,Satara,Satara,Tomato,Hybrid,FAQ,2026-03-18,1911.0,2108.0,1981.0,False,2026,3,18,2,77,1,Rabi,2016.0,2046.0,2115.0,1608.0,2022.6666666666667,2031.7142857142858,1941.7857142857142,50.427222429024276,0.4985044865403789,31.529850746268657,False
Maharashtra,Satara,Satara,Tomato,Hybrid,FAQ,2026-03-19,1861.0,2061.0,1954.0,False,2026,3,19,3,78,1,Rabi,1981.0,2006.0,2030.0,1677.0,2001.0,2012.5714285714287,1968.4285714285713,37.255232933829056,-1.7361111111111112,21.049493142516397,False
Maharashtra,Satara,Satara,Tomato,Hybrid,FAQ,2026-03-20,1933.0,2131.0,2072.0,False,2026,3,20,4,79,1,Rabi,1954.0,2016.0,2058.0,1740.0,1983.6666666666667,2001.7142857142858,1988.2142857142858,42.09003954111805,-1.3629480060575467,18.275862068965516,False
Maharashtra,Satara,Satara,Tomato,Hybrid,FAQ,2026-03-21,1948.0,2193.0,2052.0,False,2026,3,21,5,80,1,Rabi,2072.0,1981.0,1951.0,1993.0,2002.3333333333333,2003.7142857142858,2011.9285714285713,45.41187174340596,6.038894575230297,-2.107375815353738,False
Maharashtra,Satara,Satara,Tomato,Hybrid,FAQ,2026-03-22,2091.0,2298.0,2154.0,False,2026,3,22,6,81,1,Rabi,2052.0,1954.0,2046.0,1927.0,2026.0,2018.142857142857,2016.142857142857,41.770917200978715,-0.9652509652509652,6.175402179553711,False
Maharashtra,Satara,Satara,Tomato,Hybrid,FAQ,2026-03-23,1994.0,2263.0,2119.0,False,2026,3,23,0,82,1,Rabi,2154.0,2072.0,2006.0,1943.0,2092.6666666666665,2033.5714285714287,2032.357142857143,66.43758259414562,4.970760233918129,3.242408646423057,False
Maharashtra,Satara,Satara,Tomato,Hybrid,FAQ,2026-03-24,1876.0,2098.0,2020.0,False,2026,3,24,1,83,1,Rabi,2119.0,2052.0,2016.0,2075.0,2108.3333333333335,2049.714285714286,2044.9285714285713,72.10805383986603,-1.6248839368616528,-2.8433734939759034,False
Maharashtra,Satara,Satara,Tomato,Hybrid,FAQ,2026-03-25,2065.0,2268.0,2148.0,False,2026,3,25,2,84,1,Rabi,2020.0,2154.0,1981.0,2115.0,2097.6666666666665,2050.285714285714,2041.0,71.81159211371346,-4.6720151014629545,-6.335697399527186,False
Maharashtra,Satara,Satara,Tomato,Hybrid,FAQ,2026-03-26,2078.0,2258.0,2202.0,False,2026,3,26,3,85,1,Rabi,2148.0,2119.0,1954.0,2030.0,2095.6666666666665,2074.1428571428573,2043.357142857143,72.69211000613842,6.336633663366337,-3.74384236453202,False
Maharashtra,Satara,Satara,Tomato,Hybrid,FAQ,2026-03-27,2060.0,2227.0,2149.0,False,2026,3,27,4,86,1,Rabi,2202.0,2020.0,2072.0,2058.0,2123.3333333333335,2109.5714285714284,2055.6428571428573,64.3320996674355,2.5139664804469275,0.6802721088435374,False
Maharashtra,Satara,Satara,Tomato,Hybrid,FAQ,2026-03-28,2122.0,2358.0,2270.0,False,2026,3,28,5,87,1,Rabi,2149.0,2148.0,2052.0,1951.0,2166.3333333333335,2120.5714285714284,2062.1428571428573,63.413608273678605,-2.406902815622162,5.176832393644285,False
Maharashtra,Satara,Satara,Tomato,Hybrid,FAQ,2026-03-30,2187.0,2404.0,2332.0,False,2026,3,30,0,89,1,Rabi,2270.0,2202.0,2154.0,2046.0,2207.0,2151.714285714286,2084.9285714285716,76.33853174232127,5.630525825965566,5.278592375366569,False
Maharashtra,Satara,Satara,Tomato,Hybrid,FAQ,2026-03-31,2270.0,2479.0,2353.0,False,2026,3,31,1,90,1,Rabi,2332.0,2149.0,2119.0,2006.0,2250.3333333333335,2177.1428571428573,2105.3571428571427,102.41814385390049,2.7312775330396475,5.633100697906281,False
Maharashtra,Satara,Satara,Tomato,Hybrid,FAQ,2026-04-01,2399.0,2617.0,2493.0,False,2026,4,1,2,91,2,Zaid,2353.0,2270.0,2020.0,2016.0,2318.3333333333335,2210.5714285714284,2130.1428571428573,117.373843115156,0.9005145797598628,0.1984126984126984,False
Maharashtra,Satara,Satara,Tomato,Hybrid,FAQ,2026-04-02,2282.0,2411.0,2355.0,False,2026,4,2,3,92,2,Zaid,2493.0,2332.0,2148.0,1981.0,2392.6666666666665,2278.1428571428573,2164.214285714286,125.26429202747825,5.9498512537186565,8.430085815244826,False
Maharashtra,Satara,Satara,Tomato,Hybrid,FAQ,2026-04-03,2267.0,2419.0,2334.0,False,2026,4,3,4,93,2,Zaid,2355.0,2353.0,2202.0,1954.0,2400.3333333333335,2307.714285714286,2190.9285714285716,113.28094027052406,-5.535499398315283,12.691914022517912,False
Maharashtra,Satara,Satara,Tomato,Hybrid,FAQ,2026-04-04,2074.0,2220.0,2164.0,False,2026,4,4,5,94,2,Zaid,2334.0,2493.0,2149.0,2072.0,2394.0,2326.5714285714284,2218.0714285714284,103.29707505195103,-0.89171974522293,3.7162162162162162,False
Maharashtra,Satara,Satara,Tomato,Hybrid,FAQ,2026-04-05,2185.0,2360.0,2250.0,False,2026,4,5,6,95,2,Zaid,2164.0,2355.0,2270.0,2052.0,2284.3333333333335,2328.714285714286,2224.6428571428573,99.06851885727433,-7.28363324764353,10.623781676413255,False
Maharashtra,Satara,Satara,Tomato,Hybrid,FAQ,2026-04-06,2152.0,2360.0,2268.0,False,2026,4,6,0,96,2,Zaid,2250.0,2334.0,2332.0,2154.0,2249.3333333333335,2325.8571428571427,2238.785714285714,101.30717080811965,3.9741219963031424,8.263695450324978,False
Maharashtra,Satara,Satara,Tomato,Hybrid,FAQ,2026-04-07,2102.0,2253.0,2202.0,False,2026,4,7,1,97,2,Zaid,2268.0,2164.0,2353.0,2119.0,2227.3333333333335,2316.714285714286,2246.9285714285716,103.52409427394528,0.8,11.042944785276074,False
Maharashtra,Satara,Satara,Tomato,Hybrid,FAQ,2026-04-08,2232.0,2467.0,2351.0,False,2026,4,8,2,98,2,Zaid,2202.0,2250.0,2493.0,2020.0,2240.0,2295.1428571428573,2252.8571428571427,110.21861393224526,-2.91005291005291,23.415841584158418,False
Maharashtra,Satara,Satara,Tomato,Hybrid,FAQ,2026-04-09,2193.0,2433.0,2341.0,False,2026,4,9,3,99,2,Zaid,2351.0,2268.0,2355.0,2148.0,2273.6666666666665,2274.8571428571427,2276.5,75.2560707881997,6.766575840145323,9.636871508379889,False
Maharashtra,Satara,Satara,Tomato,Hybrid,FAQ,2026-04-10,2206.0,2447.0,2306.0,False,2026,4,10,4,100,2,Zaid,2341.0,2202.0,2334.0,2202.0,2298.0,2272.8571428571427,2290.285714285714,72.92102708052396,-0.4253509145044662,5.994550408719346,False
Maharashtra,Satara,Satara,Tomato,Hybrid,FAQ,2026-04-11,2232.0,2498.0,2362.0,False,2026,4,11,5,101,2,Zaid,2306.0,2351.0,2164.0,2149.0,2332.6666666666665,2268.8571428571427,2297.714285714286,69.70516138573825,-1.49508756941478,0.6979990693345742,False
Maharashtra,Satara,Satara,Tomato,Hybrid,FAQ,2026-04-12,2414.0,2608.0,2510.0,False,2026,4,12,6,102,2,Zaid,2362.0,2341.0,2250.0,2270.0,2336.3333333333335,2297.1428571428573,2312.9285714285716,59.48789392651256,2.4284475281873377,-0.881057268722467,False
Maharashtra,Satara,Satara,Tomato,Hybrid,FAQ,2026-04-13,2424.0,2602.0,2544.0,False,2026,4,13,0,103,2,Zaid,2510.0,2306.0,2268.0,2332.0,2392.6666666666665,2334.285714285714,2330.0714285714284,95.44756725679736,6.265876375952582,-2.7444253859348198,False
Maharashtra,Satara,Satara,Tomato,Hybrid,FAQ,2026-04-14,2400.0,2634.0,2536.0,False,2026,4,14,1,104,2,Zaid,2544.0,2362.0,2202.0,2353.0,2472.0,2373.714285714286,2345.214285714286,117.87382277351138,1.3545816733067728,-6.417339566510838,False
Maharashtra,Satara,Satara,Tomato,Hybrid,FAQ,2026-04-15,2452.0,2682.0,2544.0,False,2026,4,15,2,105,2,Zaid,2536.0,2510.0,2351.0,2493.0,2530.0,2421.4285714285716,2358.285714285714,103.50500332973847,-0.3144654088050315,-5.695948656237465,False
Maharashtra,Satara,Satara,Tomato,Hybrid,FAQ,2026-04-16,2406.0,2609.0,2476.0,False,2026,4,16,3,106,2,Zaid,2544.0,2544.0,2341.0,2355.0,2541.3333333333335,2449.0,2361.9285714285716,107.25514750663652,0.31545741324921134,-0.59447983014862,False
Maharashtra,Satara,Satara,Tomato,Hybrid,FAQ,2026-04-17,2271.0,2519.0,2418.0,False,2026,4,17,4,107,2,Zaid,2476.0,2536.0,2306.0,2334.0,2518.6666666666665,2468.285714285714,2370.5714285714284,96.16256077726896,-2.6729559748427674,-1.1996572407883461,False
Maharashtra,Satara,Satara,Tomato,Hybrid,FAQ,2026-04-18,2347.0,2523.0,2426.0,False,2026,4,18,5,108,2,Zaid,2418.0,2544.0,2362.0,2164.0,2479.3333333333335,2484.285714285714,2376.5714285714284,70.5731636571255,-2.34248788368336,9.149722735674677,False
Maharashtra,Satara,Satara,Tomato,Hybrid,FAQ,2026-04-19,2318.0,2450.0,2387.0,False,2026,4,19,6,109,2,Zaid,2426.0,2476.0,2510.0,2250.0,2440.0,2493.4285714285716,2395.285714285714,54.37786664587398,0.3308519437551696,11.555555555555555,False
Maharashtra,Satara,Satara,Tomato,Hybrid,FAQ,2026-04-20,2378.0,2586.0,2458.0,False,2026,4,20,0,110,2,Zaid,2387.0,2418.0,2544.0,2268.0,2410.3333333333335,2475.8571428571427,2405.0714285714284,66.62439135792118,-1.6075845012366035,12.16931216931217,False
Maharashtra,Satara,Satara,Tomato,Hybrid,FAQ,2026-04-21,2252.0,2402.0,2319.0,False,2026,4,21,1,111,2,Zaid,2458.0,2426.0,2536.0,2202.0,2423.6666666666665,2463.5714285714284,2418.6428571428573,59.51430400295538,2.974444909928781,15.168029064486829,False
Maharashtra,Satara,Satara,Tomato,Hybrid,FAQ,2026-04-22,2161.0,2389.0,2305.0,False,2026,4,22,2,112,2,Zaid,2319.0,2387.0,2544.0,2351.0,2388.0,2432.5714285714284,2427.0,70.92215719333355,-5.6550040683482505,8.209272649936198,False
Maharashtra,Satara,Satara,Tomato,Hybrid,FAQ,2026-04-23,2236.0,2443.0,2304.0,False,2026,4,23,3,113,2,Zaid,2305.0,2458.0,2476.0,2341.0,2360.6666666666665,2398.4285714285716,2423.714285714286,65.67307196222515,-0.603708495040966,5.766766339171294,False
Maharashtra,Satara,Satara,Tomato,Hybrid,FAQ,2026-04-24,2236.0,2453.0,2332.0,False,2026,4,24,4,114,2,Zaid,2304.0,2319.0,2418.0,2306.0,2309.3333333333335,2373.8571428571427,2421.0714285714284,63.96725352719564,-0.04338394793926247,4.856895056374675,False
Maharashtra,Satara,Satara,Tomato,Hybrid,FAQ,2026-04-25,2279.0,2425.0,2357.0,False,2026,4,25,5,115,2,Zaid,2332.0,2305.0,2426.0,2362.0,2313.6666666666665,2361.5714285714284,2422.9285714285716,62.31334031293195,1.215277777777778,2.7095681625740897,False
Maharashtra,Satara,Satara,Tomato,Hybrid,FAQ,2026-04-27,2171.0,2379.0,2268.0,False,2026,4,27,0,117,2,Zaid,2357.0,2304.0,2387.0,2510.0,2331.0,2351.714285714286,2422.5714285714284,55.50890104515579,1.072041166380789,-4.900398406374502,False
Maharashtra,Satara,Satara,Tomato,Hybrid,FAQ,2026-04-28,2207.0,2353.0,2300.0,False,2026,4,28,1,118,2,Zaid,2268.0,2332.0,2458.0,2544.0,2319.0,2334.714285714286,2405.285714285714,60.865190614784844,-3.7759864234196012,-3.380503144654088,False
Maharashtra,Satara,Satara,Tomato,Hybrid,FAQ,2026-04-29,2243.0,2440.0,2336.0,False,2026,4,29,2,119,2,Zaid,2300.0,2357.0,2319.0,2536.0,2308.3333333333335,2312.1428571428573,2387.8571428571427,27.88923670185326,1.4109347442680775,-8.556782334384858,False
Maharashtra,Satara,Satara,Tomato,Hybrid,FAQ,2026-04-30,2261.0,2448.0,2359.0,False,2026,4,30,3,120,2,Zaid,2336.0,2268.0,2305.0,2544.0,2301.3333333333335,2314.5714285714284,2373.5714285714284,29.29082417677719,1.565217391304348,-9.394654088050315,False
Maharashtra,Satara,Satara,Tomato,Hybrid,FAQ,2026-05-01,2315.0,2604.0,2458.0,False,2026,5,1,4,121,2,Zaid,2359.0,2300.0,2304.0,2476.0,2331.6666666666665,2322.285714285714,2360.3571428571427,33.19997131385279,0.9845890410958904,-6.946688206785137,False
Maharashtra,Satara,Satara,Tomato,Hybrid,FAQ,2026-05-02,2216.0,2412.0,2317.0,False,2026,5,2,5,122,2,Zaid,2458.0,2336.0,2332.0,2418.0,2384.3333333333335,2344.285714285714,2359.0714285714284,59.59506211570008,4.196693514200932,-3.556658395368073,False
Maharashtra,Satara,Satara,Tomato,Hybrid,FAQ,2026-05-03,2261.0,2417.0,2339.0,False,2026,5,3,6,123,2,Zaid,2317.0,2359.0,2357.0,2426.0,2378.0,2342.1428571428573,2351.8571428571427,60.3750184856747,-5.736371033360456,-2.8441879637262986,False
Maharashtra,Satara,Satara,Tomato,Hybrid,FAQ,2026-05-04,2151.0,2391.0,2241.0,False,2026,5,4,0,124,2,Zaid,2339.0,2458.0,2268.0,2387.0,2371.3333333333335,2339.5714285714284,2345.6428571428573,60.01904459659782,0.9495036685369012,-4.9853372434017595,False
Maharashtra,Satara,Satara,Tomato,Hybrid,FAQ,2026-05-05,2193.0,2316.0,2251.0,False,2026,5,5,1,125,2,Zaid,2241.0,2317.0,2300.0,2458.0,2299.0,2335.714285714286,2335.214285714286,65.9588616379488,-4.189824711415135,-6.427990235964199,False
Maharashtra,Satara,Satara,Tomato,Hybrid,FAQ,2026-05-06,2101.0,2296.0,2195.0,False,2026,5,6,2,126,2,Zaid,2251.0,2339.0,2336.0,2319.0,2277.0,2328.714285714286,2320.4285714285716,72.64230696988731,0.4462293618920125,0.733074601121173,False
Maharashtra,Satara,Satara,Tomato,Hybrid,FAQ,2026-05-07,2059.0,2198.0,2118.0,False,2026,5,7,3,127,2,Zaid,2195.0,2241.0,2359.0,2305.0,2229.0,2308.5714285714284,2311.5714285714284,88.17380023352428,-2.4877832074633495,2.3427331887201737,False
Maharashtra,Satara,Satara,Tomato,Hybrid,FAQ,2026-05-08,1869.0,2160.0,2016.0,False,2026,5,8,4,128,2,Zaid,2118.0,2251.0,2458.0,2304.0,2188.0,2274.1428571428573,2298.214285714286,109.63945240565384,-3.507972665148064,6.684027777777778,False
Maharashtra,Satara,Satara,Tomato,Hybrid,FAQ,2026-05-09,1947.0,2139.0,2088.0,False,2026,5,9,5,129,2,Zaid,2016.0,2195.0,2317.0,2332.0,2109.6666666666665,2211.0,2277.6428571428573,113.32107776873752,-4.815864022662889,-0.6432246998284734,False
Maharashtra,Satara,Satara,Tomato,Hybrid,FAQ,2026-05-10,1790.0,2066.0,1921.0,False,2026,5,10,6,130,2,Zaid,2088.0,2118.0,2339.0,2357.0,2074.0,2178.285714285714,2260.214285714286,110.64314150414415,3.571428571428571,-0.7636826474331778,False
Maharashtra,Satara,Satara,Tomato,Hybrid,FAQ,2026-05-11,1874.0,2001.0,1925.0,False,2026,5,11,0,131,2,Zaid,1921.0,2016.0,2241.0,2268.0,2008.3333333333333,2118.5714285714284,2229.0714285714284,121.6947782265937,-7.998084291187739,-1.1904761904761905,False
Maharashtra,Satara,Satara,Tomato,Hybrid,FAQ,2026-05-12,1880.0,2094.0,1975.0,False,2026,5,12,1,132,2,Zaid,1925.0,2088.0,2251.0,2300.0,1978.0,2073.4285714285716,2204.5714285714284,127.19651088356463,0.20822488287350338,-2.130434782608696,False
Maharashtra,Satara,Satara,Tomato,Hybrid,FAQ,2026-05-13,1901.0,2095.0,2004.0,False,2026,5,13,2,133,2,Zaid,1975.0,1921.0,2195.0,2336.0,1940.3333333333333,2034.0,2181.3571428571427,103.55996652503676,2.5974025974025974,-6.035958904109589,False
Maharashtra,Satara,Satara,Tomato,Hybrid,FAQ,2026-05-14,1775.0,1990.0,1842.0,False,2026,5,14,3,134,2,Zaid,2004.0,1925.0,2118.0,2359.0,1968.0,2006.7142857142858,2157.6428571428573,75.404938577686,1.4683544303797469,-10.216193302246715,False
Maharashtra,Satara,Satara,Tomato,Hybrid,FAQ,2026-05-15,1731.0,1914.0,1841.0,False,2026,5,15,4,135,2,Zaid,1842.0,1975.0,2016.0,2458.0,1940.3333333333333,1967.2857142857142,2120.714285714286,79.56069860115772,-8.08383233532934,-17.982099267697315,False
Maharashtra,Satara,Satara,Tomato,Hybrid,FAQ,2026-05-16,1843.0,2066.0,1947.0,False,2026,5,16,5,136,2,Zaid,1841.0,2004.0,2088.0,2317.0,1895.6666666666667,1942.2857142857142,2076.6428571428573,88.6749011571898,-0.05428881650380022,-9.883470004315924,False
Maharashtra,Satara,Satara,Tomato,Hybrid,FAQ,2026-05-17,1861.0,2059.0,1972.0,False,2026,5,17,6,137,2,Zaid,1947.0,1842.0,1921.0,2339.0,1876.6666666666667,1922.142857142857,2050.214285714286,62.08711238098156,5.757740358500815,-17.870884993587,False
Maharashtra,Satara,Satara,Tomato,Hybrid,FAQ,2026-05-18,1846.0,2040.0,1973.0,False,2026,5,18,0,138,2,Zaid,1972.0,1841.0,1925.0,2241.0,1920.0,1929.4285714285713,2024.0,64.86102358852776,1.2840267077555212,-14.100847835787594,False
Maharashtra,Satara,Satara,Tomato,Hybrid,FAQ,2026-05-19,1739.0,1960.0,1832.0,False,2026,5,19,1,139,2,Zaid,1973.0,1947.0,1975.0,2251.0,1964.0,1936.2857142857142,2004.857142857143,66.82243706448702,0.05070993914807302,-12.261217236783652,False
Maharashtra,Satara,Satara,Tomato,Hybrid,FAQ,2026-05-20,1628.0,1855.0,1726.0,False,2026,5,20,2,140,2,Zaid,1832.0,1972.0,2004.0,2195.0,1925.6666666666667,1915.857142857143,1974.9285714285713,74.43885314230674,-7.146477445514445,-8.701594533029612,False
Maharashtra,Satara,Satara,Tomato,Hybrid,FAQ,2026-05-21,1429.0,1634.0,1560.0,False,2026,5,21,3,141,2,Zaid,1726.0,1973.0,1842.0,2118.0,1843.6666666666667,1876.142857142857,1941.4285714285713,91.72682008991819,-5.786026200873363,-13.031161473087819,False
Maharashtra,Satara,Satara,Tomato,Hybrid,FAQ,2026-05-22,1569.0,1741.0,1641.0,False,2026,5,22,4,142,2,Zaid,1560.0,1832.0,1841.0,2016.0,1706.0,1835.857142857143,1901.5714285714287,151.60412106472515,-9.617612977983777,-8.680555555555555,False
Maharashtra,Satara,Satara,Tomato,Hybrid,FAQ,2026-05-23,1561.0,1803.0,1656.0,False,2026,5,23,5,143,2,Zaid,1641.0,1726.0,1947.0,2088.0,1642.3333333333333,1807.2857142857142,1874.7857142857142,168.39013657348264,5.1923076923076925,-6.752873563218391,False
Maharashtra,Satara,Satara,Tomato,Hybrid,FAQ,2026-05-24,1746.0,1989.0,1853.0,False,2026,5,24,6,144,2,Zaid,1656.0,1560.0,1972.0,1921.0,1619.0,1765.7142857142858,1843.9285714285713,164.0129205130978,0.9140767824497258,2.6548672566371683,False
Maharashtra,Satara,Satara,Tomato,Hybrid,FAQ,2026-05-25,1735.0,1980.0,1872.0,False,2026,5,25,0,145,2,Zaid,1853.0,1641.0,1973.0,1925.0,1716.6666666666667,1748.7142857142858,1839.0714285714287,144.0158721411252,11.896135265700483,2.4935064935064934,False
Maharashtra,Satara,Satara,Tomato,Hybrid,FAQ,2026-05-26,1652.0,1861.0,1774.0,False,2026,5,26,1,146,2,Zaid,1872.0,1656.0,1832.0,1975.0,1793.6666666666667,1734.2857142857142,1835.2857142857142,121.02439738293312,1.0253642741500268,-7.2405063291139244,False
Maharashtra,Satara,Satara,Tomato,Hybrid,FAQ,2026-05-27,1677.0,1903.0,1766.0,False,2026,5,27,2,147,2,Zaid,1774.0,1853.0,1726.0,2004.0,1833.0,1726.0,1820.9285714285713,115.05795641037001,-5.235042735042735,-13.872255489021956,False
Maharashtra,Satara,Satara,Tomato,Hybrid,FAQ,2026-05-28,1612.0,1833.0,1686.0,False,2026,5,28,3,148,2,Zaid,1766.0,1872.0,1560.0,1842.0,1804.0,1731.7142857142858,1803.9285714285713,116.04699376503505,-0.4509582863585118,-15.309446254071663,False
Maharashtra,Satara,Satara,Tomato,Hybrid,FAQ,2026-05-29,1607.0,1848.0,1754.0,False,2026,5,29,4,149,2,Zaid,1686.0,1774.0,1641.0,1841.0,1742.0,1749.7142857142858,1792.7857142857142,92.31957951541072,-4.530011325028313,-10.863661053775123,False
Maharashtra,Satara,Satara,Tomato,Hybrid,FAQ,2026-05-30,1646.0,1831.0,1728.0,False,2026,5,30,5,150,2,Zaid,1754.0,1766.0,1656.0,1947.0,1735.3333333333333,1765.857142857143,1786.5714285714287,79.07049296128413,4.033214709371293,-14.946070878274268,False
Maharashtra,Satara,Satara,Tomato,Hybrid,FAQ,2026-05-31,1503.0,1682.0,1627.0,False,2026,5,31,6,151,2,Zaid,1728.0,1686.0,1853.0,1972.0,1722.6666666666667,1776.142857142857,1770.9285714285713,66.00108224219187,-1.4823261117445838,-6.0344827586206895,False
Maharashtra,Satara,Satara,Tomato,Hybrid,FAQ,2026-06-01,1655.0,1799.0,1710.0,False,2026,6,1,0,152,2,Kharif,1627.0,1754.0,1872.0,1973.0,1703.0,1743.857142857143,1746.2857142857142,76.56898539099849,-5.844907407407407,-5.119107957425241,False
Maharashtra,Satara,Satara,Tomato,Hybrid,FAQ,2026-06-02,1489.0,1670.0,1588.0,False,2026,6,2,1,153,2,Kharif,1710.0,1728.0,1774.0,1832.0,1688.3333333333333,1720.7142857142858,1727.5,51.88678150777221,5.101413644744929,-3.1659388646288207,False
Maharashtra,Satara,Satara,Tomato,Hybrid,FAQ,2026-06-03,1422.0,1572.0,1491.0,False,2026,6,3,2,154,2,Kharif,1588.0,1627.0,1766.0,1726.0,1641.6666666666667,1694.142857142857,1710.0714285714287,65.80888635895974,-7.1345029239766085,2.317497103128621,False
Maharashtra,Satara,Satara,Tomato,Hybrid,FAQ,2026-06-04,1391.0,1593.0,1485.0,False,2026,6,4,3,155,2,Kharif,1491.0,1710.0,1686.0,1560.0,1596.3333333333333,1654.857142857143,1693.2857142857142,92.45256183834384,-6.10831234256927,8.076923076923077,False
Maharashtra,Satara,Satara,Tomato,Hybrid,FAQ,2026-06-05,1370.0,1592.0,1518.0,False,2026,6,5,4,156,2,Kharif,1485.0,1588.0,1754.0,1641.0,1521.3333333333333,1626.142857142857,1687.9285714285713,110.60052527213662,-0.4024144869215292,6.886045094454602,False
Maharashtra,Satara,Satara,Tomato,Hybrid,FAQ,2026-06-06,1511.0,1681.0,1622.0,False,2026,6,6,5,157,2,Kharif,1518.0,1491.0,1728.0,1656.0,1498.0,1592.4285714285713,1679.142857142857,100.65263226040544,2.2222222222222223,4.3478260869565215,False
Maharashtra,Satara,Satara,Tomato,Hybrid,FAQ,2026-06-07,1592.0,1766.0,1710.0,False,2026,6,7,6,158,2,Kharif,1622.0,1485.0,1627.0,1853.0,1541.6666666666667,1577.2857142857142,1676.7142857142858,83.34209477749316,6.851119894598155,-12.196438208310848,False
Maharashtra,Satara,Satara,Tomato,Hybrid,FAQ,2026-06-08,1774.0,1979.0,1845.0,False,2026,6,8,0,159,2,Kharif,1710.0,1518.0,1710.0,1872.0,1616.6666666666667,1589.142857142857,1666.5,96.46489615643708,5.425400739827373,-8.653846153846153,False
Maharashtra,Satara,Satara,Tomato,Hybrid,FAQ,2026-06-09,1847.0,2034.0,1900.0,False,2026,6,9,1,160,2,Kharif,1845.0,1622.0,1588.0,1774.0,1725.6666666666667,1608.4285714285713,1664.5714285714287,131.7103604414445,7.894736842105263,-10.4847801578354,False
Maharashtra,Satara,Satara,Tomato,Hybrid,FAQ,2026-06-10,1703.0,1911.0,1766.0,False,2026,6,10,2,161,2,Kharif,1900.0,1710.0,1491.0,1766.0,1818.3333333333333,1653.0,1673.5714285714287,170.67317695915173,2.9810298102981028,-15.571913929784825,False
Maharashtra,Satara,Satara,Tomato,Hybrid,FAQ,2026-06-11,1691.0,1818.0,1748.0,False,2026,6,11,3,162,2,Kharif,1766.0,1845.0,1485.0,1686.0,1837.0,1692.2857142857142,1673.5714285714287,158.37583389488972,-7.052631578947369,-11.921708185053381,False
Maharashtra,Satara,Satara,Tomato,Hybrid,FAQ,2026-06-12,1752.0,1919.0,1856.0,False,2026,6,12,4,163,2,Kharif,1748.0,1900.0,1518.0,1754.0,1804.6666666666667,1729.857142857143,1678.0,129.58450083686762,-1.0192525481313703,-13.45496009122007,False
Maharashtra,Satara,Satara,Tomato,Hybrid,FAQ,2026-06-13,1640.0,1793.0,1719.0,False,2026,6,13,5,164,2,Kharif,1856.0,1766.0,1622.0,1728.0,1790.0,1778.142857142857,1685.2857142857142,96.14299865551278,6.178489702517163,-6.1342592592592595,False
Maharashtra,Satara,Satara,Tomato,Hybrid,FAQ,2026-06-14,1561.0,1753.0,1681.0,False,2026,6,14,6,165,2,Kharif,1719.0,1748.0,1710.0,1627.0,1774.3333333333333,1792.0,1684.642857142857,74.4244583453442,-7.38146551724138,5.101413644744929,False
Maharashtra,Satara,Satara,Tomato,Hybrid,FAQ,2026-06-16,1444.0,1583.0,1501.0,False,2026,6,16,1,167,2,Kharif,1681.0,1856.0,1845.0,1710.0,1752.0,1787.857142857143,1688.5,80.3231568341743,-2.2105875509016872,7.894736842105263,False
Maharashtra,Satara,Satara,Tomato,Hybrid,FAQ,2026-06-17,1490.0,1668.0,1567.0,False,2026,6,17,2,168,2,Kharif,1501.0,1719.0,1900.0,1588.0,1633.6666666666667,1738.7142857142858,1673.5714285714287,129.63244743724,-10.707911957168353,19.64735516372796,False
Maharashtra,Satara,Satara,Tomato,Hybrid,FAQ,2026-06-18,1477.0,1697.0,1611.0,False,2026,6,18,3,169,2,Kharif,1567.0,1681.0,1766.0,1491.0,1583.0,1691.142857142857,1672.0714285714287,121.42134432273326,4.397068620919387,18.443997317236754,False
Maharashtra,Satara,Satara,Tomato,Hybrid,FAQ,2026-06-19,1527.0,1727.0,1646.0,False,2026,6,19,4,170,2,Kharif,1611.0,1501.0,1748.0,1485.0,1559.6666666666667,1669.0,1680.642857142857,119.61465907932586,2.8079132099553283,17.71043771043771,False
Maharashtra,Satara,Satara,Tomato,Hybrid,FAQ,2026-06-20,1609.0,1751.0,1660.0,False,2026,6,20,5,171,2,Kharif,1646.0,1567.0,1856.0,1518.0,1608.0,1654.4285714285713,1692.142857142857,114.48996628940426,2.1725636250775917,22.266139657444008,False
Maharashtra,Satara,Satara,Tomato,Hybrid,FAQ,2026-06-21,1547.0,1749.0,1630.0,False,2026,6,21,6,172,2,Kharif,1660.0,1611.0,1719.0,1622.0,1639.0,1626.4285714285713,1702.2857142857142,73.66558930474471,0.850546780072904,5.980271270036992,False
Maharashtra,Satara,Satara,Tomato,Hybrid,FAQ,2026-06-22,1430.0,1640.0,1561.0,False,2026,6,22,0,173,2,Kharif,1630.0,1646.0,1681.0,1710.0,1645.3333333333333,1613.7142857142858,1702.857142857143,61.74062489075493,-1.8072289156626504,-1.6959064327485378,False
Maharashtra,Satara,Satara,Tomato,Hybrid,FAQ,2026-06-24,1604.0,1857.0,1715.0,False,2026,6,24,2,175,2,Kharif,1561.0,1660.0,1501.0,1845.0,1617.0,1596.5714285714287,1692.2142857142858,56.37037384668495,-4.233128834355828,-18.644986449864497,False
Maharashtra,Satara,Satara,Tomato,Hybrid,FAQ,2026-06-25,1546.0,1737.0,1612.0,False,2026,6,25,3,176,2,Kharif,1715.0,1630.0,1567.0,1900.0,1635.3333333333333,1627.142857142857,1682.9285714285713,53.8746340170629,9.865470852017937,-17.526315789473685,False
Maharashtra,Satara,Satara,Tomato,Hybrid,FAQ,2026-06-26,1365.0,1545.0,1462.0,False,2026,6,26,4,177,2,Kharif,1612.0,1561.0,1611.0,1766.0,1629.3333333333333,1633.5714285714287,1662.357142857143,47.84996392491214,-6.005830903790088,-8.776896942242356,False
Maharashtra,Satara,Satara,Tomato,Hybrid,FAQ,2026-06-27,1399.0,1646.0,1507.0,False,2026,6,27,5,178,2,Kharif,1462.0,1715.0,1646.0,1748.0,1596.3333333333333,1612.2857142857142,1640.642857142857,81.13099343182118,-9.305210918114144,-5.835240274599542,False
Maharashtra,Satara,Satara,Tomato,Hybrid,FAQ,2026-06-28,1581.0,1738.0,1683.0,False,2026,6,28,6,179,2,Kharif,1507.0,1612.0,1660.0,1856.0,1527.0,1592.4285714285713,1623.4285714285713,88.20592788629128,3.0779753761969904,-10.560344827586206,False
Maharashtra,Satara,Satara,Tomato,Hybrid,FAQ,2026-06-29,1702.0,1874.0,1775.0,False,2026,6,29,0,180,2,Kharif,1683.0,1462.0,1630.0,1719.0,1550.6666666666667,1595.7142857142858,1611.0714285714287,91.50904196799736,11.678832116788321,-5.177428737638161,False
Maharashtra,Satara,Satara,Tomato,Hybrid,FAQ,2026-06-30,1590.0,1772.0,1690.0,False,2026,6,30,1,181,2,Kharif,1775.0,1507.0,1561.0,1681.0,1655.0,1616.4285714285713,1615.0714285714287,114.16925614023774,5.466428995840761,-7.138607971445568,False
Maharashtra,Satara,Satara,Tomato,Hybrid,FAQ,2026-07-01,1564.0,1736.0,1640.0,False,2026,7,1,2,182,3,Kharif,1690.0,1683.0,1715.0,1501.0,1716.0,1634.857142857143,1615.7142857142858,114.14235055610409,-4.788732394366197,14.25716189207195,False
Maharashtra,Satara,Satara,Tomato,Hybrid,FAQ,2026-07-02,1615.0,1804.0,1676.0,False,2026,7,2,3,183,3,Kharif,1640.0,1775.0,1612.0,1567.0,1701.6666666666667,1624.142857142857,1625.642857142857,108.75879822098275,-2.9585798816568047,2.871729419272495,False
Maharashtra,Satara,Satara,Tomato,Hybrid,FAQ,2026-07-03,1610.0,1868.0,1741.0,False,2026,7,3,4,184,3,Kharif,1676.0,1690.0,1462.0,1611.0,1668.6666666666667,1633.2857142857142,1633.4285714285713,110.24777289618044,2.195121951219512,-9.248913718187461,False
Maharashtra,Satara,Satara,Tomato,Hybrid,FAQ,2026-07-04,1635.0,1876.0,1768.0,False,2026,7,4,5,185,3,Kharif,1741.0,1640.0,1507.0,1646.0,1685.6666666666667,1673.142857142857,1642.7142857142858,85.7038088835008,3.8782816229116945,-8.444714459295263,False
Maharashtra,Satara,Satara,Tomato,Hybrid,FAQ,2026-07-05,1579.0,1790.0,1694.0,False,2026,7,5,6,186,3,Kharif,1768.0,1676.0,1683.0,1660.0,1728.3333333333333,1710.4285714285713,1651.4285714285713,51.20825826253892,1.5508328546812178,1.3855421686746987,False
Maharashtra,Satara,Satara,Tomato,Hybrid,FAQ,2026-07-06,1533.0,1705.0,1647.0,False,2026,7,6,0,187,3,Kharif,1694.0,1741.0,1775.0,1630.0,1734.3333333333333,1712.0,1653.857142857143,50.38849074934858,-4.18552036199095,8.895705521472392,False
Maharashtra,Satara,Satara,Tomato,Hybrid,FAQ,2026-07-07,1556.0,1729.0,1650.0,False,2026,7,7,1,188,3,Kharif,1647.0,1768.0,1690.0,1561.0,1703.0,1693.7142857142858,1655.0714285714287,46.814222503085695,-2.7744982290436835,8.263933376040999,False
Maharashtra,Satara,Satara,Tomato,Hybrid,FAQ,2026-07-08,1433.0,1682.0,1552.0,False,2026,7,8,2,189,3,Kharif,1650.0,1694.0,1640.0,1715.0,1663.6666666666667,1688.0,1661.4285714285713,49.69574093082414,0.18214936247723132,-4.373177842565598,False
Maharashtra,Satara,Satara,Tomato,Hybrid,FAQ,2026-07-09,1498.0,1624.0,1564.0,False,2026,7,9,3,190,3,Kharif,1552.0,1647.0,1676.0,1612.0,1616.3333333333333,1675.4285714285713,1649.7857142857142,70.59711312050351,-5.9393939393939394,3.970223325062035,False
Maharashtra,Satara,Satara,Tomato,Hybrid,FAQ,2026-07-10,1289.0,1465.0,1350.0,False,2026,7,10,4,191,3,Kharif,1564.0,1650.0,1741.0,1462.0,1588.6666666666667,1659.4285714285713,1646.357142857143,82.1864894469624,0.7731958762886598,19.08344733242134,False
Maharashtra,Satara,Satara,Tomato,Hybrid,FAQ,2026-07-11,1397.0,1667.0,1534.0,False,2026,7,11,5,192,3,Kharif,1350.0,1552.0,1768.0,1507.0,1488.6666666666667,1603.5714285714287,1638.357142857143,134.02718274395585,-13.682864450127877,17.319177173191772,False
Maharashtra,Kolhapur,Kolhapur,Wheat,Lokwan,FAQ,2025-06-07,2243.0,2381.0,2322.0,False,2025,6,7,5,158,2,Kharif,,,,,,,,,,,False
Maharashtra,Kolhapur,Kolhapur,Wheat,Lokwan,FAQ,2025-06-08,2178.0,2410.0,2322.0,False,2025,6,8,6,159,2,Kharif,2322.0,,,,,,,,,,False
Maharashtra,Kolhapur,Kolhapur,Wheat,Lokwan,FAQ,2025-06-09,2268.0,2472.0,2350.0,False,2025,6,9,0,160,2,Kharif,2322.0,,,,,,,,0.0,,False
Maharashtra,Kolhapur,Kolhapur,Wheat,Lokwan,FAQ,2025-06-10,2293.0,2436.0,2357.0,False,2025,6,10,1,161,2,Kharif,2350.0,2322.0,,,2331.3333333333335,,,,1.2058570198105083,,False
Maharashtra,Kolhapur,Kolhapur,Wheat,Lokwan,FAQ,2025-06-11,2291.0,2485.0,2363.0,False,2025,6,11,2,162,2,Kharif,2357.0,2322.0,,,2343.0,,,,0.2978723404255319,,False
Maharashtra,Kolhapur,Kolhapur,Wheat,Lokwan,FAQ,2025-06-12,2212.0,2459.0,2356.0,False,2025,6,12,3,163,2,Kharif,2363.0,2350.0,,,2356.6666666666665,,,,0.2545608824777259,,False
Maharashtra,Kolhapur,Kolhapur,Wheat,Lokwan,FAQ,2025-06-13,2232.0,2413.0,2315.0,False,2025,6,13,4,164,2,Kharif,2356.0,2357.0,,,2358.6666666666665,,,,-0.29623360135421073,,False
Maharashtra,Kolhapur,Kolhapur,Wheat,Lokwan,FAQ,2025-06-14,2247.0,2506.0,2357.0,False,2025,6,14,5,165,2,Kharif,2315.0,2363.0,2322.0,,2344.6666666666665,2340.714285714286,,20.180141110460386,-1.740237691001698,,False
Maharashtra,Kolhapur,Kolhapur,Wheat,Lokwan,FAQ,2025-06-15,2240.0,2496.0,2356.0,False,2025,6,15,6,166,2,Kharif,2357.0,2356.0,2322.0,,2342.6666666666665,2345.714285714286,,19.076287948779733,1.8142548596112311,,False
Maharashtra,Kolhapur,Kolhapur,Wheat,Lokwan,FAQ,2025-06-16,2287.0,2522.0,2376.0,False,2025,6,16,0,167,2,Kharif,2356.0,2315.0,2350.0,,2342.6666666666665,2350.5714285714284,,16.13337268786998,-0.04242681374628765,,False
Maharashtra,Kolhapur,Kolhapur,Wheat,Lokwan,FAQ,2025-06-17,2290.0,2556.0,2411.0,False,2025,6,17,1,168,2,Kharif,2376.0,2357.0,2357.0,,2363.0,2354.285714285714,,18.759124763825042,0.8488964346349746,,False
Maharashtra,Kolhapur,Kolhapur,Wheat,Lokwan,FAQ,2025-06-18,2308.0,2507.0,2382.0,False,2025,6,18,2,169,2,Kharif,2411.0,2356.0,2363.0,,2381.0,2362.0,,28.589042189855128,1.4730639730639732,,False
Maharashtra,Kolhapur,Kolhapur,Wheat,Lokwan,FAQ,2025-06-19,2219.0,2452.0,2347.0,False,2025,6,19,3,170,2,Kharif,2382.0,2376.0,2356.0,,2389.6666666666665,2364.714285714286,,29.58442318582661,-1.2028204064703443,,False
Maharashtra,Kolhapur,Kolhapur,Wheat,Lokwan,FAQ,2025-06-20,2234.0,2432.0,2350.0,False,2025,6,20,4,171,2,Kharif,2347.0,2411.0,2315.0,,2380.0,2363.4285714285716,,30.215101868972123,-1.4693534844668346,,False
Maharashtra,Kolhapur,Kolhapur,Wheat,Lokwan,FAQ,2025-06-21,2307.0,2467.0,2397.0,False,2025,6,21,5,172,2,Kharif,2350.0,2382.0,2357.0,2322.0,2359.6666666666665,2368.4285714285716,2354.5714285714284,22.8681521105741,0.1278227524499361,1.5073212747631353,False
Maharashtra,Kolhapur,Kolhapur,Wheat,Lokwan,FAQ,2025-06-22,2244.0,2491.0,2390.0,False,2025,6,22,6,173,2,Kharif,2397.0,2347.0,2356.0,2322.0,2364.6666666666665,2374.1428571428573,2359.9285714285716,24.477394819359827,2.0,1.4642549526270456,False
Maharashtra,Kolhapur,Kolhapur,Wheat,Lokwan,FAQ,2025-06-23,2292.0,2469.0,2378.0,False,2025,6,23,0,174,2,Kharif,2390.0,2350.0,2376.0,2350.0,2379.0,2379.0,2364.785714285714,23.63613053498025,-0.2920317062995411,1.1063829787234043,False
Maharashtra,Kolhapur,Kolhapur,Wheat,Lokwan,FAQ,2025-06-24,2318.0,2513.0,2409.0,False,2025,6,24,1,175,2,Kharif,2378.0,2397.0,2411.0,2357.0,2388.3333333333335,2379.285714285714,2366.785714285714,23.605891112983937,-0.502092050209205,2.2910479422995333,False
Maharashtra,Kolhapur,Kolhapur,Wheat,Lokwan,FAQ,2025-06-25,2342.0,2505.0,2405.0,False,2025,6,25,2,176,2,Kharif,2409.0,2390.0,2382.0,2363.0,2392.3333333333335,2379.0,2370.5,23.166067138524514,1.3036164844407065,0.8040626322471436,False
Maharashtra,Kolhapur,Kolhapur,Wheat,Lokwan,FAQ,2025-06-26,2400.0,2530.0,2467.0,False,2025,6,26,3,177,2,Kharif,2405.0,2378.0,2347.0,2356.0,2397.3333333333335,2382.285714285714,2373.5,25.2039301546019,-0.16604400166044,-0.38200339558573854,False
Maharashtra,Kolhapur,Kolhapur,Wheat,Lokwan,FAQ,2025-06-27,2354.0,2560.0,2470.0,False,2025,6,27,4,178,2,Kharif,2467.0,2409.0,2350.0,2315.0,2427.0,2399.4285714285716,2381.4285714285716,35.790395093548874,2.577962577962578,1.511879049676026,False
Maharashtra,Kolhapur,Kolhapur,Wheat,Lokwan,FAQ,2025-06-28,2343.0,2598.0,2484.0,False,2025,6,28,5,179,2,Kharif,2470.0,2405.0,2397.0,2357.0,2447.3333333333335,2416.5714285714284,2392.5,36.89108809661647,0.12160518848804217,1.6970725498515062,False
Maharashtra,Kolhapur,Kolhapur,Wheat,Lokwan,FAQ,2025-06-29,2325.0,2603.0,2471.0,False,2025,6,29,6,180,2,Kharif,2484.0,2467.0,2390.0,2356.0,2473.6666666666665,2429.0,2401.5714285714284,43.29742101634449,0.5668016194331984,1.4431239388794566,False
Maharashtra,Kolhapur,Kolhapur,Wheat,Lokwan,FAQ,2025-06-30,2362.0,2564.0,2497.0,False,2025,6,30,0,181,2,Kharif,2471.0,2470.0,2378.0,2376.0,2475.0,2440.5714285714284,2409.785714285714,41.93986624862188,-0.5233494363929146,0.08417508417508417,False
Maharashtra,Kolhapur,Kolhapur,Wheat,Lokwan,FAQ,2025-07-01,2401.0,2614.0,2478.0,False,2025,7,1,1,182,3,Kharif,2497.0,2484.0,2409.0,2411.0,2484.0,2457.5714285714284,2418.4285714285716,36.05485239121468,1.0522055847834884,-0.08295313148071339,False
Maharashtra,Kolhapur,Kolhapur,Wheat,Lokwan,FAQ,2025-07-02,2405.0,2516.0,2458.0,False,2025,7,2,2,183,3,Kharif,2478.0,2471.0,2405.0,2382.0,2482.0,2467.4285714285716,2423.214285714286,29.37605114633811,-0.7609130957148579,0.9655751469353484,False
Maharashtra,Kolhapur,Kolhapur,Wheat,Lokwan,FAQ,2025-07-03,2368.0,2571.0,2441.0,False,2025,7,3,3,184,3,Kharif,2458.0,2497.0,2467.0,2347.0,2477.6666666666665,2475.0,2428.6428571428573,12.701705922167395,-0.8071025020177561,5.112910097997444,False
Maharashtra,Kolhapur,Kolhapur,Wheat,Lokwan,FAQ,2025-07-04,2322.0,2479.0,2428.0,False,2025,7,4,4,185,3,Kharif,2441.0,2478.0,2470.0,2350.0,2459.0,2471.285714285714,2435.3571428571427,18.089723470467547,-0.6916192026037429,5.106382978723404,False
Maharashtra,Kolhapur,Kolhapur,Wheat,Lokwan,FAQ,2025-07-05,2329.0,2508.0,2390.0,False,2025,7,5,5,186,3,Kharif,2428.0,2458.0,2484.0,2397.0,2442.3333333333335,2465.285714285714,2440.9285714285716,24.438455254741122,-0.5325686194182712,3.629536921151439,False
Maharashtra,Kolhapur,Kolhapur,Wheat,Lokwan,FAQ,2025-07-06,2240.0,2482.0,2360.0,False,2025,7,6,6,187,3,Kharif,2390.0,2441.0,2471.0,2390.0,2419.6666666666665,2451.8571428571427,2440.4285714285716,35.68112746456789,-1.5650741350906094,3.3891213389121337,False
Maharashtra,Kolhapur,Kolhapur,Wheat,Lokwan,FAQ,2025-07-07,2230.0,2469.0,2375.0,False,2025,7,7,0,188,3,Kharif,2360.0,2428.0,2497.0,2378.0,2392.6666666666665,2436.0,2438.285714285714,48.218253804963545,-1.2552301255230125,5.004205214465938,False
Maharashtra,Kolhapur,Kolhapur,Wheat,Lokwan,FAQ,2025-07-08,2301.0,2509.0,2411.0,False,2025,7,8,1,189,3,Kharif,2375.0,2390.0,2478.0,2409.0,2375.0,2418.5714285714284,2438.0714285714284,44.391655157461,0.6355932203389831,2.86425902864259,False
Maharashtra,Kolhapur,Kolhapur,Wheat,Lokwan,FAQ,2025-07-09,2322.0,2559.0,2451.0,False,2025,7,9,2,190,3,Kharif,2411.0,2360.0,2458.0,2405.0,2382.0,2409.0,2438.214285714286,35.84224695337277,1.5157894736842104,2.2037422037422036,False
Maharashtra,Kolhapur,Kolhapur,Wheat,Lokwan,FAQ,2025-07-10,2310.0,2595.0,2451.0,False,2025,7,10,3,191,3,Kharif,2451.0,2375.0,2441.0,2467.0,2412.3333333333335,2408.0,2441.5,34.312291286552515,1.659062629614268,-1.053911633563032,False
Maharashtra,Kolhapur,Kolhapur,Wheat,Lokwan,FAQ,2025-07-11,2396.0,2531.0,2448.0,False,2025,7,11,4,192,3,Kharif,2451.0,2411.0,2428.0,2470.0,2437.6666666666665,2409.4285714285716,2440.3571428571427,36.07795791919132,0.0,-1.7004048582995952,False
Maharashtra,Kolhapur,Kolhapur,Wheat,Lokwan,FAQ,2025-07-12,2331.0,2576.0,2435.0,False,2025,7,12,5,193,3,Kharif,2448.0,2451.0,2390.0,2484.0,2450.0,2412.285714285714,2438.785714285714,38.50417417074827,-0.12239902080783352,-3.784219001610306,False
Maharashtra,Kolhapur,Kolhapur,Wheat,Lokwan,FAQ,2025-07-13,2336.0,2516.0,2439.0,False,2025,7,13,6,194,3,Kharif,2435.0,2451.0,2360.0,2471.0,2444.6666666666665,2418.714285714286,2435.285714285714,37.915319180659836,-0.5310457516339869,-4.4921084581141235,False
Maharashtra,Kolhapur,Kolhapur,Wheat,Lokwan,FAQ,2025-07-14,2282.0,2565.0,2422.0,False,2025,7,14,0,195,3,Kharif,2439.0,2448.0,2375.0,2497.0,2440.6666666666665,2430.0,2433.0,27.982137159264145,0.16427104722792607,-4.885863035642771,False
Maharashtra,Kolhapur,Kolhapur,Wheat,Lokwan,FAQ,2025-07-15,2352.0,2564.0,2440.0,False,2025,7,15,1,196,3,Kharif,2422.0,2435.0,2411.0,2478.0,2432.0,2436.714285714286,2427.6428571428573,15.39171081798987,-0.6970069700697007,-2.7037933817594837,False
Maharashtra,Kolhapur,Kolhapur,Wheat,Lokwan,FAQ,2025-07-16,2338.0,2498.0,2436.0,False,2025,7,16,2,197,3,Kharif,2440.0,2439.0,2451.0,2458.0,2433.6666666666665,2440.8571428571427,2424.9285714285716,10.415190371570487,0.7431874483897605,-0.2847843775427177,False
Maharashtra,Kolhapur,Kolhapur,Wheat,Lokwan,FAQ,2025-07-17,2311.0,2521.0,2434.0,False,2025,7,17,3,198,3,Kharif,2436.0,2422.0,2451.0,2441.0,2432.6666666666665,2438.714285714286,2423.3571428571427,9.48181216353843,-0.16393442622950818,0.40966816878328555,False
Maharashtra,Kolhapur,Kolhapur,Wheat,Lokwan,FAQ,2025-07-18,2397.0,2509.0,2449.0,False,2025,7,18,4,199,3,Kharif,2434.0,2440.0,2448.0,2428.0,2436.6666666666665,2436.285714285714,2422.8571428571427,7.846746368482485,-0.08210180623973727,0.8237232289950577,False
Maharashtra,Kolhapur,Kolhapur,Wheat,Lokwan,FAQ,2025-07-19,2406.0,2609.0,2489.0,False,2025,7,19,5,200,3,Kharif,2449.0,2436.0,2435.0,2390.0,2439.6666666666665,2436.4285714285716,2424.3571428571427,8.10055847574175,0.6162695152013147,1.882845188284519,False
Maharashtra,Kolhapur,Kolhapur,Wheat,Lokwan,FAQ,2025-07-20,2368.0,2608.0,2488.0,False,2025,7,20,6,201,3,Kharif,2489.0,2434.0,2439.0,2360.0,2457.3333333333335,2444.1428571428573,2431.4285714285716,21.365303425789268,1.6333197223356473,3.347457627118644,False
Maharashtra,Kolhapur,Kolhapur,Wheat,Lokwan,FAQ,2025-07-21,2406.0,2600.0,2505.0,False,2025,7,21,0,202,3,Kharif,2488.0,2449.0,2422.0,2375.0,2475.3333333333335,2451.1428571428573,2440.5714285714284,26.748386689219803,-0.040176777822418644,1.9789473684210528,False
Maharashtra,Kolhapur,Kolhapur,Wheat,Lokwan,FAQ,2025-07-22,2435.0,2586.0,2505.0,False,2025,7,22,1,203,3,Kharif,2505.0,2489.0,2440.0,2411.0,2494.0,2463.0,2449.8571428571427,29.88868236194349,0.6832797427652734,1.2028204064703443,False
Maharashtra,Kolhapur,Kolhapur,Wheat,Lokwan,FAQ,2025-07-23,2432.0,2587.0,2507.0,False,2025,7,23,2,204,3,Kharif,2505.0,2488.0,2436.0,2451.0,2499.3333333333335,2472.285714285714,2456.5714285714284,31.600180831305824,0.0,-0.6119951040391677,False
Maharashtra,Kolhapur,Kolhapur,Wheat,Lokwan,FAQ,2025-07-24,2372.0,2582.0,2499.0,False,2025,7,24,3,205,3,Kharif,2507.0,2505.0,2434.0,2451.0,2505.6666666666665,2482.4285714285716,2460.5714285714284,29.324944687964184,0.07984031936127745,-0.69359445124439,False
Maharashtra,Kolhapur,Kolhapur,Wheat,Lokwan,FAQ,2025-07-25,2359.0,2549.0,2486.0,False,2025,7,25,4,206,3,Kharif,2499.0,2505.0,2449.0,2448.0,2503.6666666666665,2491.714285714286,2464.0,20.352839979664985,-0.3191065017949741,0.04084967320261438,False
Maharashtra,Kolhapur,Kolhapur,Wheat,Lokwan,FAQ,2025-07-26,2380.0,2576.0,2475.0,False,2025,7,26,5,207,3,Kharif,2486.0,2507.0,2489.0,2435.0,2497.3333333333335,2497.0,2466.714285714286,9.110433579130156,-0.5202080832332933,2.217659137577002,False
Maharashtra,Kolhapur,Kolhapur,Wheat,Lokwan,FAQ,2025-07-27,2365.0,2550.0,2496.0,False,2025,7,27,6,208,3,Kharif,2475.0,2499.0,2488.0,2439.0,2486.6666666666665,2495.0,2469.5714285714284,12.179217270953002,-0.4424778761061947,2.009020090200902,False
Maharashtra,Kolhapur,Kolhapur,Wheat,Lokwan,FAQ,2025-07-28,2445.0,2603.0,2525.0,False,2025,7,28,0,209,3,Kharif,2496.0,2486.0,2505.0,2422.0,2485.6666666666665,2496.1428571428573,2473.6428571428573,11.781745363453911,0.8484848484848486,3.42691990090834,False
Maharashtra,Kolhapur,Kolhapur,Wheat,Lokwan,FAQ,2025-07-29,2435.0,2618.0,2516.0,False,2025,7,29,1,210,3,Kharif,2525.0,2475.0,2505.0,2440.0,2498.6666666666665,2499.0,2481.0,15.968719422663101,1.1618589743589745,2.663934426229508,False
Maharashtra,Kolhapur,Kolhapur,Wheat,Lokwan,FAQ,2025-07-30,2384.0,2588.0,2500.0,False,2025,7,30,2,211,3,Kharif,2516.0,2496.0,2507.0,2436.0,2512.3333333333335,2500.5714285714284,2486.4285714285716,17.154757774024365,-0.3564356435643565,2.9146141215106733,False
Maharashtra,Kolhapur,Kolhapur,Wheat,Lokwan,FAQ,2025-07-31,2403.0,2586.0,2482.0,False,2025,7,31,3,212,3,Kharif,2500.0,2525.0,2499.0,2434.0,2513.6666666666665,2499.5714285714284,2491.0,16.91997973655557,-0.6359300476947536,2.6705012325390305,False
Maharashtra,Kolhapur,Kolhapur,Wheat,Lokwan,FAQ,2025-08-01,2455.0,2565.0,2507.0,False,2025,8,1,4,213,3,Kharif,2482.0,2516.0,2486.0,2449.0,2499.3333333333335,2497.1428571428573,2494.4285714285716,18.188169886199777,-0.72,1.5108207431604737,False
Maharashtra,Kolhapur,Kolhapur,Wheat,Lokwan,FAQ,2025-08-02,2397.0,2578.0,2519.0,False,2025,8,2,5,214,3,Kharif,2507.0,2500.0,2475.0,2489.0,2496.3333333333335,2500.1428571428573,2498.5714285714284,17.771030465599324,1.0072522159548751,-0.5624748895138609,False
Maharashtra,Kolhapur,Kolhapur,Wheat,Lokwan,FAQ,2025-08-04,2451.0,2613.0,2541.0,False,2025,8,4,0,216,3,Kharif,2519.0,2482.0,2496.0,2488.0,2502.6666666666665,2506.4285714285716,2500.714285714286,14.953897405652306,0.4786597526924611,0.3215434083601286,False
Maharashtra,Kolhapur,Kolhapur,Wheat,Lokwan,FAQ,2025-08-05,2448.0,2654.0,2549.0,False,2025,8,5,1,217,3,Kharif,2541.0,2507.0,2525.0,2505.0,2522.3333333333335,2512.8571428571427,2504.5,18.880577069462355,0.8733624454148471,0.7984031936127743,False
Maharashtra,Kolhapur,Kolhapur,Wheat,Lokwan,FAQ,2025-08-06,2451.0,2736.0,2596.0,False,2025,8,6,2,218,3,Kharif,2549.0,2519.0,2516.0,2505.0,2536.3333333333335,2516.285714285714,2507.6428571428573,23.149616884615526,0.3148366784730421,0.43912175648702595,False
Maharashtra,Kolhapur,Kolhapur,Wheat,Lokwan,FAQ,2025-08-07,2486.0,2754.0,2624.0,False,2025,8,7,3,219,3,Kharif,2596.0,2541.0,2500.0,2507.0,2562.0,2527.714285714286,2514.1428571428573,37.98119835617524,1.843860337387211,-0.2792181890706023,False
Maharashtra,Kolhapur,Kolhapur,Wheat,Lokwan,FAQ,2025-08-08,2488.0,2724.0,2623.0,False,2025,8,8,4,220,3,Kharif,2624.0,2549.0,2482.0,2499.0,2589.6666666666665,2545.4285714285716,2522.5,49.93614970758885,1.078582434514638,-0.6802721088435374,False
Maharashtra,Kolhapur,Kolhapur,Wheat,Lokwan,FAQ,2025-08-09,2464.0,2653.0,2589.0,False,2025,8,9,5,221,3,Kharif,2623.0,2596.0,2507.0,2486.0,2614.3333333333335,2565.5714285714284,2531.3571428571427,48.50380446540964,-0.038109756097560975,0.8447304907481898,False
Maharashtra,Kolhapur,Kolhapur,Wheat,Lokwan,FAQ,2025-08-10,2540.0,2691.0,2606.0,False,2025,8,10,6,222,3,Kharif,2589.0,2624.0,2519.0,2475.0,2612.0,2577.285714285714,2538.714285714286,41.379198823052576,-1.2962256957682043,1.7777777777777777,False
Maharashtra,Kolhapur,Kolhapur,Wheat,Lokwan,FAQ,2025-08-11,2511.0,2672.0,2587.0,False,2025,8,11,0,223,3,Kharif,2606.0,2623.0,2541.0,2496.0,2606.0,2589.714285714286,2548.0714285714284,33.21502815349841,0.656624179219776,1.8028846153846152,False
Maharashtra,Kolhapur,Kolhapur,Wheat,Lokwan,FAQ,2025-08-12,2463.0,2629.0,2569.0,False,2025,8,12,1,224,3,Kharif,2587.0,2589.0,2549.0,2525.0,2594.0,2596.285714285714,2554.5714285714284,25.66264656209508,-0.7290867229470452,0.9504950495049505,False
Maharashtra,Kolhapur,Kolhapur,Wheat,Lokwan,FAQ,2025-08-13,2467.0,2685.0,2598.0,False,2025,8,13,2,225,3,Kharif,2569.0,2606.0,2596.0,2516.0,2587.3333333333335,2599.1428571428573,2557.714285714286,20.011901220917707,-0.6957866254348666,3.1796502384737675,False
Maharashtra,Kolhapur,Kolhapur,Wheat,Lokwan,FAQ,2025-08-14,2553.0,2762.0,2624.0,False,2025,8,14,3,226,3,Kharif,2598.0,2587.0,2624.0,2500.0,2584.6666666666665,2599.4285714285716,2563.5714285714284,19.973792352779615,1.1288439081354613,4.96,False
Maharashtra,Kolhapur,Kolhapur,Wheat,Lokwan,FAQ,2025-08-16,2542.0,2757.0,2626.0,False,2025,8,16,5,228,3,Kharif,2624.0,2569.0,2623.0,2482.0,2597.0,2599.4285714285716,2572.4285714285716,19.973792352779615,1.0007698229407236,5.680902497985495,False
Maharashtra,Kolhapur,Kolhapur,Wheat,Lokwan,FAQ,2025-08-17,2519.0,2766.0,2639.0,False,2025,8,17,6,229,3,Kharif,2626.0,2598.0,2589.0,2507.0,2616.0,2599.8571428571427,2582.714285714286,20.58663459162518,0.07621951219512195,3.2708416433984846,False
Maharashtra,Kolhapur,Kolhapur,Wheat,Lokwan,FAQ,2025-08-18,2585.0,2745.0,2674.0,False,2025,8,18,0,230,3,Kharif,2639.0,2624.0,2606.0,2519.0,2629.6666666666665,2607.0,2592.1428571428573,24.494897427822757,0.49504950495049505,3.4537514886859864,False
Maharashtra,Kolhapur,Kolhapur,Wheat,Lokwan,FAQ,2025-08-19,2552.0,2813.0,2665.0,False,2025,8,19,1,231,3,Kharif,2674.0,2626.0,2587.0,2541.0,2646.3333333333335,2616.714285714286,2603.214285714286,35.18387076352312,1.3262599469496021,1.810310901219992,False
Maharashtra,Kolhapur,Kolhapur,Wheat,Lokwan,FAQ,2025-08-20,2540.0,2761.0,2657.0,False,2025,8,20,2,232,3,Kharif,2665.0,2639.0,2569.0,2549.0,2659.3333333333335,2627.8571428571427,2612.0714285714284,36.530483030966046,-0.3365744203440539,0.7846214201647704,False
Maharashtra,Kolhapur,Kolhapur,Wheat,Lokwan,FAQ,2025-08-21,2485.0,2745.0,2619.0,False,2025,8,21,3,233,3,Kharif,2657.0,2674.0,2598.0,2596.0,2665.3333333333335,2640.4285714285716,2619.785714285714,26.72612419123263,-0.300187617260788,0.07704160246533129,False
Maharashtra,Kolhapur,Kolhapur,Wheat,Lokwan,FAQ,2025-08-22,2515.0,2766.0,2630.0,False,2025,8,22,4,234,3,Kharif,2619.0,2665.0,2624.0,2624.0,2647.0,2643.4285714285716,2621.4285714285716,21.915421836806658,-1.4301844185171246,0.0,False
Maharashtra,Kolhapur,Kolhapur,Wheat,Lokwan,FAQ,2025-08-23,2577.0,2723.0,2638.0,False,2025,8,23,5,235,3,Kharif,2630.0,2657.0,2626.0,2623.0,2635.3333333333335,2644.285714285714,2621.8571428571427,21.13223671481308,0.4200076365024819,0.1143728555089592,False
Maharashtra,Kolhapur,Kolhapur,Wheat,Lokwan,FAQ,2025-08-24,2575.0,2762.0,2633.0,False,2025,8,24,6,236,3,Kharif,2638.0,2619.0,2639.0,2589.0,2629.0,2646.0,2622.9285714285716,19.849433241265654,0.3041825095057034,1.9312475859405174,False
Maharashtra,Kolhapur,Kolhapur,Wheat,Lokwan,FAQ,2025-08-26,2546.0,2781.0,2648.0,False,2025,8,26,1,238,3,Kharif,2633.0,2630.0,2674.0,2606.0,2633.6666666666665,2645.1428571428573,2626.0714285714284,20.325915899223865,-0.18953752843062927,2.609363008442057,False
Maharashtra,Kolhapur,Kolhapur,Wheat,Lokwan,FAQ,2025-08-27,2573.0,2734.0,2665.0,False,2025,8,27,2,239,3,Kharif,2648.0,2638.0,2665.0,2587.0,2639.6666666666665,2641.4285714285716,2629.0714285714284,16.112698334497605,0.569692366122294,3.015075376884422,False
Maharashtra,Kolhapur,Kolhapur,Wheat,Lokwan,FAQ,2025-08-28,2563.0,2797.0,2666.0,False,2025,8,28,3,240,3,Kharif,2665.0,2633.0,2657.0,2569.0,2648.6666666666665,2641.4285714285716,2634.6428571428573,16.112698334497605,0.6419939577039275,3.425457376411055,False
Maharashtra,Kolhapur,Kolhapur,Wheat,Lokwan,FAQ,2025-08-29,2500.0,2737.0,2629.0,False,2025,8,29,4,241,3,Kharif,2666.0,2648.0,2619.0,2598.0,2659.6666666666665,2642.714285714286,2641.5714285714284,17.829883956555417,0.0375234521575985,0.8083140877598153,False
Maharashtra,Kolhapur,Kolhapur,Wheat,Lokwan,FAQ,2025-08-30,2561.0,2753.0,2616.0,False,2025,8,30,5,242,3,Kharif,2629.0,2665.0,2630.0,2624.0,2653.3333333333335,2644.1428571428573,2643.785714285714,15.910463762641337,-1.387846961740435,0.22865853658536583,False
Maharashtra,Kolhapur,Kolhapur,Wheat,Lokwan,FAQ,2025-08-31,2570.0,2703.0,2628.0,False,2025,8,31,6,243,3,Kharif,2616.0,2666.0,2638.0,2626.0,2637.0,2642.1428571428573,2643.214285714286,18.63177010222943,-0.49448459490300495,0.456968773800457,False
Maharashtra,Kolhapur,Kolhapur,Wheat,Lokwan,FAQ,2025-09-01,2474.0,2692.0,2612.0,False,2025,9,1,0,244,3,Kharif,2628.0,2629.0,2633.0,2639.0,2624.3333333333335,2640.714285714286,2643.3571428571427,19.371063348137984,0.45871559633027525,-0.22735884804850323,False
Maharashtra,Kolhapur,Kolhapur,Wheat,Lokwan,FAQ,2025-09-02,2595.0,2726.0,2646.0,False,2025,9,2,1,245,3,Kharif,2612.0,2616.0,2648.0,2674.0,2618.6666666666665,2637.714285714286,2641.4285714285716,22.186439444795738,-0.60882800608828,-0.9723261032161555,False
Maharashtra,Kolhapur,Kolhapur,Wheat,Lokwan,FAQ,2025-09-04,2491.0,2709.0,2632.0,False,2025,9,4,3,247,3,Kharif,2646.0,2628.0,2665.0,2665.0,2628.6666666666665,2637.4285714285716,2639.4285714285716,22.044327636647825,1.3016845329249618,0.0,False
Maharashtra,Kolhapur,Kolhapur,Wheat,Lokwan,FAQ,2025-09-05,2532.0,2827.0,2677.0,False,2025,9,5,4,248,3,Kharif,2632.0,2612.0,2666.0,2657.0,2630.0,2632.714285714286,2637.0714285714284,18.39125050771729,-0.5291005291005291,0.3387278885961611,False
Maharashtra,Kolhapur,Kolhapur,Wheat,Lokwan,FAQ,2025-09-06,2568.0,2765.0,2642.0,False,2025,9,6,5,249,3,Kharif,2677.0,2646.0,2629.0,2619.0,2651.6666666666665,2634.285714285714,2638.5,21.853407710719605,1.709726443768997,0.3818251240931653,False
Maharashtra,Kolhapur,Kolhapur,Wheat,Lokwan,FAQ,2025-09-07,2543.0,2694.0,2642.0,False,2025,9,7,6,250,3,Kharif,2642.0,2632.0,2616.0,2630.0,2650.3333333333335,2636.1428571428573,2640.1428571428573,21.88171665589851,-1.3074336944340679,-0.532319391634981,False
Maharashtra,Kolhapur,Kolhapur,Wheat,Lokwan,FAQ,2025-09-08,2518.0,2716.0,2637.0,False,2025,9,8,0,251,3,Kharif,2642.0,2677.0,2628.0,2638.0,2653.6666666666665,2639.8571428571427,2641.0,20.02022786606109,0.0,-0.37907505686125853,False
Maharashtra,Kolhapur,Kolhapur,Wheat,Lokwan,FAQ,2025-09-09,2534.0,2692.0,2601.0,False,2025,9,9,1,252,3,Kharif,2637.0,2642.0,2612.0,2633.0,2640.3333333333335,2641.1428571428573,2640.9285714285716,19.41158220776974,-0.18925056775170326,-0.7975693125712116,False
Maharashtra,Kolhapur,Kolhapur,Wheat,Lokwan,FAQ,2025-09-10,2539.0,2715.0,2612.0,False,2025,9,10,2,253,3,Kharif,2601.0,2642.0,2646.0,2648.0,2626.6666666666665,2639.5714285714284,2638.6428571428573,22.3819655292351,-1.3651877133105803,-0.0755287009063444,False
Maharashtra,Kolhapur,Kolhapur,Wheat,Lokwan,FAQ,2025-09-11,2547.0,2730.0,2613.0,False,2025,9,11,3,254,3,Kharif,2612.0,2637.0,2632.0,2665.0,2616.6666666666665,2634.714285714286,2636.0714285714284,24.35647953292119,0.4229142637447136,-1.2382739212007505,False
Maharashtra,Kolhapur,Kolhapur,Wheat,Lokwan,FAQ,2025-09-12,2459.0,2645.0,2584.0,False,2025,9,12,4,255,3,Kharif,2613.0,2601.0,2677.0,2666.0,2608.6666666666665,2632.0,2632.3571428571427,25.729360660528034,0.03828483920367535,0.41260315078769694,False
Maharashtra,Kolhapur,Kolhapur,Wheat,Lokwan,FAQ,2025-09-13,2459.0,2645.0,2569.0,False,2025,9,13,5,256,3,Kharif,2584.0,2612.0,2642.0,2629.0,2603.0,2618.714285714286,2626.5,22.418104928183116,-1.109835438193647,0.49448459490300495,False
Maharashtra,Kolhapur,Kolhapur,Wheat,Lokwan,FAQ,2025-09-14,2464.0,2669.0,2567.0,False,2025,9,14,6,257,3,Kharif,2569.0,2613.0,2642.0,2616.0,2588.6666666666665,2608.285714285714,2622.214285714286,26.405266429971043,-0.5804953560371517,0.9938837920489296,False
Maharashtra,Kolhapur,Kolhapur,Wheat,Lokwan,FAQ,2025-09-15,2461.0,2659.0,2569.0,False,2025,9,15,0,258,3,Kharif,2567.0,2584.0,2637.0,2628.0,2573.3333333333335,2597.5714285714284,2618.714285714286,25.650582468086508,-0.07785130400934215,0.3424657534246575,False
Maharashtra,Kolhapur,Kolhapur,Wheat,Lokwan,FAQ,2025-09-17,2508.0,2734.0,2601.0,False,2025,9,17,2,260,3,Kharif,2569.0,2569.0,2601.0,2612.0,2568.3333333333335,2587.8571428571427,2614.5,20.610907884159538,0.07791195948578107,-0.4211332312404288,False
Maharashtra,Kolhapur,Kolhapur,Wheat,Lokwan,FAQ,2025-09-18,2459.0,2660.0,2591.0,False,2025,9,18,3,261,3,Kharif,2601.0,2567.0,2612.0,2646.0,2579.0,2587.8571428571427,2613.714285714286,20.610907884159538,1.2456208641494744,-1.2849584278155708,False
Maharashtra,Kolhapur,Kolhapur,Wheat,Lokwan,FAQ,2025-09-19,2490.0,2650.0,2570.0,False,2025,9,19,4,262,3,Kharif,2591.0,2569.0,2613.0,2632.0,2587.0,2584.8571428571427,2609.785714285714,17.855237993634454,-0.3844675124951942,-0.7218844984802432,False
Maharashtra,Kolhapur,Kolhapur,Wheat,Lokwan,FAQ,2025-09-20,2467.0,2663.0,2590.0,False,2025,9,20,5,263,3,Kharif,2570.0,2601.0,2584.0,2677.0,2587.3333333333335,2578.714285714286,2605.3571428571427,13.40042643244122,-0.8104978772674644,-3.4740381023533806,False
Maharashtra,Kolhapur,Kolhapur,Wheat,Lokwan,FAQ,2025-09-21,2480.0,2632.0,2578.0,False,2025,9,21,6,264,3,Kharif,2590.0,2591.0,2569.0,2642.0,2583.6666666666665,2579.5714285714284,2599.1428571428573,13.974466511661504,0.7782101167315175,-2.7630582891748676,False
Maharashtra,Kolhapur,Kolhapur,Wheat,Lokwan,FAQ,2025-09-22,2404.0,2673.0,2551.0,False,2025,9,22,0,265,3,Kharif,2578.0,2570.0,2567.0,2642.0,2579.3333333333335,2580.8571428571427,2594.5714285714284,13.234154946300228,-0.4633204633204633,-2.838758516275549,False
Maharashtra,Kolhapur,Kolhapur,Wheat,Lokwan,FAQ,2025-09-23,2432.0,2640.0,2527.0,False,2025,9,23,1,266,3,Kharif,2551.0,2590.0,2569.0,2637.0,2573.0,2578.5714285714284,2588.0714285714284,16.900267678912353,-1.047323506594259,-2.578687902919985,False
Maharashtra,Kolhapur,Kolhapur,Wheat,Lokwan,FAQ,2025-09-24,2439.0,2573.0,2504.0,False,2025,9,24,2,267,3,Kharif,2527.0,2578.0,2601.0,2601.0,2552.0,2572.5714285714284,2580.214285714286,25.915613973412473,-0.9408075264602116,0.0,False
Maharashtra,Kolhapur,Kolhapur,Wheat,Lokwan,FAQ,2025-09-25,2408.0,2633.0,2496.0,False,2025,9,25,3,268,3,Kharif,2504.0,2551.0,2591.0,2612.0,2527.3333333333335,2558.714285714286,2573.285714285714,33.11451990549472,-0.9101701622477245,-0.8039816232771823,False
Maharashtra,Kolhapur,Kolhapur,Wheat,Lokwan,FAQ,2025-09-26,2392.0,2592.0,2508.0,False,2025,9,26,4,269,3,Kharif,2496.0,2527.0,2570.0,2613.0,2509.0,2545.1428571428573,2565.0,36.925278475270275,-0.3194888178913738,-1.6456180635285114,False
Maharashtra,Kolhapur,Kolhapur,Wheat,Lokwan,FAQ,2025-09-27,2375.0,2651.0,2506.0,False,2025,9,27,5,270,3,Kharif,2508.0,2504.0,2590.0,2584.0,2502.6666666666665,2536.285714285714,2557.5,37.40193526951371,0.4807692307692308,0.23219814241486067,False
Maharashtra,Kolhapur,Kolhapur,Wheat,Lokwan,FAQ,2025-09-28,2398.0,2682.0,2541.0,False,2025,9,28,6,271,3,Kharif,2506.0,2496.0,2578.0,2569.0,2503.3333333333335,2524.285714285714,2551.9285714285716,30.048373698171794,-0.07974481658692185,0.3503308680420397,False
Maharashtra,Kolhapur,Kolhapur,Wheat,Lokwan,FAQ,2025-09-29,2399.0,2615.0,2496.0,False,2025,9,29,0,272,3,Kharif,2541.0,2508.0,2551.0,2567.0,2518.3333333333335,2519.0,2549.9285714285716,20.880613017827315,1.3966480446927374,-0.6232956758862486,False
Maharashtra,Kolhapur,Kolhapur,Wheat,Lokwan,FAQ,2025-09-30,2362.0,2571.0,2500.0,False,2025,9,30,1,273,3,Kharif,2496.0,2506.0,2527.0,2569.0,2514.3333333333335,2511.1428571428573,2544.8571428571427,16.77725217300231,-1.770956316410862,-1.6348773841961852,False
Maharashtra,Kolhapur,Kolhapur,Wheat,Lokwan,FAQ,2025-10-01,2428.0,2568.0,2489.0,False,2025,10,1,2,274,4,Kharif,2500.0,2541.0,2504.0,2601.0,2512.3333333333335,2507.285714285714,2539.9285714285716,15.585402205432924,0.16025641025641024,-3.7293348712033834,False
Maharashtra,Kolhapur,Kolhapur,Wheat,Lokwan,FAQ,2025-10-02,2371.0,2612.0,2482.0,False,2025,10,2,3,275,4,Kharif,2489.0,2496.0,2496.0,2591.0,2495.0,2505.1428571428573,2531.9285714285716,17.072673794006633,-0.44,-3.6665380162099575,False
Maharashtra,Kolhapur,Kolhapur,Wheat,Lokwan,FAQ,2025-10-03,2436.0,2556.0,2487.0,False,2025,10,3,4,276,4,Kharif,2482.0,2500.0,2508.0,2570.0,2490.3333333333335,2503.1428571428573,2524.1428571428573,19.030051422506595,-0.28123744475693047,-2.4124513618677046,False
Maharashtra,Kolhapur,Kolhapur,Wheat,Lokwan,FAQ,2025-10-04,2444.0,2590.0,2504.0,False,2025,10,4,5,277,4,Kharif,2487.0,2489.0,2506.0,2590.0,2486.0,2500.1428571428573,2518.214285714286,19.777331901529877,0.201450443190975,-3.2432432432432434,False
Maharashtra,Pune,Pune,Wheat,Lokwan,FAQ,2025-06-07,2312.0,2482.0,2402.0,True,2025,6,7,5,158,2,Kharif,,,,,,,,,,,False
Maharashtra,Pune,Pune,Wheat,Lokwan,FAQ,2025-06-08,2257.0,2519.0,2394.0,True,2025,6,8,6,159,2,Kharif,2402.0,,,,,,,,,,False
Maharashtra,Pune,Pune,Wheat,Lokwan,FAQ,2025-06-10,2346.0,2511.0,2417.0,True,2025,6,10,1,161,2,Kharif,2394.0,,,,,,,,-0.33305578684429643,,False
Maharashtra,Pune,Pune,Wheat,Lokwan,FAQ,2025-06-11,2291.0,2527.0,2415.0,True,2025,6,11,2,162,2,Kharif,2417.0,2402.0,,,2404.3333333333335,,,,0.960735171261487,,False
Maharashtra,Pune,Pune,Wheat,Lokwan,FAQ,2025-06-12,2307.0,2530.0,2437.0,False,2025,6,12,3,163,2,Kharif,2415.0,2394.0,,,2408.6666666666665,,,,-0.08274720728175423,,False
Maharashtra,Pune,Pune,Wheat,Lokwan,FAQ,2025-06-13,2289.0,2532.0,2433.0,True,2025,6,13,4,164,2,Kharif,2437.0,2417.0,,,2423.0,,,,0.9109730848861284,,False
Maharashtra,Pune,Pune,Wheat,Lokwan,FAQ,2025-06-14,2367.0,2592.0,2463.0,False,2025,6,14,5,165,2,Kharif,2433.0,2415.0,,,2428.3333333333335,,,,-0.16413623307345096,,False
Maharashtra,Pune,Pune,Wheat,Lokwan,FAQ,2025-06-15,2399.0,2564.0,2467.0,False,2025,6,15,6,166,2,Kharif,2463.0,2437.0,2402.0,,2444.3333333333335,2423.0,,23.373774477677564,1.2330456226880395,,False
Maharashtra,Pune,Pune,Wheat,Lokwan,FAQ,2025-06-16,2346.0,2618.0,2493.0,False,2025,6,16,0,167,2,Kharif,2467.0,2433.0,2394.0,,2454.3333333333335,2432.285714285714,,26.36104629761042,0.16240357287860333,,False
Maharashtra,Pune,Pune,Wheat,Lokwan,FAQ,2025-06-17,2403.0,2591.0,2536.0,False,2025,6,17,1,168,2,Kharif,2493.0,2463.0,2417.0,,2474.3333333333335,2446.4285714285716,,28.8378058738707,1.053911633563032,,False
Maharashtra,Pune,Pune,Wheat,Lokwan,FAQ,2025-06-18,2391.0,2631.0,2526.0,False,2025,6,18,2,169,2,Kharif,2536.0,2467.0,2415.0,,2498.6666666666665,2463.4285714285716,,41.076583527427516,1.7248295226634576,,False
Maharashtra,Pune,Pune,Wheat,Lokwan,FAQ,2025-06-19,2436.0,2617.0,2514.0,False,2025,6,19,3,170,2,Kharif,2526.0,2493.0,2437.0,,2518.3333333333335,2479.285714285714,,40.68871377386435,-0.3943217665615142,,False
Maharashtra,Pune,Pune,Wheat,Lokwan,FAQ,2025-06-20,2439.0,2560.0,2494.0,False,2025,6,20,4,171,2,Kharif,2514.0,2536.0,2433.0,,2525.3333333333335,2490.285714285714,,37.646222854864746,-0.4750593824228029,,False
Maharashtra,Pune,Pune,Wheat,Lokwan,FAQ,2025-06-21,2415.0,2583.0,2488.0,False,2025,6,21,5,172,2,Kharif,2494.0,2526.0,2463.0,,2511.3333333333335,2499.0,,28.000000000001023,-0.7955449482895784,,False
Maharashtra,Pune,Pune,Wheat,Lokwan,FAQ,2025-06-22,2391.0,2619.0,2493.0,False,2025,6,22,6,173,2,Kharif,2488.0,2514.0,2467.0,2402.0,2498.6666666666665,2502.5714285714284,2462.785714285714,23.94338560617054,-0.24057738572574178,2.7060782681099087,False
Maharashtra,Pune,Pune,Wheat,Lokwan,FAQ,2025-06-23,2410.0,2583.0,2522.0,False,2025,6,23,0,174,2,Kharif,2493.0,2494.0,2493.0,2394.0,2491.6666666666665,2506.285714285714,2469.285714285714,19.01503164792249,0.20096463022508038,4.135338345864661,False
Maharashtra,Pune,Pune,Wheat,Lokwan,FAQ,2025-06-24,2451.0,2611.0,2517.0,False,2025,6,24,1,175,2,Kharif,2522.0,2488.0,2536.0,2417.0,2501.0,2510.4285714285716,2478.4285714285716,18.795896208635213,1.1632571199358204,4.923458833264378,False
Maharashtra,Pune,Pune,Wheat,Lokwan,FAQ,2025-06-25,2438.0,2635.0,2546.0,False,2025,6,25,2,176,2,Kharif,2517.0,2493.0,2526.0,2415.0,2510.6666666666665,2507.714285714286,2485.5714285714284,15.585402205423831,-0.19825535289452814,4.596273291925466,False
Maharashtra,Pune,Pune,Wheat,Lokwan,FAQ,2025-06-26,2467.0,2607.0,2534.0,False,2025,6,26,3,177,2,Kharif,2546.0,2522.0,2514.0,2437.0,2528.3333333333335,2510.5714285714284,2494.9285714285716,20.54147952199296,1.1521652761223677,3.1596224866639306,False
Maharashtra,Pune,Pune,Wheat,Lokwan,FAQ,2025-06-27,2397.0,2565.0,2498.0,False,2025,6,27,4,178,2,Kharif,2534.0,2517.0,2494.0,2433.0,2532.3333333333335,2513.4285714285716,2501.8571428571427,22.404293806153863,-0.4713275726630008,2.5071927661323468,False
Maharashtra,Pune,Pune,Wheat,Lokwan,FAQ,2025-06-28,2417.0,2668.0,2533.0,False,2025,6,28,5,179,2,Kharif,2498.0,2546.0,2488.0,2463.0,2526.0,2514.0,2506.5,21.87083293643427,-1.420678768745067,1.0150223304912709,False
Maharashtra,Pune,Pune,Wheat,Lokwan,FAQ,2025-06-29,2384.0,2615.0,2532.0,False,2025,6,29,6,180,2,Kharif,2533.0,2534.0,2493.0,2467.0,2521.6666666666665,2520.4285714285716,2511.5,19.4324225874993,1.4011208967173738,1.053911633563032,False
Maharashtra,Pune,Pune,Wheat,Lokwan,FAQ,2025-06-30,2388.0,2557.0,2498.0,False,2025,6,30,0,181,2,Kharif,2532.0,2498.0,2522.0,2493.0,2521.0,2526.0,2516.1428571428573,15.438048235883137,-0.03947887879984208,1.1632571199358204,False
Maharashtra,Pune,Pune,Wheat,Lokwan,FAQ,2025-07-01,2336.0,2604.0,2482.0,False,2025,7,1,1,182,3,Kharif,2498.0,2533.0,2517.0,2536.0,2521.0,2522.5714285714284,2516.5,18.778153466705863,-1.3428120063191153,-0.749211356466877,False
Maharashtra,Pune,Pune,Wheat,Lokwan,FAQ,2025-07-02,2357.0,2606.0,2486.0,False,2025,7,2,2,183,3,Kharif,2482.0,2532.0,2546.0,2526.0,2504.0,2517.5714285714284,2512.6428571428573,24.34376814749803,-0.6405124099279423,0.791765637371338,False
Maharashtra,Pune,Pune,Wheat,Lokwan,FAQ,2025-07-03,2326.0,2608.0,2462.0,False,2025,7,3,3,184,3,Kharif,2486.0,2498.0,2534.0,2514.0,2488.6666666666665,2509.0,2509.785714285714,23.20201140706117,0.16116035455278002,0.7955449482895784,False
Maharashtra,Pune,Pune,Wheat,Lokwan,FAQ,2025-07-04,2406.0,2649.0,2506.0,False,2025,7,4,4,185,3,Kharif,2462.0,2482.0,2498.0,2494.0,2476.6666666666665,2498.714285714286,2506.0714285714284,26.055800926181337,-0.9654062751407884,0.16038492381716118,False
Maharashtra,Pune,Pune,Wheat,Lokwan,FAQ,2025-07-05,2432.0,2598.0,2527.0,False,2025,7,5,5,186,3,Kharif,2506.0,2486.0,2533.0,2488.0,2484.6666666666665,2499.8571428571427,2506.9285714285716,26.194328720982554,1.7871649065800164,1.8086816720257235,False
Maharashtra,Pune,Pune,Wheat,Lokwan,FAQ,2025-07-06,2525.0,2649.0,2575.0,False,2025,7,6,6,187,3,Kharif,2527.0,2462.0,2532.0,2493.0,2498.3333333333335,2499.0,2509.714285714286,25.000000000000604,0.8379888268156425,1.5643802647412757,False
Maharashtra,Pune,Pune,Wheat,Lokwan,FAQ,2025-07-07,2432.0,2675.0,2527.0,False,2025,7,7,0,188,3,Kharif,2575.0,2506.0,2498.0,2522.0,2536.0,2505.1428571428573,2515.5714285714284,36.90721958022457,1.8994855559952513,-0.9516256938937351,False
Maharashtra,Pune,Pune,Wheat,Lokwan,FAQ,2025-07-08,2446.0,2626.0,2531.0,False,2025,7,8,1,189,3,Kharif,2527.0,2527.0,2482.0,2517.0,2543.0,2509.285714285714,2515.9285714285716,37.593059136470494,-1.8640776699029127,-1.3905442987683752,False
Maharashtra,Pune,Pune,Wheat,Lokwan,FAQ,2025-07-09,2412.0,2603.0,2538.0,False,2025,7,9,2,190,3,Kharif,2531.0,2575.0,2486.0,2546.0,2544.3333333333335,2516.285714285714,2516.9285714285716,36.201815266247785,0.15829046299960428,-2.356637863315004,False
Maharashtra,Pune,Pune,Wheat,Lokwan,FAQ,2025-07-10,2460.0,2642.0,2567.0,False,2025,7,10,3,191,3,Kharif,2538.0,2527.0,2462.0,2534.0,2532.0,2523.714285714286,2516.3571428571427,34.23309454175734,0.2765705254839984,-2.841357537490134,False
Maharashtra,Pune,Pune,Wheat,Lokwan,FAQ,2025-07-11,2498.0,2709.0,2560.0,False,2025,7,11,4,192,3,Kharif,2567.0,2531.0,2506.0,2498.0,2545.3333333333335,2538.714285714286,2518.714285714286,24.226117351010952,1.1426319936958234,0.32025620496397117,False
Maharashtra,Pune,Pune,Wheat,Lokwan,FAQ,2025-07-12,2463.0,2607.0,2544.0,False,2025,7,12,5,193,3,Kharif,2560.0,2538.0,2527.0,2533.0,2555.0,2546.4285714285716,2523.1428571428573,20.36219653228184,-0.2726918582002337,-0.23687327279905251,False
Maharashtra,Pune,Pune,Wheat,Lokwan,FAQ,2025-07-13,2496.0,2688.0,2552.0,False,2025,7,13,6,194,3,Kharif,2544.0,2567.0,2575.0,2532.0,2557.0,2548.8571428571427,2523.9285714285716,18.595954501174614,-0.625,1.69826224328594,False
Maharashtra,Pune,Pune,Wheat,Lokwan,FAQ,2025-07-14,2380.0,2601.0,2526.0,False,2025,7,14,0,195,3,Kharif,2552.0,2560.0,2527.0,2498.0,2552.0,2545.5714285714284,2525.3571428571427,14.864467059151549,0.3144654088050315,1.1609287429943955,False
Maharashtra,Pune,Pune,Wheat,Lokwan,FAQ,2025-07-15,2404.0,2609.0,2518.0,False,2025,7,15,1,196,3,Kharif,2526.0,2544.0,2531.0,2482.0,2540.6666666666665,2545.4285714285716,2527.3571428571427,15.07599795323465,-1.018808777429467,1.974214343271555,False
Maharashtra,Pune,Pune,Wheat,Lokwan,FAQ,2025-07-16,2440.0,2588.0,2517.0,False,2025,7,16,2,197,3,Kharif,2518.0,2552.0,2538.0,2486.0,2532.0,2543.5714285714284,2529.9285714285716,17.718701446567636,-0.3167062549485352,2.091713596138375,False
Maharashtra,Pune,Pune,Wheat,Lokwan,FAQ,2025-07-17,2429.0,2616.0,2497.0,False,2025,7,17,3,198,3,Kharif,2517.0,2526.0,2567.0,2462.0,2520.3333333333335,2540.5714285714284,2532.1428571428573,20.394910663020575,-0.03971405877680699,4.2648253452477665,False
Maharashtra,Pune,Pune,Wheat,Lokwan,FAQ,2025-07-18,2426.0,2669.0,2533.0,False,2025,7,18,4,199,3,Kharif,2497.0,2518.0,2560.0,2506.0,2510.6666666666665,2530.5714285714284,2534.6428571428573,22.34470215254392,-0.7945967421533572,2.154828411811652,False
Maharashtra,Pune,Pune,Wheat,Lokwan,FAQ,2025-07-19,2422.0,2601.0,2539.0,False,2025,7,19,5,200,3,Kharif,2533.0,2517.0,2544.0,2527.0,2515.6666666666665,2526.714285714286,2536.5714285714284,18.400310556390245,1.4417300760913097,0.6727344677483181,False
Maharashtra,Pune,Pune,Wheat,Lokwan,FAQ,2025-07-20,2413.0,2626.0,2532.0,False,2025,7,20,6,201,3,Kharif,2539.0,2497.0,2552.0,2575.0,2523.0,2526.0,2537.4285714285716,17.701224063140653,0.23687327279905251,-0.8932038834951457,False
Maharashtra,Pune,Pune,Wheat,Lokwan,FAQ,2025-07-21,2360.0,2589.0,2506.0,False,2025,7,21,0,202,3,Kharif,2532.0,2533.0,2526.0,2527.0,2534.6666666666665,2523.1428571428573,2534.3571428571427,14.040757000355326,-0.27569909413154786,-0.03957261574990107,False
Maharashtra,Pune,Pune,Wheat,Lokwan,FAQ,2025-07-22,2391.0,2677.0,2537.0,False,2025,7,22,1,203,3,Kharif,2506.0,2539.0,2518.0,2531.0,2525.6666666666665,2520.285714285714,2532.8571428571427,15.337473561126734,-1.0268562401263823,-0.5136309758988542,False
Maharashtra,Pune,Pune,Wheat,Lokwan,FAQ,2025-07-23,2404.0,2629.0,2554.0,False,2025,7,23,2,204,3,Kharif,2537.0,2532.0,2517.0,2538.0,2525.0,2523.0,2533.285714285714,16.502525059320554,1.2370311252992818,-0.8274231678486997,False
Maharashtra,Pune,Pune,Wheat,Lokwan,FAQ,2025-07-24,2447.0,2643.0,2541.0,False,2025,7,24,3,205,3,Kharif,2554.0,2506.0,2497.0,2567.0,2532.3333333333335,2528.285714285714,2534.4285714285716,19.84703408333187,0.6700827749310209,-2.7269185820023374,False
Maharashtra,Pune,Pune,Wheat,Lokwan,FAQ,2025-07-25,2433.0,2594.0,2527.0,False,2025,7,25,4,206,3,Kharif,2541.0,2537.0,2533.0,2560.0,2544.0,2534.5714285714284,2532.5714285714284,14.54713193791922,-0.5090054815974941,-1.0546875,False
Maharashtra,Pune,Pune,Wheat,Lokwan,FAQ,2025-07-26,2371.0,2628.0,2508.0,False,2025,7,26,5,207,3,Kharif,2527.0,2554.0,2539.0,2544.0,2540.6666666666665,2533.714285714286,2530.214285714286,14.829186151132575,-0.5509641873278237,-0.19654088050314467,False
Maharashtra,Pune,Pune,Wheat,Lokwan,FAQ,2025-07-27,2398.0,2659.0,2513.0,False,2025,7,27,6,208,3,Kharif,2508.0,2541.0,2532.0,2552.0,2525.3333333333335,2529.285714285714,2527.6428571428573,17.394580436779687,-0.7518796992481203,-0.7836990595611284,False
Maharashtra,Pune,Pune,Wheat,Lokwan,FAQ,2025-07-28,2450.0,2575.0,2500.0,False,2025,7,28,0,209,3,Kharif,2513.0,2527.0,2506.0,2526.0,2516.0,2526.5714285714284,2524.8571428571427,18.356262717463608,0.1993620414673046,-0.791765637371338,False
Maharashtra,Pune,Pune,Wheat,Lokwan,FAQ,2025-07-29,2459.0,2619.0,2518.0,False,2025,7,29,1,210,3,Kharif,2500.0,2508.0,2537.0,2518.0,2507.0,2525.714285714286,2523.0,19.576467894854147,-0.5173099880620772,0.7545671167593329,False
Maharashtra,Pune,Pune,Wheat,Lokwan,FAQ,2025-07-30,2461.0,2602.0,2534.0,False,2025,7,30,2,211,3,Kharif,2518.0,2513.0,2554.0,2517.0,2510.3333333333335,2523.0,2523.0,19.0613046073317,0.72,1.4700039729837107,False
Maharashtra,Pune,Pune,Wheat,Lokwan,FAQ,2025-07-31,2431.0,2672.0,2528.0,False,2025,7,31,3,212,3,Kharif,2534.0,2500.0,2541.0,2497.0,2517.3333333333335,2520.1428571428573,2524.214285714286,14.62222704685119,0.6354249404289118,1.762114537444934,False
Maharashtra,Pune,Pune,Wheat,Lokwan,FAQ,2025-08-01,2464.0,2681.0,2533.0,False,2025,8,1,4,213,3,Kharif,2528.0,2518.0,2527.0,2533.0,2526.6666666666665,2518.285714285714,2526.4285714285716,12.147898113318393,-0.23677979479084454,-0.23687327279905251,False
Maharashtra,Pune,Pune,Wheat,Lokwan,FAQ,2025-08-02,2466.0,2615.0,2533.0,False,2025,8,2,5,214,3,Kharif,2533.0,2534.0,2508.0,2539.0,2531.6666666666665,2519.1428571428573,2526.4285714285716,13.04388198133501,0.19778481012658228,-1.2209531311539976,False
Maharashtra,Pune,Pune,Wheat,Lokwan,FAQ,2025-08-03,2444.0,2617.0,2536.0,False,2025,8,3,6,215,3,Kharif,2533.0,2528.0,2513.0,2532.0,2531.3333333333335,2522.714285714286,2526.0,12.906255404709032,0.0,-0.7503949447077409,False
Maharashtra,Pune,Pune,Wheat,Lokwan,FAQ,2025-08-04,2496.0,2656.0,2546.0,False,2025,8,4,0,216,3,Kharif,2536.0,2533.0,2500.0,2506.0,2534.0,2526.0,2526.285714285714,12.94861639970978,0.11843663639952626,-0.23942537909018355,False
Maharashtra,Pune,Pune,Wheat,Lokwan,FAQ,2025-08-05,2390.0,2611.0,2532.0,False,2025,8,5,1,217,3,Kharif,2546.0,2533.0,2518.0,2537.0,2538.3333333333335,2532.5714285714284,2529.1428571428573,8.44308677474707,0.3943217665615142,-0.7489160425699646,False
Maharashtra,Pune,Pune,Wheat,Lokwan,FAQ,2025-08-06,2421.0,2661.0,2542.0,False,2025,8,6,2,218,3,Kharif,2532.0,2536.0,2534.0,2554.0,2538.0,2534.5714285714284,2528.785714285714,5.593363414433034,-0.5498821681068342,-0.7830853563038371,False
Maharashtra,Pune,Pune,Wheat,Lokwan,FAQ,2025-08-07,2438.0,2595.0,2520.0,False,2025,8,7,3,219,3,Kharif,2542.0,2546.0,2528.0,2541.0,2540.0,2535.714285714286,2527.9285714285716,6.2373681873825015,0.3949447077409162,-0.5116096025186935,False
Maharashtra,Pune,Pune,Wheat,Lokwan,FAQ,2025-08-08,2449.0,2636.0,2544.0,False,2025,8,8,4,220,3,Kharif,2520.0,2532.0,2533.0,2527.0,2531.3333333333335,2534.5714285714284,2526.4285714285716,8.283661486278298,-0.865460267505901,0.2374356944994064,False
Maharashtra,Pune,Pune,Wheat,Lokwan,FAQ,2025-08-09,2475.0,2634.0,2541.0,False,2025,8,9,5,221,3,Kharif,2544.0,2542.0,2533.0,2508.0,2535.3333333333335,2536.1428571428573,2527.6428571428573,8.952254305093732,0.9523809523809524,0.9968102073365231,False
Maharashtra,Pune,Pune,Wheat,Lokwan,FAQ,2025-08-10,2439.0,2661.0,2533.0,False,2025,8,10,6,222,3,Kharif,2541.0,2520.0,2536.0,2513.0,2535.0,2537.285714285714,2530.0,8.994707438542989,-0.1179245283018868,0.9152407481098289,False
Maharashtra,Pune,Pune,Wheat,Lokwan,FAQ,2025-08-11,2416.0,2648.0,2534.0,False,2025,8,11,0,223,3,Kharif,2533.0,2544.0,2546.0,2500.0,2539.3333333333335,2536.8571428571427,2531.4285714285716,9.136530549196818,-0.3148366784730421,1.8399999999999999,False
Maharashtra,Pune,Pune,Wheat,Lokwan,FAQ,2025-08-12,2458.0,2644.0,2562.0,False,2025,8,12,1,224,3,Kharif,2534.0,2541.0,2532.0,2518.0,2536.0,2535.1428571428573,2533.8571428571427,8.214389233314705,0.03947887879984208,0.5559968228752978,False
Maharashtra,Pune,Pune,Wheat,Lokwan,FAQ,2025-08-13,2504.0,2707.0,2568.0,False,2025,8,13,2,225,3,Kharif,2562.0,2533.0,2542.0,2534.0,2543.0,2539.4285714285716,2537.0,12.830395458413546,1.1049723756906076,0.31570639305445936,False
Maharashtra,Pune,Pune,Wheat,Lokwan,FAQ,2025-08-14,2480.0,2706.0,2589.0,False,2025,8,14,3,226,3,Kharif,2568.0,2534.0,2520.0,2528.0,2554.6666666666665,2543.1428571428573,2539.4285714285716,16.836751185322086,0.234192037470726,-0.31645569620253167,False
Maharashtra,Pune,Pune,Wheat,Lokwan,FAQ,2025-08-15,2457.0,2703.0,2587.0,False,2025,8,15,4,227,3,Kharif,2589.0,2562.0,2544.0,2533.0,2573.0,2553.0,2543.785714285714,20.768565991267707,0.8177570093457943,0.43426766679826295,False
Maharashtra,Pune,Pune,Wheat,Lokwan,FAQ,2025-08-17,2455.0,2604.0,2544.0,False,2025,8,17,6,229,3,Kharif,2587.0,2568.0,2541.0,2533.0,2581.3333333333335,2559.1428571428573,2547.6428571428573,23.80076029198507,-0.0772499034376207,0.31583103039873667,False
Maharashtra,Pune,Pune,Wheat,Lokwan,FAQ,2025-08-18,2432.0,2641.0,2523.0,False,2025,8,18,0,230,3,Kharif,2544.0,2589.0,2533.0,2536.0,2573.3333333333335,2559.5714285714284,2548.4285714285716,23.443955460190445,-1.6621569385388482,-0.11829652996845426,False
Maharashtra,Pune,Pune,Wheat,Lokwan,FAQ,2025-08-19,2502.0,2668.0,2559.0,False,2025,8,19,1,231,3,Kharif,2523.0,2587.0,2534.0,2546.0,2551.3333333333335,2558.1428571428573,2547.5,25.543613496851368,-0.8254716981132075,-0.4713275726630008,False
Maharashtra,Pune,Pune,Wheat,Lokwan,FAQ,2025-08-20,2504.0,2711.0,2571.0,False,2025,8,20,2,232,3,Kharif,2559.0,2544.0,2562.0,2532.0,2542.0,2561.714285714286,2548.4285714285716,23.250192011503607,1.426872770511296,1.1848341232227488,False
Maharashtra,Pune,Pune,Wheat,Lokwan,FAQ,2025-08-21,2466.0,2720.0,2582.0,False,2025,8,21,3,233,3,Kharif,2571.0,2523.0,2568.0,2542.0,2551.0,2563.0,2551.214285714286,23.515952032617474,0.4689331770222743,1.0228166797797011,False
Maharashtra,Pune,Pune,Wheat,Lokwan,FAQ,2025-08-22,2498.0,2780.0,2640.0,False,2025,8,22,4,234,3,Kharif,2582.0,2559.0,2589.0,2520.0,2570.6666666666665,2565.0,2554.0714285714284,24.583192089997436,0.4278490859587709,2.738095238095238,False
Maharashtra,Pune,Pune,Wheat,Lokwan,FAQ,2025-08-23,2525.0,2697.0,2620.0,False,2025,8,23,5,235,3,Kharif,2640.0,2571.0,2587.0,2544.0,2597.6666666666665,2572.285714285714,2562.6428571428573,37.20087044553109,2.2463206816421377,1.690251572327044,False
Maharashtra,Pune,Pune,Wheat,Lokwan,FAQ,2025-08-24,2509.0,2665.0,2588.0,False,2025,8,24,6,236,3,Kharif,2620.0,2582.0,2544.0,2541.0,2614.0,2577.0,2568.0714285714284,41.24722212869357,-0.7575757575757576,0.11806375442739078,False
Maharashtra,Pune,Pune,Wheat,Lokwan,FAQ,2025-08-25,2422.0,2615.0,2558.0,False,2025,8,25,0,237,3,Kharif,2588.0,2640.0,2523.0,2533.0,2616.0,2583.285714285714,2571.4285714285716,38.65106417558587,-1.2213740458015268,-0.3947887879984209,False
Maharashtra,Pune,Pune,Wheat,Lokwan,FAQ,2025-08-26,2455.0,2595.0,2539.0,False,2025,8,26,1,238,3,Kharif,2558.0,2620.0,2559.0,2534.0,2588.6666666666665,2588.285714285714,2573.214285714286,31.073645241135704,-1.1591962905718702,0.9865824782951855,False
Maharashtra,Pune,Pune,Wheat,Lokwan,FAQ,2025-08-27,2473.0,2677.0,2550.0,False,2025,8,27,2,239,3,Kharif,2539.0,2588.0,2571.0,2562.0,2561.6666666666665,2585.4285714285716,2573.5714285714284,34.89917450245617,-0.7427677873338546,0.351288056206089,False
Maharashtra,Pune,Pune,Wheat,Lokwan,FAQ,2025-08-28,2448.0,2641.0,2544.0,False,2025,8,28,3,240,3,Kharif,2550.0,2558.0,2582.0,2568.0,2549.0,2582.4285714285716,2572.714285714286,37.17462011847418,0.4332414336352895,0.5451713395638629,False
Maharashtra,Pune,Pune,Wheat,Lokwan,FAQ,2025-08-29,2415.0,2678.0,2552.0,False,2025,8,29,4,241,3,Kharif,2544.0,2539.0,2640.0,2589.0,2544.3333333333335,2577.0,2571.0,39.92075483588845,-0.2352941176470588,1.9698725376593278,False
Maharashtra,Pune,Pune,Wheat,Lokwan,FAQ,2025-08-30,2458.0,2644.0,2593.0,False,2025,8,30,5,242,3,Kharif,2552.0,2550.0,2620.0,2587.0,2548.6666666666665,2564.4285714285716,2568.3571428571427,29.188223326415976,0.3144654088050315,1.2756088132972556,False
Maharashtra,Pune,Pune,Wheat,Lokwan,FAQ,2025-08-31,2506.0,2737.0,2596.0,False,2025,8,31,6,243,3,Kharif,2593.0,2544.0,2588.0,2544.0,2563.0,2560.5714285714284,2568.785714285714,21.35304149185089,1.6065830721003136,1.729559748427673,False
Maharashtra,Pune,Pune,Wheat,Lokwan,FAQ,2025-09-01,2499.0,2687.0,2602.0,False,2025,9,1,0,244,3,Kharif,2596.0,2552.0,2558.0,2523.0,2580.3333333333335,2561.714285714286,2572.5,23.199958949067696,0.11569610489780179,1.3872374157748713,False
Maharashtra,Pune,Pune,Wheat,Lokwan,FAQ,2025-09-02,2533.0,2751.0,2635.0,False,2025,9,2,1,245,3,Kharif,2602.0,2593.0,2539.0,2559.0,2597.0,2568.0,2578.1428571428573,27.57414247685145,0.23112480739599386,-0.7815552950371238,False
Maharashtra,Pune,Pune,Wheat,Lokwan,FAQ,2025-09-03,2532.0,2733.0,2668.0,True,2025,9,3,2,246,3,Kharif,2635.0,2596.0,2550.0,2571.0,2611.0,2581.714285714286,2583.5714285714284,33.895497664221075,1.2682551883166795,-0.8168028004667445,False
Maharashtra,Pune,Pune,Wheat,Lokwan,FAQ,2025-09-04,2561.0,2747.0,2656.0,False,2025,9,4,3,247,3,Kharif,2668.0,2602.0,2544.0,2582.0,2635.0,2598.5714285714284,2590.5,43.48124937969941,1.252371916508539,-1.471727343144849,False
Maharashtra,Pune,Pune,Wheat,Lokwan,FAQ,2025-09-05,2520.0,2772.0,2634.0,False,2025,9,5,4,248,3,Kharif,2656.0,2635.0,2552.0,2640.0,2653.0,2614.5714285714284,2595.785714285714,40.56212166894607,-0.4497751124437781,-3.3333333333333335,False
Maharashtra,Pune,Pune,Wheat,Lokwan,FAQ,2025-09-06,2558.0,2791.0,2650.0,False,2025,9,6,5,249,3,Kharif,2634.0,2668.0,2593.0,2620.0,2652.6666666666665,2626.285714285714,2595.3571428571427,29.92609945469297,-0.8283132530120483,-1.0305343511450382,False
Maharashtra,Pune,Pune,Wheat,Lokwan,FAQ,2025-09-07,2622.0,2784.0,2674.0,True,2025,9,7,6,250,3,Kharif,2650.0,2656.0,2596.0,2588.0,2646.6666666666665,2634.4285714285716,2597.5,26.9682352831347,0.6074411541381929,0.3091190108191654,False
Maharashtra,Pune,Pune,Wheat,Lokwan,FAQ,2025-09-08,2597.0,2811.0,2675.0,True,2025,9,8,0,251,3,Kharif,2674.0,2634.0,2602.0,2558.0,2652.6666666666665,2645.5714285714284,2603.6428571428573,24.439429500022655,0.9056603773584906,1.7200938232994525,False
Maharashtra,Pune,Pune,Wheat,Lokwan,FAQ,2025-09-09,2577.0,2766.0,2694.0,True,2025,9,9,1,252,3,Kharif,2675.0,2650.0,2635.0,2539.0,2666.3333333333335,2656.0,2612.0,17.272328544068944,0.037397157816005985,3.781016148089799,False
Maharashtra,Pune,Pune,Wheat,Lokwan,FAQ,2025-09-10,2619.0,2763.0,2672.0,True,2025,9,10,2,253,3,Kharif,2694.0,2674.0,2668.0,2550.0,2681.0,2664.4285714285716,2623.0714285714284,19.560650490717993,0.7102803738317757,4.627450980392156,False
Maharashtra,Pune,Pune,Wheat,Lokwan,FAQ,2025-09-11,2559.0,2785.0,2689.0,True,2025,9,11,3,254,3,Kharif,2672.0,2675.0,2656.0,2544.0,2680.3333333333335,2665.0,2631.785714285714,19.73997635934878,-0.8166295471417966,4.40251572327044,False
Maharashtra,Pune,Pune,Wheat,Lokwan,FAQ,2025-09-12,2566.0,2787.0,2677.0,True,2025,9,12,4,255,3,Kharif,2689.0,2694.0,2634.0,2552.0,2685.0,2669.714285714286,2642.1428571428573,21.12434839797685,0.6362275449101796,3.213166144200627,False
Maharashtra,Pune,Pune,Wheat,Lokwan,FAQ,2025-09-13,2594.0,2749.0,2672.0,True,2025,9,13,5,256,3,Kharif,2677.0,2672.0,2650.0,2593.0,2679.3333333333335,2675.8571428571427,2651.0714285714284,14.088157809921137,-0.4462625511342506,2.1982259930582337,False
Maharashtra,Pune,Pune,Wheat,Lokwan,FAQ,2025-09-14,2592.0,2791.0,2696.0,True,2025,9,14,6,257,3,Kharif,2672.0,2689.0,2674.0,2596.0,2679.3333333333335,2679.0,2656.714285714286,8.831760866388588,-0.1867762420620097,3.00462249614792,False
Maharashtra,Pune,Pune,Wheat,Lokwan,FAQ,2025-09-15,2557.0,2750.0,2679.0,True,2025,9,15,0,258,3,Kharif,2696.0,2677.0,2675.0,2602.0,2681.6666666666665,2682.1428571428573,2663.8571428571427,10.510765456296815,0.8982035928143712,2.8055342044581093,False
Maharashtra,Pune,Pune,Wheat,Lokwan,FAQ,2025-09-16,2606.0,2767.0,2676.0,True,2025,9,16,1,259,3,Kharif,2679.0,2672.0,2694.0,2635.0,2682.3333333333335,2682.714285714286,2669.3571428571427,10.16061490458085,-0.6305637982195845,2.239089184060721,False
Maharashtra,Pune,Pune,Wheat,Lokwan,FAQ,2025-09-17,2598.0,2780.0,2685.0,True,2025,9,17,2,260,3,Kharif,2676.0,2696.0,2672.0,2668.0,2683.6666666666665,2680.1428571428573,2672.285714285714,9.044861735294985,-0.11198208286674133,0.14992503748125938,False
Maharashtra,Pune,Pune,Wheat,Lokwan,FAQ,2025-09-18,2552.0,2726.0,2656.0,False,2025,9,18,3,261,3,Kharif,2685.0,2679.0,2689.0,2656.0,2680.0,2682.0,2673.5,8.40634680867716,0.336322869955157,1.2424698795180722,False
Maharashtra,Pune,Pune,Wheat,Lokwan,FAQ,2025-09-19,2563.0,2717.0,2617.0,False,2025,9,19,4,262,3,Kharif,2656.0,2676.0,2677.0,2634.0,2672.3333333333335,2677.285714285714,2673.5,12.216304483728306,-1.080074487895717,1.632498101746393,False
Maharashtra,Pune,Pune,Wheat,Lokwan,FAQ,2025-09-20,2483.0,2694.0,2588.0,False,2025,9,20,5,263,3,Kharif,2617.0,2685.0,2672.0,2650.0,2652.6666666666665,2668.714285714286,2672.285714285714,25.86963655019367,-1.4683734939759037,0.8301886792452831,False
Maharashtra,Pune,Pune,Wheat,Lokwan,FAQ,2025-09-21,2495.0,2701.0,2570.0,False,2025,9,21,6,264,3,Kharif,2588.0,2656.0,2696.0,2674.0,2620.3333333333335,2656.714285714286,2667.8571428571427,39.81504860274637,-1.108139090561712,0.8227374719521316,False
Maharashtra,Pune,Pune,Wheat,Lokwan,FAQ,2025-09-22,2436.0,2645.0,2581.0,False,2025,9,22,0,265,3,Kharif,2570.0,2617.0,2679.0,2675.0,2591.6666666666665,2638.714285714286,2660.4285714285716,46.9386631172956,-0.6955177743431221,0.14953271028037382,False
Maharashtra,Pune,Pune,Wheat,Lokwan,FAQ,2025-09-23,2495.0,2634.0,2551.0,False,2025,9,23,1,266,3,Kharif,2581.0,2588.0,2676.0,2694.0,2579.6666666666665,2624.714285714286,2653.714285714286,47.53144322697231,0.42801556420233466,-0.6681514476614699,False
Maharashtra,Pune,Pune,Wheat,Lokwan,FAQ,2025-09-24,2487.0,2672.0,2551.0,False,2025,9,24,2,267,3,Kharif,2551.0,2570.0,2685.0,2672.0,2567.3333333333335,2606.8571428571427,2643.5,48.52294498973552,-1.162340178225494,0.48652694610778446,False
Maharashtra,Pune,Pune,Wheat,Lokwan,FAQ,2025-09-25,2477.0,2659.0,2528.0,False,2025,9,25,3,268,3,Kharif,2551.0,2581.0,2656.0,2689.0,2561.0,2587.714285714286,2634.8571428571427,37.80526544330459,0.0,-1.2272220156191893,False
Maharashtra,Pune,Pune,Wheat,Lokwan,FAQ,2025-09-26,2462.0,2641.0,2530.0,False,2025,9,26,4,269,3,Kharif,2528.0,2551.0,2617.0,2677.0,2543.3333333333335,2569.4285714285716,2623.3571428571427,29.262360025914926,-0.901607212857703,-2.2413149047441165,False
Maharashtra,Pune,Pune,Wheat,Lokwan,FAQ,2025-09-27,2467.0,2608.0,2549.0,False,2025,9,27,5,270,3,Kharif,2530.0,2551.0,2588.0,2672.0,2536.3333333333335,2557.0,2612.8571428571427,23.622023622046104,0.07911392405063292,-3.143712574850299,False
Maharashtra,Pune,Pune,Wheat,Lokwan,FAQ,2025-09-28,2441.0,2582.0,2513.0,False,2025,9,28,6,271,3,Kharif,2549.0,2528.0,2570.0,2696.0,2535.6666666666665,2551.4285714285716,2604.0714285714284,19.294706898167703,0.7509881422924901,-4.673590504451038,False
Maharashtra,Pune,Pune,Wheat,Lokwan,FAQ,2025-09-29,2475.0,2602.0,2551.0,False,2025,9,29,0,272,3,Kharif,2513.0,2530.0,2581.0,2679.0,2530.6666666666665,2543.285714285714,2591.0,21.99025758311836,-1.4123185562965868,-3.6580813736468833,False
Maharashtra,Pune,Pune,Wheat,Lokwan,FAQ,2025-09-30,2432.0,2645.0,2534.0,False,2025,9,30,1,273,3,Kharif,2551.0,2549.0,2551.0,2676.0,2537.6666666666665,2539.0,2581.8571428571427,15.329709716770799,1.5121368881814563,-4.671150971599402,False
Maharashtra,Pune,Pune,Wheat,Lokwan,FAQ,2025-10-01,2439.0,2643.0,2536.0,False,2025,10,1,2,274,4,Kharif,2534.0,2513.0,2551.0,2685.0,2532.6666666666665,2536.5714285714284,2571.714285714286,14.432107063286592,-0.6664053312426499,-4.990689013035382,False
Maharashtra,Pune,Pune,Wheat,Lokwan,FAQ,2025-10-02,2402.0,2678.0,2545.0,False,2025,10,2,3,275,4,Kharif,2536.0,2551.0,2528.0,2656.0,2540.3333333333335,2534.4285714285716,2561.0714285714284,12.972498382584748,0.07892659826361484,-4.819277108433735,False
Maharashtra,Pune,Pune,Wheat,Lokwan,FAQ,2025-10-03,2447.0,2623.0,2523.0,False,2025,10,3,4,276,4,Kharif,2545.0,2534.0,2530.0,2617.0,2538.3333333333335,2536.8571428571427,2553.1428571428573,13.158375931067958,0.3548895899053628,-3.3244172716851357,False
Maharashtra,Pune,Pune,Wheat,Lokwan,FAQ,2025-10-04,2384.0,2608.0,2508.0,False,2025,10,4,5,277,4,Kharif,2523.0,2536.0,2549.0,2588.0,2534.6666666666665,2535.8571428571427,2546.4285714285716,14.005101111498922,-0.8644400785854618,-1.5069551777434311,False
Maharashtra,Satara,Satara,Wheat,Lokwan,FAQ,2025-06-07,2222.0,2432.0,2353.0,False,2025,6,7,5,158,2,Kharif,,,,,,,,,,,False
Maharashtra,Satara,Satara,Wheat,Lokwan,FAQ,2025-06-08,2231.0,2440.0,2347.0,False,2025,6,8,6,159,2,Kharif,2353.0,,,,,,,,,,False
Maharashtra,Satara,Satara,Wheat,Lokwan,FAQ,2025-06-09,2248.0,2486.0,2386.0,False,2025,6,9,0,160,2,Kharif,2347.0,,,,,,,,-0.254993625159371,,False
Maharashtra,Satara,Satara,Wheat,Lokwan,FAQ,2025-06-10,2310.0,2516.0,2391.0,False,2025,6,10,1,161,2,Kharif,2386.0,2353.0,,,2362.0,,,,1.6616957818491693,,False
Maharashtra,Satara,Satara,Wheat,Lokwan,FAQ,2025-06-11,2243.0,2502.0,2380.0,False,2025,6,11,2,162,2,Kharif,2391.0,2347.0,,,2374.6666666666665,,,,0.20955574182732606,,False
Maharashtra,Satara,Satara,Wheat,Lokwan,FAQ,2025-06-12,2264.0,2425.0,2354.0,False,2025,6,12,3,163,2,Kharif,2380.0,2386.0,,,2385.6666666666665,,,,-0.4600585529067336,,False
Maharashtra,Satara,Satara,Wheat,Lokwan,FAQ,2025-06-13,2259.0,2451.0,2327.0,False,2025,6,13,4,164,2,Kharif,2354.0,2391.0,,,2375.0,,,,-1.0924369747899159,,False
Maharashtra,Satara,Satara,Wheat,Lokwan,FAQ,2025-06-14,2234.0,2404.0,2309.0,False,2025,6,14,5,165,2,Kharif,2327.0,2380.0,2353.0,,2353.6666666666665,2362.5714285714284,,23.571572871131167,-1.1469838572642312,,False
Maharashtra,Satara,Satara,Wheat,Lokwan,FAQ,2025-06-15,2224.0,2371.0,2313.0,False,2025,6,15,6,166,2,Kharif,2309.0,2354.0,2347.0,,2330.0,2356.285714285714,,31.18607747972525,-0.7735281478298238,,False
Maharashtra,Satara,Satara,Wheat,Lokwan,FAQ,2025-06-16,2253.0,2421.0,2312.0,False,2025,6,16,0,167,2,Kharif,2313.0,2327.0,2386.0,,2316.3333333333335,2351.4285714285716,,35.25552979253573,0.17323516673884798,,False
Maharashtra,Satara,Satara,Wheat,Lokwan,FAQ,2025-06-17,2189.0,2337.0,2282.0,False,2025,6,17,1,168,2,Kharif,2312.0,2309.0,2391.0,,2311.3333333333335,2340.8571428571427,,34.241439667107635,-0.043233895373973194,,False
Maharashtra,Satara,Satara,Wheat,Lokwan,FAQ,2025-06-18,2217.0,2419.0,2319.0,False,2025,6,18,2,169,2,Kharif,2282.0,2313.0,2380.0,,2302.3333333333335,2325.285714285714,,32.37135712176298,-1.2975778546712802,,False
Maharashtra,Satara,Satara,Wheat,Lokwan,FAQ,2025-06-19,2219.0,2361.0,2294.0,False,2025,6,19,3,170,2,Kharif,2319.0,2312.0,2354.0,,2304.3333333333335,2316.5714285714284,,21.609080983519753,1.6213847502191059,,False
Maharashtra,Satara,Satara,Wheat,Lokwan,FAQ,2025-06-20,2157.0,2438.0,2303.0,False,2025,6,20,4,171,2,Kharif,2294.0,2282.0,2327.0,,2298.3333333333335,2308.0,,15.2534149181939,-1.0780508840017249,,False
Maharashtra,Satara,Satara,Wheat,Lokwan,FAQ,2025-06-21,2217.0,2387.0,2288.0,False,2025,6,21,5,172,2,Kharif,2303.0,2319.0,2309.0,2353.0,2305.3333333333335,2304.5714285714284,2333.5714285714284,12.765280292742759,0.3923278116826504,-1.8699532511687207,False
Maharashtra,Satara,Satara,Wheat,Lokwan,FAQ,2025-06-22,2214.0,2383.0,2266.0,False,2025,6,22,6,173,2,Kharif,2288.0,2294.0,2313.0,2347.0,2295.0,2301.5714285714284,2328.9285714285716,13.962534904245697,-0.6513243595310464,-1.4486578610992757,False
Maharashtra,Satara,Satara,Wheat,Lokwan,FAQ,2025-06-23,2219.0,2415.0,2285.0,False,2025,6,23,0,174,2,Kharif,2266.0,2303.0,2312.0,2386.0,2285.6666666666665,2294.8571428571427,2323.1428571428573,18.20648759305521,-0.9615384615384616,-3.1014249790444257,False
Maharashtra,Satara,Satara,Wheat,Lokwan,FAQ,2025-06-24,2157.0,2349.0,2286.0,False,2025,6,24,1,175,2,Kharif,2285.0,2288.0,2282.0,2391.0,2279.6666666666665,2291.0,2315.9285714285716,16.77299416720836,0.8384819064430714,-4.558762024257633,False
Maharashtra,Satara,Satara,Wheat,Lokwan,FAQ,2025-06-25,2187.0,2338.0,2262.0,False,2025,6,25,2,176,2,Kharif,2286.0,2266.0,2319.0,2380.0,2279.0,2291.5714285714284,2308.4285714285716,16.480869140276603,0.0437636761487965,-2.5630252100840334,False
Maharashtra,Satara,Satara,Wheat,Lokwan,FAQ,2025-06-26,2149.0,2346.0,2255.0,False,2025,6,26,3,177,2,Kharif,2262.0,2285.0,2294.0,2354.0,2277.6666666666665,2283.4285714285716,2300.0,14.64988217081939,-1.0498687664041995,-2.548853016142736,False
Maharashtra,Satara,Satara,Wheat,Lokwan,FAQ,2025-06-27,2178.0,2378.0,2242.0,False,2025,6,27,4,178,2,Kharif,2255.0,2286.0,2303.0,2327.0,2267.6666666666665,2277.8571428571427,2292.9285714285716,17.16030857752894,-0.3094606542882405,-1.0313708637730983,False
Maharashtra,Satara,Satara,Wheat,Lokwan,FAQ,2025-06-28,2184.0,2381.0,2265.0,False,2025,6,28,5,179,2,Kharif,2242.0,2262.0,2288.0,2309.0,2253.0,2269.1428571428573,2286.8571428571427,17.742872479091805,-0.5764966740576497,-0.9094846253789519,False
Maharashtra,Satara,Satara,Wheat,Lokwan,FAQ,2025-06-30,2235.0,2411.0,2294.0,False,2025,6,30,0,181,2,Kharif,2265.0,2255.0,2266.0,2313.0,2254.0,2265.8571428571427,2283.714285714286,15.678313806315433,1.0258697591436219,-2.03199308257674,False
Maharashtra,Satara,Satara,Wheat,Lokwan,FAQ,2025-07-01,2209.0,2393.0,2303.0,False,2025,7,1,1,182,3,Kharif,2294.0,2242.0,2285.0,2312.0,2267.0,2269.8571428571427,2282.3571428571427,18.951064802344177,1.2803532008830023,-1.1678200692041523,False
Maharashtra,Satara,Satara,Wheat,Lokwan,FAQ,2025-07-02,2225.0,2390.0,2289.0,False,2025,7,2,2,183,3,Kharif,2303.0,2265.0,2286.0,2282.0,2287.3333333333335,2272.4285714285716,2281.714285714286,22.277471002910374,0.3923278116826504,0.175284837861525,False
Maharashtra,Satara,Satara,Wheat,Lokwan,FAQ,2025-07-03,2161.0,2363.0,2287.0,False,2025,7,3,3,184,3,Kharif,2289.0,2294.0,2262.0,2319.0,2295.3333333333335,2272.8571428571427,2282.214285714286,22.608468704064332,-0.60790273556231,-2.457956015523933,False
Maharashtra,Satara,Satara,Wheat,Lokwan,FAQ,2025-07-04,2168.0,2415.0,2266.0,False,2025,7,4,4,185,3,Kharif,2287.0,2303.0,2255.0,2294.0,2293.0,2276.4285714285716,2279.9285714285716,22.582125253221637,-0.08737439930100481,-1.7000871839581517,False
Maharashtra,Satara,Satara,Wheat,Lokwan,FAQ,2025-07-05,2192.0,2410.0,2283.0,False,2025,7,5,5,186,3,Kharif,2266.0,2289.0,2242.0,2303.0,2280.6666666666665,2278.0,2277.9285714285716,21.181753153751938,-0.9182334936598164,-2.648719062092922,False
Maharashtra,Satara,Satara,Wheat,Lokwan,FAQ,2025-07-07,2149.0,2369.0,2284.0,False,2025,7,7,0,188,3,Kharif,2283.0,2287.0,2265.0,2288.0,2278.6666666666665,2283.8571428571427,2276.5,14.02888177330457,0.7502206531332745,-1.0052447552447552,False
Maharashtra,Satara,Satara,Wheat,Lokwan,FAQ,2025-07-08,2143.0,2379.0,2258.0,False,2025,7,8,1,189,3,Kharif,2284.0,2266.0,2294.0,2266.0,2277.6666666666665,2286.5714285714284,2276.214285714286,11.355720186418132,0.043802014892685065,1.235657546337158,False
Maharashtra,Satara,Satara,Wheat,Lokwan,FAQ,2025-07-09,2114.0,2306.0,2222.0,False,2025,7,9,2,190,3,Kharif,2258.0,2283.0,2303.0,2285.0,2275.0,2281.4285714285716,2275.6428571428573,14.998412614413832,-1.138353765323993,0.7877461706783371,False
Maharashtra,Satara,Satara,Wheat,Lokwan,FAQ,2025-07-10,2186.0,2393.0,2244.0,False,2025,7,10,3,191,3,Kharif,2222.0,2284.0,2289.0,2286.0,2254.6666666666665,2269.8571428571427,2271.1428571428573,24.079234286191937,-1.5943312666076175,0.13123359580052493,False
Maharashtra,Satara,Satara,Wheat,Lokwan,FAQ,2025-07-11,2122.0,2320.0,2237.0,False,2025,7,11,4,192,3,Kharif,2244.0,2258.0,2287.0,2262.0,2241.3333333333335,2263.4285714285716,2268.1428571428573,24.123689206921895,0.9900990099009901,1.1052166224580018,False
Maharashtra,Satara,Satara,Wheat,Lokwan,FAQ,2025-07-12,2162.0,2327.0,2251.0,False,2025,7,12,5,193,3,Kharif,2237.0,2222.0,2266.0,2255.0,2234.3333333333335,2256.285714285714,2266.3571428571427,23.371737103558544,-0.31194295900178254,0.4878048780487805,False
Maharashtra,Satara,Satara,Wheat,Lokwan,FAQ,2025-07-13,2109.0,2332.0,2231.0,False,2025,7,13,6,194,3,Kharif,2251.0,2244.0,2283.0,2242.0,2244.0,2254.1428571428573,2266.0714285714284,23.01759161618086,0.6258381761287439,1.8287243532560213,False
Maharashtra,Satara,Satara,Wheat,Lokwan,FAQ,2025-07-14,2052.0,2250.0,2196.0,False,2025,7,14,0,195,3,Kharif,2231.0,2237.0,2284.0,2265.0,2239.6666666666665,2246.714285714286,2265.285714285714,20.393743204828905,-0.888494002665482,0.8388520971302429,False
Maharashtra,Satara,Satara,Wheat,Lokwan,FAQ,2025-07-15,2107.0,2304.0,2249.0,False,2025,7,15,1,196,3,Kharif,2196.0,2251.0,2258.0,2294.0,2226.0,2234.1428571428573,2260.3571428571427,20.699666433928613,-1.5688032272523533,-1.5693112467306016,False
Maharashtra,Satara,Satara,Wheat,Lokwan,FAQ,2025-07-16,2144.0,2386.0,2251.0,False,2025,7,16,2,197,3,Kharif,2249.0,2231.0,2222.0,2303.0,2225.3333333333335,2232.8571428571427,2257.1428571428573,19.195733652973747,2.413479052823315,-3.517151541467651,False
Maharashtra,Satara,Satara,Wheat,Lokwan,FAQ,2025-07-17,2209.0,2384.0,2261.0,False,2025,7,17,3,198,3,Kharif,2251.0,2196.0,2244.0,2289.0,2232.0,2237.0,2253.4285714285716,19.587410922998224,0.08892841262783459,-1.9659239842726082,False
Maharashtra,Satara,Satara,Wheat,Lokwan,FAQ,2025-07-18,2111.0,2370.0,2254.0,False,2025,7,18,4,199,3,Kharif,2261.0,2249.0,2237.0,2287.0,2253.6666666666665,2239.4285714285716,2251.4285714285716,21.555023721136855,0.444247001332741,-2.1862702229995628,False
Maharashtra,Satara,Satara,Wheat,Lokwan,FAQ,2025-07-19,2101.0,2340.0,2243.0,False,2025,7,19,5,200,3,Kharif,2254.0,2251.0,2251.0,2266.0,2255.3333333333335,2241.8571428571427,2249.0714285714284,22.184293027783948,-0.30959752321981426,-0.6619593998234775,False
Maharashtra,Satara,Satara,Wheat,Lokwan,FAQ,2025-07-20,2188.0,2360.0,2241.0,False,2025,7,20,6,201,3,Kharif,2243.0,2261.0,2231.0,2283.0,2252.6666666666665,2240.714285714286,2247.4285714285716,21.83814923258122,-0.4880212954747116,-2.2777047744196235,False
Maharashtra,Satara,Satara,Wheat,Lokwan,FAQ,2025-07-21,2149.0,2276.0,2220.0,False,2025,7,21,0,202,3,Kharif,2241.0,2254.0,2196.0,2284.0,2246.0,2242.1428571428573,2244.4285714285716,21.41983949074434,-0.08916629514043692,-3.852889667250438,False
Maharashtra,Satara,Satara,Wheat,Lokwan,FAQ,2025-07-22,2112.0,2331.0,2219.0,False,2025,7,22,1,203,3,Kharif,2220.0,2243.0,2249.0,2258.0,2234.6666666666665,2245.5714285714284,2239.8571428571427,13.113061463750965,-0.9370816599732262,-0.39858281665190437,False
Maharashtra,Satara,Satara,Wheat,Lokwan,FAQ,2025-07-23,2110.0,2358.0,2246.0,False,2025,7,23,2,204,3,Kharif,2219.0,2241.0,2251.0,2222.0,2226.6666666666665,2241.285714285714,2237.0714285714284,16.316804075486857,-0.04504504504504504,1.3051305130513051,False
Maharashtra,Satara,Satara,Wheat,Lokwan,FAQ,2025-07-24,2195.0,2366.0,2246.0,False,2025,7,24,3,205,3,Kharif,2246.0,2220.0,2261.0,2244.0,2228.3333333333335,2240.5714285714284,2238.785714285714,15.925421426724531,1.2167643082469581,0.7575757575757576,False
Maharashtra,Satara,Satara,Wheat,Lokwan,FAQ,2025-07-25,2162.0,2362.0,2277.0,False,2025,7,25,4,206,3,Kharif,2246.0,2219.0,2254.0,2237.0,2237.0,2238.4285714285716,2238.9285714285716,13.550610599481356,0.0,0.7599463567277605,False
Maharashtra,Satara,Satara,Wheat,Lokwan,FAQ,2025-07-26,2096.0,2301.0,2238.0,False,2025,7,26,5,207,3,Kharif,2277.0,2246.0,2243.0,2251.0,2256.3333333333335,2241.714285714286,2241.785714285714,19.45691210267344,1.3802315227070348,-0.3553976010661928,False
Maharashtra,Satara,Satara,Wheat,Lokwan,FAQ,2025-07-27,2146.0,2304.0,2233.0,False,2025,7,27,6,208,3,Kharif,2238.0,2246.0,2241.0,2231.0,2253.6666666666665,2241.0,2240.8571428571427,19.493588689611027,-1.7127799736495388,0.44822949350067237,False
Maharashtra,Satara,Satara,Wheat,Lokwan,FAQ,2025-07-28,2110.0,2313.0,2219.0,False,2025,7,28,0,209,3,Kharif,2233.0,2277.0,2220.0,2196.0,2249.3333333333335,2239.8571428571427,2241.0,19.726704163204438,-0.22341376228775692,1.092896174863388,False
Maharashtra,Satara,Satara,Wheat,Lokwan,FAQ,2025-07-29,2088.0,2338.0,2219.0,False,2025,7,29,1,210,3,Kharif,2219.0,2238.0,2219.0,2249.0,2230.0,2239.714285714286,2242.6428571428573,19.897355651053058,-0.6269592476489028,-1.333926189417519,False
Maharashtra,Satara,Satara,Wheat,Lokwan,FAQ,2025-07-30,2096.0,2338.0,2218.0,False,2025,7,30,2,211,3,Kharif,2219.0,2233.0,2246.0,2251.0,2223.6666666666665,2239.714285714286,2240.5,19.897355651053058,0.0,-0.2221235006663705,False
Maharashtra,Satara,Satara,Wheat,Lokwan,FAQ,2025-07-31,2128.0,2338.0,2205.0,False,2025,7,31,3,212,3,Kharif,2218.0,2219.0,2246.0,2261.0,2218.6666666666665,2235.714285714286,2238.1428571428573,21.195237560306513,-0.04506534474988734,-0.6634232640424591,False
Maharashtra,Satara,Satara,Wheat,Lokwan,FAQ,2025-08-01,2051.0,2298.0,2199.0,False,2025,8,1,4,213,3,Kharif,2205.0,2219.0,2277.0,2254.0,2214.0,2229.8571428571427,2234.1428571428573,23.426684012238173,-0.5861136158701533,1.0204081632653061,False
Maharashtra,Satara,Satara,Wheat,Lokwan,FAQ,2025-08-02,2157.0,2359.0,2215.0,False,2025,8,2,5,214,3,Kharif,2199.0,2218.0,2238.0,2243.0,2207.3333333333335,2218.714285714286,2230.214285714286,13.864995320512215,-0.27210884353741494,-0.2229157378510923,False
Maharashtra,Satara,Satara,Wheat,Lokwan,FAQ,2025-08-03,2092.0,2320.0,2179.0,False,2025,8,3,6,215,3,Kharif,2215.0,2205.0,2233.0,2241.0,2206.3333333333335,2215.4285714285716,2228.214285714286,10.952277432210689,0.7276034561164165,-0.35698348951361,False
Maharashtra,Satara,Satara,Wheat,Lokwan,FAQ,2025-08-04,2082.0,2306.0,2193.0,False,2025,8,4,0,216,3,Kharif,2179.0,2199.0,2219.0,2220.0,2197.6666666666665,2207.714285714286,2223.785714285714,14.840420992607543,-1.6252821670428894,-0.04504504504504504,False
Maharashtra,Satara,Satara,Wheat,Lokwan,FAQ,2025-08-05,2095.0,2322.0,2209.0,False,2025,8,5,1,217,3,Kharif,2193.0,2215.0,2219.0,2219.0,2195.6666666666665,2204.0,2221.8571428571427,14.798648586939692,0.6424965580541533,0.0,False
Maharashtra,Satara,Satara,Wheat,Lokwan,FAQ,2025-08-06,2092.0,2343.0,2215.0,False,2025,8,6,2,218,3,Kharif,2209.0,2179.0,2218.0,2246.0,2193.6666666666665,2202.5714285714284,2221.1428571428573,13.538305443645692,0.729594163246694,-1.2466607301869992,False
Maharashtra,Satara,Satara,Wheat,Lokwan,FAQ,2025-08-07,2078.0,2287.0,2215.0,False,2025,8,7,3,219,3,Kharif,2215.0,2193.0,2205.0,2246.0,2205.6666666666665,2202.1428571428573,2218.9285714285716,13.005493344836578,0.2716161158895428,-1.8254674977738201,False
Maharashtra,Satara,Satara,Wheat,Lokwan,FAQ,2025-08-08,2114.0,2348.0,2215.0,False,2025,8,8,4,220,3,Kharif,2215.0,2209.0,2199.0,2277.0,2213.0,2203.5714285714284,2216.714285714286,13.890730036686744,0.0,-3.4255599472990776,False
Maharashtra,Satara,Satara,Wheat,Lokwan,FAQ,2025-08-09,2104.0,2305.0,2198.0,False,2025,8,9,5,221,3,Kharif,2215.0,2215.0,2215.0,2238.0,2215.0,2205.8571428571427,2212.285714285714,14.322808982269665,0.0,-1.0277033065236818,False
Maharashtra,Satara,Satara,Wheat,Lokwan,FAQ,2025-08-11,2121.0,2296.0,2187.0,False,2025,8,11,0,223,3,Kharif,2198.0,2215.0,2179.0,2233.0,2209.3333333333335,2203.4285714285716,2209.4285714285716,13.950593092007894,-0.7674943566591422,-2.418271383788625,False
Maharashtra,Satara,Satara,Wheat,Lokwan,FAQ,2025-08-12,2102.0,2312.0,2164.0,False,2025,8,12,1,224,3,Kharif,2187.0,2215.0,2193.0,2219.0,2200.0,2204.5714285714284,2206.1428571428573,11.773659058201797,-0.5004549590536852,-1.1716989634970707,False
Maharashtra,Satara,Satara,Wheat,Lokwan,FAQ,2025-08-13,2082.0,2244.0,2171.0,False,2025,8,13,2,225,3,Kharif,2164.0,2198.0,2209.0,2219.0,2183.0,2200.4285714285716,2202.214285714286,19.25146871328999,-1.0516689529035208,-0.45065344749887337,False
Maharashtra,Satara,Satara,Wheat,Lokwan,FAQ,2025-08-14,2070.0,2295.0,2181.0,False,2025,8,14,3,226,3,Kharif,2171.0,2187.0,2215.0,2218.0,2174.0,2195.0,2198.785714285714,21.641010450833374,0.32347504621072093,-0.1352569882777277,False
Maharashtra,Satara,Satara,Wheat,Lokwan,FAQ,2025-08-15,2102.0,2300.0,2161.0,False,2025,8,15,4,227,3,Kharif,2181.0,2164.0,2215.0,2205.0,2172.0,2190.1428571428573,2196.1428571428573,20.169519672250036,0.4606172270842929,0.45351473922902497,False
Maharashtra,Satara,Satara,Wheat,Lokwan,FAQ,2025-08-16,2033.0,2218.0,2129.0,False,2025,8,16,5,228,3,Kharif,2161.0,2171.0,2215.0,2199.0,2171.0,2182.4285714285716,2193.0,19.389491508344374,-0.9170105456212746,0.7276034561164165,False
Maharashtra,Satara,Satara,Wheat,Lokwan,FAQ,2025-08-17,1975.0,2254.0,2111.0,False,2025,8,17,6,229,3,Kharif,2129.0,2181.0,2198.0,2215.0,2157.0,2170.1428571428573,2188.0,22.334044054074344,-1.4807959278111986,-0.7674943566591422,False
Maharashtra,Satara,Satara,Wheat,Lokwan,FAQ,2025-08-18,1998.0,2269.0,2126.0,False,2025,8,18,0,230,3,Kharif,2111.0,2161.0,2187.0,2179.0,2133.6666666666665,2157.714285714286,2180.5714285714284,27.789172266153177,-0.8454673555659934,0.36714089031665903,False
Maharashtra,Satara,Satara,Wheat,Lokwan,FAQ,2025-08-19,2043.0,2226.0,2118.0,False,2025,8,19,1,231,3,Kharif,2126.0,2129.0,2164.0,2193.0,2122.0,2149.0,2176.785714285714,26.61453237111623,0.7105637138796779,-1.322389420884633,False
Maharashtra,Satara,Satara,Wheat,Lokwan,FAQ,2025-08-20,2083.0,2240.0,2134.0,False,2025,8,20,2,232,3,Kharif,2118.0,2111.0,2171.0,2209.0,2118.3333333333335,2142.4285714285716,2171.4285714285716,27.939560619646823,-0.37629350893697083,-1.7202354006337708,False
Maharashtra,Satara,Satara,Wheat,Lokwan,FAQ,2025-08-21,2039.0,2205.0,2123.0,False,2025,8,21,3,233,3,Kharif,2134.0,2126.0,2181.0,2215.0,2126.0,2137.1428571428573,2166.0714285714284,24.97617912750874,0.7554296506137866,-1.5349887133182845,False
Maharashtra,Satara,Satara,Wheat,Lokwan,FAQ,2025-08-22,2031.0,2277.0,2142.0,False,2025,8,22,4,234,3,Kharif,2123.0,2118.0,2161.0,2215.0,2125.0,2128.8571428571427,2159.5,16.01487403872042,-0.5154639175257731,-2.4379232505643342,False
Maharashtra,Satara,Satara,Wheat,Lokwan,FAQ,2025-08-23,2074.0,2252.0,2150.0,False,2025,8,23,5,235,3,Kharif,2142.0,2134.0,2129.0,2215.0,2133.0,2126.1428571428573,2154.285714285714,10.221359521907361,0.8949599623174752,-3.882618510158013,False
Maharashtra,Satara,Satara,Wheat,Lokwan,FAQ,2025-08-24,2039.0,2261.0,2145.0,False,2025,8,24,6,236,3,Kharif,2150.0,2123.0,2111.0,2198.0,2138.3333333333335,2129.1428571428573,2149.6428571428573,13.692194509138474,0.3734827264239029,-3.9581437670609647,False
Maharashtra,Satara,Satara,Wheat,Lokwan,FAQ,2025-08-25,2035.0,2268.0,2144.0,False,2025,8,25,0,237,3,Kharif,2145.0,2142.0,2126.0,2187.0,2145.6666666666665,2134.0,2145.8571428571427,12.124355652977371,-0.23255813953488372,-2.7892089620484684,False
Maharashtra,Satara,Satara,Wheat,Lokwan,FAQ,2025-08-26,2068.0,2240.0,2130.0,False,2025,8,26,1,238,3,Kharif,2144.0,2150.0,2118.0,2164.0,2146.3333333333335,2136.5714285714284,2142.785714285714,12.053452380359575,-0.046620046620046623,-2.1256931608133085,False
Maharashtra,Satara,Satara,Wheat,Lokwan,FAQ,2025-08-27,2055.0,2190.0,2132.0,False,2025,8,27,2,239,3,Kharif,2130.0,2145.0,2134.0,2171.0,2139.6666666666665,2138.285714285714,2140.3571428571427,9.569296137716144,-0.6529850746268656,-1.704283740211884,False
Maharashtra,Satara,Satara,Wheat,Lokwan,FAQ,2025-08-28,2081.0,2286.0,2164.0,False,2025,8,28,3,240,3,Kharif,2132.0,2144.0,2123.0,2181.0,2135.3333333333335,2138.0,2137.5714285714284,9.746794344802852,0.09389671361502347,-2.6593305823016964,False
Maharashtra,Satara,Satara,Wheat,Lokwan,FAQ,2025-08-29,2009.0,2206.0,2123.0,False,2025,8,29,4,241,3,Kharif,2164.0,2130.0,2142.0,2161.0,2142.0,2143.8571428571427,2136.3571428571427,11.408017230997373,1.5009380863039399,-0.8792225821378992,False
Maharashtra,Satara,Satara,Wheat,Lokwan,FAQ,2025-08-30,2023.0,2242.0,2137.0,False,2025,8,30,5,242,3,Kharif,2123.0,2132.0,2150.0,2129.0,2139.6666666666665,2141.1428571428573,2133.6428571428573,13.90957190125087,-1.8946395563770795,0.986378581493659,False
Maharashtra,Satara,Satara,Wheat,Lokwan,FAQ,2025-08-31,2111.0,2282.0,2162.0,False,2025,8,31,6,243,3,Kharif,2137.0,2164.0,2145.0,2111.0,2141.3333333333335,2139.285714285714,2134.214285714286,13.387983240128946,0.659444182760245,1.6106110847939363,False
Maharashtra,Satara,Satara,Wheat,Lokwan,FAQ,2025-09-01,2042.0,2283.0,2174.0,False,2025,9,1,0,244,3,Kharif,2162.0,2123.0,2144.0,2126.0,2140.6666666666665,2141.714285714286,2137.8571428571427,15.902979654914898,1.169864295741694,0.8466603951081844,False
Maharashtra,Satara,Satara,Wheat,Lokwan,FAQ,2025-09-02,2096.0,2241.0,2171.0,False,2025,9,2,1,245,3,Kharif,2174.0,2137.0,2130.0,2118.0,2157.6666666666665,2146.0,2141.285714285714,20.108041509137674,0.5550416281221091,0.56657223796034,False
Maharashtra,Satara,Satara,Wheat,Lokwan,FAQ,2025-09-03,2084.0,2265.0,2164.0,False,2025,9,3,2,246,3,Kharif,2171.0,2162.0,2132.0,2134.0,2169.0,2151.8571428571427,2145.0714285714284,20.63515262384531,-0.13799448022079117,-0.09372071227741331,False
Maharashtra,Satara,Satara,Wheat,Lokwan,FAQ,2025-09-04,2055.0,2270.0,2122.0,False,2025,9,4,3,247,3,Kharif,2164.0,2174.0,2164.0,2123.0,2169.6666666666665,2156.4285714285716,2147.214285714286,18.981193700228076,-0.32243205895900506,1.9312293923692887,False
Maharashtra,Satara,Satara,Wheat,Lokwan,FAQ,2025-09-05,2001.0,2217.0,2123.0,False,2025,9,5,4,248,3,Kharif,2122.0,2171.0,2123.0,2142.0,2152.3333333333335,2150.4285714285716,2147.1428571428573,22.50079363679381,-1.9408502772643252,-0.8870214752567693,False
Maharashtra,Satara,Satara,Wheat,Lokwan,FAQ,2025-09-06,2028.0,2225.0,2141.0,False,2025,9,6,5,249,3,Kharif,2123.0,2164.0,2137.0,2150.0,2136.3333333333335,2150.4285714285716,2145.785714285714,22.50079363679381,0.0471253534401508,-0.6046511627906976,False
Maharashtra,Satara,Satara,Wheat,Lokwan,FAQ,2025-09-07,2054.0,2262.0,2154.0,False,2025,9,7,6,250,3,Kharif,2141.0,2122.0,2162.0,2145.0,2128.6666666666665,2151.0,2145.1428571428573,22.150996967778525,0.8478568064060292,0.7925407925407926,False
Maharashtra,Satara,Satara,Wheat,Lokwan,FAQ,2025-09-08,2041.0,2207.0,2120.0,False,2025,9,8,0,251,3,Kharif,2154.0,2123.0,2174.0,2144.0,2139.3333333333335,2149.8571428571427,2145.785714285714,21.690463122673485,0.6071929005137786,1.3992537313432836,False
Maharashtra,Satara,Satara,Wheat,Lokwan,FAQ,2025-09-09,2055.0,2246.0,2115.0,False,2025,9,9,1,252,3,Kharif,2120.0,2141.0,2171.0,2130.0,2138.3333333333335,2142.1428571428573,2144.0714285714284,21.271487735371533,-1.5784586815227482,1.9248826291079812,False
Maharashtra,Satara,Satara,Wheat,Lokwan,FAQ,2025-09-10,2059.0,2229.0,2113.0,False,2025,9,10,2,253,3,Kharif,2115.0,2154.0,2164.0,2132.0,2129.6666666666665,2134.1428571428573,2143.0,19.021291328650584,-0.2358490566037736,1.5009380863039399,False
Maharashtra,Satara,Satara,Wheat,Lokwan,FAQ,2025-09-11,2028.0,2207.0,2126.0,False,2025,9,11,3,254,3,Kharif,2113.0,2120.0,2122.0,2164.0,2116.0,2126.8571428571427,2141.6428571428573,15.02695989910807,-0.09456264775413711,-1.9408502772643252,False
Maharashtra,Satara,Satara,Wheat,Lokwan,FAQ,2025-09-12,2016.0,2206.0,2118.0,False,2025,9,12,4,255,3,Kharif,2126.0,2115.0,2123.0,2123.0,2118.0,2127.4285714285716,2138.9285714285716,14.88687501186617,0.6152389966871746,0.0,False
Maharashtra,Satara,Satara,Wheat,Lokwan,FAQ,2025-09-13,1948.0,2191.0,2098.0,False,2025,9,13,5,256,3,Kharif,2118.0,2113.0,2141.0,2137.0,2119.0,2126.714285714286,2138.5714285714284,15.250292737233165,-0.37629350893697083,0.18717828731867103,False
Maharashtra,Satara,Satara,Wheat,Lokwan,FAQ,2025-09-14,2016.0,2222.0,2101.0,False,2025,9,14,6,257,3,Kharif,2098.0,2126.0,2154.0,2162.0,2114.0,2120.5714285714284,2135.785714285714,17.08661408683012,-0.9442870632672332,-0.37002775208140615,False
Maharashtra,Satara,Satara,Wheat,Lokwan,FAQ,2025-09-15,2028.0,2245.0,2123.0,False,2025,9,15,0,258,3,Kharif,2101.0,2118.0,2120.0,2174.0,2105.6666666666665,2113.0,2131.4285714285716,10.132456102374876,0.14299332697807435,-2.483900643974241,False
Maharashtra,Satara,Satara,Wheat,Lokwan,FAQ,2025-09-16,2053.0,2249.0,2114.0,False,2025,9,16,1,259,3,Kharif,2123.0,2098.0,2115.0,2171.0,2107.3333333333335,2113.4285714285716,2127.785714285714,10.533393610430942,1.0471204188481675,-2.5794564716720405,False
Maharashtra,Satara,Satara,Wheat,Lokwan,FAQ,2025-09-17,2032.0,2179.0,2097.0,False,2025,9,17,2,260,3,Kharif,2114.0,2101.0,2113.0,2164.0,2112.6666666666665,2113.285714285714,2123.714285714286,10.515294982610579,-0.4239284032030146,-2.3567467652495377,False
Maharashtra,Satara,Satara,Wheat,Lokwan,FAQ,2025-09-18,1963.0,2187.0,2111.0,False,2025,9,18,3,261,3,Kharif,2097.0,2123.0,2126.0,2122.0,2111.3333333333335,2111.0,2118.9285714285716,12.192894105443472,-0.804162724692526,0.1885014137606032,False
Maharashtra,Satara,Satara,Wheat,Lokwan,FAQ,2025-09-19,2011.0,2208.0,2101.0,False,2025,9,19,4,262,3,Kharif,2111.0,2114.0,2118.0,2123.0,2107.3333333333335,2108.8571428571427,2118.1428571428573,10.2863756401086,0.6676204101096805,-0.23551577955723035,False
Maharashtra,Satara,Satara,Wheat,Lokwan,FAQ,2025-09-20,1955.0,2202.0,2100.0,False,2025,9,20,5,263,3,Kharif,2101.0,2097.0,2098.0,2141.0,2103.0,2106.4285714285716,2116.5714285714284,9.761440174769984,-0.47370914258645197,-2.008407286314806,False
Maharashtra,Satara,Satara,Wheat,Lokwan,FAQ,2025-09-21,2050.0,2186.0,2104.0,False,2025,9,21,6,264,3,Kharif,2100.0,2111.0,2101.0,2154.0,2104.0,2106.714285714286,2113.6428571428573,9.499373412914872,-0.047596382674916705,-2.460538532961931,False
Maharashtra,Satara,Satara,Wheat,Lokwan,FAQ,2025-09-22,2023.0,2276.0,2131.0,False,2025,9,22,0,265,3,Kharif,2104.0,2101.0,2123.0,2120.0,2101.6666666666665,2107.1428571428573,2110.0714285714284,9.263343014777226,0.19047619047619047,0.14150943396226415,False
Maharashtra,Satara,Satara,Wheat,Lokwan,FAQ,2025-09-23,2051.0,2193.0,2123.0,False,2025,9,23,1,266,3,Kharif,2131.0,2100.0,2114.0,2115.0,2111.6666666666665,2108.285714285714,2110.8571428571427,11.714866419980668,1.2832699619771863,-0.04728132387706856,False
Maharashtra,Satara,Satara,Wheat,Lokwan,FAQ,2025-09-24,1991.0,2268.0,2133.0,False,2025,9,24,2,267,3,Kharif,2123.0,2104.0,2097.0,2113.0,2119.3333333333335,2109.5714285714284,2111.4285714285716,12.882250616731298,-0.37541060534960113,-0.7572172266919073,False
Maharashtra,Satara,Satara,Wheat,Lokwan,FAQ,2025-09-25,2023.0,2219.0,2123.0,False,2025,9,25,3,268,3,Kharif,2133.0,2131.0,2111.0,2126.0,2129.0,2114.714285714286,2112.8571428571427,14.15055105774968,0.4710315591144607,-0.7055503292568204,False
Maharashtra,Satara,Satara,Wheat,Lokwan,FAQ,2025-09-26,2075.0,2251.0,2150.0,False,2025,9,26,4,269,3,Kharif,2123.0,2123.0,2101.0,2118.0,2126.3333333333335,2116.4285714285716,2112.6428571428573,14.351041110395585,-0.46882325363338023,-0.8026440037771483,False
Maharashtra,Satara,Satara,Wheat,Lokwan,FAQ,2025-09-27,2064.0,2258.0,2156.0,False,2025,9,27,5,270,3,Kharif,2150.0,2133.0,2100.0,2098.0,2135.3333333333335,2123.4285714285716,2114.9285714285716,17.232306315529936,1.2717852096090438,0.09532888465204957,False
Maharashtra,Satara,Satara,Wheat,Lokwan,FAQ,2025-09-28,2078.0,2289.0,2165.0,False,2025,9,28,6,271,3,Kharif,2156.0,2123.0,2104.0,2101.0,2143.0,2131.4285714285716,2119.0714285714284,17.539072028442934,0.27906976744186046,0.14278914802475012,False
Maharashtra,Satara,Satara,Wheat,Lokwan,FAQ,2025-09-29,2057.0,2249.0,2179.0,False,2025,9,29,0,272,3,Kharif,2165.0,2150.0,2131.0,2123.0,2157.0,2140.1428571428573,2123.6428571428573,16.77725217298822,0.4174397031539889,0.3768252472915685,False
Maharashtra,Satara,Satara,Wheat,Lokwan,FAQ,2025-09-30,2110.0,2291.0,2194.0,False,2025,9,30,1,273,3,Kharif,2179.0,2156.0,2123.0,2114.0,2166.6666666666665,2147.0,2127.6428571428573,21.548395145188227,0.6466512702078522,0.4257332071901609,False
Maharashtra,Satara,Satara,Wheat,Lokwan,FAQ,2025-10-01,2134.0,2281.0,2217.0,False,2025,10,1,2,274,4,Kharif,2194.0,2165.0,2133.0,2097.0,2179.3333333333335,2157.1428571428573,2133.3571428571427,24.828938569258668,0.6883891693437356,1.7167381974248928,False
Maharashtra,Satara,Satara,Wheat,Lokwan,FAQ,2025-10-02,2112.0,2350.0,2202.0,False,2025,10,2,3,275,4,Kharif,2217.0,2179.0,2123.0,2111.0,2196.6666666666665,2169.1428571428573,2141.9285714285716,30.797340639672353,1.048313582497721,0.5684509711037423,False
Maharashtra,Satara,Satara,Wheat,Lokwan,FAQ,2025-10-03,2120.0,2270.0,2213.0,False,2025,10,3,4,276,4,Kharif,2202.0,2194.0,2150.0,2101.0,2204.3333333333335,2180.4285714285716,2148.4285714285716,24.999047600902735,-0.6765899864682002,2.3322227510709186,False
Maharashtra,Satara,Satara,Wheat,Lokwan,FAQ,2025-10-04,2087.0,2306.0,2186.0,False,2025,10,4,5,277,4,Kharif,2213.0,2217.0,2156.0,2100.0,2210.6666666666665,2189.4285714285716,2156.4285714285716,23.514939526866733,0.49954586739327883,2.666666666666667,False
