State,District,Market,Commodity,Variety,Grade,Arrival_Date,Min_Price,Max_Price,Modal_Price
Maharashtra,Sangli,SANGLI,onion,Local,FAQ,04/12/2025,2089.0,2322.0,2212.0
Maharashtra,Sangli,Sangli,Onion,Local,FAQ,05/12/2025,2143.0,2275.0,2209.0
Maharashtra,Sangli,Sangli,Onion,Local,FAQ,06/12/2025,2196.0,2395.0,2248.0
Maharashtra,Sangli,Sangli,Onion,Local,FAQ,07/12/2025,2135.0,2339.0,2268.0
Maharashtra,Sangli,Sangli,Onion,Local,FAQ,08/12/2025,2176.0,2358.0,2256.0
Maharashtra,Sangli,Sangli,Onion,Local,FAQ,09/12/2025,2151.0,2323.0,2244.0
Maharashtra,Sangli,Sangli,Onion,Local,FAQ,10/12/2025,2140.0,2306.0,2219.0
Maharashtra,Sangli,Sangli,Onion,Local,FAQ,11/12/2025,2131.0,2356.0,
Maharashtra,Sangli,Sangli,Onion,Local,FAQ,12/12/2025,2120.0,2284.0,2229.0
Maharashtra,Sangli,Sangli,Onion,Local,FAQ,13/12/2025,2082.0,2260.0,2193.0
Maharashtra,Sangli,Sangli,Onion,Local,FAQ,14/12/2025,2060.0,2272.0,2178.0
Maharashtra,Sangli,Sangli,Onion,Local,FAQ,15/12/2025,2109.0,2271.0,2171.0
Maharashtra,Sangli,Sangli,Onion,Local,FAQ,16/12/2025,2110.0,2293.0,2191.0
Maharashtra,Sangli,Sangli,Onion,Local,FAQ,17/12/2025,2056.0,2229.0,2161.0
Maharashtra,Sangli,Sangli,Onion,Local,FAQ,18/12/2025,2120.0,2249.0,2179.0
Maharashtra,Sangli,Sangli,Onion,Local,FAQ,19/12/2025,2128.0,2266.0,2183.0
Maharashtra,Sangli,Sangli,Onion,Local,FAQ,20/12/2025,2014.0,2233.0,2147.0
Maharashtra,Sangli,Sangli,Onion,Local,FAQ,21/12/2025,2051.0,2233.0,2129.0
Maharashtra,Sangli,Sangli,Onion,Local,FAQ,22/12/2025,2080.0,2286.0,2137.0
Maharashtra,Sangli,Sangli,Onion,Local,FAQ,23/12/2025,2000.0,2197.0,2127.0
Maharashtra,Sangli,SANGLI,onion,Local,FAQ,24/12/2025,2026.0,2210.0,2153.0
Maharashtra,Sangli,Sangli,Onion,Local,FAQ,25/12/2025,2090.0,2238.0,2176.0
Maharashtra,Sangli,Sangli,Onion,Local,FAQ,26/12/2025,2101.0,2240.0,2184.0
Maharashtra,Sangli,Sangli,Onion,Local,FAQ,27/12/2025,2128.0,2292.0,2209.0
Maharashtra,Sangli,Sangli,Onion,Local,FAQ,28/12/2025,2090.0,2326.0,2229.0
Maharashtra,Sangli,Sangli,Onion,Local,FAQ,29/12/2025,2201.0,2384.0,2263.0
Maharashtra,Sangli,Sangli,Onion,Local,FAQ,30/12/2025,2145.0,2371.0,2272.0
Maharashtra,Sangli,Sangli,Onion,Local,FAQ,31/12/2025,2208.0,2403.0,2310.0
Maharashtra,Sangli,Sangli,Onion,Local,FAQ,01/01/2026,2232.0,2414.0,2313.0
Maharashtra,Sangli,Sangli,Onion,Local,FAQ,02/01/2026,2164.0,2380.0,2305.0
Maharashtra,Sangli,Sangli,Onion,Local,FAQ,03/01/2026,2269.0,2400.0,2342.0
Maharashtra,Sangli,Sangli,Onion,Local,FAQ,04/01/2026,2250.0,2395.0,2329.0
Maharashtra,Sangli,Sangli,Onion,Local,FAQ,05/01/2026,2222.0,2421.0,2352.0
Maharashtra,Sangli,Sangli,Onion,Local,FAQ,06/01/2026,2221.0,2464.0,2360.0
Maharashtra,Sangli,Sangli,Onion,Local,FAQ,07/01/2026,2270.0,2436.0,2343.0
Maharashtra,Sangli,Sangli,Onion,Local,FAQ,08/01/2026,2202.0,2470.0,2334.0
Maharashtra,Sangli,Sangli,Onion,Local,FAQ,09/01/2026,2243.0,2407.0,2335.0
Maharashtra,Sangli,Sangli,Onion,Local,FAQ,10/01/2026,2267.0,2413.0,2329.0
Maharashtra,Sangli,Sangli,Onion,Local,FAQ,11/01/2026,2223.0,2445.0,2325.0
Maharashtra,Sangli,Sangli,Onion,Local,FAQ,12/01/2026,2249.0,2482.0,2335.0
Maharashtra,Sangli,Sangli,Onion,Local,FAQ,13/01/2026,2209.0,2341.0,2287.0
Maharashtra,Sangli,Sangli,Onion,Local,FAQ,14/01/2026,2175.0,2386.0,2286.0
Maharashtra,Sangli,Sangli,Onion,Local,FAQ,15/01/2026,2217.0,2380.0,2281.0
Maharashtra,Sangli,Sangli,Onion,Local,FAQ,16/01/2026,2140.0,2363.0,2289.0
Maharashtra,Sangli,Sangli,Onion,Local,FAQ,17/01/2026,2243.0,2440.0,2317.0
Maharashtra,Sangli,Sangli,Onion,Local,FAQ,18/01/2026,2249.0,2449.0,2336.0
Maharashtra,Sangli,Sangli,Onion,Local,FAQ,19/01/2026,2292.0,2485.0,2351.0
Maharashtra,Sangli,Sangli,Onion,Local,FAQ,20/01/2026,2324.0,2475.0,2406.0
Maharashtra,Sangli,Sangli,Onion,Local,FAQ,21/01/2026,2290.0,2460.0,2408.0
Maharashtra,Sangli,Sangli,Onion,Local,FAQ,22/01/2026,2295.0,2469.0,2396.0
Maharashtra,Sangli,Sangli,Onion,Local,FAQ,23/01/2026,2250.0,2458.0,2369.0
Maharashtra,Sangli,Sangli,Onion,Local,FAQ,24/01/2026,2237.0,2445.0,2381.0
Maharashtra,Sangli,Sangli,Onion,Local,FAQ,25/01/2026,2219.0,2499.0,2361.0
Maharashtra,Sangli,Sangli,Onion,Local,FAQ,26/01/2026,2277.0,2469.0,2353.0
Maharashtra,Sangli,Sangli,Onion,Local,FAQ,27/01/2026,2256.0,2433.0,2359.0
Maharashtra,Sangli,Sangli,Onion,Local,FAQ,28/01/2026,2333.0,2532.0,2392.0
Maharashtra,Sangli,Sangli,Onion,Local,FAQ,29/01/2026,2314.0,2483.0,2398.0
Maharashtra,Sangli,Sangli,Onion,Local,FAQ,30/01/2026,2295.0,2558.0,2418.0
Maharashtra,Sangli,Sangli,Onion,Local,FAQ,31/01/2026,2310.0,2482.0,2424.0
Maharashtra,Sangli,Sangli,Onion,Local,FAQ,01/02/2026,2367.0,2573.0,2433.0
Maharashtra,Sangli,Sangli,Onion,Local,FAQ,02/02/2026,2389.0,2506.0,2440.0
Maharashtra,Sangli,Sangli,Onion,Local,FAQ,03/02/2026,2317.0,2541.0,2422.0
Maharashtra,Sangli,Sangli,Onion,Local,FAQ,04/02/2026,2271.0,2466.0,2392.0
Maharashtra,Sangli,Sangli,Onion,Local,FAQ,05/02/2026,2326.0,2534.0,2409.0
Maharashtra,Sangli,Sangli,Onion,Local,FAQ,06/02/2026,2317.0,2540.0,2433.0
Maharashtra,Sangli,Sangli,Onion,Local,FAQ,07/02/2026,2384.0,2530.0,2443.0
Maharashtra,Sangli,Sangli,Onion,Local,FAQ,08/02/2026,2274.0,2510.0,2421.0
Maharashtra,Sangli,Sangli,Onion,Local,FAQ,09/02/2026,2261.0,2513.0,2400.0
Maharashtra,Sangli,Sangli,Onion,Local,FAQ,10/02/2026,2293.0,2500.0,2401.0
Maharashtra,Sangli,Sangli,Onion,Local,FAQ,11/02/2026,2367.0,2559.0,2437.0
Maharashtra,Sangli,Sangli,Onion,Local,FAQ,12/02/2026,2266.0,2555.0,2410.0
Maharashtra,Sangli,Sangli,Onion,Local,FAQ,13/02/2026,2281.0,2509.0,2422.0
Maharashtra,Sangli,Sangli,Onion,Local,FAQ,14/02/2026,2288.0,2569.0,2434.0
Maharashtra,Sangli,Sangli,Onion,Local,FAQ,15/02/2026,2353.0,2521.0,2432.0
Maharashtra,Sangli,Sangli,Onion,Local,FAQ,16/02/2026,2354.0,2527.0,2421.0
Maharashtra,Sangli,Sangli,Onion,Local,FAQ,17/02/2026,2299.0,2563.0,2443.0
Maharashtra,Sangli,Sangli,Onion,Local,FAQ,18/02/2026,2309.0,2570.0,2421.0
Maharashtra,Sangli,Sangli,Onion,Local,FAQ,19/02/2026,2360.0,2526.0,2424.0
Maharashtra,Sangli,Sangli,Onion,Local,FAQ,20/02/2026,2313.0,2553.0,2433.0
Maharashtra,Sangli,Sangli,Onion,Local,FAQ,21/02/2026,2361.0,2526.0,2447.0
Maharashtra,Sangli,Sangli,Onion,Local,FAQ,22/02/2026,2323.0,2601.0,2460.0
Maharashtra,Sangli,Sangli,Onion,Local,FAQ,23/02/2026,2372.0,2573.0,2473.0
Maharashtra,Sangli,Sangli,Onion,Local,FAQ,24/02/2026,2367.0,2617.0,2487.0
Maharashtra,Sangli,Sangli,Onion,Local,FAQ,25/02/2026,2377.0,2600.0,2516.0
Maharashtra,Sangli,Sangli,Onion,Local,FAQ,26/02/2026,2388.0,2550.0,2496.0
Maharashtra,Sangli,Sangli,Onion,Local,FAQ,27/02/2026,2394.0,2595.0,2491.0
Maharashtra,Sangli,Sangli,Onion,Local,FAQ,28/02/2026,2455.0,2562.0,2508.0
Maharashtra,Sangli,Sangli,Onion,Local,FAQ,01/03/2026,2335.0,2553.0,2467.0
Maharashtra,Sangli,Sangli,Onion,Local,FAQ,02/03/2026,2342.0,2541.0,2469.0
Maharashtra,Sangli,Sangli,Onion,Local,FAQ,03/03/2026,2330.0,2501.0,2442.0
Maharashtra,Sangli,Sangli,Onion,Local,FAQ,04/03/2026,2339.0,2557.0,2443.0
Maharashtra,Sangli,Sangli,Onion,Local,FAQ,05/03/2026,2304.0,2575.0,2427.0
Maharashtra,Sangli,Sangli,Onion,Local,FAQ,06/03/2026,2246.0,2453.0,2376.0
Maharashtra,Sangli,Sangli,Onion,Local,FAQ,07/03/2026,2287.0,2439.0,
Maharashtra,Sangli,Sangli,Onion,Local,FAQ,08/03/2026,2303.0,2461.0,2394.0
Maharashtra,Sangli,Sangli,Onion,Local,FAQ,09/03/2026,2349.0,2490.0,2415.0
Maharashtra,Sangli,Sangli,Onion,Local,FAQ,10/03/2026,2343.0,2537.0,2459.0
Maharashtra,Sangli,Sangli,Onion,Local,FAQ,11/03/2026,2324.0,2593.0,2469.0
Maharashtra,Sangli,Sangli,Onion,Local,FAQ,12/03/2026,2431.0,2598.0,2523.0
Maharashtra,Sangli,Sangli,Onion,Local,FAQ,13/03/2026,2462.0,2674.0,
Maharashtra,Sangli,Sangli,Onion,Local,FAQ,14/03/2026,2462.0,2619.0,2559.0
Maharashtra,Sangli,Sangli,Onion,Local,FAQ,15/03/2026,2480.0,2676.0,2579.0
Maharashtra,Sangli,Sangli,Onion,Local,FAQ,16/03/2026,2482.0,2684.0,2572.0
Maharashtra,Sangli,Sangli,Onion,Local,FAQ,17/03/2026,2427.0,2596.0,2541.0
Maharashtra,Sangli,Sangli,Onion,Local,FAQ,18/03/2026,2477.0,2713.0,2577.0
Maharashtra,Sangli,Sangli,Onion,Local,FAQ,19/03/2026,2425.0,2607.0,2541.0
Maharashtra,Sangli,Sangli,Onion,Local,FAQ,20/03/2026,2493.0,2655.0,2546.0
Maharashtra,Sangli,Sangli,Onion,Local,FAQ,21/03/2026,2387.0,2639.0,2531.0
Maharashtra,Sangli,Sangli,Onion,Local,FAQ,22/03/2026,2475.0,2676.0,2571.0
Maharashtra,Sangli,Sangli,Onion,Local,FAQ,23/03/2026,2396.0,2629.0,2540.0
Maharashtra,Sangli,Sangli,Onion,Local,FAQ,24/03/2026,2490.0,2629.0,2547.0
Maharashtra,Sangli,Sangli,Onion,Local,FAQ,25/03/2026,2398.0,2584.0,2532.0
Maharashtra,Sangli,Sangli,Onion,Local,FAQ,26/03/2026,2455.0,2637.0,2517.0
Maharashtra,Sangli,Sangli,Onion,Local,FAQ,27/03/2026,2425.0,2676.0,2538.0
Maharashtra,Sangli,Sangli,Onion,Local,FAQ,28/03/2026,2480.0,2626.0,2558.0
Maharashtra,Sangli,Sangli,Onion,Local,FAQ,29/03/2026,2449.0,2705.0,2574.0
Maharashtra,Sangli,Sangli,Onion,Local,FAQ,30/03/2026,2487.0,2702.0,2574.0
Maharashtra,Sangli,Sangli,Onion,Local,FAQ,31/03/2026,2493.0,2720.0,2577.0
Maharashtra,Sangli,Sangli,Onion,Local,FAQ,01/04/2026,2446.0,2696.0,2571.0
Maharashtra,Sangli,Sangli,Onion,Local,FAQ,02/04/2026,2539.0,2739.0,2599.0
Maharashtra,Sangli,Sangli,Onion,Local,FAQ,03/04/2026,2549.0,2771.0,2631.0
Maharashtra,Sangli,Sangli,Onion,Local,FAQ,04/04/2026,2543.0,2683.0,2632.0
Maharashtra,Sangli,Sangli,Onion,Local,FAQ,05/04/2026,2495.0,2747.0,2640.0
Maharashtra,Sangli,Sangli,Onion,Local,FAQ,06/04/2026,2524.0,2732.0,2637.0
Maharashtra,Sangli,Sangli,Onion,Local,FAQ,07/04/2026,2494.0,2736.0,2611.0
Maharashtra,Sangli,Sangli,Onion,Local,FAQ,08/04/2026,2452.0,2710.0,2581.0
Maharashtra,Sangli,Sangli,Onion,Local,FAQ,09/04/2026,2525.0,2686.0,2581.0
Maharashtra,Sangli,Sangli,Onion,Local,FAQ,10/04/2026,2464.0,2697.0,2558.0
Maharashtra,Sangli,Sangli,Onion,Local,FAQ,11/04/2026,2474.0,2664.0,2538.0
Maharashtra,Sangli,Sangli,Onion,Local,FAQ,12/04/2026,2418.0,2590.0,2530.0
Maharashtra,Sangli,Sangli,Onion,Local,FAQ,13/04/2026,2479.0,2668.0,2536.0
Maharashtra,Sangli,Sangli,Onion,Local,FAQ,14/04/2026,2402.0,2581.0,2523.0
Maharashtra,Sangli,Sangli,Onion,Local,FAQ,15/04/2026,2356.0,2632.0,2487.0
Maharashtra,Sangli,Sangli,Onion,Local,FAQ,16/04/2026,2303.0,2577.0,2452.0
Maharashtra,Sangli,Sangli,Onion,Local,FAQ,17/04/2026,2306.0,2540.0,2434.0
Maharashtra,Sangli,Sangli,Onion,Local,FAQ,18/04/2026,2336.0,2569.0,2428.0
Maharashtra,Sangli,Sangli,Onion,Local,FAQ,19/04/2026,2377.0,2525.0,2428.0
Maharashtra,Sangli,Sangli,Onion,Local,FAQ,20/04/2026,2347.0,2465.0,2403.0
Maharashtra,Sangli,Sangli,Onion,Local,FAQ,21/04/2026,2286.0,2519.0,2411.0
Maharashtra,Sangli,Sangli,Onion,Local,FAQ,22/04/2026,2244.0,2477.0,2390.0
Maharashtra,Sangli,Sangli,Onion,Local,FAQ,23/04/2026,2336.0,2554.0,2408.0
Maharashtra,Sangli,Sangli,Onion,Local,FAQ,24/04/2026,2346.0,2544.0,2397.0
Maharashtra,Sangli,SANGLI,onion,Local,FAQ,25/04/2026,2346.0,2508.0,2403.0
Maharashtra,Sangli,Sangli,Onion,Local,FAQ,26/04/2026,2256.0,2505.0,2403.0
Maharashtra,Sangli,Sangli,Onion,Local,FAQ,27/04/2026,2345.0,2553.0,2440.0
Maharashtra,Sangli,Sangli,Onion,Local,FAQ,28/04/2026,2356.0,2604.0,2464.0
Maharashtra,Sangli,Sangli,Onion,Local,FAQ,29/04/2026,2440.0,2587.0,2518.0
Maharashtra,Sangli,Sangli,Onion,Local,FAQ,30/04/2026,2402.0,2583.0,2498.0
Maharashtra,Sangli,Sangli,Onion,Local,FAQ,01/05/2026,2332.0,2628.0,2479.0
Maharashtra,Sangli,Sangli,Onion,Local,FAQ,02/05/2026,2363.0,2587.0,2483.0
Maharashtra,Sangli,Sangli,Onion,Local,FAQ,03/05/2026,2389.0,2573.0,2507.0
Maharashtra,Sangli,Sangli,Onion,Local,FAQ,04/05/2026,2351.0,2624.0,2492.0
Maharashtra,Sangli,Sangli,Onion,Local,FAQ,05/05/2026,2316.0,2596.0,2459.0
Maharashtra,Sangli,Sangli,Onion,Local,FAQ,06/05/2026,2450.0,2558.0,2505.0
Maharashtra,Sangli,Sangli,Onion,Local,FAQ,07/05/2026,2386.0,2600.0,2535.0
Maharashtra,Sangli,Sangli,Onion,Local,FAQ,08/05/2026,2414.0,2611.0,2523.0
Maharashtra,Sangli,Sangli,Onion,Local,FAQ,09/05/2026,2429.0,2597.0,2520.0
Maharashtra,Sangli,Sangli,Onion,Local,FAQ,10/05/2026,2495.0,2687.0,2551.0
Maharashtra,Sangli,Sangli,Onion,Local,FAQ,11/05/2026,2424.0,2695.0,2551.0
Maharashtra,Sangli,Sangli,Onion,Local,FAQ,12/05/2026,2417.0,2627.0,2552.0
Maharashtra,Sangli,Sangli,Onion,Local,FAQ,13/05/2026,2381.0,2637.0,2526.0
Maharashtra,Sangli,Sangli,Onion,Local,FAQ,14/05/2026,2449.0,2639.0,2522.0
Maharashtra,Sangli,Sangli,Onion,Local,FAQ,15/05/2026,2423.0,2601.0,2484.0
Maharashtra,Sangli,Sangli,Onion,Local,FAQ,16/05/2026,2414.0,2643.0,2516.0
Maharashtra,Sangli,Sangli,Onion,Local,FAQ,17/05/2026,2440.0,2651.0,2545.0
Maharashtra,Sangli,Sangli,Onion,Local,FAQ,18/05/2026,2409.0,2637.0,2547.0
Maharashtra,Sangli,Sangli,Onion,Local,FAQ,19/05/2026,2443.0,2634.0,2563.0
Maharashtra,Sangli,Sangli,Onion,Local,FAQ,20/05/2026,2533.0,2648.0,2597.0
Maharashtra,Sangli,Sangli,Onion,Local,FAQ,21/05/2026,2535.0,2718.0,2624.0
Maharashtra,Sangli,SANGLI,onion,Local,FAQ,22/05/2026,2440.0,2665.0,2580.0
Maharashtra,Sangli,SANGLI,onion,Local,FAQ,23/05/2026,2527.0,2729.0,2617.0
Maharashtra,Sangli,Sangli,Onion,Local,FAQ,24/05/2026,2483.0,2764.0,2619.0
Maharashtra,Sangli,Sangli,Onion,Local,FAQ,25/05/2026,2480.0,2724.0,2576.0
Maharashtra,Sangli,Sangli,Onion,Local,FAQ,26/05/2026,2476.0,2658.0,2575.0
Maharashtra,Sangli,Sangli,Onion,Local,FAQ,27/05/2026,2484.0,2605.0,2542.0
Maharashtra,Sangli,SANGLI,onion,Local,FAQ,28/05/2026,2496.0,2624.0,2559.0
Maharashtra,Sangli,Sangli,Onion,Local,FAQ,29/05/2026,2500.0,2653.0,2568.0
Maharashtra,Sangli,Sangli,Onion,Local,FAQ,30/05/2026,2405.0,2642.0,2545.0
Maharashtra,Sangli,Sangli,Onion,Local,FAQ,31/05/2026,2451.0,2574.0,2520.0
Maharashtra,Sangli,Sangli,Onion,Local,FAQ,01/06/2026,2466.0,2611.0,2533.0
Maharashtra,Sangli,Sangli,Onion,Local,FAQ,02/06/2026,2459.0,2616.0,2530.0
Maharashtra,Sangli,Sangli,Onion,Local,FAQ,03/06/2026,2404.0,2623.0,2504.0
Maharashtra,Sangli,Sangli,Onion,Local,FAQ,04/06/2026,2350.0,2629.0,2487.0
Maharashtra,Sangli,SANGLI,onion,Local,FAQ,05/06/2026,2436.0,2570.0,2492.0
Maharashtra,Sangli,Sangli,Onion,Local,FAQ,06/06/2026,2439.0,2578.0,2507.0
Maharashtra,Sangli,Sangli,Onion,Local,FAQ,07/06/2026,2439.0,2624.0,2526.0
Maharashtra,Sangli,Sangli,Onion,Local,FAQ,08/06/2026,2392.0,2613.0,2488.0
Maharashtra,Sangli,Sangli,Onion,Local,FAQ,09/06/2026,2469.0,2598.0,2523.0
Maharashtra,Sangli,Sangli,Onion,Local,FAQ,10/06/2026,2436.0,2640.0,2537.0
Maharashtra,Sangli,Sangli,Onion,Local,FAQ,11/06/2026,2484.0,2640.0,2545.0
Maharashtra,Sangli,Sangli,Onion,Local,FAQ,12/06/2026,2428.0,2593.0,2505.0
Maharashtra,Sangli,Sangli,Onion,Local,FAQ,13/06/2026,2458.0,2592.0,2510.0
Maharashtra,Sangli,Sangli,Onion,Local,FAQ,14/06/2026,2432.0,2633.0,2494.0
Maharashtra,Sangli,Sangli,Onion,Local,FAQ,15/06/2026,2358.0,2585.0,2467.0
Maharashtra,Sangli,Sangli,Onion,Local,FAQ,16/06/2026,2407.0,2570.0,2466.0
Maharashtra,Sangli,Sangli,Onion,Local,FAQ,17/06/2026,2394.0,2628.0,2503.0
Maharashtra,Sangli,Sangli,Onion,Local,FAQ,18/06/2026,2399.0,2563.0,2477.0
Maharashtra,Sangli,Sangli,Onion,Local,FAQ,19/06/2026,2358.0,2580.0,2473.0
Maharashtra,Sangli,Sangli,Onion,Local,FAQ,20/06/2026,2378.0,2503.0,2438.0
Maharashtra,Sangli,Sangli,Onion,Local,FAQ,21/06/2026,2377.0,2518.0,2452.0
Maharashtra,Sangli,Sangli,Onion,Local,FAQ,22/06/2026,2370.0,2577.0,2437.0
Maharashtra,Sangli,Sangli,Onion,Local,FAQ,23/06/2026,2357.0,2517.0,2415.0
Maharashtra,Sangli,Sangli,Onion,Local,FAQ,24/06/2026,2361.0,2512.0,2422.0
Maharashtra,Sangli,Sangli,Onion,Local,FAQ,25/06/2026,2274.0,2558.0,2421.0
Maharashtra,Sangli,Sangli,Onion,Local,FAQ,26/06/2026,2339.0,2523.0,2406.0
Maharashtra,Sangli,Sangli,Onion,Local,FAQ,27/06/2026,2282.0,2531.0,2425.0
Maharashtra,Sangli,Sangli,Onion,Local,FAQ,28/06/2026,2257.0,2453.0,2384.0
Maharashtra,Sangli,Sangli,Onion,Local,FAQ,29/06/2026,2315.0,2490.0,2397.0
Maharashtra,Sangli,Sangli,Onion,Local,FAQ,30/06/2026,2296.0,2468.0,2357.0
Maharashtra,Sangli,Sangli,Onion,Local,FAQ,01/07/2026,2279.0,2466.0,2358.0
Maharashtra,Sangli,Sangli,Onion,Local,FAQ,02/07/2026,2253.0,2411.0,2356.0
Maharashtra,Sangli,Sangli,Onion,Local,FAQ,03/07/2026,2242.0,2389.0,2326.0
Maharashtra,Sangli,Sangli,Onion,Local,FAQ,04/07/2026,2276.0,2469.0,2351.0
Maharashtra,Sangli,Sangli,Onion,Local,FAQ,05/07/2026,2211.0,2447.0,2337.0
Maharashtra,Sangli,Sangli,Onion,Local,FAQ,06/07/2026,2190.0,2418.0,2275.0
Maharashtra,Sangli,Sangli,Onion,Local,FAQ,07/07/2026,2122.0,2402.0,2255.0
Maharashtra,Sangli,Sangli,Onion,Local,FAQ,08/07/2026,2120.0,2332.0,2264.0
Maharashtra,Sangli,Sangli,Onion,Local,FAQ,09/07/2026,2192.0,2373.0,2249.0
Maharashtra,Sangli,Sangli,Onion,Local,FAQ,10/07/2026,2214.0,2408.0,2278.0
Maharashtra,Sangli,Sangli,Onion,Local,FAQ,11/07/2026,2215.0,2351.0,2285.0
Maharashtra,Kolhapur,KOLHAPUR,onion,Local,FAQ,04/12/2025,1993.0,2212.0,2110.0
Maharashtra,Kolhapur,Kolhapur,Onion,Local,FAQ,05/12/2025,2013.0,2237.0,2099.0
Maharashtra,Kolhapur,Kolhapur,Onion,Local,FAQ,06/12/2025,2035.0,2217.0,2129.0
Maharashtra,Kolhapur,Kolhapur,Onion,Local,FAQ,07/12/2025,2023.0,2199.0,2119.0
Maharashtra,Kolhapur,Kolhapur,Onion,Local,FAQ,08/12/2025,2047.0,2260.0,
Maharashtra,Kolhapur,Kolhapur,Onion,Local,FAQ,09/12/2025,2074.0,2266.0,2162.0
Maharashtra,Kolhapur,Kolhapur,Onion,Local,FAQ,10/12/2025,2105.0,2311.0,2167.0
Maharashtra,Kolhapur,Kolhapur,Onion,Local,FAQ,11/12/2025,2074.0,2270.0,2187.0
Maharashtra,Kolhapur,Kolhapur,Onion,Local,FAQ,12/12/2025,2083.0,2298.0,2195.0
Maharashtra,Kolhapur,Kolhapur,Onion,Local,FAQ,13/12/2025,2046.0,2314.0,2185.0
Maharashtra,Kolhapur,Kolhapur,Onion,Local,FAQ,14/12/2025,2098.0,2297.0,2173.0
Maharashtra,Kolhapur,KOLHAPUR,onion,Local,FAQ,15/12/2025,2099.0,2259.0,2152.0
Maharashtra,Kolhapur,Kolhapur,Onion,Local,FAQ,16/12/2025,2080.0,2296.0,2164.0
Maharashtra,Kolhapur,Kolhapur,Onion,Local,FAQ,17/12/2025,2111.0,2307.0,2172.0
Maharashtra,Kolhapur,Kolhapur,Onion,Local,FAQ,18/12/2025,2036.0,2231.0,2166.0
Maharashtra,Kolhapur,Kolhapur,Onion,Local,FAQ,19/12/2025,2068.0,2263.0,2141.0
Maharashtra,Kolhapur,Kolhapur,Onion,Local,FAQ,20/12/2025,2044.0,2267.0,2163.0
Maharashtra,Kolhapur,Kolhapur,Onion,Local,FAQ,21/12/2025,2122.0,2282.0,2197.0
Maharashtra,Kolhapur,Kolhapur,Onion,Local,FAQ,22/12/2025,2056.0,2297.0,2152.0
Maharashtra,Kolhapur,Kolhapur,Onion,Local,FAQ,23/12/2025,2125.0,2299.0,2190.0
Maharashtra,Kolhapur,Kolhapur,Onion,Local,FAQ,24/12/2025,2199.0,2388.0,2251.0
Maharashtra,Kolhapur,Kolhapur,Onion,Local,FAQ,25/12/2025,2111.0,2361.0,2254.0
Maharashtra,Kolhapur,Kolhapur,Onion,Local,FAQ,26/12/2025,2145.0,2331.0,2266.0
Maharashtra,Kolhapur,Kolhapur,Onion,Local,FAQ,27/12/2025,2164.0,2383.0,2272.0
Maharashtra,Kolhapur,Kolhapur,Onion,Local,FAQ,28/12/2025,2169.0,2455.0,2312.0
Maharashtra,Kolhapur,Kolhapur,Onion,Local,FAQ,29/12/2025,2204.0,2360.0,2299.0
Maharashtra,Kolhapur,Kolhapur,Onion,Local,FAQ,30/12/2025,2191.0,2390.0,2300.0
Maharashtra,Kolhapur,Kolhapur,Onion,Local,FAQ,31/12/2025,2273.0,2412.0,2328.0
Maharashtra,Kolhapur,Kolhapur,Onion,Local,FAQ,01/01/2026,2198.0,2444.0,2302.0
Maharashtra,Kolhapur,Kolhapur,Onion,Local,FAQ,02/01/2026,2176.0,2346.0,2261.0
Maharashtra,Kolhapur,Kolhapur,Onion,Local,FAQ,03/01/2026,2180.0,2347.0,2252.0
Maharashtra,Kolhapur,Kolhapur,Onion,Local,FAQ,04/01/2026,2230.0,2362.0,2294.0
Maharashtra,Kolhapur,Kolhapur,Onion,Local,FAQ,05/01/2026,2086.0,2313.0,2227.0
Maharashtra,Kolhapur,Kolhapur,Onion,Local,FAQ,06/01/2026,2117.0,2338.0,2225.0
Maharashtra,Kolhapur,Kolhapur,Onion,Local,FAQ,07/01/2026,2160.0,2369.0,
Maharashtra,Kolhapur,Kolhapur,Onion,Local,FAQ,08/01/2026,2091.0,2301.0,2191.0
Maharashtra,Kolhapur,Kolhapur,Onion,Local,FAQ,09/01/2026,2120.0,2331.0,2191.0
Maharashtra,Kolhapur,Kolhapur,Onion,Local,FAQ,10/01/2026,2120.0,2260.0,2191.0
Maharashtra,Kolhapur,Kolhapur,Onion,Local,FAQ,11/01/2026,2084.0,2247.0,2190.0
Maharashtra,Kolhapur,Kolhapur,Onion,Local,FAQ,12/01/2026,2048.0,2271.0,2176.0
Maharashtra,Kolhapur,Kolhapur,Onion,Local,FAQ,13/01/2026,2020.0,2216.0,2110.0
Maharashtra,Kolhapur,Kolhapur,Onion,Local,FAQ,14/01/2026,2071.0,2205.0,2137.0
Maharashtra,Kolhapur,Kolhapur,Onion,Local,FAQ,15/01/2026,1988.0,2193.0,2102.0
Maharashtra,Kolhapur,Kolhapur,Onion,Local,FAQ,16/01/2026,2030.0,2149.0,2083.0
Maharashtra,Kolhapur,Kolhapur,Onion,Local,FAQ,17/01/2026,2053.0,2178.0,2106.0
Maharashtra,Kolhapur,Kolhapur,Onion,Local,FAQ,18/01/2026,2065.0,2255.0,2138.0
Maharashtra,Kolhapur,Kolhapur,Onion,Local,FAQ,19/01/2026,2010.0,2199.0,2125.0
Maharashtra,Kolhapur,Kolhapur,Onion,Local,FAQ,20/01/2026,2077.0,2211.0,2137.0
Maharashtra,Kolhapur,Kolhapur,Onion,Local,FAQ,21/01/2026,2022.0,2245.0,2155.0
Maharashtra,Kolhapur,Kolhapur,Onion,Local,FAQ,22/01/2026,2049.0,2236.0,2166.0
Maharashtra,Kolhapur,Kolhapur,Onion,Local,FAQ,23/01/2026,2130.0,2240.0,2181.0
Maharashtra,Kolhapur,Kolhapur,Onion,Local,FAQ,24/01/2026,2102.0,2226.0,2173.0
Maharashtra,Kolhapur,Kolhapur,Onion,Local,FAQ,25/01/2026,2089.0,2320.0,2181.0
Maharashtra,Kolhapur,Kolhapur,Onion,Local,FAQ,26/01/2026,2018.0,2234.0,2150.0
Maharashtra,Kolhapur,Kolhapur,Onion,Local,FAQ,27/01/2026,2023.0,2209.0,2132.0
Maharashtra,Kolhapur,Kolhapur,Onion,Local,FAQ,28/01/2026,1985.0,2188.0,2097.0
Maharashtra,Kolhapur,Kolhapur,Onion,Local,FAQ,29/01/2026,1966.0,2190.0,2045.0
Maharashtra,Kolhapur,Kolhapur,Onion,Local,FAQ,30/01/2026,1961.0,2151.0,2087.0
Maharashtra,Kolhapur,Kolhapur,Onion,Local,FAQ,31/01/2026,1947.0,2216.0,2086.0
Maharashtra,Kolhapur,Kolhapur,Onion,Local,FAQ,01/02/2026,2021.0,2166.0,2114.0
Maharashtra,Kolhapur,Kolhapur,Onion,Local,FAQ,02/02/2026,2009.0,2198.0,2122.0
Maharashtra,Kolhapur,Kolhapur,Onion,Local,FAQ,03/02/2026,2015.0,2212.0,2079.0
Maharashtra,Kolhapur,Kolhapur,Onion,Local,FAQ,04/02/2026,2012.0,2156.0,2079.0
Maharashtra,Kolhapur,Kolhapur,Onion,Local,FAQ,05/02/2026,2036.0,2229.0,2088.0
Maharashtra,Kolhapur,KOLHAPUR,onion,Local,FAQ,06/02/2026,2016.0,2198.0,2093.0
Maharashtra,Kolhapur,Kolhapur,Onion,Local,FAQ,07/02/2026,1954.0,2202.0,2069.0
Maharashtra,Kolhapur,Kolhapur,Onion,Local,FAQ,08/02/2026,1965.0,2192.0,2075.0
Maharashtra,Kolhapur,Kolhapur,Onion,Local,FAQ,09/02/2026,2032.0,2241.0,2100.0
Maharashtra,Kolhapur,Kolhapur,Onion,Local,FAQ,10/02/2026,1952.0,2109.0,2054.0
Maharashtra,Kolhapur,Kolhapur,Onion,Local,FAQ,11/02/2026,1955.0,2146.0,2022.0
Maharashtra,Kolhapur,Kolhapur,Onion,Local,FAQ,12/02/2026,1951.0,2115.0,2026.0
Maharashtra,Kolhapur,Kolhapur,Onion,Local,FAQ,13/02/2026,1928.0,2093.0,2007.0
Maharashtra,Kolhapur,Kolhapur,Onion,Local,FAQ,14/02/2026,1876.0,2081.0,1983.0
Maharashtra,Kolhapur,Kolhapur,Onion,Local,FAQ,15/02/2026,1893.0,2153.0,2009.0
Maharashtra,Kolhapur,Kolhapur,Onion,Local,FAQ,16/02/2026,1935.0,2064.0,1988.0
Maharashtra,Kolhapur,Kolhapur,Onion,Local,FAQ,17/02/2026,1895.0,2060.0,2005.0
Maharashtra,Kolhapur,Kolhapur,Onion,Local,FAQ,18/02/2026,1986.0,2196.0,2069.0
Maharashtra,Kolhapur,KOLHAPUR,onion,Local,FAQ,19/02/2026,2006.0,2125.0,2067.0
Maharashtra,Kolhapur,Kolhapur,Onion,Local,FAQ,20/02/2026,1947.0,2159.0,2066.0
Maharashtra,Kolhapur,Kolhapur,Onion,Local,FAQ,21/02/2026,2035.0,2242.0,2110.0
Maharashtra,Kolhapur,Kolhapur,Onion,Local,FAQ,22/02/2026,2049.0,2235.0,2126.0
Maharashtra,Kolhapur,Kolhapur,Onion,Local,FAQ,23/02/2026,2064.0,2209.0,2150.0
Maharashtra,Kolhapur,Kolhapur,Onion,Local,FAQ,24/02/2026,2080.0,2253.0,2149.0
Maharashtra,Kolhapur,Kolhapur,Onion,Local,FAQ,25/02/2026,2027.0,2287.0,2164.0
Maharashtra,Kolhapur,Kolhapur,Onion,Local,FAQ,26/02/2026,2059.0,2313.0,2178.0
Maharashtra,Kolhapur,Kolhapur,Onion,Local,FAQ,27/02/2026,2130.0,2304.0,2205.0
Maharashtra,Kolhapur,Kolhapur,Onion,Local,FAQ,28/02/2026,2148.0,2323.0,2216.0
Maharashtra,Kolhapur,Kolhapur,Onion,Local,FAQ,01/03/2026,2079.0,2274.0,2221.0
Maharashtra,Kolhapur,Kolhapur,Onion,Local,FAQ,02/03/2026,2052.0,2341.0,2194.0
Maharashtra,Kolhapur,Kolhapur,Onion,Local,FAQ,03/03/2026,2076.0,2317.0,2220.0
Maharashtra,Kolhapur,Kolhapur,Onion,Local,FAQ,04/03/2026,2139.0,2354.0,2221.0
Maharashtra,Kolhapur,Kolhapur,Onion,Local,FAQ,05/03/2026,2168.0,2332.0,2222.0
Maharashtra,Kolhapur,Kolhapur,Onion,Local,FAQ,06/03/2026,2153.0,2331.0,2211.0
Maharashtra,Kolhapur,Kolhapur,Onion,Local,FAQ,07/03/2026,2119.0,2325.0,2203.0
Maharashtra,Kolhapur,Kolhapur,Onion,Local,FAQ,08/03/2026,2095.0,2328.0,2199.0
Maharashtra,Kolhapur,Kolhapur,Onion,Local,FAQ,09/03/2026,2106.0,2301.0,2188.0
Maharashtra,Kolhapur,Kolhapur,Onion,Local,FAQ,10/03/2026,2121.0,2246.0,2194.0
Maharashtra,Kolhapur,Kolhapur,Onion,Local,FAQ,11/03/2026,2079.0,2268.0,8864.0
Maharashtra,Kolhapur,Kolhapur,Onion,Local,FAQ,12/03/2026,2075.0,2349.0,2219.0
Maharashtra,Kolhapur,Kolhapur,Onion,Local,FAQ,13/03/2026,2095.0,2330.0,2245.0
Maharashtra,Kolhapur,Kolhapur,Onion,Local,FAQ,14/03/2026,2134.0,2345.0,2232.0
Maharashtra,Kolhapur,Kolhapur,Onion,Local,FAQ,15/03/2026,2130.0,2415.0,2267.0
Maharashtra,Kolhapur,Kolhapur,Onion,Local,FAQ,16/03/2026,2164.0,2380.0,2256.0
Maharashtra,Kolhapur,Kolhapur,Onion,Local,FAQ,17/03/2026,2219.0,2354.0,2293.0
Maharashtra,Kolhapur,Kolhapur,Onion,Local,FAQ,18/03/2026,2179.0,2332.0,2259.0
Maharashtra,Kolhapur,Kolhapur,Onion,Local,FAQ,19/03/2026,2182.0,2288.0,2236.0
Maharashtra,Kolhapur,Kolhapur,Onion,Local,FAQ,20/03/2026,2147.0,2353.0,2235.0
Maharashtra,Kolhapur,Kolhapur,Onion,Local,FAQ,21/03/2026,2169.0,2386.0,2241.0
Maharashtra,Kolhapur,Kolhapur,Onion,Local,FAQ,22/03/2026,2122.0,2363.0,2266.0
Maharashtra,Kolhapur,Kolhapur,Onion,Local,FAQ,23/03/2026,2149.0,2327.0,2260.0
Maharashtra,Kolhapur,Kolhapur,Onion,Local,FAQ,24/03/2026,2153.0,2365.0,2264.0
Maharashtra,Kolhapur,Kolhapur,Onion,Local,FAQ,25/03/2026,2204.0,2345.0,2277.0
Maharashtra,Kolhapur,Kolhapur,Onion,Local,FAQ,26/03/2026,2133.0,2346.0,2261.0
Maharashtra,Kolhapur,Kolhapur,Onion,Local,FAQ,27/03/2026,2191.0,2394.0,2247.0
Maharashtra,Kolhapur,Kolhapur,Onion,Local,FAQ,28/03/2026,2163.0,2348.0,2283.0
Maharashtra,Kolhapur,Kolhapur,Onion,Local,FAQ,29/03/2026,2137.0,2341.0,2269.0
Maharashtra,Kolhapur,Kolhapur,Onion,Local,FAQ,30/03/2026,2165.0,2382.0,2274.0
Maharashtra,Kolhapur,Kolhapur,Onion,Local,FAQ,31/03/2026,2177.0,2374.0,2236.0
Maharashtra,Kolhapur,Kolhapur,Onion,Local,FAQ,01/04/2026,2081.0,2366.0,2220.0
Maharashtra,Kolhapur,Kolhapur,Onion,Local,FAQ,02/04/2026,2075.0,2342.0,2211.0
Maharashtra,Kolhapur,Kolhapur,Onion,Local,FAQ,03/04/2026,2168.0,2318.0,2227.0
Maharashtra,Kolhapur,Kolhapur,Onion,Local,FAQ,04/04/2026,2190.0,2353.0,2277.0
Maharashtra,Kolhapur,Kolhapur,Onion,Local,FAQ,05/04/2026,2219.0,2349.0,2277.0
Maharashtra,Kolhapur,Kolhapur,Onion,Local,FAQ,06/04/2026,2203.0,2379.0,2321.0
Maharashtra,Kolhapur,Kolhapur,Onion,Local,FAQ,07/04/2026,2223.0,2430.0,2321.0
Maharashtra,Kolhapur,Kolhapur,Onion,Local,FAQ,08/04/2026,2219.0,2436.0,2351.0
Maharashtra,Kolhapur,Kolhapur,Onion,Local,FAQ,09/04/2026,2291.0,2506.0,2368.0
Maharashtra,Kolhapur,Kolhapur,Onion,Local,FAQ,10/04/2026,2284.0,2530.0,2414.0
Maharashtra,Kolhapur,Kolhapur,Onion,Local,FAQ,11/04/2026,2315.0,2553.0,2435.0
Maharashtra,Kolhapur,Kolhapur,Onion,Local,FAQ,12/04/2026,2335.0,2572.0,2447.0
Maharashtra,Kolhapur,Kolhapur,Onion,Local,FAQ,13/04/2026,2359.0,2567.0,2443.0
Maharashtra,Kolhapur,Kolhapur,Onion,Local,FAQ,14/04/2026,2381.0,2579.0,2447.0
Maharashtra,Kolhapur,Kolhapur,Onion,Local,FAQ,15/04/2026,2396.0,2526.0,2447.0
Maharashtra,Kolhapur,Kolhapur,Onion,Local,FAQ,16/04/2026,2367.0,2627.0,2479.0
Maharashtra,Kolhapur,Kolhapur,Onion,Local,FAQ,17/04/2026,2332.0,2549.0,2445.0
Maharashtra,Kolhapur,Kolhapur,Onion,Local,FAQ,18/04/2026,2336.0,2525.0,2464.0
Maharashtra,Kolhapur,KOLHAPUR,onion,Local,FAQ,19/04/2026,2324.0,2554.0,2470.0
Maharashtra,Kolhapur,Kolhapur,Onion,Local,FAQ,20/04/2026,2397.0,2653.0,2510.0
Maharashtra,Kolhapur,Kolhapur,Onion,Local,FAQ,21/04/2026,2419.0,2620.0,2499.0
Maharashtra,Kolhapur,Kolhapur,Onion,Local,FAQ,22/04/2026,2446.0,2611.0,2503.0
Maharashtra,Kolhapur,Kolhapur,Onion,Local,FAQ,23/04/2026,2478.0,2670.0,2533.0
Maharashtra,Kolhapur,Kolhapur,Onion,Local,FAQ,24/04/2026,2348.0,2642.0,2495.0
Maharashtra,Kolhapur,Kolhapur,Onion,Local,FAQ,25/04/2026,2355.0,2533.0,2481.0
Maharashtra,Kolhapur,Kolhapur,Onion,Local,FAQ,26/04/2026,2439.0,2573.0,2491.0
Maharashtra,Kolhapur,Kolhapur,Onion,Local,FAQ,27/04/2026,2412.0,2625.0,2530.0
Maharashtra,Kolhapur,Kolhapur,Onion,Local,FAQ,28/04/2026,2451.0,2678.0,2528.0
Maharashtra,Kolhapur,Kolhapur,Onion,Local,FAQ,29/04/2026,2426.0,2621.0,2492.0
Maharashtra,Kolhapur,Kolhapur,Onion,Local,FAQ,30/04/2026,2318.0,2509.0,2437.0
Maharashtra,Kolhapur,Kolhapur,Onion,Local,FAQ,01/05/2026,2328.0,2520.0,2443.0
Maharashtra,Kolhapur,Kolhapur,Onion,Local,FAQ,02/05/2026,2284.0,2494.0,2429.0
Maharashtra,Kolhapur,Kolhapur,Onion,Local,FAQ,03/05/2026,2353.0,2559.0,2445.0
Maharashtra,Kolhapur,Kolhapur,Onion,Local,FAQ,04/05/2026,2353.0,2520.0,2443.0
Maharashtra,Kolhapur,Kolhapur,Onion,Local,FAQ,05/05/2026,2303.0,2515.0,2442.0
Maharashtra,Kolhapur,Kolhapur,Onion,Local,FAQ,06/05/2026,2377.0,2501.0,2448.0
Maharashtra,Kolhapur,Kolhapur,Onion,Local,FAQ,07/05/2026,2280.0,2513.0,2416.0
Maharashtra,Kolhapur,Kolhapur,Onion,Local,FAQ,08/05/2026,2305.0,2521.0,2452.0
Maharashtra,Kolhapur,KOLHAPUR,onion,Local,FAQ,09/05/2026,2334.0,2595.0,2461.0
Maharashtra,Kolhapur,Kolhapur,Onion,Local,FAQ,10/05/2026,2346.0,2585.0,2472.0
Maharashtra,Kolhapur,KOLHAPUR,onion,Local,FAQ,11/05/2026,2347.0,2575.0,2477.0
Maharashtra,Kolhapur,Kolhapur,Onion,Local,FAQ,12/05/2026,2433.0,2558.0,2495.0
Maharashtra,Kolhapur,Kolhapur,Onion,Local,FAQ,13/05/2026,2408.0,2577.0,2478.0
Maharashtra,Kolhapur,Kolhapur,Onion,Local,FAQ,14/05/2026,2467.0,2631.0,2523.0
Maharashtra,Kolhapur,Kolhapur,Onion,Local,FAQ,15/05/2026,2463.0,2640.0,2544.0
Maharashtra,Kolhapur,Kolhapur,Onion,Local,FAQ,16/05/2026,2477.0,2585.0,2528.0
Maharashtra,Kolhapur,Kolhapur,Onion,Local,FAQ,17/05/2026,2407.0,2596.0,2517.0
Maharashtra,Kolhapur,Kolhapur,Onion,Local,FAQ,18/05/2026,2337.0,2592.0,2456.0
Maharashtra,Kolhapur,Kolhapur,Onion,Local,FAQ,19/05/2026,2358.0,2581.0,2432.0
Maharashtra,Kolhapur,Kolhapur,Onion,Local,FAQ,20/05/2026,2367.0,2531.0,2431.0
Maharashtra,Kolhapur,Kolhapur,Onion,Local,FAQ,21/05/2026,2362.0,2519.0,2468.0
Maharashtra,Kolhapur,Kolhapur,Onion,Local,FAQ,22/05/2026,2407.0,2592.0,2490.0
Maharashtra,Kolhapur,Kolhapur,Onion,Local,FAQ,23/05/2026,2431.0,2542.0,2484.0
Maharashtra,Kolhapur,Kolhapur,Onion,Local,FAQ,24/05/2026,2377.0,2530.0,2467.0
Maharashtra,Kolhapur,Kolhapur,Onion,Local,FAQ,25/05/2026,2382.0,2582.0,2512.0
Maharashtra,Kolhapur,Kolhapur,Onion,Local,FAQ,26/05/2026,2461.0,2588.0,2528.0
Maharashtra,Kolhapur,Kolhapur,Onion,Local,FAQ,27/05/2026,2510.0,2707.0,2563.0
Maharashtra,Kolhapur,Kolhapur,Onion,Local,FAQ,28/05/2026,2531.0,2690.0,2586.0
Maharashtra,Kolhapur,Kolhapur,Onion,Local,FAQ,29/05/2026,2482.0,2733.0,2603.0
Maharashtra,Kolhapur,Kolhapur,Onion,Local,FAQ,30/05/2026,2529.0,2744.0,2613.0
Maharashtra,Kolhapur,Kolhapur,Onion,Local,FAQ,31/05/2026,2551.0,2760.0,2646.0
Maharashtra,Kolhapur,Kolhapur,Onion,Local,FAQ,01/06/2026,2548.0,2774.0,2651.0
Maharashtra,Kolhapur,Kolhapur,Onion,Local,FAQ,02/06/2026,2498.0,2707.0,2635.0
Maharashtra,Kolhapur,Kolhapur,Onion,Local,FAQ,03/06/2026,2475.0,2707.0,2623.0
Maharashtra,Kolhapur,Kolhapur,Onion,Local,FAQ,04/06/2026,2520.0,2736.0,2636.0
Maharashtra,Kolhapur,Kolhapur,Onion,Local,FAQ,05/06/2026,2516.0,2744.0,2622.0
Maharashtra,Kolhapur,Kolhapur,Onion,Local,FAQ,06/06/2026,2552.0,2740.0,2622.0
Maharashtra,Kolhapur,Kolhapur,Onion,Local,FAQ,07/06/2026,2568.0,2678.0,2625.0
Maharashtra,Kolhapur,KOLHAPUR,onion,Local,FAQ,08/06/2026,2482.0,2742.0,2619.0
Maharashtra,Kolhapur,Kolhapur,Onion,Local,FAQ,09/06/2026,2453.0,2670.0,2577.0
Maharashtra,Kolhapur,Kolhapur,Onion,Local,FAQ,10/06/2026,2398.0,2601.0,2547.0
Maharashtra,Kolhapur,Kolhapur,Onion,Local,FAQ,11/06/2026,2373.0,2618.0,2510.0
Maharashtra,Kolhapur,Kolhapur,Onion,Local,FAQ,12/06/2026,2453.0,2689.0,2552.0
Maharashtra,Kolhapur,Kolhapur,Onion,Local,FAQ,13/06/2026,2401.0,2633.0,2541.0
Maharashtra,Kolhapur,KOLHAPUR,onion,Local,FAQ,14/06/2026,2416.0,2628.0,2557.0
Maharashtra,Kolhapur,Kolhapur,Onion,Local,FAQ,15/06/2026,2406.0,2631.0,2518.0
Maharashtra,Kolhapur,Kolhapur,Onion,Local,FAQ,16/06/2026,2380.0,2643.0,2502.0
Maharashtra,Kolhapur,Kolhapur,Onion,Local,FAQ,17/06/2026,2444.0,2586.0,2512.0
Maharashtra,Kolhapur,Kolhapur,Onion,Local,FAQ,18/06/2026,2436.0,2648.0,2511.0
Maharashtra,Kolhapur,Kolhapur,Onion,Local,FAQ,19/06/2026,2446.0,2642.0,2541.0
Maharashtra,Kolhapur,Kolhapur,Onion,Local,FAQ,20/06/2026,2503.0,2658.0,2569.0
Maharashtra,Kolhapur,Kolhapur,Onion,Local,FAQ,21/06/2026,2379.0,2602.0,2526.0
Maharashtra,Kolhapur,Kolhapur,Onion,Local,FAQ,22/06/2026,2366.0,2556.0,2493.0
Maharashtra,Kolhapur,Kolhapur,Onion,Local,FAQ,23/06/2026,2375.0,2617.0,2522.0
Maharashtra,Kolhapur,Kolhapur,Onion,Local,FAQ,24/06/2026,2440.0,2657.0,2524.0
Maharashtra,Kolhapur,Kolhapur,Onion,Local,FAQ,25/06/2026,2399.0,2567.0,2492.0
Maharashtra,Kolhapur,Kolhapur,Onion,Local,FAQ,26/06/2026,2463.0,2597.0,2530.0
Maharashtra,Kolhapur,Kolhapur,Onion,Local,FAQ,27/06/2026,2497.0,2675.0,2551.0
Maharashtra,Kolhapur,Kolhapur,Onion,Local,FAQ,28/06/2026,2409.0,2674.0,2543.0
Maharashtra,Kolhapur,Kolhapur,Onion,Local,FAQ,29/06/2026,2486.0,2732.0,2595.0
Maharashtra,Kolhapur,Kolhapur,Onion,Local,FAQ,30/06/2026,2511.0,2644.0,2588.0
Maharashtra,Kolhapur,Kolhapur,Onion,Local,FAQ,01/07/2026,2481.0,2728.0,2584.0
Maharashtra,Kolhapur,Kolhapur,Onion,Local,FAQ,02/07/2026,2520.0,2703.0,2602.0
Maharashtra,Kolhapur,Kolhapur,Onion,Local,FAQ,03/07/2026,2546.0,2665.0,2600.0
Maharashtra,Kolhapur,Kolhapur,Onion,Local,FAQ,04/07/2026,2528.0,2725.0,2623.0
Maharashtra,Kolhapur,Kolhapur,Onion,Local,FAQ,05/07/2026,2532.0,2748.0,2631.0
Maharashtra,Kolhapur,Kolhapur,Onion,Local,FAQ,06/07/2026,2589.0,2776.0,2659.0
Maharashtra,Kolhapur,Kolhapur,Onion,Local,FAQ,07/07/2026,2486.0,2692.0,2633.0
Maharashtra,Kolhapur,Kolhapur,Onion,Local,FAQ,08/07/2026,2480.0,2685.0,2617.0
Maharashtra,Kolhapur,Kolhapur,Onion,Local,FAQ,09/07/2026,2546.0,2799.0,2665.0
Maharashtra,Kolhapur,Kolhapur,Onion,Local,FAQ,10/07/2026,2569.0,2781.0,2669.0
Maharashtra,Kolhapur,Kolhapur,Onion,Local,FAQ,11/07/2026,2541.0,2785.0,2678.0
Maharashtra,Satara,Satara,Onion,Local,FAQ,04/12/2025,2006.0,2194.0,2078.0
Maharashtra,Satara,Satara,Onion,Local,FAQ,05/12/2025,2018.0,2222.0,2107.0
Maharashtra,Satara,Satara,Onion,Local,FAQ,06/12/2025,1965.0,2170.0,2115.0
Maharashtra,Satara,Satara,Onion,Local,FAQ,07/12/2025,1948.0,2187.0,2096.0
Maharashtra,Satara,Satara,Onion,Local,FAQ,08/12/2025,1997.0,2228.0,2104.0
Maharashtra,Satara,Satara,Onion,Local,FAQ,09/12/2025,1977.0,2205.0,2115.0
Maharashtra,Satara,Satara,Onion,Local,FAQ,10/12/2025,2013.0,2270.0,2144.0
Maharashtra,Satara,Satara,Onion,Local,FAQ,11/12/2025,1984.0,2208.0,2114.0
Maharashtra,Satara,Satara,Onion,Local,FAQ,12/12/2025,2006.0,2161.0,2110.0
Maharashtra,Satara,Satara,Onion,Local,FAQ,13/12/2025,2031.0,2200.0,2113.0
Maharashtra,Satara,Satara,Onion,Local,FAQ,14/12/2025,2064.0,2248.0,2153.0
Maharashtra,Satara,Satara,Onion,Local,FAQ,15/12/2025,2058.0,2219.0,2132.0
Maharashtra,Satara,Satara,Onion,Local,FAQ,16/12/2025,2061.0,2269.0,2173.0
Maharashtra,Satara,Satara,Onion,Local,FAQ,17/12/2025,2110.0,2334.0,2198.0
Maharashtra,Satara,Satara,Onion,Local,FAQ,18/12/2025,2083.0,2220.0,2136.0
Maharashtra,Satara,Satara,Onion,Local,FAQ,19/12/2025,2105.0,2283.0,2193.0
Maharashtra,Satara,Satara,Onion,Local,FAQ,20/12/2025,2107.0,2344.0,2218.0
Maharashtra,Satara,Satara,Onion,Local,FAQ,21/12/2025,2148.0,2401.0,2279.0
Maharashtra,Satara,Satara,Onion,Local,FAQ,22/12/2025,2224.0,2441.0,2298.0
Maharashtra,Satara,Satara,Onion,Local,FAQ,23/12/2025,2249.0,2448.0,2305.0
Maharashtra,Satara,Satara,Onion,Local,FAQ,24/12/2025,2188.0,2363.0,
Maharashtra,Satara,Satara,Onion,Local,FAQ,25/12/2025,2202.0,2361.0,2280.0
Maharashtra,Satara,Satara,Onion,Local,FAQ,26/12/2025,2203.0,2395.0,2284.0
Maharashtra,Satara,Satara,Onion,Local,FAQ,27/12/2025,2197.0,2396.0,2319.0
Maharashtra,Satara,SATARA,onion,Local,FAQ,28/12/2025,2226.0,2412.0,2294.0
Maharashtra,Satara,Satara,Onion,Local,FAQ,29/12/2025,2221.0,2392.0,2289.0
Maharashtra,Satara,Satara,Onion,Local,FAQ,30/12/2025,2167.0,2350.0,2274.0
Maharashtra,Satara,Satara,Onion,Local,FAQ,31/12/2025,2136.0,2380.0,2282.0
Maharashtra,Satara,Satara,Onion,Local,FAQ,01/01/2026,2233.0,2400.0,2287.0
Maharashtra,Satara,Satara,Onion,Local,FAQ,02/01/2026,2176.0,2431.0,2321.0
Maharashtra,Satara,Satara,Onion,Local,FAQ,03/01/2026,2250.0,2394.0,2323.0
Maharashtra,Satara,Satara,Onion,Local,FAQ,04/01/2026,2213.0,2415.0,2324.0
Maharashtra,Satara,Satara,Onion,Local,FAQ,05/01/2026,2164.0,2369.0,2292.0
Maharashtra,Satara,Satara,Onion,Local,FAQ,06/01/2026,2143.0,2367.0,2275.0
Maharashtra,Satara,Satara,Onion,Local,FAQ,07/01/2026,2146.0,2353.0,2258.0
Maharashtra,Satara,Satara,Onion,Local,FAQ,08/01/2026,2156.0,2332.0,2265.0
Maharashtra,Satara,Satara,Onion,Local,FAQ,09/01/2026,2209.0,2341.0,2281.0
Maharashtra,Satara,Satara,Onion,Local,FAQ,10/01/2026,2239.0,2405.0,2291.0
Maharashtra,Satara,Satara,Onion,Local,FAQ,11/01/2026,2243.0,2405.0,2316.0
Maharashtra,Satara,Satara,Onion,Local,FAQ,12/01/2026,2262.0,2471.0,2371.0
Maharashtra,Satara,SATARA,onion,Local,FAQ,13/01/2026,2258.0,2473.0,2351.0
Maharashtra,Satara,Satara,Onion,Local,FAQ,14/01/2026,2273.0,2541.0,
Maharashtra,Satara,Satara,Onion,Local,FAQ,15/01/2026,2329.0,2464.0,2406.0
Maharashtra,Satara,Satara,Onion,Local,FAQ,16/01/2026,2388.0,2586.0,2447.0
Maharashtra,Satara,Satara,Onion,Local,FAQ,17/01/2026,2359.0,2517.0,2432.0
Maharashtra,Satara,Satara,Onion,Local,FAQ,18/01/2026,2350.0,2509.0,2407.0
Maharashtra,Satara,Satara,Onion,Local,FAQ,19/01/2026,2275.0,2528.0,2413.0
Maharashtra,Satara,Satara,Onion,Local,FAQ,20/01/2026,2271.0,2456.0,2374.0
Maharashtra,Satara,Satara,Onion,Local,FAQ,21/01/2026,2255.0,2520.0,2404.0
Maharashtra,Satara,Satara,Onion,Local,FAQ,22/01/2026,2268.0,2497.0,2374.0
Maharashtra,Satara,Satara,Onion,Local,FAQ,23/01/2026,2250.0,2502.0,2356.0
Maharashtra,Satara,Satara,Onion,Local,FAQ,24/01/2026,2287.0,2474.0,2355.0
Maharashtra,Satara,Satara,Onion,Local,FAQ,25/01/2026,2299.0,2454.0,2359.0
Maharashtra,Satara,Satara,Onion,Local,FAQ,26/01/2026,2198.0,2409.0,2324.0
Maharashtra,Satara,Satara,Onion,Local,FAQ,27/01/2026,2208.0,2424.0,2351.0
Maharashtra,Satara,Satara,Onion,Local,FAQ,28/01/2026,2276.0,2431.0,2366.0
Maharashtra,Satara,Satara,Onion,Local,FAQ,29/01/2026,2295.0,2509.0,2397.0
Maharashtra,Satara,Satara,Onion,Local,FAQ,30/01/2026,2341.0,2526.0,2400.0
Maharashtra,Satara,Satara,Onion,Local,FAQ,31/01/2026,2276.0,2525.0,2404.0
Maharashtra,Satara,Satara,Onion,Local,FAQ,01/02/2026,2346.0,2480.0,2400.0
Maharashtra,Satara,Satara,Onion,Local,FAQ,02/02/2026,2321.0,2524.0,2380.0
Maharashtra,Satara,Satara,Onion,Local,FAQ,03/02/2026,2242.0,2428.0,2347.0
Maharashtra,Satara,Satara,Onion,Local,FAQ,04/02/2026,2209.0,2421.0,2319.0
Maharashtra,Satara,Satara,Onion,Local,FAQ,05/02/2026,2124.0,2366.0,2266.0
Maharashtra,Satara,Satara,Onion,Local,FAQ,06/02/2026,2180.0,2406.0,2268.0
Maharashtra,Satara,Satara,Onion,Local,FAQ,07/02/2026,2128.0,2396.0,2265.0
Maharashtra,Satara,Satara,Onion,Local,FAQ,08/02/2026,2190.0,2338.0,2248.0
Maharashtra,Satara,Satara,Onion,Local,FAQ,09/02/2026,2206.0,2392.0,2273.0
Maharashtra,Satara,Satara,Onion,Local,FAQ,10/02/2026,2160.0,2406.0,2274.0
Maharashtra,Satara,Satara,Onion,Local,FAQ,11/02/2026,2211.0,2410.0,2274.0
Maharashtra,Satara,Satara,Onion,Local,FAQ,12/02/2026,2162.0,2399.0,2273.0
Maharashtra,Satara,Satara,Onion,Local,FAQ,13/02/2026,2227.0,2394.0,2294.0
Maharashtra,Satara,Satara,Onion,Local,FAQ,14/02/2026,2180.0,2324.0,2267.0
Maharashtra,Satara,Satara,Onion,Local,FAQ,15/02/2026,2206.0,2323.0,2259.0
Maharashtra,Satara,Satara,Onion,Local,FAQ,16/02/2026,2114.0,2354.0,2261.0
Maharashtra,Satara,Satara,Onion,Local,FAQ,17/02/2026,2193.0,2375.0,2274.0
Maharashtra,Satara,Satara,Onion,Local,FAQ,18/02/2026,2136.0,2322.0,
Maharashtra,Satara,Satara,Onion,Local,FAQ,19/02/2026,2135.0,2362.0,
Maharashtra,Satara,Satara,Onion,Local,FAQ,20/02/2026,2185.0,2390.0,2241.0
Maharashtra,Satara,Satara,Onion,Local,FAQ,21/02/2026,2223.0,2399.0,2279.0
Maharashtra,Satara,Satara,Onion,Local,FAQ,22/02/2026,2144.0,2319.0,2263.0
Maharashtra,Satara,Satara,Onion,Local,FAQ,23/02/2026,2155.0,2406.0,2256.0
Maharashtra,Satara,Satara,Onion,Local,FAQ,24/02/2026,2186.0,2379.0,2267.0
Maharashtra,Satara,SATARA,onion,Local,FAQ,25/02/2026,2194.0,2390.0,2297.0
Maharashtra,Satara,Satara,Onion,Local,FAQ,26/02/2026,2175.0,2353.0,2262.0
Maharashtra,Satara,Satara,Onion,Local,FAQ,27/02/2026,2124.0,2380.0,2257.0
Maharashtra,Satara,Satara,Onion,Local,FAQ,28/02/2026,2190.0,2318.0,2242.0
Maharashtra,Satara,Satara,Onion,Local,FAQ,01/03/2026,2052.0,2242.0,2178.0
Maharashtra,Satara,Satara,Onion,Local,FAQ,02/03/2026,2090.0,2215.0,2141.0
Maharashtra,Satara,Satara,Onion,Local,FAQ,03/03/2026,1997.0,2275.0,2145.0
Maharashtra,Satara,Satara,Onion,Local,FAQ,04/03/2026,2084.0,2250.0,2145.0
Maharashtra,Satara,Satara,Onion,Local,FAQ,05/03/2026,2064.0,2293.0,2159.0
Maharashtra,Satara,Satara,Onion,Local,FAQ,06/03/2026,2094.0,2241.0,2159.0
Maharashtra,Satara,Satara,Onion,Local,FAQ,07/03/2026,2011.0,2233.0,2135.0
Maharashtra,Satara,Satara,Onion,Local,FAQ,08/03/2026,2005.0,2230.0,2101.0
Maharashtra,Satara,Satara,Onion,Local,FAQ,09/03/2026,1922.0,2207.0,2061.0
Maharashtra,Satara,Satara,Onion,Local,FAQ,10/03/2026,1925.0,2138.0,2044.0
Maharashtra,Satara,Satara,Onion,Local,FAQ,11/03/2026,1995.0,2204.0,2070.0
Maharashtra,Satara,Satara,Onion,Local,FAQ,12/03/2026,2008.0,2264.0,2124.0
Maharashtra,Satara,Satara,Onion,Local,FAQ,13/03/2026,1995.0,2220.0,2109.0
Maharashtra,Satara,Satara,Onion,Local,FAQ,14/03/2026,2044.0,2233.0,2109.0
Maharashtra,Satara,Satara,Onion,Local,FAQ,15/03/2026,1990.0,2209.0,2091.0
Maharashtra,Satara,Satara,Onion,Local,FAQ,16/03/2026,2025.0,2133.0,2082.0
Maharashtra,Satara,Satara,Onion,Local,FAQ,17/03/2026,1940.0,2210.0,2086.0
Maharashtra,Satara,Satara,Onion,Local,FAQ,18/03/2026,1967.0,2179.0,2052.0
Maharashtra,Satara,Satara,Onion,Local,FAQ,19/03/2026,1912.0,2097.0,2028.0
Maharashtra,Satara,Satara,Onion,Local,FAQ,20/03/2026,1981.0,2110.0,2058.0
Maharashtra,Satara,Satara,Onion,Local,FAQ,21/03/2026,2018.0,2223.0,2076.0
Maharashtra,Satara,Satara,Onion,Local,FAQ,22/03/2026,1989.0,2189.0,2101.0
Maharashtra,Satara,Satara,Onion,Local,FAQ,23/03/2026,2011.0,2144.0,2082.0
Maharashtra,Satara,Satara,Onion,Local,FAQ,24/03/2026,2001.0,2218.0,2115.0
Maharashtra,Satara,Satara,Onion,Local,FAQ,25/03/2026,2075.0,2276.0,2129.0
Maharashtra,Satara,Satara,Onion,Local,FAQ,26/03/2026,1965.0,2223.0,2113.0
Maharashtra,Satara,Satara,Onion,Local,FAQ,27/03/2026,2028.0,2261.0,2136.0
Maharashtra,Satara,Satara,Onion,Local,FAQ,28/03/2026,2086.0,2233.0,2149.0
Maharashtra,Satara,Satara,Onion,Local,FAQ,29/03/2026,2033.0,2248.0,2176.0
Maharashtra,Satara,Satara,Onion,Local,FAQ,30/03/2026,2056.0,2261.0,2150.0
Maharashtra,Satara,SATARA,onion,Local,FAQ,31/03/2026,1957.0,2175.0,2101.0
Maharashtra,Satara,Satara,Onion,Local,FAQ,01/04/2026,1956.0,2210.0,2095.0
Maharashtra,Satara,Satara,Onion,Local,FAQ,02/04/2026,2010.0,2221.0,2089.0
Maharashtra,Satara,Satara,Onion,Local,FAQ,03/04/2026,1958.0,2180.0,
Maharashtra,Satara,Satara,Onion,Local,FAQ,04/04/2026,1957.0,2214.0,2091.0
Maharashtra,Satara,Satara,Onion,Local,FAQ,05/04/2026,2040.0,2213.0,2108.0
Maharashtra,Satara,Satara,Onion,Local,FAQ,06/04/2026,1989.0,2281.0,2137.0
Maharashtra,Satara,Satara,Onion,Local,FAQ,07/04/2026,2015.0,2218.0,2147.0
Maharashtra,Satara,Satara,Onion,Local,FAQ,08/04/2026,2030.0,2265.0,2131.0
Maharashtra,Satara,Satara,Onion,Local,FAQ,09/04/2026,2030.0,2240.0,2139.0
Maharashtra,Satara,Satara,Onion,Local,FAQ,10/04/2026,2101.0,2288.0,2181.0
Maharashtra,Satara,Satara,Onion,Local,FAQ,11/04/2026,2086.0,2326.0,2200.0
Maharashtra,Satara,Satara,Onion,Local,FAQ,12/04/2026,2144.0,2306.0,2210.0
Maharashtra,Satara,Satara,Onion,Local,FAQ,13/04/2026,2074.0,2274.0,2204.0
Maharashtra,Satara,Satara,Onion,Local,FAQ,14/04/2026,2077.0,2306.0,2183.0
Maharashtra,Satara,Satara,Onion,Local,FAQ,15/04/2026,2067.0,2281.0,2153.0
Maharashtra,Satara,Satara,Onion,Local,FAQ,16/04/2026,2059.0,2215.0,2164.0
Maharashtra,Satara,Satara,Onion,Local,FAQ,17/04/2026,1999.0,2232.0,2145.0
Maharashtra,Satara,SATARA,onion,Local,FAQ,18/04/2026,2078.0,2226.0,2161.0
Maharashtra,Satara,Satara,Onion,Local,FAQ,19/04/2026,2029.0,2266.0,2179.0
Maharashtra,Satara,Satara,Onion,Local,FAQ,20/04/2026,2075.0,2292.0,2170.0
Maharashtra,Satara,Satara,Onion,Local,FAQ,21/04/2026,2086.0,2266.0,2175.0
Maharashtra,Satara,Satara,Onion,Local,FAQ,22/04/2026,2079.0,2249.0,2199.0
Maharashtra,Satara,Satara,Onion,Local,FAQ,23/04/2026,2032.0,2220.0,2161.0
Maharashtra,Satara,Satara,Onion,Local,FAQ,24/04/2026,2083.0,2290.0,2192.0
Maharashtra,Satara,Satara,Onion,Local,FAQ,25/04/2026,2070.0,2284.0,2178.0
Maharashtra,Satara,Satara,Onion,Local,FAQ,26/04/2026,2077.0,2293.0,2183.0
Maharashtra,Satara,Satara,Onion,Local,FAQ,27/04/2026,2131.0,2341.0,2208.0
Maharashtra,Satara,Satara,Onion,Local,FAQ,28/04/2026,2123.0,2281.0,2223.0
Maharashtra,Satara,Satara,Onion,Local,FAQ,29/04/2026,2091.0,2340.0,2219.0
Maharashtra,Satara,Satara,Onion,Local,FAQ,30/04/2026,2078.0,2309.0,2207.0
Maharashtra,Satara,Satara,Onion,Local,FAQ,01/05/2026,2096.0,2272.0,2179.0
Maharashtra,Satara,Satara,Onion,Local,FAQ,02/05/2026,2115.0,2246.0,2174.0
Maharashtra,Satara,Satara,Onion,Local,FAQ,03/05/2026,2062.0,2355.0,2212.0
Maharashtra,Satara,Satara,Onion,Local,FAQ,04/05/2026,2114.0,2320.0,2228.0
Maharashtra,Satara,Satara,Onion,Local,FAQ,05/05/2026,2196.0,2349.0,
Maharashtra,Satara,Satara,Onion,Local,FAQ,06/05/2026,2139.0,2361.0,2273.0
Maharashtra,Satara,Satara,Onion,Local,FAQ,07/05/2026,2252.0,2406.0,2320.0
Maharashtra,Satara,Satara,Onion,Local,FAQ,08/05/2026,2275.0,2411.0,
Maharashtra,Satara,Satara,Onion,Local,FAQ,09/05/2026,2282.0,2506.0,2362.0
Maharashtra,Satara,Satara,Onion,Local,FAQ,10/05/2026,2242.0,2411.0,2318.0
Maharashtra,Satara,Satara,Onion,Local,FAQ,11/05/2026,2235.0,2429.0,2331.0
Maharashtra,Satara,Satara,Onion,Local,FAQ,12/05/2026,2254.0,2375.0,2317.0
Maharashtra,Satara,Satara,Onion,Local,FAQ,13/05/2026,2223.0,2440.0,2317.0
Maharashtra,Satara,Satara,Onion,Local,FAQ,14/05/2026,2234.0,2427.0,2361.0
Maharashtra,Satara,Satara,Onion,Local,FAQ,15/05/2026,2211.0,2452.0,2336.0
Maharashtra,Satara,Satara,Onion,Local,FAQ,16/05/2026,2197.0,2400.0,2343.0
Maharashtra,Satara,Satara,Onion,Local,FAQ,17/05/2026,2265.0,2416.0,2341.0
Maharashtra,Satara,Satara,Onion,Local,FAQ,18/05/2026,2195.0,2411.0,2336.0
Maharashtra,Satara,Satara,Onion,Local,FAQ,19/05/2026,2264.0,2487.0,2359.0
Maharashtra,Satara,Satara,Onion,Local,FAQ,20/05/2026,2282.0,2438.0,2339.0
Maharashtra,Satara,Satara,Onion,Local,FAQ,21/05/2026,2193.0,2418.0,2278.0
Maharashtra,Satara,Satara,Onion,Local,FAQ,22/05/2026,2248.0,2416.0,2300.0
Maharashtra,Satara,Satara,Onion,Local,FAQ,23/05/2026,2158.0,2357.0,2302.0
Maharashtra,Satara,Satara,Onion,Local,FAQ,24/05/2026,2223.0,2391.0,2315.0
Maharashtra,Satara,Satara,Onion,Local,FAQ,25/05/2026,2265.0,2442.0,2335.0
Maharashtra,Satara,SATARA,onion,Local,FAQ,26/05/2026,2207.0,2450.0,
Maharashtra,Satara,Satara,Onion,Local,FAQ,27/05/2026,2202.0,2328.0,2263.0
Maharashtra,Satara,Satara,Onion,Local,FAQ,28/05/2026,2219.0,2367.0,2292.0
Maharashtra,Satara,Satara,Onion,Local,FAQ,29/05/2026,2195.0,2358.0,2297.0
Maharashtra,Satara,Satara,Onion,Local,FAQ,30/05/2026,2190.0,2448.0,2326.0
Maharashtra,Satara,Satara,Onion,Local,FAQ,31/05/2026,2226.0,2388.0,2330.0
Maharashtra,Satara,Satara,Onion,Local,FAQ,01/06/2026,2225.0,2419.0,2321.0
Maharashtra,Satara,Satara,Onion,Local,FAQ,02/06/2026,2236.0,2423.0,2332.0
Maharashtra,Satara,Satara,Onion,Local,FAQ,03/06/2026,2239.0,2459.0,2354.0
Maharashtra,Satara,Satara,Onion,Local,FAQ,04/06/2026,2224.0,2451.0,2355.0
Maharashtra,Satara,Satara,Onion,Local,FAQ,05/06/2026,2282.0,2466.0,2337.0
Maharashtra,Satara,Satara,Onion,Local,FAQ,06/06/2026,2255.0,2404.0,2321.0
Maharashtra,Satara,Satara,Onion,Local,FAQ,07/06/2026,2175.0,2403.0,2301.0
Maharashtra,Satara,Satara,Onion,Local,FAQ,08/06/2026,2171.0,2446.0,2309.0
Maharashtra,Satara,Satara,Onion,Local,FAQ,09/06/2026,2228.0,2397.0,2302.0
Maharashtra,Satara,Satara,Onion,Local,FAQ,10/06/2026,2220.0,2424.0,2324.0
Maharashtra,Satara,Satara,Onion,Local,FAQ,11/06/2026,2261.0,2438.0,2322.0
Maharashtra,Satara,Satara,Onion,Local,FAQ,12/06/2026,2184.0,2458.0,2312.0
Maharashtra,Satara,Satara,Onion,Local,FAQ,13/06/2026,2271.0,2443.0,2341.0
Maharashtra,Satara,Satara,Onion,Local,FAQ,14/06/2026,2256.0,2477.0,2364.0
Maharashtra,Satara,Satara,Onion,Local,FAQ,15/06/2026,2217.0,2437.0,2347.0
Maharashtra,Satara,Satara,Onion,Local,FAQ,16/06/2026,2283.0,2469.0,2349.0
Maharashtra,Satara,Satara,Onion,Local,FAQ,17/06/2026,2241.0,2452.0,2370.0
Maharashtra,Satara,Satara,Onion,Local,FAQ,18/06/2026,2293.0,2500.0,2361.0
Maharashtra,Satara,Satara,Onion,Local,FAQ,19/06/2026,2236.0,2416.0,2351.0
Maharashtra,Satara,Satara,Onion,Local,FAQ,20/06/2026,2345.0,2541.0,2403.0
Maharashtra,Satara,Satara,Onion,Local,FAQ,21/06/2026,2246.0,2477.0,2376.0
Maharashtra,Satara,Satara,Onion,Local,FAQ,22/06/2026,2226.0,2491.0,2374.0
Maharashtra,Satara,Satara,Onion,Local,FAQ,23/06/2026,2273.0,2453.0,2386.0
Maharashtra,Satara,Satara,Onion,Local,FAQ,24/06/2026,2315.0,2432.0,2381.0
Maharashtra,Satara,Satara,Onion,Local,FAQ,25/06/2026,2300.0,2509.0,2406.0
Maharashtra,Satara,Satara,Onion,Local,FAQ,26/06/2026,2362.0,2543.0,2420.0
Maharashtra,Satara,Satara,Onion,Local,FAQ,27/06/2026,2359.0,2564.0,2428.0
Maharashtra,Satara,Satara,Onion,Local,FAQ,28/06/2026,2311.0,2513.0,2432.0
Maharashtra,Satara,Satara,Onion,Local,FAQ,29/06/2026,2368.0,2597.0,2465.0
Maharashtra,Satara,Satara,Onion,Local,FAQ,30/06/2026,2313.0,2545.0,2412.0
Maharashtra,Satara,Satara,Onion,Local,FAQ,01/07/2026,2313.0,2464.0,2397.0
Maharashtra,Satara,Satara,Onion,Local,FAQ,02/07/2026,2358.0,2492.0,2418.0
Maharashtra,Satara,Satara,Onion,Local,FAQ,03/07/2026,2368.0,2517.0,2432.0
Maharashtra,Satara,Satara,Onion,Local,FAQ,04/07/2026,2357.0,2584.0,2472.0
Maharashtra,Satara,Satara,Onion,Local,FAQ,05/07/2026,2379.0,2598.0,2464.0
Maharashtra,Satara,Satara,Onion,Local,FAQ,06/07/2026,2361.0,2537.0,2474.0
Maharashtra,Satara,Satara,Onion,Local,FAQ,07/07/2026,2356.0,2557.0,2474.0
Maharashtra,Satara,Satara,Onion,Local,FAQ,08/07/2026,2395.0,2598.0,2462.0
Maharashtra,Satara,Satara,Onion,Local,FAQ,09/07/2026,2394.0,2601.0,2467.0
Maharashtra,Satara,Satara,Onion,Local,FAQ,10/07/2026,2370.0,2590.0,2489.0
Maharashtra,Satara,Satara,Onion,Local,FAQ,11/07/2026,2374.0,2526.0,2455.0
Maharashtra,Pune,Pune,Onion,Local,FAQ,04/12/2025,2176.0,2440.0,2313.0
Maharashtra,Pune,Pune,Onion,Local,FAQ,05/12/2025,2188.0,2433.0,2317.0
Maharashtra,Pune,Pune,Onion,Local,FAQ,06/12/2025,2211.0,2434.0,2328.0
Maharashtra,Pune,Pune,Onion,Local,FAQ,07/12/2025,2261.0,2417.0,2322.0
Maharashtra,Pune,Pune,Onion,Local,FAQ,08/12/2025,2244.0,2437.0,2349.0
Maharashtra,Pune,Pune,Onion,Local,FAQ,09/12/2025,2198.0,2407.0,2346.0
Maharashtra,Pune,Pune,Onion,Local,FAQ,10/12/2025,2209.0,2475.0,2333.0
Maharashtra,Pune,Pune,Onion,Local,FAQ,11/12/2025,2253.0,2467.0,2331.0
Maharashtra,Pune,Pune,Onion,Local,FAQ,12/12/2025,2218.0,2473.0,2343.0
Maharashtra,Pune,Pune,Onion,Local,FAQ,13/12/2025,2285.0,2483.0,2337.0
Maharashtra,Pune,Pune,Onion,Local,FAQ,14/12/2025,2181.0,2392.0,2314.0
Maharashtra,Pune,Pune,Onion,Local,FAQ,15/12/2025,2204.0,2402.0,2341.0
Maharashtra,Pune,Pune,Onion,Local,FAQ,16/12/2025,2290.0,2424.0,2350.0
Maharashtra,Pune,Pune,Onion,Local,FAQ,17/12/2025,2345.0,2493.0,2396.0
Maharashtra,Pune,Pune,Onion,Local,FAQ,18/12/2025,2336.0,2496.0,2416.0
Maharashtra,Pune,Pune,Onion,Local,FAQ,19/12/2025,2251.0,2430.0,2375.0
Maharashtra,Pune,Pune,Onion,Local,FAQ,20/12/2025,2260.0,2468.0,2399.0
Maharashtra,Pune,Pune,Onion,Local,FAQ,21/12/2025,2384.0,2516.0,2442.0
Maharashtra,Pune,Pune,Onion,Local,FAQ,22/12/2025,2388.0,2577.0,2444.0
Maharashtra,Pune,Pune,Onion,Local,FAQ,23/12/2025,2363.0,2534.0,2473.0
Maharashtra,Pune,Pune,Onion,Local,FAQ,24/12/2025,2359.0,2604.0,2497.0
Maharashtra,Pune,Pune,Onion,Local,FAQ,25/12/2025,2408.0,2603.0,2510.0
Maharashtra,Pune,Pune,Onion,Local,FAQ,26/12/2025,2366.0,2603.0,2493.0
Maharashtra,Pune,Pune,Onion,Local,FAQ,27/12/2025,2309.0,2542.0,2448.0
Maharashtra,Pune,Pune,Onion,Local,FAQ,28/12/2025,2379.0,2608.0,2488.0
Maharashtra,Pune,Pune,Onion,Local,FAQ,29/12/2025,2447.0,2622.0,2521.0
Maharashtra,Pune,Pune,Onion,Local,FAQ,30/12/2025,2416.0,2630.0,2515.0
Maharashtra,Pune,Pune,Onion,Local,FAQ,31/12/2025,2348.0,2603.0,2493.0
Maharashtra,Pune,Pune,Onion,Local,FAQ,01/01/2026,2382.0,2552.0,2495.0
Maharashtra,Pune,Pune,Onion,Local,FAQ,02/01/2026,2462.0,2623.0,2537.0
Maharashtra,Pune,Pune,Onion,Local,FAQ,03/01/2026,2458.0,2600.0,2522.0
Maharashtra,Pune,Pune,Onion,Local,FAQ,04/01/2026,2374.0,2604.0,2521.0
Maharashtra,Pune,Pune,Onion,Local,FAQ,05/01/2026,2375.0,2564.0,9944.0
Maharashtra,Pune,Pune,Onion,Local,FAQ,06/01/2026,2412.0,2585.0,2483.0
Maharashtra,Pune,Pune,Onion,Local,FAQ,07/01/2026,2346.0,2583.0,2476.0
Maharashtra,Pune,Pune,Onion,Local,FAQ,08/01/2026,2356.0,2536.0,2457.0
Maharashtra,Pune,Pune,Onion,Local,FAQ,09/01/2026,2394.0,2565.0,2453.0
Maharashtra,Pune,Pune,Onion,Local,FAQ,10/01/2026,2409.0,2555.0,2470.0
Maharashtra,Pune,PUNE,onion,Local,FAQ,11/01/2026,2398.0,2617.0,2497.0
Maharashtra,Pune,Pune,Onion,Local,FAQ,12/01/2026,2348.0,2560.0,2497.0
Maharashtra,Pune,Pune,Onion,Local,FAQ,13/01/2026,2387.0,2570.0,
Maharashtra,Pune,Pune,Onion,Local,FAQ,14/01/2026,2301.0,2563.0,2442.0
Maharashtra,Pune,Pune,Onion,Local,FAQ,15/01/2026,2270.0,2548.0,2402.0
Maharashtra,Pune,Pune,Onion,Local,FAQ,16/01/2026,2292.0,2474.0,2424.0
Maharashtra,Pune,Pune,Onion,Local,FAQ,17/01/2026,2336.0,2468.0,2412.0
Maharashtra,Pune,Pune,Onion,Local,FAQ,18/01/2026,2306.0,2535.0,2416.0
Maharashtra,Pune,Pune,Onion,Local,FAQ,19/01/2026,2313.0,2496.0,2409.0
Maharashtra,Pune,Pune,Onion,Local,FAQ,20/01/2026,2325.0,2479.0,2387.0
Maharashtra,Pune,Pune,Onion,Local,FAQ,21/01/2026,2326.0,2469.0,2384.0
Maharashtra,Pune,Pune,Onion,Local,FAQ,22/01/2026,2242.0,2503.0,2386.0
Maharashtra,Pune,Pune,Onion,Local,FAQ,23/01/2026,2249.0,2409.0,2358.0
Maharashtra,Pune,Pune,Onion,Local,FAQ,24/01/2026,2280.0,2535.0,2394.0
Maharashtra,Pune,Pune,Onion,Local,FAQ,25/01/2026,2296.0,2480.0,2418.0
Maharashtra,Pune,Pune,Onion,Local,FAQ,26/01/2026,2285.0,2482.0,2425.0
Maharashtra,Pune,Pune,Onion,Local,FAQ,27/01/2026,2345.0,2488.0,2396.0
Maharashtra,Pune,Pune,Onion,Local,FAQ,28/01/2026,2319.0,2498.0,2399.0
Maharashtra,Pune,Pune,Onion,Local,FAQ,29/01/2026,2323.0,2491.0,2385.0
Maharashtra,Pune,Pune,Onion,Local,FAQ,30/01/2026,2303.0,2510.0,2387.0
Maharashtra,Pune,Pune,Onion,Local,FAQ,31/01/2026,2293.0,2505.0,2412.0
Maharashtra,Pune,Pune,Onion,Local,FAQ,01/02/2026,2305.0,2500.0,2422.0
Maharashtra,Pune,PUNE,onion,Local,FAQ,02/02/2026,2352.0,2577.0,2447.0
Maharashtra,Pune,Pune,Onion,Local,FAQ,03/02/2026,2299.0,2567.0,2431.0
Maharashtra,Pune,Pune,Onion,Local,FAQ,04/02/2026,2345.0,2535.0,2427.0
Maharashtra,Pune,Pune,Onion,Local,FAQ,05/02/2026,2361.0,2558.0,2448.0
Maharashtra,Pune,Pune,Onion,Local,FAQ,06/02/2026,2386.0,2540.0,2473.0
Maharashtra,Pune,Pune,Onion,Local,FAQ,07/02/2026,2408.0,2565.0,2501.0
Maharashtra,Pune,Pune,Onion,Local,FAQ,08/02/2026,2429.0,2547.0,2494.0
Maharashtra,Pune,Pune,Onion,Local,FAQ,09/02/2026,2398.0,2627.0,2513.0
Maharashtra,Pune,Pune,Onion,Local,FAQ,10/02/2026,2408.0,2580.0,2499.0
Maharashtra,Pune,PUNE,onion,Local,FAQ,11/02/2026,2376.0,2605.0,2494.0
Maharashtra,Pune,Pune,Onion,Local,FAQ,12/02/2026,2314.0,2558.0,2463.0
Maharashtra,Pune,Pune,Onion,Local,FAQ,13/02/2026,2329.0,2512.0,2448.0
Maharashtra,Pune,Pune,Onion,Local,FAQ,14/02/2026,2335.0,2582.0,2436.0
Maharashtra,Pune,Pune,Onion,Local,FAQ,15/02/2026,2348.0,2490.0,2436.0
Maharashtra,Pune,Pune,Onion,Local,FAQ,16/02/2026,2368.0,2486.0,2434.0
Maharashtra,Pune,Pune,Onion,Local,FAQ,17/02/2026,2299.0,2521.0,2425.0
Maharashtra,Pune,Pune,Onion,Local,FAQ,18/02/2026,2377.0,2585.0,2439.0
Maharashtra,Pune,Pune,Onion,Local,FAQ,19/02/2026,2350.0,2570.0,2431.0
Maharashtra,Pune,Pune,Onion,Local,FAQ,20/02/2026,2313.0,2540.0,2461.0
Maharashtra,Pune,Pune,Onion,Local,FAQ,21/02/2026,2324.0,2559.0,2470.0
Maharashtra,Pune,Pune,Onion,Local,FAQ,22/02/2026,2327.0,2496.0,2431.0
Maharashtra,Pune,Pune,Onion,Local,FAQ,23/02/2026,2297.0,2506.0,2402.0
Maharashtra,Pune,Pune,Onion,Local,FAQ,24/02/2026,2324.0,2498.0,2418.0
Maharashtra,Pune,Pune,Onion,Local,FAQ,25/02/2026,2355.0,2500.0,2431.0
Maharashtra,Pune,Pune,Onion,Local,FAQ,26/02/2026,2350.0,2574.0,2427.0
Maharashtra,Pune,Pune,Onion,Local,FAQ,27/02/2026,2309.0,2500.0,2415.0
Maharashtra,Pune,Pune,Onion,Local,FAQ,28/02/2026,2294.0,2501.0,2388.0
Maharashtra,Pune,Pune,Onion,Local,FAQ,01/03/2026,2295.0,2484.0,2394.0
Maharashtra,Pune,Pune,Onion,Local,FAQ,02/03/2026,2310.0,2492.0,2422.0
Maharashtra,Pune,Pune,Onion,Local,FAQ,03/03/2026,2381.0,2525.0,2471.0
Maharashtra,Pune,Pune,Onion,Local,FAQ,04/03/2026,2464.0,2683.0,2537.0
Maharashtra,Pune,Pune,Onion,Local,FAQ,05/03/2026,2358.0,2621.0,2499.0
Maharashtra,Pune,Pune,Onion,Local,FAQ,06/03/2026,2463.0,2655.0,2526.0
Maharashtra,Pune,Pune,Onion,Local,FAQ,07/03/2026,2467.0,2658.0,2529.0
Maharashtra,Pune,Pune,Onion,Local,FAQ,08/03/2026,2400.0,2609.0,2544.0
Maharashtra,Pune,Pune,Onion,Local,FAQ,09/03/2026,2439.0,2683.0,2535.0
Maharashtra,Pune,Pune,Onion,Local,FAQ,10/03/2026,2454.0,2651.0,
Maharashtra,Pune,Pune,Onion,Local,FAQ,11/03/2026,2483.0,2632.0,2562.0
Maharashtra,Pune,Pune,Onion,Local,FAQ,12/03/2026,2446.0,2646.0,2547.0
Maharashtra,Pune,Pune,Onion,Local,FAQ,13/03/2026,2473.0,2718.0,2581.0
Maharashtra,Pune,Pune,Onion,Local,FAQ,14/03/2026,2447.0,2706.0,2580.0
Maharashtra,Pune,Pune,Onion,Local,FAQ,15/03/2026,2480.0,2733.0,2587.0
Maharashtra,Pune,Pune,Onion,Local,FAQ,16/03/2026,2447.0,2676.0,2582.0
Maharashtra,Pune,Pune,Onion,Local,FAQ,17/03/2026,2443.0,2717.0,2578.0
Maharashtra,Pune,Pune,Onion,Local,FAQ,18/03/2026,2480.0,2736.0,2593.0
Maharashtra,Pune,Pune,Onion,Local,FAQ,19/03/2026,2468.0,2618.0,2520.0
Maharashtra,Pune,Pune,Onion,Local,FAQ,20/03/2026,2429.0,2611.0,2548.0
Maharashtra,Pune,Pune,Onion,Local,FAQ,21/03/2026,2491.0,2657.0,2571.0
Maharashtra,Pune,Pune,Onion,Local,FAQ,22/03/2026,2485.0,2702.0,2556.0
Maharashtra,Pune,PUNE,onion,Local,FAQ,23/03/2026,2526.0,2727.0,2577.0
Maharashtra,Pune,Pune,Onion,Local,FAQ,24/03/2026,2522.0,2652.0,2601.0
Maharashtra,Pune,Pune,Onion,Local,FAQ,25/03/2026,2490.0,2747.0,2614.0
Maharashtra,Pune,Pune,Onion,Local,FAQ,26/03/2026,2473.0,2725.0,2598.0
Maharashtra,Pune,Pune,Onion,Local,FAQ,27/03/2026,2493.0,2736.0,2609.0
Maharashtra,Pune,Pune,Onion,Local,FAQ,28/03/2026,2559.0,2717.0,2618.0
Maharashtra,Pune,Pune,Onion,Local,FAQ,29/03/2026,2586.0,2735.0,2644.0
Maharashtra,Pune,PUNE,onion,Local,FAQ,30/03/2026,2542.0,2688.0,2627.0
Maharashtra,Pune,Pune,Onion,Local,FAQ,31/03/2026,2493.0,2769.0,2624.0
Maharashtra,Pune,Pune,Onion,Local,FAQ,01/04/2026,2518.0,2676.0,2576.0
Maharashtra,Pune,Pune,Onion,Local,FAQ,02/04/2026,2453.0,2703.0,2582.0
Maharashtra,Pune,Pune,Onion,Local,FAQ,03/04/2026,2469.0,2620.0,2542.0
Maharashtra,Pune,Pune,Onion,Local,FAQ,04/04/2026,2393.0,2666.0,2523.0
Maharashtra,Pune,Pune,Onion,Local,FAQ,05/04/2026,2461.0,2641.0,2543.0
Maharashtra,Pune,Pune,Onion,Local,FAQ,06/04/2026,2465.0,2652.0,2538.0
Maharashtra,Pune,Pune,Onion,Local,FAQ,07/04/2026,2454.0,2655.0,2540.0
Maharashtra,Pune,Pune,Onion,Local,FAQ,08/04/2026,2485.0,2686.0,2547.0
Maharashtra,Pune,Pune,Onion,Local,FAQ,09/04/2026,2362.0,2583.0,2471.0
Maharashtra,Pune,Pune,Onion,Local,FAQ,10/04/2026,2419.0,2594.0,2476.0
Maharashtra,Pune,Pune,Onion,Local,FAQ,11/04/2026,2364.0,2626.0,2496.0
Maharashtra,Pune,Pune,Onion,Local,FAQ,12/04/2026,2367.0,2574.0,2472.0
Maharashtra,Pune,Pune,Onion,Local,FAQ,13/04/2026,2405.0,2582.0,2482.0
Maharashtra,Pune,Pune,Onion,Local,FAQ,14/04/2026,2391.0,2532.0,2469.0
Maharashtra,Pune,Pune,Onion,Local,FAQ,15/04/2026,2331.0,2538.0,2456.0
Maharashtra,Pune,Pune,Onion,Local,FAQ,16/04/2026,2410.0,2561.0,2460.0
Maharashtra,Pune,Pune,Onion,Local,FAQ,17/04/2026,2317.0,2501.0,2451.0
Maharashtra,Pune,Pune,Onion,Local,FAQ,18/04/2026,2380.0,2579.0,2455.0
Maharashtra,Pune,Pune,Onion,Local,FAQ,19/04/2026,2353.0,2516.0,2439.0
Maharashtra,Pune,Pune,Onion,Local,FAQ,20/04/2026,2297.0,2512.0,2431.0
Maharashtra,Pune,Pune,Onion,Local,FAQ,21/04/2026,2345.0,2579.0,2438.0
Maharashtra,Pune,Pune,Onion,Local,FAQ,22/04/2026,2355.0,2589.0,2443.0
Maharashtra,Pune,Pune,Onion,Local,FAQ,23/04/2026,2350.0,2538.0,2449.0
Maharashtra,Pune,Pune,Onion,Local,FAQ,24/04/2026,2322.0,2555.0,2435.0
Maharashtra,Pune,Pune,Onion,Local,FAQ,25/04/2026,2312.0,2585.0,2459.0
Maharashtra,Pune,Pune,Onion,Local,FAQ,26/04/2026,2345.0,2610.0,2490.0
Maharashtra,Pune,Pune,Onion,Local,FAQ,27/04/2026,2346.0,2588.0,2474.0
Maharashtra,Pune,Pune,Onion,Local,FAQ,28/04/2026,2411.0,2552.0,2466.0
Maharashtra,Pune,Pune,Onion,Local,FAQ,29/04/2026,2373.0,2562.0,2466.0
Maharashtra,Pune,Pune,Onion,Local,FAQ,30/04/2026,2410.0,2568.0,2481.0
Maharashtra,Pune,Pune,Onion,Local,FAQ,01/05/2026,2342.0,2561.0,2469.0
Maharashtra,Pune,Pune,Onion,Local,FAQ,02/05/2026,2333.0,2600.0,2465.0
Maharashtra,Pune,Pune,Onion,Local,FAQ,03/05/2026,2384.0,2619.0,2481.0
Maharashtra,Pune,Pune,Onion,Local,FAQ,04/05/2026,2380.0,2570.0,2452.0
Maharashtra,Pune,Pune,Onion,Local,FAQ,05/05/2026,2349.0,2528.0,2413.0
Maharashtra,Pune,Pune,Onion,Local,FAQ,06/05/2026,2310.0,2516.0,2434.0
Maharashtra,Pune,Pune,Onion,Local,FAQ,07/05/2026,2283.0,2474.0,2404.0
Maharashtra,Pune,Pune,Onion,Local,FAQ,08/05/2026,2306.0,2524.0,2445.0
Maharashtra,Pune,Pune,Onion,Local,FAQ,09/05/2026,2370.0,2533.0,2431.0
Maharashtra,Pune,Pune,Onion,Local,FAQ,10/05/2026,2350.0,2561.0,2427.0
Maharashtra,Pune,Pune,Onion,Local,FAQ,11/05/2026,2323.0,2512.0,2422.0
Maharashtra,Pune,Pune,Onion,Local,FAQ,12/05/2026,2294.0,2507.0,2397.0
Maharashtra,Pune,Pune,Onion,Local,FAQ,13/05/2026,2250.0,2498.0,2396.0
Maharashtra,Pune,Pune,Onion,Local,FAQ,14/05/2026,2272.0,2471.0,2390.0
Maharashtra,Pune,Pune,Onion,Local,FAQ,15/05/2026,2306.0,2556.0,2408.0
Maharashtra,Pune,Pune,Onion,Local,FAQ,16/05/2026,2363.0,2478.0,2426.0
Maharashtra,Pune,Pune,Onion,Local,FAQ,17/05/2026,2380.0,2519.0,2442.0
Maharashtra,Pune,Pune,Onion,Local,FAQ,18/05/2026,2405.0,2536.0,2457.0
Maharashtra,Pune,Pune,Onion,Local,FAQ,19/05/2026,2375.0,2547.0,2460.0
Maharashtra,Pune,Pune,Onion,Local,FAQ,20/05/2026,2449.0,2579.0,2499.0
Maharashtra,Pune,Pune,Onion,Local,FAQ,21/05/2026,2368.0,2555.0,2503.0
Maharashtra,Pune,Pune,Onion,Local,FAQ,22/05/2026,2364.0,2632.0,2504.0
Maharashtra,Pune,Pune,Onion,Local,FAQ,23/05/2026,2408.0,2578.0,2498.0
Maharashtra,Pune,Pune,Onion,Local,FAQ,24/05/2026,2479.0,2609.0,2536.0
Maharashtra,Pune,Pune,Onion,Local,FAQ,25/05/2026,2408.0,2630.0,2533.0
Maharashtra,Pune,Pune,Onion,Local,FAQ,26/05/2026,2436.0,2638.0,2492.0
Maharashtra,Pune,Pune,Onion,Local,FAQ,27/05/2026,2346.0,2550.0,2492.0
Maharashtra,Pune,Pune,Onion,Local,FAQ,28/05/2026,2411.0,2571.0,2498.0
Maharashtra,Pune,Pune,Onion,Local,FAQ,29/05/2026,2377.0,2617.0,2489.0
Maharashtra,Pune,Pune,Onion,Local,FAQ,30/05/2026,2373.0,2546.0,2481.0
Maharashtra,Pune,Pune,Onion,Local,FAQ,31/05/2026,2404.0,2610.0,2493.0
Maharashtra,Pune,Pune,Onion,Local,FAQ,01/06/2026,2446.0,2607.0,2522.0
Maharashtra,Pune,Pune,Onion,Local,FAQ,02/06/2026,2419.0,2655.0,2516.0
Maharashtra,Pune,Pune,Onion,Local,FAQ,03/06/2026,2407.0,2584.0,2528.0
Maharashtra,Pune,Pune,Onion,Local,FAQ,04/06/2026,2444.0,2653.0,2507.0
Maharashtra,Pune,Pune,Onion,Local,FAQ,05/06/2026,2456.0,2633.0,2559.0
Maharashtra,Pune,Pune,Onion,Local,FAQ,06/06/2026,2552.0,2687.0,2610.0
Maharashtra,Pune,Pune,Onion,Local,FAQ,07/06/2026,2479.0,2706.0,2610.0
Maharashtra,Pune,Pune,Onion,Local,FAQ,08/06/2026,2500.0,2621.0,2554.0
Maharashtra,Pune,Pune,Onion,Local,FAQ,09/06/2026,2498.0,2664.0,2593.0
Maharashtra,Pune,Pune,Onion,Local,FAQ,10/06/2026,2436.0,2652.0,2582.0
Maharashtra,Pune,Pune,Onion,Local,FAQ,11/06/2026,2452.0,2746.0,10388.0
Maharashtra,Pune,Pune,Onion,Local,FAQ,12/06/2026,2463.0,2666.0,2557.0
Maharashtra,Pune,Pune,Onion,Local,FAQ,13/06/2026,2511.0,2680.0,2568.0
Maharashtra,Pune,Pune,Onion,Local,FAQ,14/06/2026,2453.0,2645.0,2579.0
Maharashtra,Pune,Pune,Onion,Local,FAQ,15/06/2026,2482.0,2702.0,2580.0
Maharashtra,Pune,Pune,Onion,Local,FAQ,16/06/2026,2481.0,2664.0,2598.0
Maharashtra,Pune,Pune,Onion,Local,FAQ,17/06/2026,2458.0,2692.0,2565.0
Maharashtra,Pune,Pune,Onion,Local,FAQ,18/06/2026,2506.0,2643.0,2557.0
Maharashtra,Pune,Pune,Onion,Local,FAQ,19/06/2026,2414.0,2630.0,2557.0
Maharashtra,Pune,Pune,Onion,Local,FAQ,20/06/2026,2444.0,2661.0,2526.0
Maharashtra,Pune,PUNE,onion,Local,FAQ,21/06/2026,2418.0,2601.0,2541.0
Maharashtra,Pune,Pune,Onion,Local,FAQ,22/06/2026,2432.0,2646.0,2530.0
Maharashtra,Pune,Pune,Onion,Local,FAQ,23/06/2026,2467.0,2608.0,2529.0
Maharashtra,Pune,Pune,Onion,Local,FAQ,24/06/2026,2398.0,2601.0,2547.0
Maharashtra,Pune,Pune,Onion,Local,FAQ,25/06/2026,2417.0,2630.0,2543.0
Maharashtra,Pune,Pune,Onion,Local,FAQ,26/06/2026,2436.0,2723.0,2578.0
Maharashtra,Pune,Pune,Onion,Local,FAQ,27/06/2026,2455.0,2649.0,2563.0
Maharashtra,Pune,Pune,Onion,Local,FAQ,28/06/2026,2440.0,2632.0,2546.0
Maharashtra,Pune,Pune,Onion,Local,FAQ,29/06/2026,2450.0,2640.0,2566.0
Maharashtra,Pune,Pune,Onion,Local,FAQ,30/06/2026,2494.0,2620.0,2566.0
Maharashtra,Pune,Pune,Onion,Local,FAQ,01/07/2026,2488.0,2610.0,2542.0
Maharashtra,Pune,Pune,Onion,Local,FAQ,02/07/2026,2387.0,2640.0,2532.0
Maharashtra,Pune,Pune,Onion,Local,FAQ,03/07/2026,2455.0,2657.0,2549.0
Maharashtra,Pune,Pune,Onion,Local,FAQ,04/07/2026,2512.0,2675.0,2590.0
Maharashtra,Pune,Pune,Onion,Local,FAQ,05/07/2026,2453.0,2737.0,2592.0
Maharashtra,Pune,Pune,Onion,Local,FAQ,06/07/2026,2460.0,2686.0,2588.0
Maharashtra,Pune,Pune,Onion,Local,FAQ,07/07/2026,2511.0,2681.0,2611.0
Maharashtra,Pune,Pune,Onion,Local,FAQ,08/07/2026,2496.0,2715.0,2579.0
Maharashtra,Pune,Pune,Onion,Local,FAQ,09/07/2026,2517.0,2645.0,2588.0
Maharashtra,Pune,Pune,Onion,Local,FAQ,10/07/2026,2392.0,2657.0,2523.0
Maharashtra,Pune,Pune,Onion,Local,FAQ,11/07/2026,2445.0,2647.0,2528.0
Maharashtra,Nashik,Nashik,Onion,Local,FAQ,04/12/2025,2352.0,2555.0,2417.0
Maharashtra,Nashik,Nashik,Onion,Local,FAQ,05/12/2025,2343.0,2525.0,2447.0
Maharashtra,Nashik,Nashik,Onion,Local,FAQ,06/12/2025,2371.0,2561.0,2434.0
Maharashtra,Nashik,NASHIK,onion,Local,FAQ,07/12/2025,2382.0,2524.0,2432.0
Maharashtra,Nashik,Nashik,Onion,Local,FAQ,08/12/2025,2268.0,2488.0,2415.0
Maharashtra,Nashik,Nashik,Onion,Local,FAQ,09/12/2025,2336.0,2496.0,
Maharashtra,Nashik,Nashik,Onion,Local,FAQ,10/12/2025,2309.0,2568.0,2433.0
Maharashtra,Nashik,Nashik,Onion,Local,FAQ,11/12/2025,2312.0,2484.0,2404.0
Maharashtra,Nashik,Nashik,Onion,Local,FAQ,12/12/2025,2302.0,2502.0,2434.0
Maharashtra,Nashik,Nashik,Onion,Local,FAQ,13/12/2025,2323.0,2550.0,2410.0
Maharashtra,Nashik,Nashik,Onion,Local,FAQ,14/12/2025,2286.0,2511.0,2395.0
Maharashtra,Nashik,Nashik,Onion,Local,FAQ,15/12/2025,2372.0,2534.0,2430.0
Maharashtra,Nashik,Nashik,Onion,Local,FAQ,16/12/2025,2282.0,2518.0,2410.0
Maharashtra,Nashik,Nashik,Onion,Local,FAQ,17/12/2025,2278.0,2477.0,2423.0
Maharashtra,Nashik,Nashik,Onion,Local,FAQ,18/12/2025,2359.0,2560.0,2439.0
Maharashtra,Nashik,Nashik,Onion,Local,FAQ,19/12/2025,2275.0,2461.0,2401.0
Maharashtra,Nashik,Nashik,Onion,Local,FAQ,20/12/2025,2364.0,2594.0,2451.0
Maharashtra,Nashik,Nashik,Onion,Local,FAQ,21/12/2025,2396.0,2649.0,2529.0
Maharashtra,Nashik,Nashik,Onion,Local,FAQ,22/12/2025,2379.0,2640.0,2521.0
Maharashtra,Nashik,Nashik,Onion,Local,FAQ,23/12/2025,2443.0,2702.0,2566.0
Maharashtra,Nashik,Nashik,Onion,Local,FAQ,24/12/2025,2517.0,2672.0,2587.0
Maharashtra,Nashik,Nashik,Onion,Local,FAQ,25/12/2025,2487.0,2719.0,2571.0
Maharashtra,Nashik,Nashik,Onion,Local,FAQ,26/12/2025,2459.0,2688.0,2582.0
Maharashtra,Nashik,Nashik,Onion,Local,FAQ,27/12/2025,2457.0,2702.0,2602.0
Maharashtra,Nashik,Nashik,Onion,Local,FAQ,28/12/2025,2446.0,2698.0,2575.0
Maharashtra,Nashik,Nashik,Onion,Local,FAQ,29/12/2025,2477.0,2618.0,2565.0
Maharashtra,Nashik,Nashik,Onion,Local,FAQ,30/12/2025,2407.0,2659.0,2527.0
Maharashtra,Nashik,Nashik,Onion,Local,FAQ,31/12/2025,2413.0,2665.0,2518.0
Maharashtra,Nashik,Nashik,Onion,Local,FAQ,01/01/2026,2396.0,2654.0,2518.0
Maharashtra,Nashik,Nashik,Onion,Local,FAQ,02/01/2026,2434.0,2632.0,2502.0
Maharashtra,Nashik,Nashik,Onion,Local,FAQ,03/01/2026,2385.0,2585.0,2448.0
Maharashtra,Nashik,Nashik,Onion,Local,FAQ,04/01/2026,2409.0,2556.0,2475.0
Maharashtra,Nashik,Nashik,Onion,Local,FAQ,05/01/2026,2376.0,2623.0,2493.0
Maharashtra,Nashik,Nashik,Onion,Local,FAQ,06/01/2026,2408.0,2595.0,2483.0
Maharashtra,Nashik,Nashik,Onion,Local,FAQ,07/01/2026,2372.0,2564.0,2513.0
Maharashtra,Nashik,Nashik,Onion,Local,FAQ,08/01/2026,2403.0,2575.0,2520.0
Maharashtra,Nashik,Nashik,Onion,Local,FAQ,09/01/2026,2394.0,2560.0,2475.0
Maharashtra,Nashik,Nashik,Onion,Local,FAQ,10/01/2026,2373.0,2568.0,2485.0
Maharashtra,Nashik,Nashik,Onion,Local,FAQ,11/01/2026,2413.0,2598.0,2470.0
Maharashtra,Nashik,Nashik,Onion,Local,FAQ,12/01/2026,2429.0,2601.0,2508.0
Maharashtra,Nashik,Nashik,Onion,Local,FAQ,13/01/2026,2424.0,2567.0,2480.0
Maharashtra,Nashik,Nashik,Onion,Local,FAQ,14/01/2026,2367.0,2625.0,2511.0
Maharashtra,Nashik,Nashik,Onion,Local,FAQ,15/01/2026,2469.0,2631.0,2539.0
Maharashtra,Nashik,Nashik,Onion,Local,FAQ,16/01/2026,2450.0,2635.0,2575.0
Maharashtra,Nashik,Nashik,Onion,Local,FAQ,17/01/2026,2458.0,2699.0,2551.0
Maharashtra,Nashik,Nashik,Onion,Local,FAQ,18/01/2026,2470.0,2629.0,2527.0
Maharashtra,Nashik,Nashik,Onion,Local,FAQ,19/01/2026,2397.0,2641.0,2521.0
Maharashtra,Nashik,Nashik,Onion,Local,FAQ,20/01/2026,2406.0,2583.0,2498.0
Maharashtra,Nashik,NASHIK,onion,Local,FAQ,21/01/2026,2390.0,2559.0,2461.0
Maharashtra,Nashik,Nashik,Onion,Local,FAQ,22/01/2026,2368.0,2524.0,2445.0
Maharashtra,Nashik,Nashik,Onion,Local,FAQ,23/01/2026,2340.0,2508.0,2450.0
Maharashtra,Nashik,Nashik,Onion,Local,FAQ,24/01/2026,2394.0,2597.0,2452.0
Maharashtra,Nashik,Nashik,Onion,Local,FAQ,25/01/2026,2328.0,2550.0,2438.0
Maharashtra,Nashik,Nashik,Onion,Local,FAQ,26/01/2026,2316.0,2508.0,2431.0
Maharashtra,Nashik,Nashik,Onion,Local,FAQ,27/01/2026,2330.0,2562.0,2451.0
Maharashtra,Nashik,Nashik,Onion,Local,FAQ,28/01/2026,2342.0,2500.0,2423.0
Maharashtra,Nashik,Nashik,Onion,Local,FAQ,29/01/2026,2303.0,2509.0,2448.0
Maharashtra,Nashik,Nashik,Onion,Local,FAQ,30/01/2026,2390.0,2599.0,2455.0
Maharashtra,Nashik,Nashik,Onion,Local,FAQ,31/01/2026,2399.0,2578.0,2469.0
Maharashtra,Nashik,Nashik,Onion,Local,FAQ,01/02/2026,2357.0,2595.0,2477.0
Maharashtra,Nashik,Nashik,Onion,Local,FAQ,02/02/2026,2363.0,2546.0,2471.0
Maharashtra,Nashik,Nashik,Onion,Local,FAQ,03/02/2026,2375.0,2616.0,2470.0
Maharashtra,Nashik,Nashik,Onion,Local,FAQ,04/02/2026,2429.0,2615.0,2498.0
Maharashtra,Nashik,Nashik,Onion,Local,FAQ,05/02/2026,2342.0,2550.0,2490.0
Maharashtra,Nashik,Nashik,Onion,Local,FAQ,06/02/2026,2431.0,2615.0,2490.0
Maharashtra,Nashik,Nashik,Onion,Local,FAQ,07/02/2026,2344.0,2578.0,2485.0
Maharashtra,Nashik,Nashik,Onion,Local,FAQ,08/02/2026,2352.0,2525.0,2474.0
Maharashtra,Nashik,Nashik,Onion,Local,FAQ,09/02/2026,2325.0,2545.0,2434.0
Maharashtra,Nashik,Nashik,Onion,Local,FAQ,10/02/2026,2281.0,2461.0,2402.0
Maharashtra,Nashik,Nashik,Onion,Local,FAQ,11/02/2026,2349.0,2557.0,2419.0
Maharashtra,Nashik,Nashik,Onion,Local,FAQ,12/02/2026,2322.0,2474.0,2399.0
Maharashtra,Nashik,Nashik,Onion,Local,FAQ,13/02/2026,2326.0,2478.0,2382.0
Maharashtra,Nashik,Nashik,Onion,Local,FAQ,14/02/2026,2282.0,2457.0,2399.0
Maharashtra,Nashik,Nashik,Onion,Local,FAQ,15/02/2026,2291.0,2570.0,2436.0
Maharashtra,Nashik,Nashik,Onion,Local,FAQ,16/02/2026,2306.0,2553.0,2449.0
Maharashtra,Nashik,Nashik,Onion,Local,FAQ,17/02/2026,2391.0,2573.0,2461.0
Maharashtra,Nashik,Nashik,Onion,Local,FAQ,18/02/2026,2380.0,2539.0,2482.0
Maharashtra,Nashik,Nashik,Onion,Local,FAQ,19/02/2026,2418.0,2647.0,2505.0
Maharashtra,Nashik,NASHIK,onion,Local,FAQ,20/02/2026,2454.0,2618.0,2531.0
Maharashtra,Nashik,Nashik,Onion,Local,FAQ,21/02/2026,2451.0,2708.0,
Maharashtra,Nashik,Nashik,Onion,Local,FAQ,22/02/2026,2472.0,2660.0,2585.0
Maharashtra,Nashik,Nashik,Onion,Local,FAQ,23/02/2026,2500.0,2714.0,2621.0
Maharashtra,Nashik,Nashik,Onion,Local,FAQ,24/02/2026,2527.0,2727.0,2671.0
Maharashtra,Nashik,Nashik,Onion,Local,FAQ,25/02/2026,2520.0,2731.0,2652.0
Maharashtra,Nashik,Nashik,Onion,Local,FAQ,26/02/2026,2562.0,2742.0,2642.0
Maharashtra,Nashik,Nashik,Onion,Local,FAQ,27/02/2026,2585.0,2740.0,2641.0
Maharashtra,Nashik,Nashik,Onion,Local,FAQ,28/02/2026,2513.0,2705.0,2629.0
Maharashtra,Nashik,Nashik,Onion,Local,FAQ,01/03/2026,2599.0,2731.0,2665.0
Maharashtra,Nashik,Nashik,Onion,Local,FAQ,02/03/2026,2553.0,2803.0,2684.0
Maharashtra,Nashik,Nashik,Onion,Local,FAQ,03/03/2026,2632.0,2772.0,2693.0
Maharashtra,Nashik,Nashik,Onion,Local,FAQ,04/03/2026,2564.0,2770.0,2666.0
Maharashtra,Nashik,Nashik,Onion,Local,FAQ,05/03/2026,2559.0,2730.0,2645.0
Maharashtra,Nashik,Nashik,Onion,Local,FAQ,06/03/2026,2576.0,2798.0,2657.0
Maharashtra,Nashik,Nashik,Onion,Local,FAQ,07/03/2026,2526.0,2754.0,2671.0
Maharashtra,Nashik,Nashik,Onion,Local,FAQ,08/03/2026,2529.0,2811.0,2673.0
Maharashtra,Nashik,Nashik,Onion,Local,FAQ,09/03/2026,2558.0,2707.0,2618.0
Maharashtra,Nashik,NASHIK,onion,Local,FAQ,10/03/2026,2553.0,2758.0,2622.0
Maharashtra,Nashik,Nashik,Onion,Local,FAQ,11/03/2026,2579.0,2831.0,2697.0
Maharashtra,Nashik,Nashik,Onion,Local,FAQ,12/03/2026,2613.0,2818.0,2707.0
Maharashtra,Nashik,Nashik,Onion,Local,FAQ,13/03/2026,2656.0,2839.0,
Maharashtra,Nashik,NASHIK,onion,Local,FAQ,14/03/2026,2663.0,2798.0,2736.0
Maharashtra,Nashik,Nashik,Onion,Local,FAQ,15/03/2026,2646.0,2763.0,2713.0
Maharashtra,Nashik,Nashik,Onion,Local,FAQ,16/03/2026,2637.0,2804.0,2738.0
Maharashtra,Nashik,Nashik,Onion,Local,FAQ,17/03/2026,2703.0,2813.0,2761.0
Maharashtra,Nashik,Nashik,Onion,Local,FAQ,18/03/2026,2682.0,2815.0,2743.0
Maharashtra,Nashik,Nashik,Onion,Local,FAQ,19/03/2026,2609.0,2822.0,2711.0
Maharashtra,Nashik,Nashik,Onion,Local,FAQ,20/03/2026,2605.0,2823.0,2677.0
Maharashtra,Nashik,Nashik,Onion,Local,FAQ,21/03/2026,2551.0,2769.0,2663.0
Maharashtra,Nashik,Nashik,Onion,Local,FAQ,22/03/2026,2519.0,2743.0,2623.0
Maharashtra,Nashik,Nashik,Onion,Local,FAQ,23/03/2026,2456.0,2643.0,2576.0
Maharashtra,Nashik,Nashik,Onion,Local,FAQ,24/03/2026,2373.0,2623.0,2510.0
Maharashtra,Nashik,Nashik,Onion,Local,FAQ,25/03/2026,2407.0,2572.0,2510.0
Maharashtra,Nashik,Nashik,Onion,Local,FAQ,26/03/2026,2403.0,2551.0,2487.0
Maharashtra,Nashik,Nashik,Onion,Local,FAQ,27/03/2026,2375.0,2565.0,2494.0
Maharashtra,Nashik,Nashik,Onion,Local,FAQ,28/03/2026,2445.0,2616.0,2515.0
Maharashtra,Nashik,Nashik,Onion,Local,FAQ,29/03/2026,2417.0,2561.0,2509.0
Maharashtra,Nashik,Nashik,Onion,Local,FAQ,30/03/2026,2462.0,2694.0,2575.0
Maharashtra,Nashik,Nashik,Onion,Local,FAQ,31/03/2026,2472.0,2598.0,2547.0
Maharashtra,Nashik,Nashik,Onion,Local,FAQ,01/04/2026,2420.0,2686.0,2554.0
Maharashtra,Nashik,Nashik,Onion,Local,FAQ,02/04/2026,2464.0,2697.0,2598.0
Maharashtra,Nashik,Nashik,Onion,Local,FAQ,03/04/2026,2530.0,2693.0,2625.0
Maharashtra,Nashik,Nashik,Onion,Local,FAQ,04/04/2026,2475.0,2748.0,2610.0
Maharashtra,Nashik,Nashik,Onion,Local,FAQ,05/04/2026,2501.0,2720.0,2590.0
Maharashtra,Nashik,Nashik,Onion,Local,FAQ,06/04/2026,2448.0,2658.0,2588.0
Maharashtra,Nashik,NASHIK,onion,Local,FAQ,07/04/2026,2462.0,2666.0,2609.0
Maharashtra,Nashik,Nashik,Onion,Local,FAQ,08/04/2026,2438.0,2610.0,2553.0
Maharashtra,Nashik,Nashik,Onion,Local,FAQ,09/04/2026,2490.0,2733.0,2583.0
Maharashtra,Nashik,Nashik,Onion,Local,FAQ,10/04/2026,2465.0,2653.0,2571.0
Maharashtra,Nashik,Nashik,Onion,Local,FAQ,11/04/2026,2468.0,2612.0,2555.0
Maharashtra,Nashik,Nashik,Onion,Local,FAQ,12/04/2026,2438.0,2621.0,2525.0
Maharashtra,Nashik,Nashik,Onion,Local,FAQ,13/04/2026,2427.0,2599.0,2548.0
Maharashtra,Nashik,Nashik,Onion,Local,FAQ,14/04/2026,2507.0,2695.0,2579.0
Maharashtra,Nashik,Nashik,Onion,Local,FAQ,15/04/2026,2444.0,2701.0,2574.0
Maharashtra,Nashik,Nashik,Onion,Local,FAQ,16/04/2026,2469.0,2631.0,2574.0
Maharashtra,Nashik,Nashik,Onion,Local,FAQ,17/04/2026,2458.0,2711.0,2586.0
Maharashtra,Nashik,Nashik,Onion,Local,FAQ,18/04/2026,2492.0,2724.0,2622.0
Maharashtra,Nashik,Nashik,Onion,Local,FAQ,19/04/2026,2520.0,2756.0,2632.0
Maharashtra,Nashik,Nashik,Onion,Local,FAQ,20/04/2026,2544.0,2680.0,2611.0
Maharashtra,Nashik,Nashik,Onion,Local,FAQ,21/04/2026,2477.0,2744.0,2618.0
Maharashtra,Nashik,Nashik,Onion,Local,FAQ,22/04/2026,2520.0,2745.0,2630.0
Maharashtra,Nashik,Nashik,Onion,Local,FAQ,23/04/2026,2522.0,2701.0,2635.0
Maharashtra,Nashik,Nashik,Onion,Local,FAQ,24/04/2026,2561.0,2780.0,2658.0
Maharashtra,Nashik,Nashik,Onion,Local,FAQ,25/04/2026,2556.0,2711.0,2637.0
Maharashtra,Nashik,Nashik,Onion,Local,FAQ,26/04/2026,2550.0,2713.0,2621.0
Maharashtra,Nashik,Nashik,Onion,Local,FAQ,27/04/2026,2552.0,2679.0,2621.0
Maharashtra,Nashik,Nashik,Onion,Local,FAQ,28/04/2026,2524.0,2732.0,2644.0
Maharashtra,Nashik,Nashik,Onion,Local,FAQ,29/04/2026,2526.0,2733.0,2656.0
Maharashtra,Nashik,Nashik,Onion,Local,FAQ,30/04/2026,2563.0,2758.0,2682.0
Maharashtra,Nashik,Nashik,Onion,Local,FAQ,01/05/2026,2604.0,2763.0,2686.0
Maharashtra,Nashik,Nashik,Onion,Local,FAQ,02/05/2026,2631.0,2819.0,2700.0
Maharashtra,Nashik,Nashik,Onion,Local,FAQ,03/05/2026,2636.0,2828.0,2712.0
Maharashtra,Nashik,Nashik,Onion,Local,FAQ,04/05/2026,2547.0,2806.0,2678.0
Maharashtra,Nashik,Nashik,Onion,Local,FAQ,05/05/2026,2601.0,2780.0,2660.0
Maharashtra,Nashik,Nashik,Onion,Local,FAQ,06/05/2026,2588.0,2768.0,2675.0
Maharashtra,Nashik,Nashik,Onion,Local,FAQ,07/05/2026,2629.0,2800.0,2683.0
Maharashtra,Nashik,Nashik,Onion,Local,FAQ,08/05/2026,2562.0,2784.0,2644.0
Maharashtra,Nashik,Nashik,Onion,Local,FAQ,09/05/2026,2496.0,2786.0,2636.0
Maharashtra,Nashik,Nashik,Onion,Local,FAQ,10/05/2026,2521.0,2788.0,2654.0
Maharashtra,Nashik,Nashik,Onion,Local,FAQ,11/05/2026,2609.0,2725.0,2666.0
Maharashtra,Nashik,Nashik,Onion,Local,FAQ,12/05/2026,2478.0,2711.0,2628.0
Maharashtra,Nashik,Nashik,Onion,Local,FAQ,13/05/2026,2511.0,2797.0,2647.0
Maharashtra,Nashik,Nashik,Onion,Local,FAQ,14/05/2026,2588.0,2716.0,2662.0
Maharashtra,Nashik,Nashik,Onion,Local,FAQ,15/05/2026,2585.0,2723.0,2637.0
Maharashtra,Nashik,Nashik,Onion,Local,FAQ,16/05/2026,2502.0,2737.0,2630.0
Maharashtra,Nashik,Nashik,Onion,Local,FAQ,17/05/2026,2585.0,2709.0,2658.0
Maharashtra,Nashik,Nashik,Onion,Local,FAQ,18/05/2026,2499.0,2737.0,2625.0
Maharashtra,Nashik,Nashik,Onion,Local,FAQ,19/05/2026,2528.0,2746.0,2634.0
Maharashtra,Nashik,Nashik,Onion,Local,FAQ,20/05/2026,2526.0,2771.0,2662.0
Maharashtra,Nashik,Nashik,Onion,Local,FAQ,21/05/2026,2539.0,2759.0,2665.0
Maharashtra,Nashik,Nashik,Onion,Local,FAQ,22/05/2026,2545.0,2755.0,2666.0
Maharashtra,Nashik,Nashik,Onion,Local,FAQ,23/05/2026,2535.0,2821.0,2678.0
Maharashtra,Nashik,Nashik,Onion,Local,FAQ,24/05/2026,2559.0,2746.0,2643.0
Maharashtra,Nashik,Nashik,Onion,Local,FAQ,25/05/2026,2550.0,2714.0,2659.0
Maharashtra,Nashik,Nashik,Onion,Local,FAQ,26/05/2026,2586.0,2798.0,2681.0
Maharashtra,Nashik,Nashik,Onion,Local,FAQ,27/05/2026,2511.0,2722.0,2655.0
Maharashtra,Nashik,Nashik,Onion,Local,FAQ,28/05/2026,2592.0,2811.0,2692.0
Maharashtra,Nashik,Nashik,Onion,Local,FAQ,29/05/2026,2639.0,2783.0,2717.0
Maharashtra,Nashik,Nashik,Onion,Local,FAQ,30/05/2026,2637.0,2861.0,2751.0
Maharashtra,Nashik,Nashik,Onion,Local,FAQ,31/05/2026,2669.0,2882.0,2765.0
Maharashtra,Nashik,NASHIK,onion,Local,FAQ,01/06/2026,2609.0,2810.0,2743.0
Maharashtra,Nashik,Nashik,Onion,Local,FAQ,02/06/2026,2647.0,2911.0,
Maharashtra,Nashik,Nashik,Onion,Local,FAQ,03/06/2026,2657.0,2907.0,2803.0
Maharashtra,Nashik,Nashik,Onion,Local,FAQ,04/06/2026,2675.0,2847.0,2740.0
Maharashtra,Nashik,Nashik,Onion,Local,FAQ,05/06/2026,2654.0,2874.0,2732.0
Maharashtra,Nashik,Nashik,Onion,Local,FAQ,06/06/2026,2691.0,2831.0,2776.0
Maharashtra,Nashik,Nashik,Onion,Local,FAQ,07/06/2026,2762.0,2907.0,2815.0
Maharashtra,Nashik,Nashik,Onion,Local,FAQ,08/06/2026,2682.0,2958.0,2820.0
Maharashtra,Nashik,Nashik,Onion,Local,FAQ,09/06/2026,2685.0,2872.0,2801.0
Maharashtra,Nashik,Nashik,Onion,Local,FAQ,10/06/2026,2738.0,2947.0,2817.0
Maharashtra,Nashik,Nashik,Onion,Local,FAQ,11/06/2026,2647.0,2850.0,2797.0
Maharashtra,Nashik,Nashik,Onion,Local,FAQ,12/06/2026,2656.0,2900.0,2803.0
Maharashtra,Nashik,Nashik,Onion,Local,FAQ,13/06/2026,2689.0,2880.0,2824.0
Maharashtra,Nashik,Nashik,Onion,Local,FAQ,14/06/2026,2663.0,2943.0,2811.0
Maharashtra,Nashik,Nashik,Onion,Local,FAQ,15/06/2026,2671.0,2950.0,2806.0
Maharashtra,Nashik,Nashik,Onion,Local,FAQ,16/06/2026,2744.0,2872.0,2801.0
Maharashtra,Nashik,Nashik,Onion,Local,FAQ,17/06/2026,2709.0,2879.0,2782.0
Maharashtra,Nashik,Nashik,Onion,Local,FAQ,18/06/2026,2703.0,2835.0,2770.0
Maharashtra,Nashik,Nashik,Onion,Local,FAQ,19/06/2026,2616.0,2889.0,2763.0
Maharashtra,Nashik,Nashik,Onion,Local,FAQ,20/06/2026,2683.0,2891.0,2761.0
Maharashtra,Nashik,Nashik,Onion,Local,FAQ,21/06/2026,2690.0,2853.0,2773.0
Maharashtra,Nashik,Nashik,Onion,Local,FAQ,22/06/2026,2685.0,2847.0,2761.0
Maharashtra,Nashik,Nashik,Onion,Local,FAQ,23/06/2026,2635.0,2808.0,2752.0
Maharashtra,Nashik,Nashik,Onion,Local,FAQ,24/06/2026,2702.0,2851.0,2767.0
Maharashtra,Nashik,Nashik,Onion,Local,FAQ,25/06/2026,2617.0,2818.0,2753.0
Maharashtra,Nashik,Nashik,Onion,Local,FAQ,26/06/2026,2672.0,2858.0,2752.0
Maharashtra,Nashik,Nashik,Onion,Local,FAQ,27/06/2026,2601.0,2795.0,2731.0
Maharashtra,Nashik,Nashik,Onion,Local,FAQ,28/06/2026,2672.0,2848.0,2736.0
Maharashtra,Nashik,Nashik,Onion,Local,FAQ,29/06/2026,2726.0,2902.0,2803.0
Maharashtra,Nashik,Nashik,Onion,Local,FAQ,30/06/2026,2720.0,2933.0,2801.0
Maharashtra,Nashik,Nashik,Onion,Local,FAQ,01/07/2026,2724.0,2872.0,2780.0
Maharashtra,Nashik,Nashik,Onion,Local,FAQ,02/07/2026,2717.0,2941.0,2824.0
Maharashtra,Nashik,Nashik,Onion,Local,FAQ,03/07/2026,2688.0,2952.0,2816.0
Maharashtra,Nashik,Nashik,Onion,Local,FAQ,04/07/2026,2692.0,2975.0,2826.0
Maharashtra,Nashik,Nashik,Onion,Local,FAQ,05/07/2026,2638.0,2864.0,2777.0
Maharashtra,Nashik,Nashik,Onion,Local,FAQ,06/07/2026,2652.0,2875.0,2776.0
Maharashtra,Nashik,Nashik,Onion,Local,FAQ,07/07/2026,2643.0,2875.0,2741.0
Maharashtra,Nashik,NASHIK,onion,Local,FAQ,08/07/2026,2674.0,2848.0,2765.0
Maharashtra,Nashik,Nashik,Onion,Local,FAQ,09/07/2026,2661.0,2882.0,2756.0
Maharashtra,Nashik,Nashik,Onion,Local,FAQ,10/07/2026,2605.0,2818.0,2750.0
Maharashtra,Nashik,Nashik,Onion,Local,FAQ,11/07/2026,2635.0,2850.0,2742.0
Maharashtra,Sangli,Sangli,Tomato,Hybrid,FAQ,24/12/2025,1627.0,1805.0,1700.0
Maharashtra,Sangli,Sangli,Tomato,Hybrid,FAQ,25/12/2025,1598.0,1801.0,1685.0
Maharashtra,Sangli,Sangli,Tomato,Hybrid,FAQ,26/12/2025,1636.0,1783.0,1705.0
Maharashtra,Sangli,Sangli,Tomato,Hybrid,FAQ,27/12/2025,1534.0,1674.0,1606.0
Maharashtra,Sangli,Sangli,Tomato,Hybrid,FAQ,28/12/2025,1414.0,1704.0,1557.0
Maharashtra,Sangli,Sangli,Tomato,Hybrid,FAQ,29/12/2025,1525.0,1696.0,1632.0
Maharashtra,Sangli,Sangli,Tomato,Hybrid,FAQ,30/12/2025,1654.0,1800.0,1741.0
Maharashtra,Sangli,Sangli,Tomato,Hybrid,FAQ,31/12/2025,1589.0,1830.0,1695.0
Maharashtra,Sangli,Sangli,Tomato,Hybrid,FAQ,01/01/2026,1530.0,1719.0,1647.0
Maharashtra,Sangli,Sangli,Tomato,Hybrid,FAQ,02/01/2026,1619.0,1828.0,1691.0
Maharashtra,Sangli,SANGLI,tomato,Hybrid,FAQ,03/01/2026,1565.0,1752.0,1615.0
Maharashtra,Sangli,Sangli,Tomato,Hybrid,FAQ,04/01/2026,1407.0,1649.0,1536.0
Maharashtra,Sangli,Sangli,Tomato,Hybrid,FAQ,05/01/2026,1382.0,1563.0,1478.0
Maharashtra,Sangli,Sangli,Tomato,Hybrid,FAQ,06/01/2026,1461.0,1619.0,1520.0
Maharashtra,Sangli,Sangli,Tomato,Hybrid,FAQ,07/01/2026,1361.0,1576.0,1435.0
Maharashtra,Sangli,Sangli,Tomato,Hybrid,FAQ,08/01/2026,1278.0,1472.0,1375.0
Maharashtra,Sangli,SANGLI,tomato,Hybrid,FAQ,09/01/2026,1222.0,1414.0,1321.0
Maharashtra,Sangli,Sangli,Tomato,Hybrid,FAQ,10/01/2026,1252.0,1512.0,1362.0
Maharashtra,Sangli,Sangli,Tomato,Hybrid,FAQ,11/01/2026,1181.0,1381.0,1314.0
Maharashtra,Sangli,Sangli,Tomato,Hybrid,FAQ,12/01/2026,1386.0,1509.0,1439.0
Maharashtra,Sangli,Sangli,Tomato,Hybrid,FAQ,13/01/2026,1340.0,1593.0,
Maharashtra,Sangli,Sangli,Tomato,Hybrid,FAQ,14/01/2026,1159.0,1360.0,1260.0
Maharashtra,Sangli,Sangli,Tomato,Hybrid,FAQ,15/01/2026,939.0,1139.0,1073.0
Maharashtra,Sangli,Sangli,Tomato,Hybrid,FAQ,16/01/2026,1176.0,1323.0,1228.0
Maharashtra,Sangli,Sangli,Tomato,Hybrid,FAQ,17/01/2026,1066.0,1255.0,1177.0
Maharashtra,Sangli,Sangli,Tomato,Hybrid,FAQ,18/01/2026,1139.0,1294.0,1206.0
Maharashtra,Sangli,Sangli,Tomato,Hybrid,FAQ,19/01/2026,1041.0,1229.0,1166.0
Maharashtra,Sangli,SANGLI,tomato,Hybrid,FAQ,20/01/2026,1152.0,1353.0,1279.0
Maharashtra,Sangli,Sangli,Tomato,Hybrid,FAQ,21/01/2026,1198.0,1430.0,1341.0
Maharashtra,Sangli,Sangli,Tomato,Hybrid,FAQ,22/01/2026,1450.0,1559.0,1507.0
Maharashtra,Sangli,Sangli,Tomato,Hybrid,FAQ,23/01/2026,1388.0,1589.0,1516.0
Maharashtra,Sangli,Sangli,Tomato,Hybrid,FAQ,24/01/2026,1548.0,1686.0,1633.0
Maharashtra,Sangli,Sangli,Tomato,Hybrid,FAQ,25/01/2026,1498.0,1718.0,1641.0
Maharashtra,Sangli,Sangli,Tomato,Hybrid,FAQ,26/01/2026,1552.0,1781.0,1663.0
Maharashtra,Sangli,Sangli,Tomato,Hybrid,FAQ,27/01/2026,1597.0,1880.0,1742.0
Maharashtra,Sangli,Sangli,Tomato,Hybrid,FAQ,28/01/2026,1577.0,1779.0,1701.0
Maharashtra,Sangli,Sangli,Tomato,Hybrid,FAQ,29/01/2026,1631.0,1861.0,1780.0
Maharashtra,Sangli,Sangli,Tomato,Hybrid,FAQ,30/01/2026,1828.0,1970.0,1912.0
Maharashtra,Sangli,Sangli,Tomato,Hybrid,FAQ,31/01/2026,1681.0,1898.0,1765.0
Maharashtra,Sangli,Sangli,Tomato,Hybrid,FAQ,01/02/2026,1585.0,1798.0,1729.0
Maharashtra,Sangli,Sangli,Tomato,Hybrid,FAQ,02/02/2026,1731.0,1846.0,1787.0
Maharashtra,Sangli,Sangli,Tomato,Hybrid,FAQ,03/02/2026,1704.0,1880.0,1770.0
Maharashtra,Sangli,Sangli,Tomato,Hybrid,FAQ,04/02/2026,1702.0,1874.0,1777.0
Maharashtra,Sangli,Sangli,Tomato,Hybrid,FAQ,05/02/2026,1392.0,1633.0,1508.0
Maharashtra,Sangli,Sangli,Tomato,Hybrid,FAQ,06/02/2026,1410.0,1682.0,
Maharashtra,Sangli,Sangli,Tomato,Hybrid,FAQ,07/02/2026,1561.0,1743.0,1687.0
Maharashtra,Sangli,Sangli,Tomato,Hybrid,FAQ,08/02/2026,1512.0,1740.0,1602.0
Maharashtra,Sangli,Sangli,Tomato,Hybrid,FAQ,09/02/2026,1619.0,1900.0,1759.0
Maharashtra,Sangli,Sangli,Tomato,Hybrid,FAQ,10/02/2026,1784.0,1930.0,1861.0
Maharashtra,Sangli,Sangli,Tomato,Hybrid,FAQ,11/02/2026,1694.0,1846.0,1762.0
Maharashtra,Sangli,Sangli,Tomato,Hybrid,FAQ,12/02/2026,1810.0,1995.0,1872.0
Maharashtra,Sangli,Sangli,Tomato,Hybrid,FAQ,13/02/2026,1745.0,1927.0,1848.0
Maharashtra,Sangli,Sangli,Tomato,Hybrid,FAQ,14/02/2026,1566.0,1769.0,1676.0
Maharashtra,Sangli,Sangli,Tomato,Hybrid,FAQ,15/02/2026,1604.0,1732.0,1670.0
Maharashtra,Sangli,Sangli,Tomato,Hybrid,FAQ,16/02/2026,1668.0,1875.0,1752.0
Maharashtra,Sangli,Sangli,Tomato,Hybrid,FAQ,17/02/2026,1646.0,1905.0,1762.0
Maharashtra,Sangli,Sangli,Tomato,Hybrid,FAQ,18/02/2026,1669.0,1925.0,1785.0
Maharashtra,Sangli,Sangli,Tomato,Hybrid,FAQ,19/02/2026,1810.0,1983.0,1900.0
Maharashtra,Sangli,Sangli,Tomato,Hybrid,FAQ,20/02/2026,1781.0,1985.0,1889.0
Maharashtra,Sangli,Sangli,Tomato,Hybrid,FAQ,21/02/2026,1835.0,2045.0,1897.0
Maharashtra,Sangli,Sangli,Tomato,Hybrid,FAQ,22/02/2026,1981.0,2150.0,2034.0
Maharashtra,Sangli,Sangli,Tomato,Hybrid,FAQ,23/02/2026,1985.0,2148.0,2088.0
Maharashtra,Sangli,Sangli,Tomato,Hybrid,FAQ,24/02/2026,2031.0,2255.0,2111.0
Maharashtra,Sangli,Sangli,Tomato,Hybrid,FAQ,25/02/2026,1867.0,2147.0,1999.0
Maharashtra,Sangli,Sangli,Tomato,Hybrid,FAQ,26/02/2026,1773.0,1883.0,1828.0
Maharashtra,Sangli,Sangli,Tomato,Hybrid,FAQ,27/02/2026,1631.0,1846.0,1750.0
Maharashtra,Sangli,Sangli,Tomato,Hybrid,FAQ,28/02/2026,1725.0,1908.0,1800.0
Maharashtra,Sangli,Sangli,Tomato,Hybrid,FAQ,01/03/2026,1594.0,1812.0,1680.0
Maharashtra,Sangli,Sangli,Tomato,Hybrid,FAQ,02/03/2026,1587.0,1758.0,1672.0
Maharashtra,Sangli,Sangli,Tomato,Hybrid,FAQ,03/03/2026,1660.0,1874.0,1791.0
Maharashtra,Sangli,Sangli,Tomato,Hybrid,FAQ,04/03/2026,1520.0,1726.0,1654.0
Maharashtra,Sangli,Sangli,Tomato,Hybrid,FAQ,05/03/2026,1311.0,1530.0,1399.0
Maharashtra,Sangli,Sangli,Tomato,Hybrid,FAQ,06/03/2026,1266.0,1442.0,1362.0
Maharashtra,Sangli,Sangli,Tomato,Hybrid,FAQ,07/03/2026,1323.0,1528.0,
Maharashtra,Sangli,Sangli,Tomato,Hybrid,FAQ,08/03/2026,1380.0,1536.0,1483.0
Maharashtra,Sangli,Sangli,Tomato,Hybrid,FAQ,09/03/2026,1426.0,1615.0,1524.0
Maharashtra,Sangli,Sangli,Tomato,Hybrid,FAQ,10/03/2026,1418.0,1671.0,1565.0
Maharashtra,Sangli,Sangli,Tomato,Hybrid,FAQ,11/03/2026,1355.0,1533.0,1476.0
Maharashtra,Sangli,Sangli,Tomato,Hybrid,FAQ,12/03/2026,1279.0,1534.0,1390.0
Maharashtra,Sangli,Sangli,Tomato,Hybrid,FAQ,13/03/2026,1255.0,1429.0,1371.0
Maharashtra,Sangli,Sangli,Tomato,Hybrid,FAQ,14/03/2026,1345.0,1568.0,1435.0
Maharashtra,Sangli,Sangli,Tomato,Hybrid,FAQ,15/03/2026,1120.0,1362.0,1251.0
Maharashtra,Sangli,Sangli,Tomato,Hybrid,FAQ,16/03/2026,1066.0,1212.0,1127.0
Maharashtra,Sangli,Sangli,Tomato,Hybrid,FAQ,17/03/2026,972.0,1181.0,1063.0
Maharashtra,Sangli,Sangli,Tomato,Hybrid,FAQ,18/03/2026,923.0,1081.0,1013.0
Maharashtra,Sangli,Sangli,Tomato,Hybrid,FAQ,19/03/2026,966.0,1165.0,1032.0
Maharashtra,Sangli,Sangli,Tomato,Hybrid,FAQ,20/03/2026,956.0,1161.0,1023.0
Maharashtra,Sangli,Sangli,Tomato,Hybrid,FAQ,21/03/2026,870.0,1049.0,976.0
Maharashtra,Sangli,Sangli,Tomato,Hybrid,FAQ,22/03/2026,988.0,1206.0,1134.0
Maharashtra,Sangli,Sangli,Tomato,Hybrid,FAQ,23/03/2026,996.0,1278.0,1135.0
Maharashtra,Sangli,Sangli,Tomato,Hybrid,FAQ,24/03/2026,1043.0,1246.0,1156.0
Maharashtra,Sangli,Sangli,Tomato,Hybrid,FAQ,25/03/2026,1093.0,1321.0,1218.0
Maharashtra,Sangli,Sangli,Tomato,Hybrid,FAQ,26/03/2026,1029.0,1284.0,1152.0
Maharashtra,Sangli,Sangli,Tomato,Hybrid,FAQ,27/03/2026,1251.0,1449.0,1316.0
Maharashtra,Sangli,Sangli,Tomato,Hybrid,FAQ,28/03/2026,1331.0,1512.0,1424.0
Maharashtra,Sangli,Sangli,Tomato,Hybrid,FAQ,29/03/2026,1294.0,1511.0,1436.0
Maharashtra,Sangli,Sangli,Tomato,Hybrid,FAQ,30/03/2026,1330.0,1512.0,1431.0
Maharashtra,Sangli,Sangli,Tomato,Hybrid,FAQ,31/03/2026,1434.0,1624.0,
Maharashtra,Sangli,Sangli,Tomato,Hybrid,FAQ,01/04/2026,1409.0,1617.0,1532.0
Maharashtra,Sangli,Sangli,Tomato,Hybrid,FAQ,02/04/2026,1453.0,1701.0,1570.0
Maharashtra,Sangli,Sangli,Tomato,Hybrid,FAQ,03/04/2026,1431.0,1636.0,1559.0
Maharashtra,Sangli,Sangli,Tomato,Hybrid,FAQ,04/04/2026,1462.0,1664.0,1611.0
Maharashtra,Sangli,Sangli,Tomato,Hybrid,FAQ,05/04/2026,1640.0,1821.0,1759.0
Maharashtra,Sangli,Sangli,Tomato,Hybrid,FAQ,06/04/2026,1712.0,1924.0,1856.0
Maharashtra,Sangli,Sangli,Tomato,Hybrid,FAQ,07/04/2026,1658.0,1844.0,1739.0
Maharashtra,Sangli,Sangli,Tomato,Hybrid,FAQ,08/04/2026,1699.0,1857.0,1791.0
Maharashtra,Sangli,Sangli,Tomato,Hybrid,FAQ,09/04/2026,1638.0,1904.0,1764.0
Maharashtra,Sangli,Sangli,Tomato,Hybrid,FAQ,10/04/2026,1597.0,1744.0,1655.0
Maharashtra,Sangli,Sangli,Tomato,Hybrid,FAQ,11/04/2026,1683.0,1822.0,1749.0
Maharashtra,Sangli,Sangli,Tomato,Hybrid,FAQ,12/04/2026,1846.0,2031.0,1898.0
Maharashtra,Sangli,Sangli,Tomato,Hybrid,FAQ,13/04/2026,1799.0,2034.0,1942.0
Maharashtra,Sangli,Sangli,Tomato,Hybrid,FAQ,14/04/2026,1855.0,1964.0,1910.0
Maharashtra,Sangli,Sangli,Tomato,Hybrid,FAQ,15/04/2026,1685.0,1846.0,1738.0
Maharashtra,Sangli,Sangli,Tomato,Hybrid,FAQ,16/04/2026,1806.0,1986.0,1857.0
Maharashtra,Sangli,Sangli,Tomato,Hybrid,FAQ,17/04/2026,1740.0,1939.0,1849.0
Maharashtra,Sangli,Sangli,Tomato,Hybrid,FAQ,18/04/2026,1699.0,1950.0,1846.0
Maharashtra,Sangli,Sangli,Tomato,Hybrid,FAQ,19/04/2026,1854.0,2071.0,1931.0
Maharashtra,Sangli,Sangli,Tomato,Hybrid,FAQ,20/04/2026,1752.0,1944.0,1839.0
Maharashtra,Sangli,Sangli,Tomato,Hybrid,FAQ,21/04/2026,1697.0,1961.0,1830.0
Maharashtra,Sangli,Sangli,Tomato,Hybrid,FAQ,22/04/2026,1704.0,1849.0,1776.0
Maharashtra,Sangli,Sangli,Tomato,Hybrid,FAQ,23/04/2026,1682.0,1903.0,1766.0
Maharashtra,Sangli,Sangli,Tomato,Hybrid,FAQ,24/04/2026,1627.0,1756.0,1685.0
Maharashtra,Sangli,Sangli,Tomato,Hybrid,FAQ,25/04/2026,1341.0,1513.0,1424.0
Maharashtra,Sangli,Sangli,Tomato,Hybrid,FAQ,26/04/2026,1287.0,1456.0,
Maharashtra,Sangli,Sangli,Tomato,Hybrid,FAQ,27/04/2026,1384.0,1575.0,1510.0
Maharashtra,Sangli,Sangli,Tomato,Hybrid,FAQ,28/04/2026,1473.0,1615.0,1538.0
Maharashtra,Sangli,Sangli,Tomato,Hybrid,FAQ,29/04/2026,1316.0,1490.0,1434.0
Maharashtra,Sangli,Sangli,Tomato,Hybrid,FAQ,30/04/2026,1223.0,1365.0,1276.0
Maharashtra,Sangli,Sangli,Tomato,Hybrid,FAQ,01/05/2026,1077.0,1267.0,
Maharashtra,Sangli,Sangli,Tomato,Hybrid,FAQ,02/05/2026,1107.0,1386.0,1246.0
Maharashtra,Sangli,Sangli,Tomato,Hybrid,FAQ,03/05/2026,1065.0,1230.0,1156.0
Maharashtra,Sangli,Sangli,Tomato,Hybrid,FAQ,04/05/2026,971.0,1221.0,1088.0
Maharashtra,Sangli,Sangli,Tomato,Hybrid,FAQ,05/05/2026,1086.0,1242.0,1176.0
Maharashtra,Sangli,Sangli,Tomato,Hybrid,FAQ,06/05/2026,1099.0,1309.0,1223.0
Maharashtra,Sangli,Sangli,Tomato,Hybrid,FAQ,07/05/2026,1057.0,1264.0,1115.0
Maharashtra,Sangli,Sangli,Tomato,Hybrid,FAQ,08/05/2026,1130.0,1345.0,1196.0
Maharashtra,Sangli,Sangli,Tomato,Hybrid,FAQ,09/05/2026,1139.0,1355.0,1276.0
Maharashtra,Sangli,Sangli,Tomato,Hybrid,FAQ,10/05/2026,1344.0,1553.0,1441.0
Maharashtra,Sangli,Sangli,Tomato,Hybrid,FAQ,11/05/2026,1220.0,1409.0,1303.0
Maharashtra,Sangli,Sangli,Tomato,Hybrid,FAQ,12/05/2026,998.0,1203.0,1133.0
Maharashtra,Sangli,Sangli,Tomato,Hybrid,FAQ,13/05/2026,1018.0,1256.0,1150.0
Maharashtra,Sangli,Sangli,Tomato,Hybrid,FAQ,14/05/2026,1060.0,1240.0,1188.0
Maharashtra,Sangli,Sangli,Tomato,Hybrid,FAQ,15/05/2026,976.0,1178.0,1103.0
Maharashtra,Sangli,Sangli,Tomato,Hybrid,FAQ,16/05/2026,905.0,1102.0,1042.0
Maharashtra,Sangli,Sangli,Tomato,Hybrid,FAQ,17/05/2026,1041.0,1241.0,1123.0
Maharashtra,Sangli,Sangli,Tomato,Hybrid,FAQ,18/05/2026,1054.0,1273.0,1163.0
Maharashtra,Sangli,Sangli,Tomato,Hybrid,FAQ,19/05/2026,1137.0,1308.0,1230.0
Maharashtra,Sangli,Sangli,Tomato,Hybrid,FAQ,20/05/2026,1263.0,1463.0,1390.0
Maharashtra,Sangli,Sangli,Tomato,Hybrid,FAQ,21/05/2026,1182.0,1420.0,1295.0
Maharashtra,Sangli,Sangli,Tomato,Hybrid,FAQ,22/05/2026,1292.0,1420.0,1364.0
Maharashtra,Sangli,Sangli,Tomato,Hybrid,FAQ,23/05/2026,1254.0,1443.0,1389.0
Maharashtra,Sangli,Sangli,Tomato,Hybrid,FAQ,24/05/2026,1177.0,1384.0,1300.0
Maharashtra,Sangli,Sangli,Tomato,Hybrid,FAQ,25/05/2026,1287.0,1467.0,1370.0
Maharashtra,Sangli,Sangli,Tomato,Hybrid,FAQ,26/05/2026,1316.0,1425.0,1367.0
Maharashtra,Sangli,Sangli,Tomato,Hybrid,FAQ,27/05/2026,1165.0,1337.0,1270.0
Maharashtra,Sangli,Sangli,Tomato,Hybrid,FAQ,28/05/2026,1363.0,1559.0,1443.0
Maharashtra,Sangli,Sangli,Tomato,Hybrid,FAQ,29/05/2026,1353.0,1559.0,1459.0
Maharashtra,Sangli,SANGLI,tomato,Hybrid,FAQ,30/05/2026,1487.0,1603.0,1544.0
Maharashtra,Sangli,Sangli,Tomato,Hybrid,FAQ,31/05/2026,1251.0,1484.0,1393.0
Maharashtra,Sangli,Sangli,Tomato,Hybrid,FAQ,01/06/2026,1425.0,1610.0,1489.0
Maharashtra,Sangli,Sangli,Tomato,Hybrid,FAQ,02/06/2026,1389.0,1649.0,1509.0
Maharashtra,Sangli,Sangli,Tomato,Hybrid,FAQ,03/06/2026,1213.0,1460.0,1342.0
Maharashtra,Sangli,Sangli,Tomato,Hybrid,FAQ,04/06/2026,1295.0,1425.0,1375.0
Maharashtra,Sangli,Sangli,Tomato,Hybrid,FAQ,05/06/2026,1311.0,1460.0,1388.0
Maharashtra,Sangli,Sangli,Tomato,Hybrid,FAQ,06/06/2026,1386.0,1547.0,1495.0
Maharashtra,Sangli,Sangli,Tomato,Hybrid,FAQ,07/06/2026,1502.0,1707.0,1625.0
Maharashtra,Sangli,Sangli,Tomato,Hybrid,FAQ,08/06/2026,1600.0,1747.0,1684.0
Maharashtra,Sangli,Sangli,Tomato,Hybrid,FAQ,09/06/2026,1800.0,1992.0,1859.0
Maharashtra,Sangli,Sangli,Tomato,Hybrid,FAQ,10/06/2026,1820.0,1970.0,1880.0
Maharashtra,Sangli,Sangli,Tomato,Hybrid,FAQ,11/06/2026,1815.0,2066.0,1938.0
Maharashtra,Sangli,Sangli,Tomato,Hybrid,FAQ,12/06/2026,1781.0,1907.0,1856.0
Maharashtra,Sangli,Sangli,Tomato,Hybrid,FAQ,13/06/2026,1874.0,2113.0,1978.0
Maharashtra,Sangli,Sangli,Tomato,Hybrid,FAQ,14/06/2026,1884.0,2044.0,1985.0
Maharashtra,Sangli,Sangli,Tomato,Hybrid,FAQ,15/06/2026,1930.0,2123.0,2035.0
Maharashtra,Sangli,Sangli,Tomato,Hybrid,FAQ,16/06/2026,1820.0,1953.0,1894.0
Maharashtra,Sangli,Sangli,Tomato,Hybrid,FAQ,17/06/2026,1948.0,2089.0,2029.0
Maharashtra,Sangli,Sangli,Tomato,Hybrid,FAQ,18/06/2026,2020.0,2307.0,2157.0
Maharashtra,Sangli,Sangli,Tomato,Hybrid,FAQ,19/06/2026,1825.0,2064.0,1933.0
Maharashtra,Sangli,Sangli,Tomato,Hybrid,FAQ,20/06/2026,1735.0,1942.0,1825.0
Maharashtra,Sangli,Sangli,Tomato,Hybrid,FAQ,21/06/2026,1610.0,1810.0,1728.0
Maharashtra,Sangli,Sangli,Tomato,Hybrid,FAQ,22/06/2026,1695.0,1866.0,1758.0
Maharashtra,Sangli,Sangli,Tomato,Hybrid,FAQ,23/06/2026,1555.0,1794.0,1674.0
Maharashtra,Sangli,Sangli,Tomato,Hybrid,FAQ,24/06/2026,1622.0,1845.0,1722.0
Maharashtra,Sangli,Sangli,Tomato,Hybrid,FAQ,25/06/2026,1642.0,1823.0,1754.0
Maharashtra,Sangli,Sangli,Tomato,Hybrid,FAQ,26/06/2026,1807.0,2012.0,1942.0
Maharashtra,Sangli,Sangli,Tomato,Hybrid,FAQ,27/06/2026,1788.0,1997.0,1851.0
Maharashtra,Sangli,Sangli,Tomato,Hybrid,FAQ,28/06/2026,1737.0,1950.0,1846.0
Maharashtra,Sangli,Sangli,Tomato,Hybrid,FAQ,29/06/2026,1698.0,1813.0,1757.0
Maharashtra,Sangli,Sangli,Tomato,Hybrid,FAQ,30/06/2026,1671.0,1848.0,1775.0
Maharashtra,Sangli,Sangli,Tomato,Hybrid,FAQ,01/07/2026,1580.0,1826.0,1694.0
Maharashtra,Sangli,Sangli,Tomato,Hybrid,FAQ,02/07/2026,1575.0,1769.0,1694.0
Maharashtra,Sangli,Sangli,Tomato,Hybrid,FAQ,03/07/2026,1560.0,1752.0,1641.0
Maharashtra,Sangli,Sangli,Tomato,Hybrid,FAQ,04/07/2026,1698.0,1898.0,1784.0
Maharashtra,Sangli,Sangli,Tomato,Hybrid,FAQ,05/07/2026,1738.0,1904.0,1835.0
Maharashtra,Sangli,Sangli,Tomato,Hybrid,FAQ,06/07/2026,1795.0,2022.0,1881.0
Maharashtra,Sangli,Sangli,Tomato,Hybrid,FAQ,07/07/2026,1990.0,2124.0,2042.0
Maharashtra,Sangli,Sangli,Tomato,Hybrid,FAQ,08/07/2026,1832.0,2040.0,1950.0
Maharashtra,Sangli,Sangli,Tomato,Hybrid,FAQ,09/07/2026,1935.0,2156.0,2061.0
Maharashtra,Sangli,Sangli,Tomato,Hybrid,FAQ,10/07/2026,2047.0,2184.0,2122.0
Maharashtra,Sangli,Sangli,Tomato,Hybrid,FAQ,11/07/2026,2001.0,2256.0,2109.0
Maharashtra,Kolhapur,Kolhapur,Tomato,Hybrid,FAQ,24/12/2025,1263.0,1448.0,1347.0
Maharashtra,Kolhapur,Kolhapur,Tomato,Hybrid,FAQ,25/12/2025,1266.0,1448.0,1332.0
Maharashtra,Kolhapur,KOLHAPUR,tomato,Hybrid,FAQ,26/12/2025,1166.0,1366.0,1228.0
Maharashtra,Kolhapur,Kolhapur,Tomato,Hybrid,FAQ,27/12/2025,985.0,1165.0,1076.0
Maharashtra,Kolhapur,Kolhapur,Tomato,Hybrid,FAQ,28/12/2025,897.0,1068.0,1012.0
Maharashtra,Kolhapur,Kolhapur,Tomato,Hybrid,FAQ,29/12/2025,1057.0,1332.0,1188.0
Maharashtra,Kolhapur,Kolhapur,Tomato,Hybrid,FAQ,30/12/2025,1159.0,1322.0,1224.0
Maharashtra,Kolhapur,Kolhapur,Tomato,Hybrid,FAQ,31/12/2025,1126.0,1344.0,1236.0
Maharashtra,Kolhapur,Kolhapur,Tomato,Hybrid,FAQ,01/01/2026,1021.0,1173.0,1084.0
Maharashtra,Kolhapur,Kolhapur,Tomato,Hybrid,FAQ,02/01/2026,926.0,1115.0,992.0
Maharashtra,Kolhapur,Kolhapur,Tomato,Hybrid,FAQ,03/01/2026,1050.0,1295.0,1187.0
Maharashtra,Kolhapur,Kolhapur,Tomato,Hybrid,FAQ,04/01/2026,1209.0,1424.0,1294.0
Maharashtra,Kolhapur,Kolhapur,Tomato,Hybrid,FAQ,05/01/2026,1114.0,1362.0,1221.0
Maharashtra,Kolhapur,Kolhapur,Tomato,Hybrid,FAQ,06/01/2026,1138.0,1308.0,1228.0
Maharashtra,Kolhapur,Kolhapur,Tomato,Hybrid,FAQ,07/01/2026,1128.0,1331.0,1221.0
Maharashtra,Kolhapur,Kolhapur,Tomato,Hybrid,FAQ,08/01/2026,1156.0,1358.0,1214.0
Maharashtra,Kolhapur,Kolhapur,Tomato,Hybrid,FAQ,09/01/2026,1127.0,1318.0,1260.0
Maharashtra,Kolhapur,Kolhapur,Tomato,Hybrid,FAQ,10/01/2026,1296.0,1507.0,1394.0
Maharashtra,Kolhapur,Kolhapur,Tomato,Hybrid,FAQ,11/01/2026,1360.0,1582.0,1438.0
Maharashtra,Kolhapur,Kolhapur,Tomato,Hybrid,FAQ,12/01/2026,1427.0,1627.0,1489.0
Maharashtra,Kolhapur,Kolhapur,Tomato,Hybrid,FAQ,13/01/2026,1421.0,1673.0,1529.0
Maharashtra,Kolhapur,Kolhapur,Tomato,Hybrid,FAQ,14/01/2026,1184.0,1399.0,1301.0
Maharashtra,Kolhapur,Kolhapur,Tomato,Hybrid,FAQ,15/01/2026,1146.0,1354.0,1240.0
Maharashtra,Kolhapur,Kolhapur,Tomato,Hybrid,FAQ,16/01/2026,1116.0,1259.0,1204.0
Maharashtra,Kolhapur,Kolhapur,Tomato,Hybrid,FAQ,17/01/2026,1191.0,1351.0,1279.0
Maharashtra,Kolhapur,Kolhapur,Tomato,Hybrid,FAQ,18/01/2026,1204.0,1353.0,1298.0
Maharashtra,Kolhapur,Kolhapur,Tomato,Hybrid,FAQ,19/01/2026,1227.0,1421.0,1336.0
Maharashtra,Kolhapur,Kolhapur,Tomato,Hybrid,FAQ,20/01/2026,1244.0,1479.0,1374.0
Maharashtra,Kolhapur,Kolhapur,Tomato,Hybrid,FAQ,21/01/2026,1286.0,1524.0,1414.0
Maharashtra,Kolhapur,Kolhapur,Tomato,Hybrid,FAQ,22/01/2026,1422.0,1659.0,1513.0
Maharashtra,Kolhapur,Kolhapur,Tomato,Hybrid,FAQ,23/01/2026,1646.0,1831.0,1718.0
Maharashtra,Kolhapur,Kolhapur,Tomato,Hybrid,FAQ,24/01/2026,1691.0,1866.0,1798.0
Maharashtra,Kolhapur,Kolhapur,Tomato,Hybrid,FAQ,25/01/2026,1685.0,1913.0,1811.0
Maharashtra,Kolhapur,Kolhapur,Tomato,Hybrid,FAQ,26/01/2026,1682.0,1872.0,1755.0
Maharashtra,Kolhapur,Kolhapur,Tomato,Hybrid,FAQ,27/01/2026,1679.0,1813.0,1745.0
Maharashtra,Kolhapur,Kolhapur,Tomato,Hybrid,FAQ,28/01/2026,1603.0,1762.0,1673.0
Maharashtra,Kolhapur,Kolhapur,Tomato,Hybrid,FAQ,29/01/2026,1560.0,1759.0,1661.0
Maharashtra,Kolhapur,Kolhapur,Tomato,Hybrid,FAQ,30/01/2026,1523.0,1745.0,1611.0
Maharashtra,Kolhapur,Kolhapur,Tomato,Hybrid,FAQ,31/01/2026,1557.0,1670.0,1613.0
Maharashtra,Kolhapur,Kolhapur,Tomato,Hybrid,FAQ,01/02/2026,1400.0,1614.0,1507.0
Maharashtra,Kolhapur,Kolhapur,Tomato,Hybrid,FAQ,02/02/2026,1375.0,1576.0,1521.0
Maharashtra,Kolhapur,Kolhapur,Tomato,Hybrid,FAQ,03/02/2026,1553.0,1667.0,1613.0
Maharashtra,Kolhapur,Kolhapur,Tomato,Hybrid,FAQ,04/02/2026,1514.0,1684.0,1629.0
Maharashtra,Kolhapur,Kolhapur,Tomato,Hybrid,FAQ,05/02/2026,1364.0,1643.0,1509.0
Maharashtra,Kolhapur,Kolhapur,Tomato,Hybrid,FAQ,06/02/2026,1401.0,1531.0,1468.0
Maharashtra,Kolhapur,Kolhapur,Tomato,Hybrid,FAQ,07/02/2026,1386.0,1550.0,1448.0
Maharashtra,Kolhapur,Kolhapur,Tomato,Hybrid,FAQ,08/02/2026,1235.0,1502.0,1384.0
Maharashtra,Kolhapur,Kolhapur,Tomato,Hybrid,FAQ,09/02/2026,1123.0,1332.0,1268.0
Maharashtra,Kolhapur,Kolhapur,Tomato,Hybrid,FAQ,10/02/2026,1298.0,1406.0,1356.0
Maharashtra,Kolhapur,Kolhapur,Tomato,Hybrid,FAQ,11/02/2026,1050.0,1281.0,1167.0
Maharashtra,Kolhapur,Kolhapur,Tomato,Hybrid,FAQ,12/02/2026,1048.0,1192.0,1140.0
Maharashtra,Kolhapur,Kolhapur,Tomato,Hybrid,FAQ,13/02/2026,821.0,973.0,905.0
Maharashtra,Kolhapur,Kolhapur,Tomato,Hybrid,FAQ,14/02/2026,961.0,1132.0,
Maharashtra,Kolhapur,Kolhapur,Tomato,Hybrid,FAQ,15/02/2026,1029.0,1163.0,1103.0
Maharashtra,Kolhapur,Kolhapur,Tomato,Hybrid,FAQ,16/02/2026,1029.0,1252.0,1147.0
Maharashtra,Kolhapur,Kolhapur,Tomato,Hybrid,FAQ,17/02/2026,1001.0,1241.0,1099.0
Maharashtra,Kolhapur,Kolhapur,Tomato,Hybrid,FAQ,18/02/2026,998.0,1211.0,1083.0
Maharashtra,Kolhapur,Kolhapur,Tomato,Hybrid,FAQ,19/02/2026,902.0,1125.0,1051.0
Maharashtra,Kolhapur,Kolhapur,Tomato,Hybrid,FAQ,20/02/2026,983.0,1145.0,1055.0
Maharashtra,Kolhapur,Kolhapur,Tomato,Hybrid,FAQ,21/02/2026,968.0,1207.0,1059.0
Maharashtra,Kolhapur,Kolhapur,Tomato,Hybrid,FAQ,22/02/2026,1021.0,1227.0,1104.0
Maharashtra,Kolhapur,Kolhapur,Tomato,Hybrid,FAQ,23/02/2026,964.0,1164.0,1056.0
Maharashtra,Kolhapur,Kolhapur,Tomato,Hybrid,FAQ,24/02/2026,959.0,1152.0,1096.0
Maharashtra,Kolhapur,Kolhapur,Tomato,Hybrid,FAQ,25/02/2026,1019.0,1202.0,1138.0
Maharashtra,Kolhapur,Kolhapur,Tomato,Hybrid,FAQ,26/02/2026,1163.0,1355.0,1253.0
Maharashtra,Kolhapur,Kolhapur,Tomato,Hybrid,FAQ,27/02/2026,904.0,1118.0,1054.0
Maharashtra,Kolhapur,Kolhapur,Tomato,Hybrid,FAQ,28/02/2026,904.0,1033.0,967.0
Maharashtra,Kolhapur,Kolhapur,Tomato,Hybrid,FAQ,01/03/2026,969.0,1252.0,1114.0
Maharashtra,Kolhapur,Kolhapur,Tomato,Hybrid,FAQ,02/03/2026,944.0,1159.0,1061.0
Maharashtra,Kolhapur,Kolhapur,Tomato,Hybrid,FAQ,03/03/2026,864.0,1042.0,956.0
Maharashtra,Kolhapur,Kolhapur,Tomato,Hybrid,FAQ,04/03/2026,1024.0,1187.0,1090.0
Maharashtra,Kolhapur,Kolhapur,Tomato,Hybrid,FAQ,05/03/2026,1153.0,1365.0,1258.0
Maharashtra,Kolhapur,Kolhapur,Tomato,Hybrid,FAQ,06/03/2026,1266.0,1404.0,1319.0
Maharashtra,Kolhapur,Kolhapur,Tomato,Hybrid,FAQ,07/03/2026,1118.0,1352.0,1246.0
Maharashtra,Kolhapur,Kolhapur,Tomato,Hybrid,FAQ,08/03/2026,1218.0,1455.0,1325.0
Maharashtra,Kolhapur,Kolhapur,Tomato,Hybrid,FAQ,09/03/2026,1104.0,1339.0,1228.0
Maharashtra,Kolhapur,Kolhapur,Tomato,Hybrid,FAQ,10/03/2026,1052.0,1220.0,1128.0
Maharashtra,Kolhapur,Kolhapur,Tomato,Hybrid,FAQ,11/03/2026,1015.0,1226.0,1125.0
Maharashtra,Kolhapur,Kolhapur,Tomato,Hybrid,FAQ,12/03/2026,836.0,1011.0,959.0
Maharashtra,Kolhapur,Kolhapur,Tomato,Hybrid,FAQ,13/03/2026,848.0,1100.0,956.0
Maharashtra,Kolhapur,Kolhapur,Tomato,Hybrid,FAQ,14/03/2026,887.0,1059.0,946.0
Maharashtra,Kolhapur,Kolhapur,Tomato,Hybrid,FAQ,15/03/2026,724.0,920.0,829.0
Maharashtra,Kolhapur,Kolhapur,Tomato,Hybrid,FAQ,16/03/2026,845.0,967.0,915.0
Maharashtra,Kolhapur,KOLHAPUR,tomato,Hybrid,FAQ,17/03/2026,784.0,1028.0,920.0
Maharashtra,Kolhapur,Kolhapur,Tomato,Hybrid,FAQ,18/03/2026,809.0,1033.0,940.0
Maharashtra,Kolhapur,Kolhapur,Tomato,Hybrid,FAQ,19/03/2026,896.0,1162.0,1021.0
Maharashtra,Kolhapur,Kolhapur,Tomato,Hybrid,FAQ,20/03/2026,830.0,977.0,907.0
Maharashtra,Kolhapur,Kolhapur,Tomato,Hybrid,FAQ,21/03/2026,858.0,1014.0,933.0
Maharashtra,Kolhapur,Kolhapur,Tomato,Hybrid,FAQ,22/03/2026,1031.0,1236.0,1124.0
Maharashtra,Kolhapur,Kolhapur,Tomato,Hybrid,FAQ,23/03/2026,1186.0,1303.0,1244.0
Maharashtra,Kolhapur,Kolhapur,Tomato,Hybrid,FAQ,24/03/2026,1179.0,1328.0,1250.0
Maharashtra,Kolhapur,Kolhapur,Tomato,Hybrid,FAQ,25/03/2026,1044.0,1265.0,1134.0
Maharashtra,Kolhapur,Kolhapur,Tomato,Hybrid,FAQ,26/03/2026,1087.0,1282.0,1230.0
Maharashtra,Kolhapur,Kolhapur,Tomato,Hybrid,FAQ,27/03/2026,1219.0,1423.0,1284.0
Maharashtra,Kolhapur,Kolhapur,Tomato,Hybrid,FAQ,28/03/2026,1376.0,1610.0,1492.0
Maharashtra,Kolhapur,Kolhapur,Tomato,Hybrid,FAQ,29/03/2026,1216.0,1509.0,1359.0
Maharashtra,Kolhapur,Kolhapur,Tomato,Hybrid,FAQ,30/03/2026,1133.0,1326.0,1271.0
Maharashtra,Kolhapur,Kolhapur,Tomato,Hybrid,FAQ,31/03/2026,1289.0,1502.0,1362.0
Maharashtra,Kolhapur,Kolhapur,Tomato,Hybrid,FAQ,01/04/2026,1223.0,1423.0,1287.0
Maharashtra,Kolhapur,Kolhapur,Tomato,Hybrid,FAQ,02/04/2026,1123.0,1340.0,1223.0
Maharashtra,Kolhapur,Kolhapur,Tomato,Hybrid,FAQ,03/04/2026,1167.0,1374.0,1293.0
Maharashtra,Kolhapur,Kolhapur,Tomato,Hybrid,FAQ,04/04/2026,1131.0,1293.0,1222.0
Maharashtra,Kolhapur,Kolhapur,Tomato,Hybrid,FAQ,05/04/2026,1082.0,1305.0,1225.0
Maharashtra,Kolhapur,Kolhapur,Tomato,Hybrid,FAQ,06/04/2026,1107.0,1362.0,1235.0
Maharashtra,Kolhapur,Kolhapur,Tomato,Hybrid,FAQ,07/04/2026,1029.0,1269.0,1146.0
Maharashtra,Kolhapur,Kolhapur,Tomato,Hybrid,FAQ,08/04/2026,1013.0,1192.0,1121.0
Maharashtra,Kolhapur,Kolhapur,Tomato,Hybrid,FAQ,09/04/2026,850.0,1058.0,943.0
Maharashtra,Kolhapur,Kolhapur,Tomato,Hybrid,FAQ,10/04/2026,822.0,1020.0,947.0
Maharashtra,Kolhapur,Kolhapur,Tomato,Hybrid,FAQ,11/04/2026,738.0,936.0,808.0
Maharashtra,Kolhapur,Kolhapur,Tomato,Hybrid,FAQ,12/04/2026,610.0,838.0,751.0
Maharashtra,Kolhapur,Kolhapur,Tomato,Hybrid,FAQ,13/04/2026,654.0,857.0,789.0
Maharashtra,Kolhapur,Kolhapur,Tomato,Hybrid,FAQ,14/04/2026,667.0,901.0,813.0
Maharashtra,Kolhapur,Kolhapur,Tomato,Hybrid,FAQ,15/04/2026,669.0,829.0,768.0
Maharashtra,Kolhapur,Kolhapur,Tomato,Hybrid,FAQ,16/04/2026,677.0,834.0,752.0
Maharashtra,Kolhapur,Kolhapur,Tomato,Hybrid,FAQ,17/04/2026,695.0,911.0,775.0
Maharashtra,Kolhapur,Kolhapur,Tomato,Hybrid,FAQ,18/04/2026,658.0,920.0,794.0
Maharashtra,Kolhapur,Kolhapur,Tomato,Hybrid,FAQ,19/04/2026,689.0,952.0,834.0
Maharashtra,Kolhapur,Kolhapur,Tomato,Hybrid,FAQ,20/04/2026,677.0,860.0,760.0
Maharashtra,Kolhapur,Kolhapur,Tomato,Hybrid,FAQ,21/04/2026,713.0,856.0,775.0
Maharashtra,Kolhapur,Kolhapur,Tomato,Hybrid,FAQ,22/04/2026,844.0,1110.0,974.0
Maharashtra,Kolhapur,Kolhapur,Tomato,Hybrid,FAQ,23/04/2026,956.0,1212.0,1081.0
Maharashtra,Kolhapur,Kolhapur,Tomato,Hybrid,FAQ,24/04/2026,823.0,1049.0,968.0
Maharashtra,Kolhapur,KOLHAPUR,tomato,Hybrid,FAQ,25/04/2026,942.0,1135.0,1060.0
Maharashtra,Kolhapur,Kolhapur,Tomato,Hybrid,FAQ,26/04/2026,1002.0,1206.0,1139.0
Maharashtra,Kolhapur,Kolhapur,Tomato,Hybrid,FAQ,27/04/2026,1048.0,1281.0,1146.0
Maharashtra,Kolhapur,Kolhapur,Tomato,Hybrid,FAQ,28/04/2026,1044.0,1199.0,1132.0
Maharashtra,Kolhapur,Kolhapur,Tomato,Hybrid,FAQ,29/04/2026,1079.0,1270.0,1148.0
Maharashtra,Kolhapur,Kolhapur,Tomato,Hybrid,FAQ,30/04/2026,1158.0,1369.0,1259.0
Maharashtra,Kolhapur,Kolhapur,Tomato,Hybrid,FAQ,01/05/2026,1241.0,1495.0,1374.0
Maharashtra,Kolhapur,Kolhapur,Tomato,Hybrid,FAQ,02/05/2026,1299.0,1494.0,1360.0
Maharashtra,Kolhapur,Kolhapur,Tomato,Hybrid,FAQ,03/05/2026,1384.0,1608.0,1470.0
Maharashtra,Kolhapur,Kolhapur,Tomato,Hybrid,FAQ,04/05/2026,1442.0,1626.0,1565.0
Maharashtra,Kolhapur,Kolhapur,Tomato,Hybrid,FAQ,05/05/2026,1594.0,1795.0,1649.0
Maharashtra,Kolhapur,Kolhapur,Tomato,Hybrid,FAQ,06/05/2026,1511.0,1742.0,1629.0
Maharashtra,Kolhapur,Kolhapur,Tomato,Hybrid,FAQ,07/05/2026,1402.0,1626.0,1546.0
Maharashtra,Kolhapur,Kolhapur,Tomato,Hybrid,FAQ,08/05/2026,1343.0,1560.0,1471.0
Maharashtra,Kolhapur,Kolhapur,Tomato,Hybrid,FAQ,09/05/2026,1422.0,1595.0,1509.0
Maharashtra,Kolhapur,Kolhapur,Tomato,Hybrid,FAQ,10/05/2026,1429.0,1615.0,1513.0
Maharashtra,Kolhapur,KOLHAPUR,tomato,Hybrid,FAQ,11/05/2026,1503.0,1705.0,1604.0
Maharashtra,Kolhapur,Kolhapur,Tomato,Hybrid,FAQ,12/05/2026,1525.0,1737.0,1589.0
Maharashtra,Kolhapur,Kolhapur,Tomato,Hybrid,FAQ,13/05/2026,1457.0,1683.0,1573.0
Maharashtra,Kolhapur,Kolhapur,Tomato,Hybrid,FAQ,14/05/2026,1472.0,1656.0,1564.0
Maharashtra,Kolhapur,Kolhapur,Tomato,Hybrid,FAQ,15/05/2026,1376.0,1623.0,1508.0
Maharashtra,Kolhapur,Kolhapur,Tomato,Hybrid,FAQ,16/05/2026,1468.0,1656.0,1560.0
Maharashtra,Kolhapur,Kolhapur,Tomato,Hybrid,FAQ,17/05/2026,1536.0,1719.0,1637.0
Maharashtra,Kolhapur,KOLHAPUR,tomato,Hybrid,FAQ,18/05/2026,1453.0,1713.0,1563.0
Maharashtra,Kolhapur,Kolhapur,Tomato,Hybrid,FAQ,19/05/2026,1549.0,1689.0,1634.0
Maharashtra,Kolhapur,Kolhapur,Tomato,Hybrid,FAQ,20/05/2026,1553.0,1715.0,1623.0
Maharashtra,Kolhapur,Kolhapur,Tomato,Hybrid,FAQ,21/05/2026,1497.0,1616.0,1559.0
Maharashtra,Kolhapur,Kolhapur,Tomato,Hybrid,FAQ,22/05/2026,1484.0,1749.0,1606.0
Maharashtra,Kolhapur,Kolhapur,Tomato,Hybrid,FAQ,23/05/2026,1415.0,1601.0,1516.0
Maharashtra,Kolhapur,Kolhapur,Tomato,Hybrid,FAQ,24/05/2026,1413.0,1612.0,1500.0
Maharashtra,Kolhapur,Kolhapur,Tomato,Hybrid,FAQ,25/05/2026,1393.0,1596.0,1447.0
Maharashtra,Kolhapur,Kolhapur,Tomato,Hybrid,FAQ,26/05/2026,1404.0,1532.0,
Maharashtra,Kolhapur,Kolhapur,Tomato,Hybrid,FAQ,27/05/2026,1505.0,1683.0,1589.0
Maharashtra,Kolhapur,Kolhapur,Tomato,Hybrid,FAQ,28/05/2026,1431.0,1650.0,1549.0
Maharashtra,Kolhapur,Kolhapur,Tomato,Hybrid,FAQ,29/05/2026,1476.0,1723.0,1574.0
Maharashtra,Kolhapur,Kolhapur,Tomato,Hybrid,FAQ,30/05/2026,1447.0,1647.0,1572.0
Maharashtra,Kolhapur,Kolhapur,Tomato,Hybrid,FAQ,31/05/2026,1456.0,1652.0,1592.0
Maharashtra,Kolhapur,Kolhapur,Tomato,Hybrid,FAQ,01/06/2026,1473.0,1679.0,1594.0
Maharashtra,Kolhapur,Kolhapur,Tomato,Hybrid,FAQ,02/06/2026,1570.0,1787.0,1654.0
Maharashtra,Kolhapur,Kolhapur,Tomato,Hybrid,FAQ,03/06/2026,1554.0,1685.0,1604.0
Maharashtra,Kolhapur,Kolhapur,Tomato,Hybrid,FAQ,04/06/2026,1477.0,1603.0,1534.0
Maharashtra,Kolhapur,Kolhapur,Tomato,Hybrid,FAQ,05/06/2026,1359.0,1544.0,1465.0
Maharashtra,Kolhapur,Kolhapur,Tomato,Hybrid,FAQ,06/06/2026,1162.0,1441.0,1300.0
Maharashtra,Kolhapur,Kolhapur,Tomato,Hybrid,FAQ,07/06/2026,1091.0,1273.0,1190.0
Maharashtra,Kolhapur,Kolhapur,Tomato,Hybrid,FAQ,08/06/2026,1096.0,1258.0,1176.0
Maharashtra,Kolhapur,Kolhapur,Tomato,Hybrid,FAQ,09/06/2026,1081.0,1275.0,1147.0
Maharashtra,Kolhapur,KOLHAPUR,tomato,Hybrid,FAQ,10/06/2026,1113.0,1232.0,1175.0
Maharashtra,Kolhapur,Kolhapur,Tomato,Hybrid,FAQ,11/06/2026,955.0,1165.0,1096.0
Maharashtra,Kolhapur,Kolhapur,Tomato,Hybrid,FAQ,12/06/2026,1054.0,1258.0,1112.0
Maharashtra,Kolhapur,Kolhapur,Tomato,Hybrid,FAQ,13/06/2026,1154.0,1365.0,1229.0
Maharashtra,Kolhapur,Kolhapur,Tomato,Hybrid,FAQ,14/06/2026,1202.0,1354.0,1253.0
Maharashtra,Kolhapur,Kolhapur,Tomato,Hybrid,FAQ,15/06/2026,1104.0,1374.0,1231.0
Maharashtra,Kolhapur,KOLHAPUR,tomato,Hybrid,FAQ,16/06/2026,1138.0,1295.0,1216.0
Maharashtra,Kolhapur,Kolhapur,Tomato,Hybrid,FAQ,17/06/2026,1147.0,1324.0,1235.0
Maharashtra,Kolhapur,Kolhapur,Tomato,Hybrid,FAQ,18/06/2026,1007.0,1193.0,1126.0
Maharashtra,Kolhapur,Kolhapur,Tomato,Hybrid,FAQ,19/06/2026,1059.0,1240.0,1140.0
Maharashtra,Kolhapur,Kolhapur,Tomato,Hybrid,FAQ,20/06/2026,1084.0,1265.0,1199.0
Maharashtra,Kolhapur,Kolhapur,Tomato,Hybrid,FAQ,21/06/2026,1167.0,1331.0,1272.0
Maharashtra,Kolhapur,Kolhapur,Tomato,Hybrid,FAQ,22/06/2026,1104.0,1235.0,1158.0
Maharashtra,Kolhapur,Kolhapur,Tomato,Hybrid,FAQ,23/06/2026,851.0,1142.0,997.0
Maharashtra,Kolhapur,Kolhapur,Tomato,Hybrid,FAQ,24/06/2026,894.0,1051.0,962.0
Maharashtra,Kolhapur,Kolhapur,Tomato,Hybrid,FAQ,25/06/2026,806.0,1015.0,951.0
Maharashtra,Kolhapur,Kolhapur,Tomato,Hybrid,FAQ,26/06/2026,767.0,1003.0,915.0
Maharashtra,Kolhapur,Kolhapur,Tomato,Hybrid,FAQ,27/06/2026,811.0,1023.0,939.0
Maharashtra,Kolhapur,Kolhapur,Tomato,Hybrid,FAQ,28/06/2026,768.0,977.0,833.0
Maharashtra,Kolhapur,Kolhapur,Tomato,Hybrid,FAQ,29/06/2026,735.0,1016.0,877.0
Maharashtra,Kolhapur,Kolhapur,Tomato,Hybrid,FAQ,30/06/2026,927.0,1067.0,
Maharashtra,Kolhapur,Kolhapur,Tomato,Hybrid,FAQ,01/07/2026,946.0,1141.0,1027.0
Maharashtra,Kolhapur,Kolhapur,Tomato,Hybrid,FAQ,02/07/2026,830.0,1071.0,940.0
Maharashtra,Kolhapur,Kolhapur,Tomato,Hybrid,FAQ,03/07/2026,816.0,967.0,904.0
Maharashtra,Kolhapur,Kolhapur,Tomato,Hybrid,FAQ,04/07/2026,769.0,963.0,849.0
Maharashtra,Kolhapur,Kolhapur,Tomato,Hybrid,FAQ,05/07/2026,675.0,905.0,785.0
Maharashtra,Kolhapur,Kolhapur,Tomato,Hybrid,FAQ,06/07/2026,813.0,980.0,883.0
Maharashtra,Kolhapur,Kolhapur,Tomato,Hybrid,FAQ,07/07/2026,711.0,909.0,841.0
Maharashtra,Kolhapur,Kolhapur,Tomato,Hybrid,FAQ,08/07/2026,905.0,1077.0,958.0
Maharashtra,Kolhapur,Kolhapur,Tomato,Hybrid,FAQ,09/07/2026,776.0,914.0,858.0
Maharashtra,Kolhapur,Kolhapur,Tomato,Hybrid,FAQ,10/07/2026,644.0,791.0,733.0
Maharashtra,Kolhapur,KOLHAPUR,tomato,Hybrid,FAQ,11/07/2026,721.0,866.0,786.0
Maharashtra,Satara,Satara,Tomato,Hybrid,FAQ,24/12/2025,1387.0,1530.0,1449.0
Maharashtra,Satara,Satara,Tomato,Hybrid,FAQ,25/12/2025,1287.0,1496.0,1430.0
Maharashtra,Satara,Satara,Tomato,Hybrid,FAQ,26/12/2025,1321.0,1564.0,1459.0
Maharashtra,Satara,Satara,Tomato,Hybrid,FAQ,27/12/2025,1505.0,1678.0,1608.0
Maharashtra,Satara,Satara,Tomato,Hybrid,FAQ,28/12/2025,1383.0,1593.0,1509.0
Maharashtra,Satara,Satara,Tomato,Hybrid,FAQ,29/12/2025,1231.0,1500.0,1376.0
Maharashtra,Satara,Satara,Tomato,Hybrid,FAQ,30/12/2025,1406.0,1537.0,1461.0
Maharashtra,Satara,Satara,Tomato,Hybrid,FAQ,31/12/2025,1386.0,1556.0,1483.0
Maharashtra,Satara,Satara,Tomato,Hybrid,FAQ,01/01/2026,1418.0,1594.0,1510.0
Maharashtra,Satara,Satara,Tomato,Hybrid,FAQ,02/01/2026,1380.0,1620.0,1526.0
Maharashtra,Satara,Satara,Tomato,Hybrid,FAQ,03/01/2026,1188.0,1436.0,1329.0
Maharashtra,Satara,Satara,Tomato,Hybrid,FAQ,04/01/2026,1188.0,1445.0,1314.0
Maharashtra,Satara,Satara,Tomato,Hybrid,FAQ,05/01/2026,1107.0,1328.0,1242.0
Maharashtra,Satara,Satara,Tomato,Hybrid,FAQ,06/01/2026,941.0,1214.0,1070.0
Maharashtra,Satara,Satara,Tomato,Hybrid,FAQ,07/01/2026,1065.0,1331.0,1196.0
Maharashtra,Satara,Satara,Tomato,Hybrid,FAQ,08/01/2026,1170.0,1315.0,1260.0
Maharashtra,Satara,SATARA,tomato,Hybrid,FAQ,09/01/2026,1315.0,1535.0,1410.0
Maharashtra,Satara,Satara,Tomato,Hybrid,FAQ,10/01/2026,1239.0,1438.0,1325.0
Maharashtra,Satara,Satara,Tomato,Hybrid,FAQ,11/01/2026,1273.0,1448.0,1378.0
Maharashtra,Satara,Satara,Tomato,Hybrid,FAQ,12/01/2026,1232.0,1436.0,1311.0
Maharashtra,Satara,Satara,Tomato,Hybrid,FAQ,13/01/2026,1029.0,1298.0,1176.0
Maharashtra,Satara,SATARA,tomato,Hybrid,FAQ,14/01/2026,1022.0,1261.0,1168.0
Maharashtra,Satara,Satara,Tomato,Hybrid,FAQ,15/01/2026,1151.0,1375.0,1254.0
Maharashtra,Satara,Satara,Tomato,Hybrid,FAQ,16/01/2026,1173.0,1343.0,1248.0
Maharashtra,Satara,Satara,Tomato,Hybrid,FAQ,17/01/2026,1175.0,1279.0,1225.0
Maharashtra,Satara,Satara,Tomato,Hybrid,FAQ,18/01/2026,1046.0,1268.0,1194.0
Maharashtra,Satara,Satara,Tomato,Hybrid,FAQ,19/01/2026,1176.0,1346.0,1281.0
Maharashtra,Satara,Satara,Tomato,Hybrid,FAQ,20/01/2026,1199.0,1432.0,1322.0
Maharashtra,Satara,Satara,Tomato,Hybrid,FAQ,21/01/2026,1254.0,1509.0,1402.0
Maharashtra,Satara,Satara,Tomato,Hybrid,FAQ,22/01/2026,1387.0,1586.0,1471.0
Maharashtra,Satara,Satara,Tomato,Hybrid,FAQ,23/01/2026,1307.0,1549.0,1439.0
Maharashtra,Satara,Satara,Tomato,Hybrid,FAQ,24/01/2026,1281.0,1467.0,1370.0
Maharashtra,Satara,Satara,Tomato,Hybrid,FAQ,25/01/2026,1196.0,1392.0,1333.0
Maharashtra,Satara,Satara,Tomato,Hybrid,FAQ,26/01/2026,1287.0,1550.0,1415.0
Maharashtra,Satara,Satara,Tomato,Hybrid,FAQ,27/01/2026,1323.0,1511.0,1390.0
Maharashtra,Satara,Satara,Tomato,Hybrid,FAQ,28/01/2026,1171.0,1389.0,1275.0
Maharashtra,Satara,Satara,Tomato,Hybrid,FAQ,29/01/2026,1168.0,1304.0,1222.0
Maharashtra,Satara,Satara,Tomato,Hybrid,FAQ,30/01/2026,1061.0,1303.0,1167.0
Maharashtra,Satara,Satara,Tomato,Hybrid,FAQ,31/01/2026,957.0,1224.0,1102.0
Maharashtra,Satara,Satara,Tomato,Hybrid,FAQ,01/02/2026,1129.0,1375.0,1272.0
Maharashtra,Satara,Satara,Tomato,Hybrid,FAQ,02/02/2026,1137.0,1320.0,1217.0
Maharashtra,Satara,Satara,Tomato,Hybrid,FAQ,03/02/2026,1144.0,1360.0,1250.0
Maharashtra,Satara,Satara,Tomato,Hybrid,FAQ,04/02/2026,1102.0,1361.0,1214.0
Maharashtra,Satara,Satara,Tomato,Hybrid,FAQ,05/02/2026,992.0,1257.0,1115.0
Maharashtra,Satara,Satara,Tomato,Hybrid,FAQ,06/02/2026,1091.0,1277.0,1160.0
Maharashtra,Satara,Satara,Tomato,Hybrid,FAQ,07/02/2026,1178.0,1400.0,1290.0
Maharashtra,Satara,SATARA,tomato,Hybrid,FAQ,08/02/2026,1491.0,1676.0,1574.0
Maharashtra,Satara,Satara,Tomato,Hybrid,FAQ,09/02/2026,1403.0,1604.0,1473.0
Maharashtra,Satara,Satara,Tomato,Hybrid,FAQ,10/02/2026,1552.0,1724.0,1646.0
Maharashtra,Satara,Satara,Tomato,Hybrid,FAQ,11/02/2026,1470.0,1661.0,1576.0
Maharashtra,Satara,Satara,Tomato,Hybrid,FAQ,12/02/2026,1267.0,1445.0,1391.0
Maharashtra,Satara,Satara,Tomato,Hybrid,FAQ,13/02/2026,1296.0,1477.0,1393.0
Maharashtra,Satara,Satara,Tomato,Hybrid,FAQ,14/02/2026,1442.0,1600.0,1541.0
Maharashtra,Satara,Satara,Tomato,Hybrid,FAQ,15/02/2026,1426.0,1675.0,1573.0
Maharashtra,Satara,Satara,Tomato,Hybrid,FAQ,16/02/2026,1352.0,1543.0,1450.0
Maharashtra,Satara,Satara,Tomato,Hybrid,FAQ,17/02/2026,1447.0,1565.0,1504.0
Maharashtra,Satara,Satara,Tomato,Hybrid,FAQ,18/02/2026,1391.0,1560.0,1460.0
Maharashtra,Satara,SATARA,tomato,Hybrid,FAQ,19/02/2026,1390.0,1573.0,1517.0
Maharashtra,Satara,Satara,Tomato,Hybrid,FAQ,20/02/2026,1374.0,1483.0,1428.0
Maharashtra,Satara,Satara,Tomato,Hybrid,FAQ,21/02/2026,1313.0,1508.0,1446.0
Maharashtra,Satara,Satara,Tomato,Hybrid,FAQ,22/02/2026,1305.0,1515.0,1439.0
Maharashtra,Satara,Satara,Tomato,Hybrid,FAQ,23/02/2026,1295.0,1441.0,1387.0
Maharashtra,Satara,Satara,Tomato,Hybrid,FAQ,24/02/2026,1475.0,1665.0,1582.0
Maharashtra,Satara,Satara,Tomato,Hybrid,FAQ,25/02/2026,1372.0,1515.0,1454.0
Maharashtra,Satara,SATARA,tomato,Hybrid,FAQ,26/02/2026,1257.0,1531.0,1384.0
Maharashtra,Satara,Satara,Tomato,Hybrid,FAQ,27/02/2026,1213.0,1497.0,1360.0
Maharashtra,Satara,Satara,Tomato,Hybrid,FAQ,28/02/2026,1425.0,1617.0,1504.0
Maharashtra,Satara,Satara,Tomato,Hybrid,FAQ,01/03/2026,1480.0,1674.0,1576.0
Maharashtra,Satara,Satara,Tomato,Hybrid,FAQ,02/03/2026,1422.0,1646.0,1504.0
Maharashtra,Satara,Satara,Tomato,Hybrid,FAQ,03/03/2026,1534.0,1689.0,1590.0
Maharashtra,Satara,Satara,Tomato,Hybrid,FAQ,04/03/2026,1503.0,1683.0,1608.0
Maharashtra,Satara,Satara,Tomato,Hybrid,FAQ,05/03/2026,1593.0,1812.0,1677.0
Maharashtra,Satara,Satara,Tomato,Hybrid,FAQ,06/03/2026,1680.0,1792.0,1740.0
Maharashtra,Satara,Satara,Tomato,Hybrid,FAQ,07/03/2026,1847.0,2081.0,1993.0
Maharashtra,Satara,Satara,Tomato,Hybrid,FAQ,08/03/2026,1809.0,2070.0,1927.0
Maharashtra,Satara,Satara,Tomato,Hybrid,FAQ,09/03/2026,1835.0,2006.0,1943.0
Maharashtra,Satara,Satara,Tomato,Hybrid,FAQ,10/03/2026,1984.0,2213.0,2075.0
Maharashtra,Satara,Satara,Tomato,Hybrid,FAQ,11/03/2026,2000.0,2255.0,2115.0
Maharashtra,Satara,Satara,Tomato,Hybrid,FAQ,12/03/2026,1949.0,2100.0,2030.0
Maharashtra,Satara,Satara,Tomato,Hybrid,FAQ,13/03/2026,1917.0,2184.0,2058.0
Maharashtra,Satara,Satara,Tomato,Hybrid,FAQ,14/03/2026,1883.0,2077.0,1951.0
Maharashtra,Satara,Satara,Tomato,Hybrid,FAQ,15/03/2026,1949.0,2119.0,2046.0
Maharashtra,Satara,Satara,Tomato,Hybrid,FAQ,16/03/2026,1923.0,2103.0,2006.0
Maharashtra,Satara,Satara,Tomato,Hybrid,FAQ,17/03/2026,1951.0,2164.0,2016.0
Maharashtra,Satara,Satara,Tomato,Hybrid,FAQ,18/03/2026,1911.0,2108.0,1981.0
Maharashtra,Satara,Satara,Tomato,Hybrid,FAQ,19/03/2026,1861.0,2061.0,1954.0
Maharashtra,Satara,Satara,Tomato,Hybrid,FAQ,20/03/2026,1933.0,2131.0,2072.0
Maharashtra,Satara,Satara,Tomato,Hybrid,FAQ,21/03/2026,1948.0,2193.0,2052.0
Maharashtra,Satara,Satara,Tomato,Hybrid,FAQ,22/03/2026,2091.0,2298.0,2154.0
Maharashtra,Satara,Satara,Tomato,Hybrid,FAQ,23/03/2026,1994.0,2263.0,2119.0
Maharashtra,Satara,Satara,Tomato,Hybrid,FAQ,24/03/2026,1876.0,2098.0,2020.0
Maharashtra,Satara,Satara,Tomato,Hybrid,FAQ,25/03/2026,2065.0,2268.0,2148.0
Maharashtra,Satara,Satara,Tomato,Hybrid,FAQ,26/03/2026,2078.0,2258.0,2202.0
Maharashtra,Satara,Satara,Tomato,Hybrid,FAQ,27/03/2026,2060.0,2227.0,2149.0
Maharashtra,Satara,Satara,Tomato,Hybrid,FAQ,28/03/2026,2122.0,2358.0,2270.0
Maharashtra,Satara,Satara,Tomato,Hybrid,FAQ,29/03/2026,2220.0,2443.0,
Maharashtra,Satara,Satara,Tomato,Hybrid,FAQ,30/03/2026,2187.0,2404.0,2332.0
Maharashtra,Satara,Satara,Tomato,Hybrid,FAQ,31/03/2026,2270.0,2479.0,2353.0
Maharashtra,Satara,Satara,Tomato,Hybrid,FAQ,01/04/2026,2399.0,2617.0,2493.0
Maharashtra,Satara,Satara,Tomato,Hybrid,FAQ,02/04/2026,2282.0,2411.0,2355.0
Maharashtra,Satara,Satara,Tomato,Hybrid,FAQ,03/04/2026,2267.0,2419.0,2334.0
Maharashtra,Satara,Satara,Tomato,Hybrid,FAQ,04/04/2026,2074.0,2220.0,2164.0
Maharashtra,Satara,Satara,Tomato,Hybrid,FAQ,05/04/2026,2185.0,2360.0,2250.0
Maharashtra,Satara,SATARA,tomato,Hybrid,FAQ,06/04/2026,2152.0,2360.0,2268.0
Maharashtra,Satara,Satara,Tomato,Hybrid,FAQ,07/04/2026,2102.0,2253.0,2202.0
Maharashtra,Satara,Satara,Tomato,Hybrid,FAQ,08/04/2026,2232.0,2467.0,2351.0
Maharashtra,Satara,Satara,Tomato,Hybrid,FAQ,09/04/2026,2193.0,2433.0,2341.0
Maharashtra,Satara,Satara,Tomato,Hybrid,FAQ,10/04/2026,2206.0,2447.0,2306.0
Maharashtra,Satara,Satara,Tomato,Hybrid,FAQ,11/04/2026,2232.0,2498.0,2362.0
Maharashtra,Satara,Satara,Tomato,Hybrid,FAQ,12/04/2026,2414.0,2608.0,2510.0
Maharashtra,Satara,Satara,Tomato,Hybrid,FAQ,13/04/2026,2424.0,2602.0,2544.0
Maharashtra,Satara,Satara,Tomato,Hybrid,FAQ,14/04/2026,2400.0,2634.0,2536.0
Maharashtra,Satara,Satara,Tomato,Hybrid,FAQ,15/04/2026,2452.0,2682.0,2544.0
Maharashtra,Satara,Satara,Tomato,Hybrid,FAQ,16/04/2026,2406.0,2609.0,2476.0
Maharashtra,Satara,Satara,Tomato,Hybrid,FAQ,17/04/2026,2271.0,2519.0,2418.0
Maharashtra,Satara,Satara,Tomato,Hybrid,FAQ,18/04/2026,2347.0,2523.0,2426.0
Maharashtra,Satara,Satara,Tomato,Hybrid,FAQ,19/04/2026,2318.0,2450.0,2387.0
Maharashtra,Satara,Satara,Tomato,Hybrid,FAQ,20/04/2026,2378.0,2586.0,2458.0
Maharashtra,Satara,Satara,Tomato,Hybrid,FAQ,21/04/2026,2252.0,2402.0,2319.0
Maharashtra,Satara,Satara,Tomato,Hybrid,FAQ,22/04/2026,2161.0,2389.0,2305.0
Maharashtra,Satara,Satara,Tomato,Hybrid,FAQ,23/04/2026,2236.0,2443.0,2304.0
Maharashtra,Satara,Satara,Tomato,Hybrid,FAQ,24/04/2026,2236.0,2453.0,2332.0
Maharashtra,Satara,Satara,Tomato,Hybrid,FAQ,25/04/2026,2279.0,2425.0,2357.0
Maharashtra,Satara,Satara,Tomato,Hybrid,FAQ,26/04/2026,2257.0,2363.0,
Maharashtra,Satara,Satara,Tomato,Hybrid,FAQ,27/04/2026,2171.0,2379.0,2268.0
Maharashtra,Satara,Satara,Tomato,Hybrid,FAQ,28/04/2026,2207.0,2353.0,2300.0
Maharashtra,Satara,Satara,Tomato,Hybrid,FAQ,29/04/2026,2243.0,2440.0,2336.0
Maharashtra,Satara,Satara,Tomato,Hybrid,FAQ,30/04/2026,2261.0,2448.0,2359.0
Maharashtra,Satara,Satara,Tomato,Hybrid,FAQ,01/05/2026,2315.0,2604.0,2458.0
Maharashtra,Satara,Satara,Tomato,Hybrid,FAQ,02/05/2026,2216.0,2412.0,2317.0
Maharashtra,Satara,Satara,Tomato,Hybrid,FAQ,03/05/2026,2261.0,2417.0,2339.0
Maharashtra,Satara,Satara,Tomato,Hybrid,FAQ,04/05/2026,2151.0,2391.0,2241.0
Maharashtra,Satara,Satara,Tomato,Hybrid,FAQ,05/05/2026,2193.0,2316.0,2251.0
Maharashtra,Satara,Satara,Tomato,Hybrid,FAQ,06/05/2026,2101.0,2296.0,2195.0
Maharashtra,Satara,Satara,Tomato,Hybrid,FAQ,07/05/2026,2059.0,2198.0,2118.0
Maharashtra,Satara,Satara,Tomato,Hybrid,FAQ,08/05/2026,1869.0,2160.0,2016.0
Maharashtra,Satara,Satara,Tomato,Hybrid,FAQ,09/05/2026,1947.0,2139.0,2088.0
Maharashtra,Satara,Satara,Tomato,Hybrid,FAQ,10/05/2026,1790.0,2066.0,1921.0
Maharashtra,Satara,Satara,Tomato,Hybrid,FAQ,11/05/2026,1874.0,2001.0,1925.0
Maharashtra,Satara,Satara,Tomato,Hybrid,FAQ,12/05/2026,1880.0,2094.0,1975.0
Maharashtra,Satara,Satara,Tomato,Hybrid,FAQ,13/05/2026,1901.0,2095.0,2004.0
Maharashtra,Satara,Satara,Tomato,Hybrid,FAQ,14/05/2026,1775.0,1990.0,1842.0
Maharashtra,Satara,Satara,Tomato,Hybrid,FAQ,15/05/2026,1731.0,1914.0,1841.0
Maharashtra,Satara,Satara,Tomato,Hybrid,FAQ,16/05/2026,1843.0,2066.0,1947.0
Maharashtra,Satara,Satara,Tomato,Hybrid,FAQ,17/05/2026,1861.0,2059.0,1972.0
Maharashtra,Satara,Satara,Tomato,Hybrid,FAQ,18/05/2026,1846.0,2040.0,1973.0
Maharashtra,Satara,Satara,Tomato,Hybrid,FAQ,19/05/2026,1739.0,1960.0,1832.0
Maharashtra,Satara,Satara,Tomato,Hybrid,FAQ,20/05/2026,1628.0,1855.0,1726.0
Maharashtra,Satara,Satara,Tomato,Hybrid,FAQ,21/05/2026,1429.0,1634.0,1560.0
Maharashtra,Satara,Satara,Tomato,Hybrid,FAQ,22/05/2026,1569.0,1741.0,1641.0
Maharashtra,Satara,Satara,Tomato,Hybrid,FAQ,23/05/2026,1561.0,1803.0,1656.0
Maharashtra,Satara,Satara,Tomato,Hybrid,FAQ,24/05/2026,1746.0,1989.0,1853.0
Maharashtra,Satara,SATARA,tomato,Hybrid,FAQ,25/05/2026,1735.0,1980.0,1872.0
Maharashtra,Satara,Satara,Tomato,Hybrid,FAQ,26/05/2026,1652.0,1861.0,1774.0
Maharashtra,Satara,SATARA,tomato,Hybrid,FAQ,27/05/2026,1677.0,1903.0,1766.0
Maharashtra,Satara,Satara,Tomato,Hybrid,FAQ,28/05/2026,1612.0,1833.0,1686.0
Maharashtra,Satara,Satara,Tomato,Hybrid,FAQ,29/05/2026,1607.0,1848.0,1754.0
Maharashtra,Satara,Satara,Tomato,Hybrid,FAQ,30/05/2026,1646.0,1831.0,1728.0
Maharashtra,Satara,Satara,Tomato,Hybrid,FAQ,31/05/2026,1503.0,1682.0,1627.0
Maharashtra,Satara,Satara,Tomato,Hybrid,FAQ,01/06/2026,1655.0,1799.0,1710.0
Maharashtra,Satara,Satara,Tomato,Hybrid,FAQ,02/06/2026,1489.0,1670.0,1588.0
Maharashtra,Satara,Satara,Tomato,Hybrid,FAQ,03/06/2026,1422.0,1572.0,1491.0
Maharashtra,Satara,Satara,Tomato,Hybrid,FAQ,04/06/2026,1391.0,1593.0,1485.0
Maharashtra,Satara,Satara,Tomato,Hybrid,FAQ,05/06/2026,1370.0,1592.0,1518.0
Maharashtra,Satara,Satara,Tomato,Hybrid,FAQ,06/06/2026,1511.0,1681.0,1622.0
Maharashtra,Satara,Satara,Tomato,Hybrid,FAQ,07/06/2026,1592.0,1766.0,1710.0
Maharashtra,Satara,Satara,Tomato,Hybrid,FAQ,08/06/2026,1774.0,1979.0,1845.0
Maharashtra,Satara,Satara,Tomato,Hybrid,FAQ,09/06/2026,1847.0,2034.0,1900.0
Maharashtra,Satara,Satara,Tomato,Hybrid,FAQ,10/06/2026,1703.0,1911.0,1766.0
Maharashtra,Satara,Satara,Tomato,Hybrid,FAQ,11/06/2026,1691.0,1818.0,1748.0
Maharashtra,Satara,Satara,Tomato,Hybrid,FAQ,12/06/2026,1752.0,1919.0,1856.0
Maharashtra,Satara,Satara,Tomato,Hybrid,FAQ,13/06/2026,1640.0,1793.0,1719.0
Maharashtra,Satara,Satara,Tomato,Hybrid,FAQ,14/06/2026,1561.0,1753.0,1681.0
Maharashtra,Satara,Satara,Tomato,Hybrid,FAQ,15/06/2026,1471.0,1647.0,
Maharashtra,Satara,Satara,Tomato,Hybrid,FAQ,16/06/2026,1444.0,1583.0,1501.0
Maharashtra,Satara,Satara,Tomato,Hybrid,FAQ,17/06/2026,1490.0,1668.0,1567.0
Maharashtra,Satara,Satara,Tomato,Hybrid,FAQ,18/06/2026,1477.0,1697.0,1611.0
Maharashtra,Satara,Satara,Tomato,Hybrid,FAQ,19/06/2026,1527.0,1727.0,1646.0
Maharashtra,Satara,Satara,Tomato,Hybrid,FAQ,20/06/2026,1609.0,1751.0,1660.0
Maharashtra,Satara,Satara,Tomato,Hybrid,FAQ,21/06/2026,1547.0,1749.0,1630.0
Maharashtra,Satara,Satara,Tomato,Hybrid,FAQ,22/06/2026,1430.0,1640.0,1561.0
Maharashtra,Satara,Satara,Tomato,Hybrid,FAQ,23/06/2026,1559.0,1777.0,
Maharashtra,Satara,Satara,Tomato,Hybrid,FAQ,24/06/2026,1604.0,1857.0,1715.0
Maharashtra,Satara,Satara,Tomato,Hybrid,FAQ,25/06/2026,1546.0,1737.0,1612.0
Maharashtra,Satara,Satara,Tomato,Hybrid,FAQ,26/06/2026,1365.0,1545.0,1462.0
Maharashtra,Satara,Satara,Tomato,Hybrid,FAQ,27/06/2026,1399.0,1646.0,1507.0
Maharashtra,Satara,Satara,Tomato,Hybrid,FAQ,28/06/2026,1581.0,1738.0,1683.0
Maharashtra,Satara,Satara,Tomato,Hybrid,FAQ,29/06/2026,1702.0,1874.0,1775.0
Maharashtra,Satara,Satara,Tomato,Hybrid,FAQ,30/06/2026,1590.0,1772.0,1690.0
Maharashtra,Satara,Satara,Tomato,Hybrid,FAQ,01/07/2026,1564.0,1736.0,1640.0
Maharashtra,Satara,Satara,Tomato,Hybrid,FAQ,02/07/2026,1615.0,1804.0,1676.0
Maharashtra,Satara,Satara,Tomato,Hybrid,FAQ,03/07/2026,1610.0,1868.0,1741.0
Maharashtra,Satara,Satara,Tomato,Hybrid,FAQ,04/07/2026,1635.0,1876.0,1768.0
Maharashtra,Satara,Satara,Tomato,Hybrid,FAQ,05/07/2026,1579.0,1790.0,1694.0
Maharashtra,Satara,Satara,Tomato,Hybrid,FAQ,06/07/2026,1533.0,1705.0,1647.0
Maharashtra,Satara,Satara,Tomato,Hybrid,FAQ,07/07/2026,1556.0,1729.0,1650.0
Maharashtra,Satara,Satara,Tomato,Hybrid,FAQ,08/07/2026,1433.0,1682.0,1552.0
Maharashtra,Satara,Satara,Tomato,Hybrid,FAQ,09/07/2026,1498.0,1624.0,1564.0
Maharashtra,Satara,Satara,Tomato,Hybrid,FAQ,10/07/2026,1289.0,1465.0,1350.0
Maharashtra,Satara,Satara,Tomato,Hybrid,FAQ,11/07/2026,1397.0,1667.0,1534.0
Maharashtra,Pune,Pune,Tomato,Hybrid,FAQ,24/12/2025,1479.0,1595.0,1540.0
Maharashtra,Pune,Pune,Tomato,Hybrid,FAQ,25/12/2025,1482.0,1622.0,1558.0
Maharashtra,Pune,Pune,Tomato,Hybrid,FAQ,26/12/2025,1352.0,1607.0,1496.0
Maharashtra,Pune,Pune,Tomato,Hybrid,FAQ,27/12/2025,1234.0,1488.0,1367.0
Maharashtra,Pune,Pune,Tomato,Hybrid,FAQ,28/12/2025,1318.0,1510.0,1396.0
Maharashtra,Pune,Pune,Tomato,Hybrid,FAQ,29/12/2025,1264.0,1498.0,1348.0
Maharashtra,Pune,Pune,Tomato,Hybrid,FAQ,30/12/2025,1124.0,1319.0,1267.0
Maharashtra,Pune,Pune,Tomato,Hybrid,FAQ,31/12/2025,1060.0,1303.0,
Maharashtra,Pune,Pune,Tomato,Hybrid,FAQ,01/01/2026,1109.0,1287.0,1224.0
Maharashtra,Pune,Pune,Tomato,Hybrid,FAQ,02/01/2026,1206.0,1469.0,1321.0
Maharashtra,Pune,Pune,Tomato,Hybrid,FAQ,03/01/2026,1256.0,1396.0,1310.0
Maharashtra,Pune,Pune,Tomato,Hybrid,FAQ,04/01/2026,1253.0,1506.0,1386.0
Maharashtra,Pune,Pune,Tomato,Hybrid,FAQ,05/01/2026,1233.0,1423.0,1326.0
Maharashtra,Pune,Pune,Tomato,Hybrid,FAQ,06/01/2026,1177.0,1434.0,1320.0
Maharashtra,Pune,Pune,Tomato,Hybrid,FAQ,07/01/2026,1287.0,1491.0,1344.0
Maharashtra,Pune,Pune,Tomato,Hybrid,FAQ,08/01/2026,1082.0,1266.0,1168.0
Maharashtra,Pune,Pune,Tomato,Hybrid,FAQ,09/01/2026,1176.0,1414.0,1292.0
Maharashtra,Pune,Pune,Tomato,Hybrid,FAQ,10/01/2026,1117.0,1276.0,1194.0
Maharashtra,Pune,Pune,Tomato,Hybrid,FAQ,11/01/2026,1171.0,1335.0,1225.0
Maharashtra,Pune,Pune,Tomato,Hybrid,FAQ,12/01/2026,1012.0,1288.0,1149.0
Maharashtra,Pune,Pune,Tomato,Hybrid,FAQ,13/01/2026,931.0,1106.0,989.0
Maharashtra,Pune,Pune,Tomato,Hybrid,FAQ,14/01/2026,656.0,862.0,788.0
Maharashtra,Pune,Pune,Tomato,Hybrid,FAQ,15/01/2026,756.0,968.0,894.0
Maharashtra,Pune,Pune,Tomato,Hybrid,FAQ,16/01/2026,764.0,938.0,869.0
Maharashtra,Pune,Pune,Tomato,Hybrid,FAQ,17/01/2026,864.0,1053.0,919.0
Maharashtra,Pune,Pune,Tomato,Hybrid,FAQ,18/01/2026,886.0,1064.0,980.0
Maharashtra,Pune,Pune,Tomato,Hybrid,FAQ,19/01/2026,775.0,1009.0,901.0
Maharashtra,Pune,Pune,Tomato,Hybrid,FAQ,20/01/2026,841.0,979.0,910.0
Maharashtra,Pune,Pune,Tomato,Hybrid,FAQ,21/01/2026,962.0,1069.0,1014.0
Maharashtra,Pune,Pune,Tomato,Hybrid,FAQ,22/01/2026,933.0,1172.0,1040.0
Maharashtra,Pune,Pune,Tomato,Hybrid,FAQ,23/01/2026,826.0,1013.0,936.0
Maharashtra,Pune,Pune,Tomato,Hybrid,FAQ,24/01/2026,763.0,940.0,816.0
Maharashtra,Pune,Pune,Tomato,Hybrid,FAQ,25/01/2026,799.0,1041.0,923.0
Maharashtra,Pune,Pune,Tomato,Hybrid,FAQ,26/01/2026,1019.0,1175.0,1090.0
Maharashtra,Pune,Pune,Tomato,Hybrid,FAQ,27/01/2026,1020.0,1279.0,1166.0
Maharashtra,Pune,PUNE,tomato,Hybrid,FAQ,28/01/2026,1136.0,1265.0,1204.0
Maharashtra,Pune,Pune,Tomato,Hybrid,FAQ,29/01/2026,1121.0,1361.0,1233.0
Maharashtra,Pune,Pune,Tomato,Hybrid,FAQ,30/01/2026,1228.0,1481.0,1348.0
Maharashtra,Pune,Pune,Tomato,Hybrid,FAQ,31/01/2026,1193.0,1388.0,1307.0
Maharashtra,Pune,Pune,Tomato,Hybrid,FAQ,01/02/2026,1229.0,1428.0,1375.0
Maharashtra,Pune,Pune,Tomato,Hybrid,FAQ,02/02/2026,1146.0,1335.0,1267.0
Maharashtra,Pune,Pune,Tomato,Hybrid,FAQ,03/02/2026,1219.0,1392.0,1293.0
Maharashtra,Pune,Pune,Tomato,Hybrid,FAQ,04/02/2026,1231.0,1472.0,1331.0
Maharashtra,Pune,Pune,Tomato,Hybrid,FAQ,05/02/2026,1214.0,1394.0,1279.0
Maharashtra,Pune,Pune,Tomato,Hybrid,FAQ,06/02/2026,1108.0,1335.0,1226.0
Maharashtra,Pune,Pune,Tomato,Hybrid,FAQ,07/02/2026,1060.0,1266.0,1185.0
Maharashtra,Pune,Pune,Tomato,Hybrid,FAQ,08/02/2026,841.0,1068.0,989.0
Maharashtra,Pune,Pune,Tomato,Hybrid,FAQ,09/02/2026,803.0,967.0,882.0
Maharashtra,Pune,Pune,Tomato,Hybrid,FAQ,10/02/2026,597.0,816.0,739.0
Maharashtra,Pune,Pune,Tomato,Hybrid,FAQ,11/02/2026,637.0,837.0,777.0
Maharashtra,Pune,Pune,Tomato,Hybrid,FAQ,12/02/2026,772.0,986.0,839.0
Maharashtra,Pune,Pune,Tomato,Hybrid,FAQ,13/02/2026,768.0,1008.0,863.0
Maharashtra,Pune,Pune,Tomato,Hybrid,FAQ,14/02/2026,687.0,836.0,756.0
Maharashtra,Pune,Pune,Tomato,Hybrid,FAQ,15/02/2026,792.0,915.0,851.0
Maharashtra,Pune,Pune,Tomato,Hybrid,FAQ,16/02/2026,705.0,899.0,835.0
Maharashtra,Pune,Pune,Tomato,Hybrid,FAQ,17/02/2026,690.0,867.0,753.0
Maharashtra,Pune,Pune,Tomato,Hybrid,FAQ,18/02/2026,593.0,813.0,709.0
Maharashtra,Pune,Pune,Tomato,Hybrid,FAQ,19/02/2026,688.0,924.0,806.0
Maharashtra,Pune,Pune,Tomato,Hybrid,FAQ,20/02/2026,627.0,777.0,681.0
Maharashtra,Pune,Pune,Tomato,Hybrid,FAQ,21/02/2026,611.0,857.0,750.0
Maharashtra,Pune,Pune,Tomato,Hybrid,FAQ,22/02/2026,678.0,943.0,795.0
Maharashtra,Pune,Pune,Tomato,Hybrid,FAQ,23/02/2026,567.0,835.0,716.0
Maharashtra,Pune,Pune,Tomato,Hybrid,FAQ,24/02/2026,721.0,910.0,782.0
Maharashtra,Pune,PUNE,tomato,Hybrid,FAQ,25/02/2026,584.0,813.0,725.0
Maharashtra,Pune,Pune,Tomato,Hybrid,FAQ,26/02/2026,537.0,712.0,631.0
Maharashtra,Pune,Pune,Tomato,Hybrid,FAQ,27/02/2026,680.0,950.0,806.0
Maharashtra,Pune,Pune,Tomato,Hybrid,FAQ,28/02/2026,765.0,897.0,840.0
Maharashtra,Pune,Pune,Tomato,Hybrid,FAQ,01/03/2026,815.0,1033.0,892.0
Maharashtra,Pune,Pune,Tomato,Hybrid,FAQ,02/03/2026,942.0,1140.0,
Maharashtra,Pune,Pune,Tomato,Hybrid,FAQ,03/03/2026,1040.0,1181.0,1093.0
Maharashtra,Pune,Pune,Tomato,Hybrid,FAQ,04/03/2026,871.0,1077.0,1003.0
Maharashtra,Pune,Pune,Tomato,Hybrid,FAQ,05/03/2026,920.0,1126.0,1035.0
Maharashtra,Pune,Pune,Tomato,Hybrid,FAQ,06/03/2026,902.0,1095.0,954.0
Maharashtra,Pune,Pune,Tomato,Hybrid,FAQ,07/03/2026,897.0,1106.0,974.0
Maharashtra,Pune,Pune,Tomato,Hybrid,FAQ,08/03/2026,904.0,1193.0,1051.0
Maharashtra,Pune,Pune,Tomato,Hybrid,FAQ,09/03/2026,840.0,1070.0,940.0
Maharashtra,Pune,Pune,Tomato,Hybrid,FAQ,10/03/2026,810.0,1019.0,887.0
Maharashtra,Pune,Pune,Tomato,Hybrid,FAQ,11/03/2026,772.0,919.0,860.0
Maharashtra,Pune,Pune,Tomato,Hybrid,FAQ,12/03/2026,687.0,903.0,754.0
Maharashtra,Pune,Pune,Tomato,Hybrid,FAQ,13/03/2026,786.0,996.0,918.0
Maharashtra,Pune,Pune,Tomato,Hybrid,FAQ,14/03/2026,793.0,1036.0,936.0
Maharashtra,Pune,Pune,Tomato,Hybrid,FAQ,15/03/2026,714.0,943.0,848.0
Maharashtra,Pune,Pune,Tomato,Hybrid,FAQ,16/03/2026,873.0,1026.0,940.0
Maharashtra,Pune,Pune,Tomato,Hybrid,FAQ,17/03/2026,909.0,1080.0,1023.0
Maharashtra,Pune,Pune,Tomato,Hybrid,FAQ,18/03/2026,922.0,1169.0,1072.0
Maharashtra,Pune,Pune,Tomato,Hybrid,FAQ,19/03/2026,744.0,969.0,876.0
Maharashtra,Pune,Pune,Tomato,Hybrid,FAQ,20/03/2026,775.0,1005.0,914.0
Maharashtra,Pune,Pune,Tomato,Hybrid,FAQ,21/03/2026,922.0,1145.0,1032.0
Maharashtra,Pune,Pune,Tomato,Hybrid,FAQ,22/03/2026,875.0,986.0,934.0
Maharashtra,Pune,Pune,Tomato,Hybrid,FAQ,23/03/2026,774.0,985.0,911.0
Maharashtra,Pune,Pune,Tomato,Hybrid,FAQ,24/03/2026,891.0,1074.0,973.0
Maharashtra,Pune,Pune,Tomato,Hybrid,FAQ,25/03/2026,831.0,1043.0,897.0
Maharashtra,Pune,Pune,Tomato,Hybrid,FAQ,26/03/2026,963.0,1078.0,
Maharashtra,Pune,Pune,Tomato,Hybrid,FAQ,27/03/2026,929.0,1090.0,981.0
Maharashtra,Pune,Pune,Tomato,Hybrid,FAQ,28/03/2026,1033.0,1176.0,1084.0
Maharashtra,Pune,Pune,Tomato,Hybrid,FAQ,29/03/2026,707.0,923.0,829.0
Maharashtra,Pune,Pune,Tomato,Hybrid,FAQ,30/03/2026,618.0,858.0,
Maharashtra,Pune,Pune,Tomato,Hybrid,FAQ,31/03/2026,747.0,892.0,818.0
Maharashtra,Pune,Pune,Tomato,Hybrid,FAQ,01/04/2026,825.0,993.0,917.0
Maharashtra,Pune,Pune,Tomato,Hybrid,FAQ,02/04/2026,818.0,1072.0,955.0
Maharashtra,Pune,Pune,Tomato,Hybrid,FAQ,03/04/2026,824.0,1007.0,894.0
Maharashtra,Pune,Pune,Tomato,Hybrid,FAQ,04/04/2026,546.0,782.0,632.0
Maharashtra,Pune,Pune,Tomato,Hybrid,FAQ,05/04/2026,343.0,592.0,450.0
Maharashtra,Pune,Pune,Tomato,Hybrid,FAQ,06/04/2026,170.0,395.0,300.0
Maharashtra,Pune,Pune,Tomato,Hybrid,FAQ,07/04/2026,258.0,426.0,357.0
Maharashtra,Pune,Pune,Tomato,Hybrid,FAQ,08/04/2026,407.0,578.0,503.0
Maharashtra,Pune,Pune,Tomato,Hybrid,FAQ,09/04/2026,335.0,583.0,480.0
Maharashtra,Pune,Pune,Tomato,Hybrid,FAQ,10/04/2026,424.0,641.0,537.0
Maharashtra,Pune,Pune,Tomato,Hybrid,FAQ,11/04/2026,448.0,620.0,508.0
Maharashtra,Pune,Pune,Tomato,Hybrid,FAQ,12/04/2026,329.0,552.0,424.0
Maharashtra,Pune,Pune,Tomato,Hybrid,FAQ,13/04/2026,282.0,516.0,373.0
Maharashtra,Pune,Pune,Tomato,Hybrid,FAQ,14/04/2026,209.0,422.0,330.0
Maharashtra,Pune,Pune,Tomato,Hybrid,FAQ,15/04/2026,152.0,417.0,300.0
Maharashtra,Pune,Pune,Tomato,Hybrid,FAQ,16/04/2026,224.0,412.0,
Maharashtra,Pune,Pune,Tomato,Hybrid,FAQ,17/04/2026,271.0,468.0,346.0
Maharashtra,Pune,Pune,Tomato,Hybrid,FAQ,18/04/2026,172.0,417.0,300.0
Maharashtra,Pune,Pune,Tomato,Hybrid,FAQ,19/04/2026,320.0,461.0,378.0
Maharashtra,Pune,Pune,Tomato,Hybrid,FAQ,20/04/2026,325.0,549.0,400.0
Maharashtra,Pune,Pune,Tomato,Hybrid,FAQ,21/04/2026,415.0,604.0,533.0
Maharashtra,Pune,Pune,Tomato,Hybrid,FAQ,22/04/2026,396.0,548.0,470.0
Maharashtra,Pune,Pune,Tomato,Hybrid,FAQ,23/04/2026,288.0,478.0,340.0
Maharashtra,Pune,Pune,Tomato,Hybrid,FAQ,24/04/2026,153.0,384.0,300.0
Maharashtra,Pune,Pune,Tomato,Hybrid,FAQ,25/04/2026,321.0,452.0,386.0
Maharashtra,Pune,Pune,Tomato,Hybrid,FAQ,26/04/2026,304.0,545.0,433.0
Maharashtra,Pune,Pune,Tomato,Hybrid,FAQ,27/04/2026,363.0,531.0,444.0
Maharashtra,Pune,Pune,Tomato,Hybrid,FAQ,28/04/2026,275.0,533.0,402.0
Maharashtra,Pune,Pune,Tomato,Hybrid,FAQ,29/04/2026,363.0,581.0,454.0
Maharashtra,Pune,Pune,Tomato,Hybrid,FAQ,30/04/2026,345.0,583.0,443.0
Maharashtra,Pune,Pune,Tomato,Hybrid,FAQ,01/05/2026,257.0,523.0,388.0
Maharashtra,Pune,Pune,Tomato,Hybrid,FAQ,02/05/2026,362.0,586.0,441.0
Maharashtra,Pune,Pune,Tomato,Hybrid,FAQ,03/05/2026,541.0,708.0,656.0
Maharashtra,Pune,Pune,Tomato,Hybrid,FAQ,04/05/2026,617.0,817.0,763.0
Maharashtra,Pune,Pune,Tomato,Hybrid,FAQ,05/05/2026,711.0,960.0,828.0
Maharashtra,Pune,Pune,Tomato,Hybrid,FAQ,06/05/2026,787.0,942.0,838.0
Maharashtra,Pune,Pune,Tomato,Hybrid,FAQ,07/05/2026,774.0,949.0,831.0
Maharashtra,Pune,Pune,Tomato,Hybrid,FAQ,08/05/2026,445.0,672.0,545.0
Maharashtra,Pune,Pune,Tomato,Hybrid,FAQ,09/05/2026,323.0,505.0,438.0
Maharashtra,Pune,Pune,Tomato,Hybrid,FAQ,10/05/2026,297.0,545.0,434.0
Maharashtra,Pune,Pune,Tomato,Hybrid,FAQ,11/05/2026,250.0,438.0,363.0
Maharashtra,Pune,Pune,Tomato,Hybrid,FAQ,12/05/2026,236.0,498.0,366.0
Maharashtra,Pune,Pune,Tomato,Hybrid,FAQ,13/05/2026,271.0,491.0,366.0
Maharashtra,Pune,Pune,Tomato,Hybrid,FAQ,14/05/2026,340.0,508.0,403.0
Maharashtra,Pune,Pune,Tomato,Hybrid,FAQ,15/05/2026,233.0,460.0,325.0
Maharashtra,Pune,Pune,Tomato,Hybrid,FAQ,16/05/2026,198.0,394.0,334.0
Maharashtra,Pune,Pune,Tomato,Hybrid,FAQ,17/05/2026,175.0,375.0,312.0
Maharashtra,Pune,PUNE,tomato,Hybrid,FAQ,18/05/2026,178.0,360.0,300.0
Maharashtra,Pune,Pune,Tomato,Hybrid,FAQ,19/05/2026,171.0,373.0,300.0
Maharashtra,Pune,Pune,Tomato,Hybrid,FAQ,20/05/2026,301.0,489.0,415.0
Maharashtra,Pune,Pune,Tomato,Hybrid,FAQ,21/05/2026,413.0,613.0,
Maharashtra,Pune,Pune,Tomato,Hybrid,FAQ,22/05/2026,401.0,573.0,510.0
Maharashtra,Pune,Pune,Tomato,Hybrid,FAQ,23/05/2026,284.0,530.0,404.0
Maharashtra,Pune,Pune,Tomato,Hybrid,FAQ,24/05/2026,320.0,482.0,381.0
Maharashtra,Pune,Pune,Tomato,Hybrid,FAQ,25/05/2026,335.0,528.0,
Maharashtra,Pune,Pune,Tomato,Hybrid,FAQ,26/05/2026,306.0,540.0,441.0
Maharashtra,Pune,Pune,Tomato,Hybrid,FAQ,27/05/2026,207.0,475.0,342.0
Maharashtra,Pune,Pune,Tomato,Hybrid,FAQ,28/05/2026,210.0,383.0,300.0
Maharashtra,Pune,Pune,Tomato,Hybrid,FAQ,29/05/2026,474.0,677.0,548.0
Maharashtra,Pune,Pune,Tomato,Hybrid,FAQ,30/05/2026,421.0,603.0,520.0
Maharashtra,Pune,Pune,Tomato,Hybrid,FAQ,31/05/2026,352.0,578.0,497.0
Maharashtra,Pune,Pune,Tomato,Hybrid,FAQ,01/06/2026,394.0,557.0,461.0
Maharashtra,Pune,Pune,Tomato,Hybrid,FAQ,02/06/2026,399.0,590.0,504.0
Maharashtra,Pune,Pune,Tomato,Hybrid,FAQ,03/06/2026,234.0,476.0,329.0
Maharashtra,Pune,Pune,Tomato,Hybrid,FAQ,04/06/2026,226.0,396.0,300.0
Maharashtra,Pune,Pune,Tomato,Hybrid,FAQ,05/06/2026,174.0,371.0,300.0
Maharashtra,Pune,Pune,Tomato,Hybrid,FAQ,06/06/2026,344.0,534.0,428.0
Maharashtra,Pune,Pune,Tomato,Hybrid,FAQ,07/06/2026,321.0,515.0,391.0
Maharashtra,Pune,Pune,Tomato,Hybrid,FAQ,08/06/2026,333.0,540.0,418.0
Maharashtra,Pune,Pune,Tomato,Hybrid,FAQ,09/06/2026,314.0,537.0,396.0
Maharashtra,Pune,Pune,Tomato,Hybrid,FAQ,10/06/2026,283.0,440.0,382.0
Maharashtra,Pune,Pune,Tomato,Hybrid,FAQ,11/06/2026,295.0,509.0,365.0
Maharashtra,Pune,Pune,Tomato,Hybrid,FAQ,12/06/2026,218.0,464.0,360.0
Maharashtra,Pune,Pune,Tomato,Hybrid,FAQ,13/06/2026,304.0,501.0,381.0
Maharashtra,Pune,Pune,Tomato,Hybrid,FAQ,14/06/2026,405.0,521.0,460.0
Maharashtra,Pune,Pune,Tomato,Hybrid,FAQ,15/06/2026,303.0,503.0,353.0
Maharashtra,Pune,Pune,Tomato,Hybrid,FAQ,16/06/2026,305.0,486.0,406.0
Maharashtra,Pune,Pune,Tomato,Hybrid,FAQ,17/06/2026,396.0,539.0,461.0
Maharashtra,Pune,Pune,Tomato,Hybrid,FAQ,18/06/2026,479.0,641.0,583.0
Maharashtra,Pune,Pune,Tomato,Hybrid,FAQ,19/06/2026,472.0,584.0,524.0
Maharashtra,Pune,Pune,Tomato,Hybrid,FAQ,20/06/2026,472.0,716.0,586.0
Maharashtra,Pune,Pune,Tomato,Hybrid,FAQ,21/06/2026,476.0,659.0,573.0
Maharashtra,Pune,Pune,Tomato,Hybrid,FAQ,22/06/2026,422.0,622.0,523.0
Maharashtra,Pune,Pune,Tomato,Hybrid,FAQ,23/06/2026,453.0,711.0,566.0
Maharashtra,Pune,Pune,Tomato,Hybrid,FAQ,24/06/2026,617.0,728.0,672.0
Maharashtra,Pune,Pune,Tomato,Hybrid,FAQ,25/06/2026,814.0,936.0,883.0
Maharashtra,Pune,Pune,Tomato,Hybrid,FAQ,26/06/2026,897.0,1095.0,961.0
Maharashtra,Pune,Pune,Tomato,Hybrid,FAQ,27/06/2026,982.0,1127.0,1047.0
Maharashtra,Pune,Pune,Tomato,Hybrid,FAQ,28/06/2026,910.0,1084.0,985.0
Maharashtra,Pune,Pune,Tomato,Hybrid,FAQ,29/06/2026,772.0,1012.0,863.0
Maharashtra,Pune,Pune,Tomato,Hybrid,FAQ,30/06/2026,822.0,1011.0,877.0
Maharashtra,Pune,Pune,Tomato,Hybrid,FAQ,01/07/2026,729.0,933.0,830.0
Maharashtra,Pune,Pune,Tomato,Hybrid,FAQ,02/07/2026,648.0,800.0,718.0
Maharashtra,Pune,Pune,Tomato,Hybrid,FAQ,03/07/2026,630.0,810.0,739.0
Maharashtra,Pune,Pune,Tomato,Hybrid,FAQ,04/07/2026,613.0,742.0,677.0
Maharashtra,Pune,Pune,Tomato,Hybrid,FAQ,05/07/2026,644.0,878.0,764.0
Maharashtra,Pune,Pune,Tomato,Hybrid,FAQ,06/07/2026,614.0,822.0,688.0
Maharashtra,Pune,Pune,Tomato,Hybrid,FAQ,07/07/2026,659.0,787.0,730.0
Maharashtra,Pune,Pune,Tomato,Hybrid,FAQ,08/07/2026,519.0,776.0,661.0
Maharashtra,Pune,Pune,Tomato,Hybrid,FAQ,09/07/2026,747.0,951.0,806.0
Maharashtra,Pune,Pune,Tomato,Hybrid,FAQ,10/07/2026,642.0,787.0,732.0
Maharashtra,Pune,Pune,Tomato,Hybrid,FAQ,11/07/2026,522.0,684.0,622.0
Maharashtra,Nashik,Nashik,Tomato,Hybrid,FAQ,24/12/2025,1271.0,1528.0,1398.0
Maharashtra,Nashik,Nashik,Tomato,Hybrid,FAQ,25/12/2025,1232.0,1384.0,1297.0
Maharashtra,Nashik,NASHIK,tomato,Hybrid,FAQ,26/12/2025,1075.0,1326.0,1205.0
Maharashtra,Nashik,Nashik,Tomato,Hybrid,FAQ,27/12/2025,1102.0,1258.0,1171.0
Maharashtra,Nashik,Nashik,Tomato,Hybrid,FAQ,28/12/2025,1133.0,1344.0,1195.0
Maharashtra,Nashik,Nashik,Tomato,Hybrid,FAQ,29/12/2025,993.0,1210.0,1121.0
Maharashtra,Nashik,Nashik,Tomato,Hybrid,FAQ,30/12/2025,1091.0,1263.0,1196.0
Maharashtra,Nashik,Nashik,Tomato,Hybrid,FAQ,31/12/2025,1122.0,1344.0,1210.0
Maharashtra,Nashik,Nashik,Tomato,Hybrid,FAQ,01/01/2026,1194.0,1470.0,1331.0
Maharashtra,Nashik,Nashik,Tomato,Hybrid,FAQ,02/01/2026,1306.0,1507.0,1448.0
Maharashtra,Nashik,Nashik,Tomato,Hybrid,FAQ,03/01/2026,1471.0,1708.0,1597.0
Maharashtra,Nashik,Nashik,Tomato,Hybrid,FAQ,04/01/2026,1558.0,1755.0,1625.0
Maharashtra,Nashik,Nashik,Tomato,Hybrid,FAQ,05/01/2026,1489.0,1652.0,1585.0
Maharashtra,Nashik,Nashik,Tomato,Hybrid,FAQ,06/01/2026,1522.0,1658.0,1606.0
Maharashtra,Nashik,Nashik,Tomato,Hybrid,FAQ,07/01/2026,1593.0,1821.0,1705.0
Maharashtra,Nashik,Nashik,Tomato,Hybrid,FAQ,08/01/2026,1374.0,1580.0,1508.0
Maharashtra,Nashik,Nashik,Tomato,Hybrid,FAQ,09/01/2026,1360.0,1568.0,1508.0
Maharashtra,Nashik,Nashik,Tomato,Hybrid,FAQ,10/01/2026,1539.0,1733.0,1619.0
Maharashtra,Nashik,Nashik,Tomato,Hybrid,FAQ,11/01/2026,1614.0,1776.0,1671.0
Maharashtra,Nashik,Nashik,Tomato,Hybrid,FAQ,12/01/2026,1544.0,1768.0,1653.0
Maharashtra,Nashik,Nashik,Tomato,Hybrid,FAQ,13/01/2026,1452.0,1655.0,1586.0
Maharashtra,Nashik,Nashik,Tomato,Hybrid,FAQ,14/01/2026,1333.0,1572.0,1466.0
Maharashtra,Nashik,Nashik,Tomato,Hybrid,FAQ,15/01/2026,1466.0,1644.0,1537.0
Maharashtra,Nashik,Nashik,Tomato,Hybrid,FAQ,16/01/2026,1488.0,1718.0,1625.0
Maharashtra,Nashik,Nashik,Tomato,Hybrid,FAQ,17/01/2026,1556.0,1709.0,1620.0
Maharashtra,Nashik,Nashik,Tomato,Hybrid,FAQ,18/01/2026,1520.0,1747.0,1665.0
Maharashtra,Nashik,Nashik,Tomato,Hybrid,FAQ,19/01/2026,1484.0,1687.0,1606.0
Maharashtra,Nashik,Nashik,Tomato,Hybrid,FAQ,20/01/2026,1457.0,1679.0,1585.0
Maharashtra,Nashik,Nashik,Tomato,Hybrid,FAQ,21/01/2026,1635.0,1817.0,1723.0
Maharashtra,Nashik,Nashik,Tomato,Hybrid,FAQ,22/01/2026,1627.0,1802.0,
Maharashtra,Nashik,Nashik,Tomato,Hybrid,FAQ,23/01/2026,1753.0,1941.0,1839.0
Maharashtra,Nashik,Nashik,Tomato,Hybrid,FAQ,24/01/2026,1733.0,1927.0,1850.0
Maharashtra,Nashik,Nashik,Tomato,Hybrid,FAQ,25/01/2026,1754.0,1984.0,1876.0
Maharashtra,Nashik,Nashik,Tomato,Hybrid,FAQ,26/01/2026,1747.0,1915.0,1862.0
Maharashtra,Nashik,Nashik,Tomato,Hybrid,FAQ,27/01/2026,1775.0,1966.0,1880.0
Maharashtra,Nashik,Nashik,Tomato,Hybrid,FAQ,28/01/2026,2037.0,2164.0,2095.0
Maharashtra,Nashik,Nashik,Tomato,Hybrid,FAQ,29/01/2026,1988.0,2140.0,2085.0
Maharashtra,Nashik,Nashik,Tomato,Hybrid,FAQ,30/01/2026,2082.0,2258.0,2136.0
Maharashtra,Nashik,Nashik,Tomato,Hybrid,FAQ,31/01/2026,2126.0,2324.0,2200.0
Maharashtra,Nashik,Nashik,Tomato,Hybrid,FAQ,01/02/2026,2413.0,2549.0,2480.0
Maharashtra,Nashik,Nashik,Tomato,Hybrid,FAQ,02/02/2026,2243.0,2433.0,2318.0
Maharashtra,Nashik,Nashik,Tomato,Hybrid,FAQ,03/02/2026,2173.0,2420.0,2288.0
Maharashtra,Nashik,Nashik,Tomato,Hybrid,FAQ,04/02/2026,2145.0,2370.0,2222.0
Maharashtra,Nashik,Nashik,Tomato,Hybrid,FAQ,05/02/2026,2100.0,2331.0,2210.0
Maharashtra,Nashik,Nashik,Tomato,Hybrid,FAQ,06/02/2026,2156.0,2317.0,2210.0
Maharashtra,Nashik,Nashik,Tomato,Hybrid,FAQ,07/02/2026,2047.0,2336.0,2189.0
Maharashtra,Nashik,Nashik,Tomato,Hybrid,FAQ,08/02/2026,1855.0,2117.0,2000.0
Maharashtra,Nashik,Nashik,Tomato,Hybrid,FAQ,09/02/2026,2127.0,2280.0,2183.0
Maharashtra,Nashik,Nashik,Tomato,Hybrid,FAQ,10/02/2026,2071.0,2275.0,2167.0
Maharashtra,Nashik,Nashik,Tomato,Hybrid,FAQ,11/02/2026,1937.0,2089.0,2023.0
Maharashtra,Nashik,Nashik,Tomato,Hybrid,FAQ,12/02/2026,2023.0,2223.0,2139.0
Maharashtra,Nashik,Nashik,Tomato,Hybrid,FAQ,13/02/2026,1996.0,2281.0,2140.0
Maharashtra,Nashik,Nashik,Tomato,Hybrid,FAQ,14/02/2026,2059.0,2345.0,2206.0
Maharashtra,Nashik,Nashik,Tomato,Hybrid,FAQ,15/02/2026,2144.0,2357.0,2254.0
Maharashtra,Nashik,Nashik,Tomato,Hybrid,FAQ,16/02/2026,2345.0,2575.0,2451.0
Maharashtra,Nashik,Nashik,Tomato,Hybrid,FAQ,17/02/2026,2311.0,2495.0,9556.0
Maharashtra,Nashik,Nashik,Tomato,Hybrid,FAQ,18/02/2026,2249.0,2493.0,2374.0
Maharashtra,Nashik,Nashik,Tomato,Hybrid,FAQ,19/02/2026,2152.0,2379.0,2301.0
Maharashtra,Nashik,Nashik,Tomato,Hybrid,FAQ,20/02/2026,2020.0,2250.0,2114.0
Maharashtra,Nashik,Nashik,Tomato,Hybrid,FAQ,21/02/2026,1994.0,2250.0,2112.0
Maharashtra,Nashik,Nashik,Tomato,Hybrid,FAQ,22/02/2026,2087.0,2282.0,2143.0
Maharashtra,Nashik,Nashik,Tomato,Hybrid,FAQ,23/02/2026,2035.0,2199.0,2118.0
Maharashtra,Nashik,Nashik,Tomato,Hybrid,FAQ,24/02/2026,2127.0,2267.0,2182.0
Maharashtra,Nashik,Nashik,Tomato,Hybrid,FAQ,25/02/2026,2048.0,2274.0,2184.0
Maharashtra,Nashik,Nashik,Tomato,Hybrid,FAQ,26/02/2026,2065.0,2296.0,2154.0
Maharashtra,Nashik,Nashik,Tomato,Hybrid,FAQ,27/02/2026,1907.0,2134.0,2033.0
Maharashtra,Nashik,Nashik,Tomato,Hybrid,FAQ,28/02/2026,1975.0,2107.0,2031.0
Maharashtra,Nashik,Nashik,Tomato,Hybrid,FAQ,01/03/2026,1963.0,2123.0,2057.0
Maharashtra,Nashik,Nashik,Tomato,Hybrid,FAQ,02/03/2026,1990.0,2256.0,2112.0
Maharashtra,Nashik,Nashik,Tomato,Hybrid,FAQ,03/03/2026,1834.0,2074.0,1972.0
Maharashtra,Nashik,Nashik,Tomato,Hybrid,FAQ,04/03/2026,1897.0,2063.0,2002.0
Maharashtra,Nashik,Nashik,Tomato,Hybrid,FAQ,05/03/2026,2072.0,2238.0,2135.0
Maharashtra,Nashik,Nashik,Tomato,Hybrid,FAQ,06/03/2026,2074.0,2319.0,2221.0
Maharashtra,Nashik,Nashik,Tomato,Hybrid,FAQ,07/03/2026,2374.0,2535.0,2430.0
Maharashtra,Nashik,Nashik,Tomato,Hybrid,FAQ,08/03/2026,2126.0,2336.0,2267.0
Maharashtra,Nashik,NASHIK,tomato,Hybrid,FAQ,09/03/2026,2091.0,2294.0,2203.0
Maharashtra,Nashik,Nashik,Tomato,Hybrid,FAQ,10/03/2026,2116.0,2312.0,2193.0
Maharashtra,Nashik,Nashik,Tomato,Hybrid,FAQ,11/03/2026,2017.0,2239.0,2162.0
Maharashtra,Nashik,Nashik,Tomato,Hybrid,FAQ,12/03/2026,1950.0,2220.0,2093.0
Maharashtra,Nashik,Nashik,Tomato,Hybrid,FAQ,13/03/2026,1983.0,2231.0,2099.0
Maharashtra,Nashik,Nashik,Tomato,Hybrid,FAQ,14/03/2026,2000.0,2263.0,2121.0
Maharashtra,Nashik,Nashik,Tomato,Hybrid,FAQ,15/03/2026,2026.0,2190.0,2128.0
Maharashtra,Nashik,Nashik,Tomato,Hybrid,FAQ,16/03/2026,1922.0,2129.0,2031.0
Maharashtra,Nashik,Nashik,Tomato,Hybrid,FAQ,17/03/2026,1927.0,2090.0,2039.0
Maharashtra,Nashik,Nashik,Tomato,Hybrid,FAQ,18/03/2026,1890.0,2123.0,2035.0
Maharashtra,Nashik,Nashik,Tomato,Hybrid,FAQ,19/03/2026,1817.0,2030.0,1909.0
Maharashtra,Nashik,Nashik,Tomato,Hybrid,FAQ,20/03/2026,1675.0,1838.0,1766.0
Maharashtra,Nashik,Nashik,Tomato,Hybrid,FAQ,21/03/2026,1693.0,1903.0,1840.0
Maharashtra,Nashik,Nashik,Tomato,Hybrid,FAQ,22/03/2026,1745.0,1945.0,1817.0
Maharashtra,Nashik,Nashik,Tomato,Hybrid,FAQ,23/03/2026,1740.0,1868.0,1810.0
Maharashtra,Nashik,Nashik,Tomato,Hybrid,FAQ,24/03/2026,1728.0,1917.0,1786.0
Maharashtra,Nashik,Nashik,Tomato,Hybrid,FAQ,25/03/2026,1657.0,1926.0,1784.0
Maharashtra,Nashik,Nashik,Tomato,Hybrid,FAQ,26/03/2026,1769.0,1952.0,1824.0
Maharashtra,Nashik,Nashik,Tomato,Hybrid,FAQ,27/03/2026,1765.0,2030.0,7600.0
Maharashtra,Nashik,NASHIK,tomato,Hybrid,FAQ,28/03/2026,1622.0,1880.0,1757.0
Maharashtra,Nashik,Nashik,Tomato,Hybrid,FAQ,29/03/2026,1614.0,1828.0,1762.0
Maharashtra,Nashik,Nashik,Tomato,Hybrid,FAQ,30/03/2026,1570.0,1768.0,1699.0
Maharashtra,Nashik,Nashik,Tomato,Hybrid,FAQ,31/03/2026,1583.0,1790.0,1640.0
Maharashtra,Nashik,Nashik,Tomato,Hybrid,FAQ,01/04/2026,1628.0,1873.0,1733.0
Maharashtra,Nashik,Nashik,Tomato,Hybrid,FAQ,02/04/2026,1554.0,1748.0,1697.0
Maharashtra,Nashik,Nashik,Tomato,Hybrid,FAQ,03/04/2026,1568.0,1824.0,1685.0
Maharashtra,Nashik,Nashik,Tomato,Hybrid,FAQ,04/04/2026,1570.0,1777.0,1666.0
Maharashtra,Nashik,Nashik,Tomato,Hybrid,FAQ,05/04/2026,1566.0,1790.0,1713.0
Maharashtra,Nashik,Nashik,Tomato,Hybrid,FAQ,06/04/2026,1566.0,1724.0,1665.0
Maharashtra,Nashik,Nashik,Tomato,Hybrid,FAQ,07/04/2026,1614.0,1772.0,1678.0
Maharashtra,Nashik,Nashik,Tomato,Hybrid,FAQ,08/04/2026,1857.0,2042.0,1940.0
Maharashtra,Nashik,Nashik,Tomato,Hybrid,FAQ,09/04/2026,1806.0,2053.0,1932.0
Maharashtra,Nashik,Nashik,Tomato,Hybrid,FAQ,10/04/2026,1846.0,1988.0,1933.0
Maharashtra,Nashik,Nashik,Tomato,Hybrid,FAQ,11/04/2026,1797.0,1973.0,1865.0
Maharashtra,Nashik,Nashik,Tomato,Hybrid,FAQ,12/04/2026,1698.0,1849.0,1763.0
Maharashtra,Nashik,Nashik,Tomato,Hybrid,FAQ,13/04/2026,1723.0,1904.0,1812.0
Maharashtra,Nashik,Nashik,Tomato,Hybrid,FAQ,14/04/2026,1869.0,2026.0,1975.0
Maharashtra,Nashik,Nashik,Tomato,Hybrid,FAQ,15/04/2026,1852.0,2071.0,1994.0
Maharashtra,Nashik,Nashik,Tomato,Hybrid,FAQ,16/04/2026,1867.0,2061.0,1954.0
Maharashtra,Nashik,Nashik,Tomato,Hybrid,FAQ,17/04/2026,1804.0,2012.0,1921.0
Maharashtra,Nashik,Nashik,Tomato,Hybrid,FAQ,18/04/2026,1843.0,1995.0,1940.0
Maharashtra,Nashik,Nashik,Tomato,Hybrid,FAQ,19/04/2026,1895.0,2070.0,1990.0
Maharashtra,Nashik,Nashik,Tomato,Hybrid,FAQ,20/04/2026,1849.0,2072.0,1937.0
Maharashtra,Nashik,Nashik,Tomato,Hybrid,FAQ,21/04/2026,1799.0,1936.0,1861.0
Maharashtra,Nashik,Nashik,Tomato,Hybrid,FAQ,22/04/2026,1802.0,2052.0,1944.0
Maharashtra,Nashik,Nashik,Tomato,Hybrid,FAQ,23/04/2026,2071.0,2289.0,2158.0
Maharashtra,Nashik,Nashik,Tomato,Hybrid,FAQ,24/04/2026,2131.0,2295.0,2233.0
Maharashtra,Nashik,Nashik,Tomato,Hybrid,FAQ,25/04/2026,2099.0,2324.0,2243.0
Maharashtra,Nashik,Nashik,Tomato,Hybrid,FAQ,26/04/2026,2008.0,2271.0,2145.0
Maharashtra,Nashik,Nashik,Tomato,Hybrid,FAQ,27/04/2026,2102.0,2259.0,2172.0
Maharashtra,Nashik,Nashik,Tomato,Hybrid,FAQ,28/04/2026,2026.0,2249.0,2126.0
Maharashtra,Nashik,Nashik,Tomato,Hybrid,FAQ,29/04/2026,2007.0,2210.0,2106.0
Maharashtra,Nashik,Nashik,Tomato,Hybrid,FAQ,30/04/2026,1890.0,2089.0,2022.0
Maharashtra,Nashik,Nashik,Tomato,Hybrid,FAQ,01/05/2026,1970.0,2196.0,2076.0
Maharashtra,Nashik,Nashik,Tomato,Hybrid,FAQ,02/05/2026,2071.0,2226.0,2162.0
Maharashtra,Nashik,Nashik,Tomato,Hybrid,FAQ,03/05/2026,2076.0,2274.0,2190.0
Maharashtra,Nashik,Nashik,Tomato,Hybrid,FAQ,04/05/2026,2235.0,2485.0,2376.0
Maharashtra,Nashik,Nashik,Tomato,Hybrid,FAQ,05/05/2026,2241.0,2496.0,2367.0
Maharashtra,Nashik,Nashik,Tomato,Hybrid,FAQ,06/05/2026,2192.0,2430.0,2291.0
Maharashtra,Nashik,Nashik,Tomato,Hybrid,FAQ,07/05/2026,2097.0,2377.0,
Maharashtra,Nashik,Nashik,Tomato,Hybrid,FAQ,08/05/2026,1978.0,2233.0,2097.0
Maharashtra,Nashik,Nashik,Tomato,Hybrid,FAQ,09/05/2026,1936.0,2102.0,2010.0
Maharashtra,Nashik,Nashik,Tomato,Hybrid,FAQ,10/05/2026,1887.0,2044.0,1962.0
Maharashtra,Nashik,Nashik,Tomato,Hybrid,FAQ,11/05/2026,1817.0,2018.0,1924.0
Maharashtra,Nashik,NASHIK,tomato,Hybrid,FAQ,12/05/2026,1773.0,1983.0,1858.0
Maharashtra,Nashik,Nashik,Tomato,Hybrid,FAQ,13/05/2026,1800.0,2007.0,1883.0
Maharashtra,Nashik,Nashik,Tomato,Hybrid,FAQ,14/05/2026,1855.0,1983.0,1920.0
Maharashtra,Nashik,Nashik,Tomato,Hybrid,FAQ,15/05/2026,1943.0,2074.0,2018.0
Maharashtra,Nashik,Nashik,Tomato,Hybrid,FAQ,16/05/2026,1906.0,2105.0,1969.0
Maharashtra,Nashik,Nashik,Tomato,Hybrid,FAQ,17/05/2026,1743.0,1952.0,1849.0
Maharashtra,Nashik,Nashik,Tomato,Hybrid,FAQ,18/05/2026,1798.0,1987.0,1914.0
Maharashtra,Nashik,Nashik,Tomato,Hybrid,FAQ,19/05/2026,1758.0,1929.0,1877.0
Maharashtra,Nashik,Nashik,Tomato,Hybrid,FAQ,20/05/2026,1861.0,2033.0,1948.0
Maharashtra,Nashik,Nashik,Tomato,Hybrid,FAQ,21/05/2026,1749.0,1950.0,1878.0
Maharashtra,Nashik,Nashik,Tomato,Hybrid,FAQ,22/05/2026,1767.0,2015.0,1885.0
Maharashtra,Nashik,Nashik,Tomato,Hybrid,FAQ,23/05/2026,1915.0,2117.0,2031.0
Maharashtra,Nashik,Nashik,Tomato,Hybrid,FAQ,24/05/2026,1937.0,2147.0,2068.0
Maharashtra,Nashik,Nashik,Tomato,Hybrid,FAQ,25/05/2026,2122.0,2290.0,2210.0
Maharashtra,Nashik,Nashik,Tomato,Hybrid,FAQ,26/05/2026,2155.0,2383.0,2251.0
Maharashtra,Nashik,Nashik,Tomato,Hybrid,FAQ,27/05/2026,2142.0,2398.0,2258.0
Maharashtra,Nashik,Nashik,Tomato,Hybrid,FAQ,28/05/2026,2266.0,2399.0,2326.0
Maharashtra,Nashik,Nashik,Tomato,Hybrid,FAQ,29/05/2026,2267.0,2495.0,2403.0
Maharashtra,Nashik,Nashik,Tomato,Hybrid,FAQ,30/05/2026,2394.0,2547.0,2453.0
Maharashtra,Nashik,Nashik,Tomato,Hybrid,FAQ,31/05/2026,2258.0,2443.0,2385.0
Maharashtra,Nashik,Nashik,Tomato,Hybrid,FAQ,01/06/2026,2164.0,2390.0,2297.0
Maharashtra,Nashik,Nashik,Tomato,Hybrid,FAQ,02/06/2026,2140.0,2283.0,2224.0
Maharashtra,Nashik,Nashik,Tomato,Hybrid,FAQ,03/06/2026,2095.0,2372.0,2241.0
Maharashtra,Nashik,Nashik,Tomato,Hybrid,FAQ,04/06/2026,1962.0,2189.0,2105.0
Maharashtra,Nashik,Nashik,Tomato,Hybrid,FAQ,05/06/2026,2020.0,2192.0,2086.0
Maharashtra,Nashik,Nashik,Tomato,Hybrid,FAQ,06/06/2026,2085.0,2332.0,2183.0
Maharashtra,Nashik,Nashik,Tomato,Hybrid,FAQ,07/06/2026,2084.0,2259.0,2202.0
Maharashtra,Nashik,Nashik,Tomato,Hybrid,FAQ,08/06/2026,2165.0,2304.0,2245.0
Maharashtra,Nashik,Nashik,Tomato,Hybrid,FAQ,09/06/2026,2038.0,2183.0,2088.0
Maharashtra,Nashik,Nashik,Tomato,Hybrid,FAQ,10/06/2026,1961.0,2190.0,2111.0
Maharashtra,Nashik,Nashik,Tomato,Hybrid,FAQ,11/06/2026,2140.0,2284.0,2218.0
Maharashtra,Nashik,Nashik,Tomato,Hybrid,FAQ,12/06/2026,2043.0,2313.0,2172.0
Maharashtra,Nashik,Nashik,Tomato,Hybrid,FAQ,13/06/2026,1952.0,2173.0,2100.0
Maharashtra,Nashik,Nashik,Tomato,Hybrid,FAQ,14/06/2026,2008.0,2206.0,2069.0
Maharashtra,Nashik,Nashik,Tomato,Hybrid,FAQ,15/06/2026,2024.0,2204.0,2138.0
Maharashtra,Nashik,Nashik,Tomato,Hybrid,FAQ,16/06/2026,1861.0,2080.0,1985.0
Maharashtra,Nashik,Nashik,Tomato,Hybrid,FAQ,17/06/2026,1785.0,1989.0,1934.0
Maharashtra,Nashik,Nashik,Tomato,Hybrid,FAQ,18/06/2026,1810.0,1992.0,1910.0
Maharashtra,Nashik,Nashik,Tomato,Hybrid,FAQ,19/06/2026,1588.0,1848.0,1711.0
Maharashtra,Nashik,Nashik,Tomato,Hybrid,FAQ,20/06/2026,1594.0,1807.0,1727.0
Maharashtra,Nashik,Nashik,Tomato,Hybrid,FAQ,21/06/2026,1741.0,1913.0,1831.0
Maharashtra,Nashik,Nashik,Tomato,Hybrid,FAQ,22/06/2026,1523.0,1750.0,1669.0
Maharashtra,Nashik,Nashik,Tomato,Hybrid,FAQ,23/06/2026,1584.0,1747.0,1644.0
Maharashtra,Nashik,Nashik,Tomato,Hybrid,FAQ,24/06/2026,1534.0,1757.0,1627.0
Maharashtra,Nashik,Nashik,Tomato,Hybrid,FAQ,25/06/2026,1368.0,1585.0,1492.0
Maharashtra,Nashik,Nashik,Tomato,Hybrid,FAQ,26/06/2026,1253.0,1435.0,1380.0
Maharashtra,Nashik,NASHIK,tomato,Hybrid,FAQ,27/06/2026,1228.0,1409.0,1279.0
Maharashtra,Nashik,Nashik,Tomato,Hybrid,FAQ,28/06/2026,1106.0,1323.0,1180.0
Maharashtra,Nashik,Nashik,Tomato,Hybrid,FAQ,29/06/2026,1038.0,1295.0,1174.0
Maharashtra,Nashik,Nashik,Tomato,Hybrid,FAQ,30/06/2026,1258.0,1553.0,
Maharashtra,Nashik,Nashik,Tomato,Hybrid,FAQ,01/07/2026,1131.0,1334.0,1203.0
Maharashtra,Nashik,Nashik,Tomato,Hybrid,FAQ,02/07/2026,1032.0,1241.0,1150.0
Maharashtra,Nashik,Nashik,Tomato,Hybrid,FAQ,03/07/2026,952.0,1154.0,1095.0
Maharashtra,Nashik,Nashik,Tomato,Hybrid,FAQ,04/07/2026,1030.0,1236.0,1170.0
Maharashtra,Nashik,Nashik,Tomato,Hybrid,FAQ,05/07/2026,1085.0,1284.0,1172.0
Maharashtra,Nashik,Nashik,Tomato,Hybrid,FAQ,06/07/2026,943.0,1110.0,1053.0
Maharashtra,Nashik,Nashik,Tomato,Hybrid,FAQ,07/07/2026,784.0,1000.0,857.0
Maharashtra,Nashik,Nashik,Tomato,Hybrid,FAQ,08/07/2026,814.0,949.0,866.0
Maharashtra,Nashik,Nashik,Tomato,Hybrid,FAQ,09/07/2026,766.0,957.0,
Maharashtra,Nashik,Nashik,Tomato,Hybrid,FAQ,10/07/2026,844.0,1042.0,901.0
Maharashtra,Nashik,Nashik,Tomato,Hybrid,FAQ,11/07/2026,821.0,1025.0,967.0
Maharashtra,Pune,Pune,Potato,Local,FAQ,12/02/2026,1054.0,1211.0,1143.0
Maharashtra,Pune,Pune,Potato,Local,FAQ,13/02/2026,1045.0,1299.0,1153.0
Maharashtra,Pune,Pune,Potato,Local,FAQ,14/02/2026,1015.0,1211.0,1127.0
Maharashtra,Pune,Pune,Potato,Local,FAQ,15/02/2026,991.0,1220.0,1127.0
Maharashtra,Pune,Pune,Potato,Local,FAQ,16/02/2026,984.0,1188.0,1111.0
Maharashtra,Pune,Pune,Potato,Local,FAQ,17/02/2026,969.0,1167.0,1096.0
Maharashtra,Pune,Pune,Potato,Local,FAQ,18/02/2026,940.0,1227.0,1084.0
Maharashtra,Pune,Pune,Potato,Local,FAQ,19/02/2026,954.0,1111.0,1025.0
Maharashtra,Pune,Pune,Potato,Local,FAQ,20/02/2026,930.0,1166.0,1026.0
Maharashtra,Pune,Pune,Potato,Local,FAQ,21/02/2026,847.0,1078.0,990.0
Maharashtra,Pune,Pune,Potato,Local,FAQ,22/02/2026,888.0,1069.0,1019.0
Maharashtra,Pune,Pune,Potato,Local,FAQ,23/02/2026,937.0,1111.0,1019.0
Maharashtra,Pune,Pune,Potato,Local,FAQ,24/02/2026,944.0,1112.0,998.0
Maharashtra,Pune,Pune,Potato,Local,FAQ,25/02/2026,903.0,1034.0,979.0
Maharashtra,Pune,Pune,Potato,Local,FAQ,26/02/2026,865.0,1098.0,1000.0
Maharashtra,Pune,Pune,Potato,Local,FAQ,27/02/2026,890.0,1130.0,982.0
Maharashtra,Pune,Pune,Potato,Local,FAQ,28/02/2026,885.0,1031.0,964.0
Maharashtra,Pune,Pune,Potato,Local,FAQ,01/03/2026,857.0,1086.0,945.0
Maharashtra,Pune,Pune,Potato,Local,FAQ,02/03/2026,761.0,959.0,904.0
Maharashtra,Pune,PUNE,potato,Local,FAQ,03/03/2026,886.0,1064.0,957.0
Maharashtra,Pune,Pune,Potato,Local,FAQ,04/03/2026,854.0,1059.0,944.0
Maharashtra,Pune,Pune,Potato,Local,FAQ,05/03/2026,827.0,1061.0,947.0
Maharashtra,Pune,Pune,Potato,Local,FAQ,06/03/2026,835.0,991.0,928.0
Maharashtra,Pune,Pune,Potato,Local,FAQ,07/03/2026,775.0,1018.0,920.0
Maharashtra,Pune,Pune,Potato,Local,FAQ,08/03/2026,853.0,1034.0,953.0
Maharashtra,Pune,Pune,Potato,Local,FAQ,09/03/2026,799.0,1067.0,930.0
Maharashtra,Pune,Pune,Potato,Local,FAQ,10/03/2026,814.0,1047.0,921.0
Maharashtra,Pune,Pune,Potato,Local,FAQ,11/03/2026,860.0,997.0,924.0
Maharashtra,Pune,Pune,Potato,Local,FAQ,12/03/2026,824.0,970.0,919.0
Maharashtra,Pune,Pune,Potato,Local,FAQ,13/03/2026,836.0,1054.0,968.0
Maharashtra,Pune,Pune,Potato,Local,FAQ,14/03/2026,907.0,1173.0,1027.0
Maharashtra,Pune,Pune,Potato,Local,FAQ,15/03/2026,938.0,1131.0,1041.0
Maharashtra,Pune,Pune,Potato,Local,FAQ,16/03/2026,965.0,1108.0,1045.0
Maharashtra,Pune,Pune,Potato,Local,FAQ,17/03/2026,924.0,1144.0,1058.0
Maharashtra,Pune,Pune,Potato,Local,FAQ,18/03/2026,976.0,1156.0,1046.0
Maharashtra,Pune,Pune,Potato,Local,FAQ,19/03/2026,1053.0,1200.0,1109.0
Maharashtra,Pune,Pune,Potato,Local,FAQ,20/03/2026,918.0,1176.0,1043.0
Maharashtra,Pune,Pune,Potato,Local,FAQ,21/03/2026,964.0,1145.0,1091.0
Maharashtra,Pune,Pune,Potato,Local,FAQ,22/03/2026,953.0,1229.0,1096.0
Maharashtra,Pune,Pune,Potato,Local,FAQ,23/03/2026,920.0,1134.0,1054.0
Maharashtra,Pune,Pune,Potato,Local,FAQ,24/03/2026,957.0,1076.0,1023.0
Maharashtra,Pune,Pune,Potato,Local,FAQ,25/03/2026,802.0,1021.0,947.0
Maharashtra,Pune,Pune,Potato,Local,FAQ,26/03/2026,797.0,1048.0,940.0
Maharashtra,Pune,Pune,Potato,Local,FAQ,27/03/2026,819.0,1077.0,936.0
Maharashtra,Pune,Pune,Potato,Local,FAQ,28/03/2026,918.0,1041.0,972.0
Maharashtra,Pune,Pune,Potato,Local,FAQ,29/03/2026,793.0,1053.0,926.0
Maharashtra,Pune,Pune,Potato,Local,FAQ,30/03/2026,786.0,939.0,889.0
Maharashtra,Pune,Pune,Potato,Local,FAQ,31/03/2026,770.0,915.0,844.0
Maharashtra,Pune,Pune,Potato,Local,FAQ,01/04/2026,788.0,935.0,866.0
Maharashtra,Pune,Pune,Potato,Local,FAQ,02/04/2026,748.0,985.0,848.0
Maharashtra,Pune,Pune,Potato,Local,FAQ,03/04/2026,757.0,968.0,843.0
Maharashtra,Pune,Pune,Potato,Local,FAQ,04/04/2026,734.0,971.0,839.0
Maharashtra,Pune,Pune,Potato,Local,FAQ,05/04/2026,780.0,982.0,834.0
Maharashtra,Pune,Pune,Potato,Local,FAQ,06/04/2026,821.0,974.0,909.0
Maharashtra,Pune,Pune,Potato,Local,FAQ,07/04/2026,763.0,981.0,872.0
Maharashtra,Pune,Pune,Potato,Local,FAQ,08/04/2026,806.0,1035.0,901.0
Maharashtra,Pune,Pune,Potato,Local,FAQ,09/04/2026,786.0,1006.0,890.0
Maharashtra,Pune,Pune,Potato,Local,FAQ,10/04/2026,712.0,929.0,840.0
Maharashtra,Pune,Pune,Potato,Local,FAQ,11/04/2026,668.0,899.0,811.0
Maharashtra,Pune,Pune,Potato,Local,FAQ,12/04/2026,700.0,875.0,823.0
Maharashtra,Pune,Pune,Potato,Local,FAQ,13/04/2026,683.0,924.0,821.0
Maharashtra,Pune,Pune,Potato,Local,FAQ,14/04/2026,635.0,876.0,778.0
Maharashtra,Pune,Pune,Potato,Local,FAQ,15/04/2026,616.0,821.0,746.0
Maharashtra,Pune,Pune,Potato,Local,FAQ,16/04/2026,605.0,886.0,745.0
Maharashtra,Pune,Pune,Potato,Local,FAQ,17/04/2026,628.0,874.0,746.0
Maharashtra,Pune,Pune,Potato,Local,FAQ,18/04/2026,704.0,877.0,767.0
Maharashtra,Pune,Pune,Potato,Local,FAQ,19/04/2026,702.0,835.0,767.0
Maharashtra,Pune,Pune,Potato,Local,FAQ,20/04/2026,664.0,844.0,751.0
Maharashtra,Pune,Pune,Potato,Local,FAQ,21/04/2026,631.0,799.0,731.0
Maharashtra,Pune,Pune,Potato,Local,FAQ,22/04/2026,630.0,851.0,
Maharashtra,Pune,Pune,Potato,Local,FAQ,23/04/2026,702.0,913.0,786.0
Maharashtra,Pune,Pune,Potato,Local,FAQ,24/04/2026,705.0,896.0,798.0
Maharashtra,Pune,Pune,Potato,Local,FAQ,25/04/2026,752.0,892.0,833.0
Maharashtra,Pune,Pune,Potato,Local,FAQ,26/04/2026,821.0,1022.0,880.0
Maharashtra,Pune,Pune,Potato,Local,FAQ,27/04/2026,771.0,966.0,857.0
Maharashtra,Pune,Pune,Potato,Local,FAQ,28/04/2026,734.0,922.0,868.0
Maharashtra,Pune,Pune,Potato,Local,FAQ,29/04/2026,830.0,951.0,881.0
Maharashtra,Pune,Pune,Potato,Local,FAQ,30/04/2026,726.0,983.0,872.0
Maharashtra,Pune,Pune,Potato,Local,FAQ,01/05/2026,814.0,941.0,867.0
Maharashtra,Pune,Pune,Potato,Local,FAQ,02/05/2026,726.0,956.0,864.0
Maharashtra,Pune,PUNE,potato,Local,FAQ,03/05/2026,785.0,945.0,876.0
Maharashtra,Pune,Pune,Potato,Local,FAQ,04/05/2026,781.0,1024.0,883.0
Maharashtra,Pune,Pune,Potato,Local,FAQ,05/05/2026,762.0,965.0,903.0
Maharashtra,Pune,Pune,Potato,Local,FAQ,06/05/2026,853.0,1094.0,956.0
Maharashtra,Pune,Pune,Potato,Local,FAQ,07/05/2026,883.0,1018.0,940.0
Maharashtra,Pune,Pune,Potato,Local,FAQ,08/05/2026,782.0,1009.0,864.0
Maharashtra,Pune,Pune,Potato,Local,FAQ,09/05/2026,737.0,920.0,854.0
Maharashtra,Pune,Pune,Potato,Local,FAQ,10/05/2026,702.0,925.0,801.0
Maharashtra,Pune,Pune,Potato,Local,FAQ,11/05/2026,694.0,874.0,811.0
Maharashtra,Pune,Pune,Potato,Local,FAQ,12/05/2026,694.0,902.0,839.0
Maharashtra,Pune,Pune,Potato,Local,FAQ,13/05/2026,674.0,939.0,
Maharashtra,Pune,Pune,Potato,Local,FAQ,14/05/2026,718.0,915.0,843.0
Maharashtra,Pune,Pune,Potato,Local,FAQ,15/05/2026,778.0,965.0,905.0
Maharashtra,Pune,Pune,Potato,Local,FAQ,16/05/2026,729.0,1014.0,875.0
Maharashtra,Pune,Pune,Potato,Local,FAQ,17/05/2026,797.0,995.0,899.0
Maharashtra,Pune,Pune,Potato,Local,FAQ,18/05/2026,801.0,990.0,882.0
Maharashtra,Pune,Pune,Potato,Local,FAQ,19/05/2026,751.0,984.0,864.0
Maharashtra,Pune,Pune,Potato,Local,FAQ,20/05/2026,790.0,966.0,911.0
Maharashtra,Pune,Pune,Potato,Local,FAQ,21/05/2026,831.0,981.0,907.0
Maharashtra,Pune,Pune,Potato,Local,FAQ,22/05/2026,843.0,1080.0,941.0
Maharashtra,Pune,Pune,Potato,Local,FAQ,23/05/2026,922.0,1080.0,982.0
Maharashtra,Pune,Pune,Potato,Local,FAQ,24/05/2026,813.0,1089.0,962.0
Maharashtra,Pune,Pune,Potato,Local,FAQ,25/05/2026,889.0,1053.0,962.0
Maharashtra,Pune,PUNE,potato,Local,FAQ,26/05/2026,790.0,1045.0,918.0
Maharashtra,Pune,Pune,Potato,Local,FAQ,27/05/2026,766.0,977.0,866.0
Maharashtra,Pune,Pune,Potato,Local,FAQ,28/05/2026,800.0,1005.0,906.0
Maharashtra,Pune,Pune,Potato,Local,FAQ,29/05/2026,735.0,970.0,866.0
Maharashtra,Pune,Pune,Potato,Local,FAQ,30/05/2026,804.0,994.0,867.0
Maharashtra,Pune,Pune,Potato,Local,FAQ,31/05/2026,736.0,899.0,838.0
Maharashtra,Pune,Pune,Potato,Local,FAQ,01/06/2026,685.0,896.0,828.0
Maharashtra,Pune,Pune,Potato,Local,FAQ,02/06/2026,723.0,940.0,811.0
Maharashtra,Pune,Pune,Potato,Local,FAQ,03/06/2026,670.0,833.0,766.0
Maharashtra,Pune,Pune,Potato,Local,FAQ,04/06/2026,703.0,879.0,768.0
Maharashtra,Pune,Pune,Potato,Local,FAQ,05/06/2026,609.0,837.0,716.0
Maharashtra,Pune,Pune,Potato,Local,FAQ,06/06/2026,564.0,851.0,704.0
Maharashtra,Pune,Pune,Potato,Local,FAQ,07/06/2026,546.0,743.0,682.0
Maharashtra,Pune,Pune,Potato,Local,FAQ,08/06/2026,627.0,772.0,678.0
Maharashtra,Pune,Pune,Potato,Local,FAQ,09/06/2026,642.0,801.0,697.0
Maharashtra,Pune,Pune,Potato,Local,FAQ,10/06/2026,576.0,824.0,687.0
Maharashtra,Pune,Pune,Potato,Local,FAQ,11/06/2026,508.0,717.0,624.0
Maharashtra,Pune,Pune,Potato,Local,FAQ,12/06/2026,549.0,682.0,627.0
Maharashtra,Pune,Pune,Potato,Local,FAQ,13/06/2026,479.0,732.0,596.0
Maharashtra,Pune,Pune,Potato,Local,FAQ,14/06/2026,472.0,748.0,607.0
Maharashtra,Pune,Pune,Potato,Local,FAQ,15/06/2026,518.0,735.0,595.0
Maharashtra,Pune,Pune,Potato,Local,FAQ,16/06/2026,556.0,665.0,611.0
Maharashtra,Pune,Pune,Potato,Local,FAQ,17/06/2026,432.0,648.0,554.0
Maharashtra,Pune,Pune,Potato,Local,FAQ,18/06/2026,414.0,581.0,531.0
Maharashtra,Pune,Pune,Potato,Local,FAQ,19/06/2026,382.0,571.0,513.0
Maharashtra,Pune,Pune,Potato,Local,FAQ,20/06/2026,402.0,585.0,500.0
Maharashtra,Pune,Pune,Potato,Local,FAQ,21/06/2026,381.0,609.0,463.0
Maharashtra,Pune,Pune,Potato,Local,FAQ,22/06/2026,366.0,597.0,459.0
Maharashtra,Pune,Pune,Potato,Local,FAQ,23/06/2026,380.0,519.0,460.0
Maharashtra,Pune,Pune,Potato,Local,FAQ,24/06/2026,370.0,532.0,477.0
Maharashtra,Pune,Pune,Potato,Local,FAQ,25/06/2026,456.0,632.0,520.0
Maharashtra,Pune,Pune,Potato,Local,FAQ,26/06/2026,416.0,598.0,520.0
Maharashtra,Pune,Pune,Potato,Local,FAQ,27/06/2026,331.0,610.0,476.0
Maharashtra,Pune,Pune,Potato,Local,FAQ,28/06/2026,404.0,564.0,465.0
Maharashtra,Pune,Pune,Potato,Local,FAQ,29/06/2026,405.0,619.0,471.0
Maharashtra,Pune,Pune,Potato,Local,FAQ,30/06/2026,384.0,584.0,470.0
Maharashtra,Pune,Pune,Potato,Local,FAQ,01/07/2026,370.0,526.0,433.0
Maharashtra,Pune,Pune,Potato,Local,FAQ,02/07/2026,396.0,591.0,450.0
Maharashtra,Pune,Pune,Potato,Local,FAQ,03/07/2026,307.0,520.0,440.0
Maharashtra,Pune,Pune,Potato,Local,FAQ,04/07/2026,361.0,527.0,441.0
Maharashtra,Pune,Pune,Potato,Local,FAQ,05/07/2026,399.0,605.0,456.0
Maharashtra,Pune,Pune,Potato,Local,FAQ,06/07/2026,365.0,604.0,459.0
Maharashtra,Pune,Pune,Potato,Local,FAQ,07/07/2026,375.0,553.0,450.0
Maharashtra,Pune,Pune,Potato,Local,FAQ,08/07/2026,449.0,575.0,506.0
Maharashtra,Pune,Pune,Potato,Local,FAQ,09/07/2026,431.0,626.0,502.0
Maharashtra,Pune,Pune,Potato,Local,FAQ,10/07/2026,439.0,647.0,511.0
Maharashtra,Pune,Pune,Potato,Local,FAQ,11/07/2026,328.0,574.0,472.0
Maharashtra,Nashik,Nashik,Potato,Local,FAQ,12/02/2026,1058.0,1190.0,1113.0
Maharashtra,Nashik,Nashik,Potato,Local,FAQ,13/02/2026,977.0,1195.0,1092.0
Maharashtra,Nashik,Nashik,Potato,Local,FAQ,14/02/2026,969.0,1187.0,1088.0
Maharashtra,Nashik,Nashik,Potato,Local,FAQ,15/02/2026,1005.0,1183.0,1106.0
Maharashtra,Nashik,Nashik,Potato,Local,FAQ,16/02/2026,936.0,1201.0,1057.0
Maharashtra,Nashik,Nashik,Potato,Local,FAQ,17/02/2026,899.0,1036.0,982.0
Maharashtra,Nashik,Nashik,Potato,Local,FAQ,18/02/2026,1008.0,1201.0,1075.0
Maharashtra,Nashik,Nashik,Potato,Local,FAQ,19/02/2026,919.0,1212.0,1067.0
Maharashtra,Nashik,Nashik,Potato,Local,FAQ,20/02/2026,956.0,1171.0,1076.0
Maharashtra,Nashik,Nashik,Potato,Local,FAQ,21/02/2026,965.0,1204.0,1069.0
Maharashtra,Nashik,Nashik,Potato,Local,FAQ,22/02/2026,901.0,1108.0,1000.0
Maharashtra,Nashik,Nashik,Potato,Local,FAQ,23/02/2026,920.0,1129.0,989.0
Maharashtra,Nashik,Nashik,Potato,Local,FAQ,24/02/2026,962.0,1132.0,1022.0
Maharashtra,Nashik,Nashik,Potato,Local,FAQ,25/02/2026,1003.0,1123.0,1065.0
Maharashtra,Nashik,Nashik,Potato,Local,FAQ,26/02/2026,883.0,1051.0,992.0
Maharashtra,Nashik,Nashik,Potato,Local,FAQ,27/02/2026,920.0,1080.0,1013.0
Maharashtra,Nashik,Nashik,Potato,Local,FAQ,28/02/2026,895.0,1097.0,1014.0
Maharashtra,Nashik,Nashik,Potato,Local,FAQ,01/03/2026,963.0,1170.0,1022.0
Maharashtra,Nashik,Nashik,Potato,Local,FAQ,02/03/2026,889.0,1056.0,1004.0
Maharashtra,Nashik,Nashik,Potato,Local,FAQ,03/03/2026,823.0,1058.0,954.0
Maharashtra,Nashik,Nashik,Potato,Local,FAQ,04/03/2026,881.0,1087.0,947.0
Maharashtra,Nashik,Nashik,Potato,Local,FAQ,05/03/2026,824.0,1018.0,943.0
Maharashtra,Nashik,Nashik,Potato,Local,FAQ,06/03/2026,842.0,1039.0,949.0
Maharashtra,Nashik,Nashik,Potato,Local,FAQ,07/03/2026,850.0,1008.0,936.0
Maharashtra,Nashik,Nashik,Potato,Local,FAQ,08/03/2026,855.0,1042.0,947.0
Maharashtra,Nashik,Nashik,Potato,Local,FAQ,09/03/2026,836.0,1044.0,911.0
Maharashtra,Nashik,Nashik,Potato,Local,FAQ,10/03/2026,919.0,1067.0,999.0
Maharashtra,Nashik,Nashik,Potato,Local,FAQ,11/03/2026,910.0,1090.0,969.0
Maharashtra,Nashik,Nashik,Potato,Local,FAQ,12/03/2026,898.0,1079.0,987.0
Maharashtra,Nashik,Nashik,Potato,Local,FAQ,13/03/2026,861.0,1045.0,958.0
Maharashtra,Nashik,Nashik,Potato,Local,FAQ,14/03/2026,833.0,1066.0,949.0
Maharashtra,Nashik,Nashik,Potato,Local,FAQ,15/03/2026,851.0,1026.0,930.0
Maharashtra,Nashik,Nashik,Potato,Local,FAQ,16/03/2026,861.0,1053.0,913.0
Maharashtra,Nashik,NASHIK,potato,Local,FAQ,17/03/2026,824.0,968.0,895.0
Maharashtra,Nashik,Nashik,Potato,Local,FAQ,18/03/2026,761.0,933.0,875.0
Maharashtra,Nashik,Nashik,Potato,Local,FAQ,19/03/2026,801.0,978.0,864.0
Maharashtra,Nashik,Nashik,Potato,Local,FAQ,20/03/2026,796.0,978.0,902.0
Maharashtra,Nashik,Nashik,Potato,Local,FAQ,21/03/2026,757.0,934.0,872.0
Maharashtra,Nashik,Nashik,Potato,Local,FAQ,22/03/2026,723.0,910.0,800.0
Maharashtra,Nashik,Nashik,Potato,Local,FAQ,23/03/2026,705.0,992.0,842.0
Maharashtra,Nashik,Nashik,Potato,Local,FAQ,24/03/2026,725.0,874.0,798.0
Maharashtra,Nashik,Nashik,Potato,Local,FAQ,25/03/2026,750.0,935.0,848.0
Maharashtra,Nashik,Nashik,Potato,Local,FAQ,26/03/2026,754.0,929.0,841.0
Maharashtra,Nashik,Nashik,Potato,Local,FAQ,27/03/2026,729.0,978.0,863.0
Maharashtra,Nashik,Nashik,Potato,Local,FAQ,28/03/2026,683.0,869.0,815.0
Maharashtra,Nashik,Nashik,Potato,Local,FAQ,29/03/2026,711.0,949.0,848.0
Maharashtra,Nashik,Nashik,Potato,Local,FAQ,30/03/2026,729.0,897.0,846.0
Maharashtra,Nashik,Nashik,Potato,Local,FAQ,31/03/2026,633.0,865.0,770.0
Maharashtra,Nashik,NASHIK,potato,Local,FAQ,01/04/2026,649.0,843.0,743.0
Maharashtra,Nashik,Nashik,Potato,Local,FAQ,02/04/2026,642.0,850.0,732.0
Maharashtra,Nashik,Nashik,Potato,Local,FAQ,03/04/2026,637.0,878.0,747.0
Maharashtra,Nashik,Nashik,Potato,Local,FAQ,04/04/2026,683.0,834.0,744.0
Maharashtra,Nashik,Nashik,Potato,Local,FAQ,05/04/2026,632.0,826.0,768.0
Maharashtra,Nashik,Nashik,Potato,Local,FAQ,06/04/2026,655.0,847.0,712.0
Maharashtra,Nashik,Nashik,Potato,Local,FAQ,07/04/2026,627.0,864.0,731.0
Maharashtra,Nashik,Nashik,Potato,Local,FAQ,08/04/2026,635.0,761.0,698.0
Maharashtra,Nashik,Nashik,Potato,Local,FAQ,09/04/2026,627.0,801.0,718.0
Maharashtra,Nashik,Nashik,Potato,Local,FAQ,10/04/2026,609.0,863.0,720.0
Maharashtra,Nashik,Nashik,Potato,Local,FAQ,11/04/2026,677.0,830.0,756.0
Maharashtra,Nashik,Nashik,Potato,Local,FAQ,12/04/2026,639.0,824.0,768.0
Maharashtra,Nashik,Nashik,Potato,Local,FAQ,13/04/2026,665.0,894.0,771.0
Maharashtra,Nashik,Nashik,Potato,Local,FAQ,14/04/2026,616.0,812.0,701.0
Maharashtra,Nashik,NASHIK,potato,Local,FAQ,15/04/2026,625.0,815.0,739.0
Maharashtra,Nashik,Nashik,Potato,Local,FAQ,16/04/2026,748.0,868.0,806.0
Maharashtra,Nashik,Nashik,Potato,Local,FAQ,17/04/2026,672.0,926.0,806.0
Maharashtra,Nashik,Nashik,Potato,Local,FAQ,18/04/2026,630.0,844.0,759.0
Maharashtra,Nashik,Nashik,Potato,Local,FAQ,19/04/2026,640.0,765.0,709.0
Maharashtra,Nashik,Nashik,Potato,Local,FAQ,20/04/2026,555.0,813.0,664.0
Maharashtra,Nashik,Nashik,Potato,Local,FAQ,21/04/2026,510.0,763.0,643.0
Maharashtra,Nashik,Nashik,Potato,Local,FAQ,22/04/2026,522.0,758.0,667.0
Maharashtra,Nashik,Nashik,Potato,Local,FAQ,23/04/2026,541.0,749.0,654.0
Maharashtra,Nashik,Nashik,Potato,Local,FAQ,24/04/2026,647.0,817.0,716.0
Maharashtra,Nashik,Nashik,Potato,Local,FAQ,25/04/2026,633.0,873.0,757.0
Maharashtra,Nashik,Nashik,Potato,Local,FAQ,26/04/2026,699.0,882.0,760.0
Maharashtra,Nashik,Nashik,Potato,Local,FAQ,27/04/2026,648.0,846.0,790.0
Maharashtra,Nashik,Nashik,Potato,Local,FAQ,28/04/2026,658.0,844.0,790.0
Maharashtra,Nashik,Nashik,Potato,Local,FAQ,29/04/2026,745.0,935.0,810.0
Maharashtra,Nashik,Nashik,Potato,Local,FAQ,30/04/2026,695.0,813.0,746.0
Maharashtra,Nashik,Nashik,Potato,Local,FAQ,01/05/2026,653.0,916.0,795.0
Maharashtra,Nashik,Nashik,Potato,Local,FAQ,02/05/2026,697.0,903.0,814.0
Maharashtra,Nashik,Nashik,Potato,Local,FAQ,03/05/2026,782.0,997.0,874.0
Maharashtra,Nashik,Nashik,Potato,Local,FAQ,04/05/2026,783.0,942.0,885.0
Maharashtra,Nashik,Nashik,Potato,Local,FAQ,05/05/2026,776.0,1037.0,898.0
Maharashtra,Nashik,Nashik,Potato,Local,FAQ,06/05/2026,825.0,1036.0,887.0
Maharashtra,Nashik,Nashik,Potato,Local,FAQ,07/05/2026,749.0,997.0,857.0
Maharashtra,Nashik,Nashik,Potato,Local,FAQ,08/05/2026,790.0,989.0,872.0
Maharashtra,Nashik,Nashik,Potato,Local,FAQ,09/05/2026,802.0,957.0,886.0
Maharashtra,Nashik,Nashik,Potato,Local,FAQ,10/05/2026,770.0,919.0,851.0
Maharashtra,Nashik,Nashik,Potato,Local,FAQ,11/05/2026,770.0,940.0,845.0
Maharashtra,Nashik,Nashik,Potato,Local,FAQ,12/05/2026,788.0,994.0,870.0
Maharashtra,Nashik,Nashik,Potato,Local,FAQ,13/05/2026,732.0,975.0,868.0
Maharashtra,Nashik,Nashik,Potato,Local,FAQ,14/05/2026,816.0,1001.0,882.0
Maharashtra,Nashik,NASHIK,potato,Local,FAQ,15/05/2026,808.0,1041.0,947.0
Maharashtra,Nashik,Nashik,Potato,Local,FAQ,16/05/2026,813.0,1078.0,953.0
Maharashtra,Nashik,Nashik,Potato,Local,FAQ,17/05/2026,944.0,1175.0,1027.0
Maharashtra,Nashik,Nashik,Potato,Local,FAQ,18/05/2026,902.0,1073.0,
Maharashtra,Nashik,Nashik,Potato,Local,FAQ,19/05/2026,995.0,1103.0,1051.0
Maharashtra,Nashik,Nashik,Potato,Local,FAQ,20/05/2026,911.0,1089.0,1006.0
Maharashtra,Nashik,Nashik,Potato,Local,FAQ,21/05/2026,891.0,1076.0,957.0
Maharashtra,Nashik,Nashik,Potato,Local,FAQ,22/05/2026,843.0,1014.0,944.0
Maharashtra,Nashik,Nashik,Potato,Local,FAQ,23/05/2026,913.0,1035.0,970.0
Maharashtra,Nashik,Nashik,Potato,Local,FAQ,24/05/2026,862.0,1050.0,919.0
Maharashtra,Nashik,Nashik,Potato,Local,FAQ,25/05/2026,822.0,1061.0,944.0
Maharashtra,Nashik,Nashik,Potato,Local,FAQ,26/05/2026,871.0,1083.0,969.0
Maharashtra,Nashik,Nashik,Potato,Local,FAQ,27/05/2026,844.0,1072.0,972.0
Maharashtra,Nashik,Nashik,Potato,Local,FAQ,28/05/2026,873.0,1037.0,959.0
Maharashtra,Nashik,Nashik,Potato,Local,FAQ,29/05/2026,864.0,1085.0,1001.0
Maharashtra,Nashik,Nashik,Potato,Local,FAQ,30/05/2026,904.0,1137.0,1031.0
Maharashtra,Nashik,Nashik,Potato,Local,FAQ,31/05/2026,932.0,1142.0,1034.0
Maharashtra,Nashik,Nashik,Potato,Local,FAQ,01/06/2026,939.0,1210.0,
Maharashtra,Nashik,Nashik,Potato,Local,FAQ,02/06/2026,955.0,1164.0,1066.0
Maharashtra,Nashik,Nashik,Potato,Local,FAQ,03/06/2026,1028.0,1214.0,1087.0
Maharashtra,Nashik,Nashik,Potato,Local,FAQ,04/06/2026,981.0,1196.0,1062.0
Maharashtra,Nashik,Nashik,Potato,Local,FAQ,05/06/2026,1038.0,1233.0,1095.0
Maharashtra,Nashik,Nashik,Potato,Local,FAQ,06/06/2026,969.0,1231.0,1113.0
Maharashtra,Nashik,Nashik,Potato,Local,FAQ,07/06/2026,976.0,1186.0,1067.0
Maharashtra,Nashik,Nashik,Potato,Local,FAQ,08/06/2026,879.0,1154.0,1029.0
Maharashtra,Nashik,Nashik,Potato,Local,FAQ,09/06/2026,888.0,1088.0,1002.0
Maharashtra,Nashik,Nashik,Potato,Local,FAQ,10/06/2026,945.0,1183.0,1049.0
Maharashtra,Nashik,Nashik,Potato,Local,FAQ,11/06/2026,1005.0,1145.0,1058.0
Maharashtra,Nashik,Nashik,Potato,Local,FAQ,12/06/2026,992.0,1194.0,1049.0
Maharashtra,Nashik,Nashik,Potato,Local,FAQ,13/06/2026,930.0,1144.0,1002.0
Maharashtra,Nashik,Nashik,Potato,Local,FAQ,14/06/2026,905.0,1153.0,1010.0
Maharashtra,Nashik,Nashik,Potato,Local,FAQ,15/06/2026,958.0,1134.0,1009.0
Maharashtra,Nashik,Nashik,Potato,Local,FAQ,16/06/2026,861.0,1108.0,1004.0
Maharashtra,Nashik,Nashik,Potato,Local,FAQ,17/06/2026,875.0,1042.0,978.0
Maharashtra,Nashik,Nashik,Potato,Local,FAQ,18/06/2026,844.0,1056.0,985.0
Maharashtra,Nashik,Nashik,Potato,Local,FAQ,19/06/2026,847.0,1022.0,964.0
Maharashtra,Nashik,Nashik,Potato,Local,FAQ,20/06/2026,806.0,1010.0,930.0
Maharashtra,Nashik,Nashik,Potato,Local,FAQ,21/06/2026,844.0,1050.0,940.0
Maharashtra,Nashik,Nashik,Potato,Local,FAQ,22/06/2026,876.0,1072.0,956.0
Maharashtra,Nashik,Nashik,Potato,Local,FAQ,23/06/2026,868.0,1053.0,
Maharashtra,Nashik,Nashik,Potato,Local,FAQ,24/06/2026,853.0,1053.0,928.0
Maharashtra,Nashik,Nashik,Potato,Local,FAQ,25/06/2026,821.0,1035.0,897.0
Maharashtra,Nashik,Nashik,Potato,Local,FAQ,26/06/2026,783.0,953.0,894.0
Maharashtra,Nashik,Nashik,Potato,Local,FAQ,27/06/2026,809.0,1019.0,898.0
Maharashtra,Nashik,Nashik,Potato,Local,FAQ,28/06/2026,855.0,1021.0,933.0
Maharashtra,Nashik,Nashik,Potato,Local,FAQ,29/06/2026,918.0,1100.0,978.0
Maharashtra,Nashik,Nashik,Potato,Local,FAQ,30/06/2026,959.0,1116.0,1034.0
Maharashtra,Nashik,Nashik,Potato,Local,FAQ,01/07/2026,952.0,1088.0,1035.0
Maharashtra,Nashik,Nashik,Potato,Local,FAQ,02/07/2026,928.0,1170.0,1068.0
Maharashtra,Nashik,Nashik,Potato,Local,FAQ,03/07/2026,955.0,1104.0,1051.0
Maharashtra,Nashik,Nashik,Potato,Local,FAQ,04/07/2026,966.0,1192.0,1050.0
Maharashtra,Nashik,Nashik,Potato,Local,FAQ,05/07/2026,1019.0,1179.0,1071.0
Maharashtra,Nashik,Nashik,Potato,Local,FAQ,06/07/2026,934.0,1142.0,1027.0
Maharashtra,Nashik,Nashik,Potato,Local,FAQ,07/07/2026,911.0,1084.0,1034.0
Maharashtra,Nashik,Nashik,Potato,Local,FAQ,08/07/2026,957.0,1073.0,1011.0
Maharashtra,Nashik,Nashik,Potato,Local,FAQ,09/07/2026,836.0,1067.0,985.0
Maharashtra,Nashik,Nashik,Potato,Local,FAQ,10/07/2026,931.0,1059.0,1007.0
Maharashtra,Nashik,Nashik,Potato,Local,FAQ,11/07/2026,948.0,1076.0,1020.0
Maharashtra,Satara,Satara,Potato,Local,FAQ,12/02/2026,1022.0,1197.0,1095.0
Maharashtra,Satara,Satara,Potato,Local,FAQ,13/02/2026,993.0,1212.0,1068.0
Maharashtra,Satara,SATARA,potato,Local,FAQ,14/02/2026,987.0,1160.0,1072.0
Maharashtra,Satara,SATARA,potato,Local,FAQ,15/02/2026,1007.0,1221.0,1098.0
Maharashtra,Satara,Satara,Potato,Local,FAQ,16/02/2026,988.0,1216.0,1132.0
Maharashtra,Satara,Satara,Potato,Local,FAQ,17/02/2026,1022.0,1188.0,1128.0
Maharashtra,Satara,Satara,Potato,Local,FAQ,18/02/2026,1045.0,1254.0,1116.0
Maharashtra,Satara,Satara,Potato,Local,FAQ,19/02/2026,1011.0,1173.0,1077.0
Maharashtra,Satara,Satara,Potato,Local,FAQ,20/02/2026,1036.0,1261.0,1124.0
Maharashtra,Satara,Satara,Potato,Local,FAQ,21/02/2026,1044.0,1245.0,1151.0
Maharashtra,Satara,Satara,Potato,Local,FAQ,22/02/2026,1017.0,1260.0,1149.0
Maharashtra,Satara,Satara,Potato,Local,FAQ,23/02/2026,993.0,1225.0,1126.0
Maharashtra,Satara,Satara,Potato,Local,FAQ,24/02/2026,1030.0,1239.0,1159.0
Maharashtra,Satara,Satara,Potato,Local,FAQ,25/02/2026,1026.0,1218.0,1126.0
Maharashtra,Satara,Satara,Potato,Local,FAQ,26/02/2026,1020.0,1154.0,1084.0
Maharashtra,Satara,Satara,Potato,Local,FAQ,27/02/2026,1013.0,1139.0,1069.0
Maharashtra,Satara,Satara,Potato,Local,FAQ,28/02/2026,967.0,1104.0,1053.0
Maharashtra,Satara,Satara,Potato,Local,FAQ,01/03/2026,886.0,1073.0,1020.0
Maharashtra,Satara,Satara,Potato,Local,FAQ,02/03/2026,974.0,1178.0,1089.0
Maharashtra,Satara,Satara,Potato,Local,FAQ,03/03/2026,1030.0,1199.0,1145.0
Maharashtra,Satara,Satara,Potato,Local,FAQ,04/03/2026,1038.0,1282.0,1143.0
Maharashtra,Satara,Satara,Potato,Local,FAQ,05/03/2026,1063.0,1255.0,1123.0
Maharashtra,Satara,Satara,Potato,Local,FAQ,06/03/2026,1027.0,1199.0,1109.0
Maharashtra,Satara,Satara,Potato,Local,FAQ,07/03/2026,1004.0,1169.0,1069.0
Maharashtra,Satara,Satara,Potato,Local,FAQ,08/03/2026,962.0,1196.0,1061.0
Maharashtra,Satara,Satara,Potato,Local,FAQ,09/03/2026,982.0,1202.0,1103.0
Maharashtra,Satara,Satara,Potato,Local,FAQ,10/03/2026,1010.0,1190.0,1118.0
Maharashtra,Satara,Satara,Potato,Local,FAQ,11/03/2026,1031.0,1238.0,1108.0
Maharashtra,Satara,Satara,Potato,Local,FAQ,12/03/2026,1028.0,1216.0,1117.0
Maharashtra,Satara,Satara,Potato,Local,FAQ,13/03/2026,968.0,1197.0,1106.0
Maharashtra,Satara,Satara,Potato,Local,FAQ,14/03/2026,1037.0,1161.0,1087.0
Maharashtra,Satara,Satara,Potato,Local,FAQ,15/03/2026,971.0,1151.0,1089.0
Maharashtra,Satara,Satara,Potato,Local,FAQ,16/03/2026,967.0,1203.0,1082.0
Maharashtra,Satara,Satara,Potato,Local,FAQ,17/03/2026,986.0,1112.0,1054.0
Maharashtra,Satara,Satara,Potato,Local,FAQ,18/03/2026,904.0,1163.0,1036.0
Maharashtra,Satara,Satara,Potato,Local,FAQ,19/03/2026,941.0,1135.0,1051.0
Maharashtra,Satara,Satara,Potato,Local,FAQ,20/03/2026,933.0,1143.0,1034.0
Maharashtra,Satara,Satara,Potato,Local,FAQ,21/03/2026,937.0,1121.0,1023.0
Maharashtra,Satara,Satara,Potato,Local,FAQ,22/03/2026,925.0,1131.0,1065.0
Maharashtra,Satara,Satara,Potato,Local,FAQ,23/03/2026,936.0,1088.0,1024.0
Maharashtra,Satara,Satara,Potato,Local,FAQ,24/03/2026,924.0,1145.0,1067.0
Maharashtra,Satara,Satara,Potato,Local,FAQ,25/03/2026,945.0,1146.0,1090.0
Maharashtra,Satara,Satara,Potato,Local,FAQ,26/03/2026,933.0,1175.0,1072.0
Maharashtra,Satara,Satara,Potato,Local,FAQ,27/03/2026,959.0,1209.0,1076.0
Maharashtra,Satara,Satara,Potato,Local,FAQ,28/03/2026,1002.0,1162.0,1065.0
Maharashtra,Satara,Satara,Potato,Local,FAQ,29/03/2026,978.0,1141.0,1088.0
Maharashtra,Satara,Satara,Potato,Local,FAQ,30/03/2026,967.0,1229.0,1115.0
Maharashtra,Satara,Satara,Potato,Local,FAQ,31/03/2026,1044.0,1251.0,1110.0
Maharashtra,Satara,Satara,Potato,Local,FAQ,01/04/2026,931.0,1199.0,1073.0
Maharashtra,Satara,Satara,Potato,Local,FAQ,02/04/2026,952.0,1196.0,1075.0
Maharashtra,Satara,Satara,Potato,Local,FAQ,03/04/2026,938.0,1129.0,1057.0
Maharashtra,Satara,Satara,Potato,Local,FAQ,04/04/2026,945.0,1167.0,1039.0
Maharashtra,Satara,Satara,Potato,Local,FAQ,05/04/2026,902.0,1165.0,
Maharashtra,Satara,Satara,Potato,Local,FAQ,06/04/2026,960.0,1148.0,1075.0
Maharashtra,Satara,Satara,Potato,Local,FAQ,07/04/2026,986.0,1125.0,1048.0
Maharashtra,Satara,Satara,Potato,Local,FAQ,08/04/2026,942.0,1109.0,1013.0
Maharashtra,Satara,Satara,Potato,Local,FAQ,09/04/2026,982.0,1184.0,1042.0
Maharashtra,Satara,Satara,Potato,Local,FAQ,10/04/2026,969.0,1162.0,1076.0
Maharashtra,Satara,Satara,Potato,Local,FAQ,11/04/2026,933.0,1106.0,1052.0
Maharashtra,Satara,Satara,Potato,Local,FAQ,12/04/2026,943.0,1172.0,1077.0
Maharashtra,Satara,Satara,Potato,Local,FAQ,13/04/2026,922.0,1167.0,1040.0
Maharashtra,Satara,Satara,Potato,Local,FAQ,14/04/2026,962.0,1171.0,1059.0
Maharashtra,Satara,Satara,Potato,Local,FAQ,15/04/2026,987.0,1221.0,1087.0
Maharashtra,Satara,Satara,Potato,Local,FAQ,16/04/2026,954.0,1175.0,1084.0
Maharashtra,Satara,Satara,Potato,Local,FAQ,17/04/2026,936.0,1142.0,1069.0
Maharashtra,Satara,Satara,Potato,Local,FAQ,18/04/2026,925.0,1158.0,1027.0
Maharashtra,Satara,Satara,Potato,Local,FAQ,19/04/2026,991.0,1127.0,1066.0
Maharashtra,Satara,Satara,Potato,Local,FAQ,20/04/2026,897.0,1086.0,1026.0
Maharashtra,Satara,Satara,Potato,Local,FAQ,21/04/2026,961.0,1193.0,1046.0
Maharashtra,Satara,Satara,Potato,Local,FAQ,22/04/2026,885.0,1110.0,1033.0
Maharashtra,Satara,Satara,Potato,Local,FAQ,23/04/2026,884.0,1058.0,1005.0
Maharashtra,Satara,Satara,Potato,Local,FAQ,24/04/2026,865.0,1066.0,1002.0
Maharashtra,Satara,Satara,Potato,Local,FAQ,25/04/2026,852.0,1117.0,998.0
Maharashtra,Satara,SATARA,potato,Local,FAQ,26/04/2026,863.0,1083.0,993.0
Maharashtra,Satara,Satara,Potato,Local,FAQ,27/04/2026,860.0,1063.0,958.0
Maharashtra,Satara,Satara,Potato,Local,FAQ,28/04/2026,823.0,1012.0,936.0
Maharashtra,Satara,Satara,Potato,Local,FAQ,29/04/2026,779.0,981.0,874.0
Maharashtra,Satara,Satara,Potato,Local,FAQ,30/04/2026,773.0,958.0,867.0
Maharashtra,Satara,Satara,Potato,Local,FAQ,01/05/2026,761.0,969.0,894.0
Maharashtra,Satara,Satara,Potato,Local,FAQ,02/05/2026,816.0,1036.0,927.0
Maharashtra,Satara,Satara,Potato,Local,FAQ,03/05/2026,839.0,984.0,920.0
Maharashtra,Satara,Satara,Potato,Local,FAQ,04/05/2026,780.0,912.0,851.0
Maharashtra,Satara,Satara,Potato,Local,FAQ,05/05/2026,739.0,1007.0,884.0
Maharashtra,Satara,Satara,Potato,Local,FAQ,06/05/2026,868.0,1061.0,923.0
Maharashtra,Satara,Satara,Potato,Local,FAQ,07/05/2026,808.0,1065.0,917.0
Maharashtra,Satara,Satara,Potato,Local,FAQ,08/05/2026,847.0,1091.0,950.0
Maharashtra,Satara,Satara,Potato,Local,FAQ,09/05/2026,880.0,1161.0,1012.0
Maharashtra,Satara,Satara,Potato,Local,FAQ,10/05/2026,880.0,1024.0,969.0
Maharashtra,Satara,Satara,Potato,Local,FAQ,11/05/2026,912.0,1081.0,982.0
Maharashtra,Satara,Satara,Potato,Local,FAQ,12/05/2026,896.0,1147.0,1020.0
Maharashtra,Satara,Satara,Potato,Local,FAQ,13/05/2026,815.0,1078.0,962.0
Maharashtra,Satara,Satara,Potato,Local,FAQ,14/05/2026,871.0,1040.0,962.0
Maharashtra,Satara,Satara,Potato,Local,FAQ,15/05/2026,868.0,1038.0,935.0
Maharashtra,Satara,Satara,Potato,Local,FAQ,16/05/2026,880.0,1072.0,959.0
Maharashtra,Satara,Satara,Potato,Local,FAQ,17/05/2026,891.0,1019.0,969.0
Maharashtra,Satara,Satara,Potato,Local,FAQ,18/05/2026,882.0,1088.0,945.0
Maharashtra,Satara,Satara,Potato,Local,FAQ,19/05/2026,806.0,1045.0,934.0
Maharashtra,Satara,Satara,Potato,Local,FAQ,20/05/2026,802.0,1036.0,949.0
Maharashtra,Satara,Satara,Potato,Local,FAQ,21/05/2026,846.0,1082.0,936.0
Maharashtra,Satara,Satara,Potato,Local,FAQ,22/05/2026,837.0,1020.0,941.0
Maharashtra,Satara,Satara,Potato,Local,FAQ,23/05/2026,838.0,1039.0,952.0
Maharashtra,Satara,Satara,Potato,Local,FAQ,24/05/2026,787.0,984.0,
Maharashtra,Satara,Satara,Potato,Local,FAQ,25/05/2026,864.0,1021.0,946.0
Maharashtra,Satara,Satara,Potato,Local,FAQ,26/05/2026,836.0,1071.0,939.0
Maharashtra,Satara,SATARA,potato,Local,FAQ,27/05/2026,802.0,1011.0,923.0
Maharashtra,Satara,Satara,Potato,Local,FAQ,28/05/2026,848.0,1066.0,938.0
Maharashtra,Satara,Satara,Potato,Local,FAQ,29/05/2026,831.0,1005.0,919.0
Maharashtra,Satara,Satara,Potato,Local,FAQ,30/05/2026,786.0,960.0,841.0
Maharashtra,Satara,Satara,Potato,Local,FAQ,31/05/2026,668.0,930.0,800.0
Maharashtra,Satara,Satara,Potato,Local,FAQ,01/06/2026,693.0,872.0,792.0
Maharashtra,Satara,Satara,Potato,Local,FAQ,02/06/2026,677.0,874.0,751.0
Maharashtra,Satara,Satara,Potato,Local,FAQ,03/06/2026,724.0,837.0,778.0
Maharashtra,Satara,Satara,Potato,Local,FAQ,04/06/2026,681.0,899.0,755.0
Maharashtra,Satara,Satara,Potato,Local,FAQ,05/06/2026,639.0,827.0,741.0
Maharashtra,Satara,Satara,Potato,Local,FAQ,06/06/2026,649.0,804.0,733.0
Maharashtra,Satara,Satara,Potato,Local,FAQ,07/06/2026,674.0,844.0,762.0
Maharashtra,Satara,Satara,Potato,Local,FAQ,08/06/2026,618.0,783.0,726.0
Maharashtra,Satara,Satara,Potato,Local,FAQ,09/06/2026,687.0,847.0,
Maharashtra,Satara,Satara,Potato,Local,FAQ,10/06/2026,635.0,827.0,751.0
Maharashtra,Satara,Satara,Potato,Local,FAQ,11/06/2026,706.0,825.0,769.0
Maharashtra,Satara,Satara,Potato,Local,FAQ,12/06/2026,677.0,870.0,744.0
Maharashtra,Satara,Satara,Potato,Local,FAQ,13/06/2026,677.0,835.0,729.0
Maharashtra,Satara,SATARA,potato,Local,FAQ,14/06/2026,627.0,814.0,733.0
Maharashtra,Satara,Satara,Potato,Local,FAQ,15/06/2026,581.0,784.0,661.0
Maharashtra,Satara,Satara,Potato,Local,FAQ,16/06/2026,594.0,794.0,654.0
Maharashtra,Satara,Satara,Potato,Local,FAQ,17/06/2026,578.0,768.0,663.0
Maharashtra,Satara,Satara,Potato,Local,FAQ,18/06/2026,527.0,739.0,636.0
Maharashtra,Satara,Satara,Potato,Local,FAQ,19/06/2026,556.0,721.0,626.0
Maharashtra,Satara,Satara,Potato,Local,FAQ,20/06/2026,579.0,744.0,639.0
Maharashtra,Satara,Satara,Potato,Local,FAQ,21/06/2026,558.0,807.0,678.0
Maharashtra,Satara,Satara,Potato,Local,FAQ,22/06/2026,526.0,765.0,647.0
Maharashtra,Satara,Satara,Potato,Local,FAQ,23/06/2026,607.0,750.0,659.0
Maharashtra,Satara,Satara,Potato,Local,FAQ,24/06/2026,624.0,805.0,696.0
Maharashtra,Satara,Satara,Potato,Local,FAQ,25/06/2026,518.0,789.0,659.0
Maharashtra,Satara,Satara,Potato,Local,FAQ,26/06/2026,616.0,839.0,691.0
Maharashtra,Satara,Satara,Potato,Local,FAQ,27/06/2026,573.0,813.0,684.0
Maharashtra,Satara,Satara,Potato,Local,FAQ,28/06/2026,536.0,767.0,647.0
Maharashtra,Satara,Satara,Potato,Local,FAQ,29/06/2026,606.0,751.0,690.0
Maharashtra,Satara,Satara,Potato,Local,FAQ,30/06/2026,592.0,818.0,694.0
Maharashtra,Satara,Satara,Potato,Local,FAQ,01/07/2026,572.0,765.0,673.0
Maharashtra,Satara,Satara,Potato,Local,FAQ,02/07/2026,578.0,810.0,662.0
Maharashtra,Satara,Satara,Potato,Local,FAQ,03/07/2026,523.0,743.0,660.0
Maharashtra,Satara,Satara,Potato,Local,FAQ,04/07/2026,600.0,746.0,694.0
Maharashtra,Satara,Satara,Potato,Local,FAQ,05/07/2026,645.0,803.0,702.0
Maharashtra,Satara,Satara,Potato,Local,FAQ,06/07/2026,608.0,834.0,720.0
Maharashtra,Satara,Satara,Potato,Local,FAQ,07/07/2026,680.0,866.0,733.0
Maharashtra,Satara,SATARA,potato,Local,FAQ,08/07/2026,592.0,784.0,713.0
Maharashtra,Satara,Satara,Potato,Local,FAQ,09/07/2026,683.0,807.0,737.0
Maharashtra,Satara,Satara,Potato,Local,FAQ,10/07/2026,630.0,823.0,722.0
Maharashtra,Satara,Satara,Potato,Local,FAQ,11/07/2026,593.0,768.0,691.0
Maharashtra,Pune,Pune,Wheat,Lokwan,FAQ,07/06/2025,2312.0,2482.0,2402.0
Maharashtra,Pune,Pune,Wheat,Lokwan,FAQ,08/06/2025,2257.0,2519.0,2394.0
Maharashtra,Pune,Pune,Wheat,Lokwan,FAQ,09/06/2025,2331.0,2514.0,
Maharashtra,Pune,Pune,Wheat,Lokwan,FAQ,10/06/2025,2346.0,2511.0,2417.0
Maharashtra,Pune,Pune,Wheat,Lokwan,FAQ,11/06/2025,2291.0,2527.0,2415.0
Maharashtra,Pune,Pune,Wheat,Lokwan,FAQ,12/06/2025,2307.0,2530.0,2437.0
Maharashtra,Pune,Pune,Wheat,Lokwan,FAQ,13/06/2025,2289.0,2532.0,2433.0
Maharashtra,Pune,Pune,Wheat,Lokwan,FAQ,14/06/2025,2367.0,2592.0,2463.0
Maharashtra,Pune,Pune,Wheat,Lokwan,FAQ,15/06/2025,2399.0,2564.0,2467.0
Maharashtra,Pune,Pune,Wheat,Lokwan,FAQ,16/06/2025,2346.0,2618.0,2493.0
Maharashtra,Pune,Pune,Wheat,Lokwan,FAQ,17/06/2025,2403.0,2591.0,2536.0
Maharashtra,Pune,Pune,Wheat,Lokwan,FAQ,18/06/2025,2391.0,2631.0,2526.0
Maharashtra,Pune,Pune,Wheat,Lokwan,FAQ,19/06/2025,2436.0,2617.0,2514.0
Maharashtra,Pune,Pune,Wheat,Lokwan,FAQ,20/06/2025,2439.0,2560.0,2494.0
Maharashtra,Pune,Pune,Wheat,Lokwan,FAQ,21/06/2025,2415.0,2583.0,2488.0
Maharashtra,Pune,Pune,Wheat,Lokwan,FAQ,22/06/2025,2391.0,2619.0,2493.0
Maharashtra,Pune,Pune,Wheat,Lokwan,FAQ,23/06/2025,2410.0,2583.0,2522.0
Maharashtra,Pune,Pune,Wheat,Lokwan,FAQ,24/06/2025,2451.0,2611.0,2517.0
Maharashtra,Pune,Pune,Wheat,Lokwan,FAQ,25/06/2025,2438.0,2635.0,2546.0
Maharashtra,Pune,Pune,Wheat,Lokwan,FAQ,26/06/2025,2467.0,2607.0,2534.0
Maharashtra,Pune,Pune,Wheat,Lokwan,FAQ,27/06/2025,2397.0,2565.0,2498.0
Maharashtra,Pune,Pune,Wheat,Lokwan,FAQ,28/06/2025,2417.0,2668.0,2533.0
Maharashtra,Pune,Pune,Wheat,Lokwan,FAQ,29/06/2025,2384.0,2615.0,2532.0
Maharashtra,Pune,Pune,Wheat,Lokwan,FAQ,30/06/2025,2388.0,2557.0,2498.0
Maharashtra,Pune,Pune,Wheat,Lokwan,FAQ,01/07/2025,2336.0,2604.0,2482.0
Maharashtra,Pune,Pune,Wheat,Lokwan,FAQ,02/07/2025,2357.0,2606.0,2486.0
Maharashtra,Pune,Pune,Wheat,Lokwan,FAQ,03/07/2025,2326.0,2608.0,2462.0
Maharashtra,Pune,Pune,Wheat,Lokwan,FAQ,04/07/2025,2406.0,2649.0,2506.0
Maharashtra,Pune,PUNE,wheat,Lokwan,FAQ,05/07/2025,2432.0,2598.0,2527.0
Maharashtra,Pune,Pune,Wheat,Lokwan,FAQ,06/07/2025,2525.0,2649.0,2575.0
Maharashtra,Pune,Pune,Wheat,Lokwan,FAQ,07/07/2025,2432.0,2675.0,2527.0
Maharashtra,Pune,Pune,Wheat,Lokwan,FAQ,08/07/2025,2446.0,2626.0,2531.0
Maharashtra,Pune,Pune,Wheat,Lokwan,FAQ,09/07/2025,2412.0,2603.0,2538.0
Maharashtra,Pune,Pune,Wheat,Lokwan,FAQ,10/07/2025,2460.0,2642.0,2567.0
Maharashtra,Pune,Pune,Wheat,Lokwan,FAQ,11/07/2025,2498.0,2709.0,2560.0
Maharashtra,Pune,Pune,Wheat,Lokwan,FAQ,12/07/2025,2463.0,2607.0,2544.0
Maharashtra,Pune,Pune,Wheat,Lokwan,FAQ,13/07/2025,2496.0,2688.0,2552.0
Maharashtra,Pune,Pune,Wheat,Lokwan,FAQ,14/07/2025,2380.0,2601.0,2526.0
Maharashtra,Pune,Pune,Wheat,Lokwan,FAQ,15/07/2025,2404.0,2609.0,2518.0
Maharashtra,Pune,Pune,Wheat,Lokwan,FAQ,16/07/2025,2440.0,2588.0,2517.0
Maharashtra,Pune,Pune,Wheat,Lokwan,FAQ,17/07/2025,2429.0,2616.0,2497.0
Maharashtra,Pune,Pune,Wheat,Lokwan,FAQ,18/07/2025,2426.0,2669.0,2533.0
Maharashtra,Pune,Pune,Wheat,Lokwan,FAQ,19/07/2025,2422.0,2601.0,2539.0
Maharashtra,Pune,Pune,Wheat,Lokwan,FAQ,20/07/2025,2413.0,2626.0,2532.0
Maharashtra,Pune,Pune,Wheat,Lokwan,FAQ,21/07/2025,2360.0,2589.0,2506.0
Maharashtra,Pune,Pune,Wheat,Lokwan,FAQ,22/07/2025,2391.0,2677.0,2537.0
Maharashtra,Pune,Pune,Wheat,Lokwan,FAQ,23/07/2025,2404.0,2629.0,2554.0
Maharashtra,Pune,Pune,Wheat,Lokwan,FAQ,24/07/2025,2447.0,2643.0,2541.0
Maharashtra,Pune,Pune,Wheat,Lokwan,FAQ,25/07/2025,2433.0,2594.0,2527.0
Maharashtra,Pune,Pune,Wheat,Lokwan,FAQ,26/07/2025,2371.0,2628.0,2508.0
Maharashtra,Pune,Pune,Wheat,Lokwan,FAQ,27/07/2025,2398.0,2659.0,2513.0
Maharashtra,Pune,Pune,Wheat,Lokwan,FAQ,28/07/2025,2450.0,2575.0,2500.0
Maharashtra,Pune,Pune,Wheat,Lokwan,FAQ,29/07/2025,2459.0,2619.0,2518.0
Maharashtra,Pune,Pune,Wheat,Lokwan,FAQ,30/07/2025,2461.0,2602.0,2534.0
Maharashtra,Pune,Pune,Wheat,Lokwan,FAQ,31/07/2025,2431.0,2672.0,2528.0
Maharashtra,Pune,Pune,Wheat,Lokwan,FAQ,01/08/2025,2464.0,2681.0,2533.0
Maharashtra,Pune,Pune,Wheat,Lokwan,FAQ,02/08/2025,2466.0,2615.0,2533.0
Maharashtra,Pune,Pune,Wheat,Lokwan,FAQ,03/08/2025,2444.0,2617.0,2536.0
Maharashtra,Pune,Pune,Wheat,Lokwan,FAQ,04/08/2025,2496.0,2656.0,2546.0
Maharashtra,Pune,Pune,Wheat,Lokwan,FAQ,05/08/2025,2390.0,2611.0,2532.0
Maharashtra,Pune,Pune,Wheat,Lokwan,FAQ,06/08/2025,2421.0,2661.0,2542.0
Maharashtra,Pune,Pune,Wheat,Lokwan,FAQ,07/08/2025,2438.0,2595.0,2520.0
Maharashtra,Pune,Pune,Wheat,Lokwan,FAQ,08/08/2025,2449.0,2636.0,2544.0
Maharashtra,Pune,Pune,Wheat,Lokwan,FAQ,09/08/2025,2475.0,2634.0,2541.0
Maharashtra,Pune,Pune,Wheat,Lokwan,FAQ,10/08/2025,2439.0,2661.0,2533.0
Maharashtra,Pune,Pune,Wheat,Lokwan,FAQ,11/08/2025,2416.0,2648.0,2534.0
Maharashtra,Pune,Pune,Wheat,Lokwan,FAQ,12/08/2025,2458.0,2644.0,2562.0
Maharashtra,Pune,Pune,Wheat,Lokwan,FAQ,13/08/2025,2504.0,2707.0,2568.0
Maharashtra,Pune,Pune,Wheat,Lokwan,FAQ,14/08/2025,2480.0,2706.0,2589.0
Maharashtra,Pune,Pune,Wheat,Lokwan,FAQ,15/08/2025,2457.0,2703.0,2587.0
Maharashtra,Pune,Pune,Wheat,Lokwan,FAQ,16/08/2025,2464.0,2681.0,
Maharashtra,Pune,Pune,Wheat,Lokwan,FAQ,17/08/2025,2455.0,2604.0,2544.0
Maharashtra,Pune,PUNE,wheat,Lokwan,FAQ,18/08/2025,2432.0,2641.0,2523.0
Maharashtra,Pune,Pune,Wheat,Lokwan,FAQ,19/08/2025,2502.0,2668.0,2559.0
Maharashtra,Pune,Pune,Wheat,Lokwan,FAQ,20/08/2025,2504.0,2711.0,2571.0
Maharashtra,Pune,Pune,Wheat,Lokwan,FAQ,21/08/2025,2466.0,2720.0,2582.0
Maharashtra,Pune,Pune,Wheat,Lokwan,FAQ,22/08/2025,2498.0,2780.0,2640.0
Maharashtra,Pune,Pune,Wheat,Lokwan,FAQ,23/08/2025,2525.0,2697.0,2620.0
Maharashtra,Pune,Pune,Wheat,Lokwan,FAQ,24/08/2025,2509.0,2665.0,2588.0
Maharashtra,Pune,Pune,Wheat,Lokwan,FAQ,25/08/2025,2422.0,2615.0,2558.0
Maharashtra,Pune,Pune,Wheat,Lokwan,FAQ,26/08/2025,2455.0,2595.0,2539.0
Maharashtra,Pune,Pune,Wheat,Lokwan,FAQ,27/08/2025,2473.0,2677.0,2550.0
Maharashtra,Pune,Pune,Wheat,Lokwan,FAQ,28/08/2025,2448.0,2641.0,2544.0
Maharashtra,Pune,Pune,Wheat,Lokwan,FAQ,29/08/2025,2415.0,2678.0,2552.0
Maharashtra,Pune,Pune,Wheat,Lokwan,FAQ,30/08/2025,2458.0,2644.0,2593.0
Maharashtra,Pune,PUNE,wheat,Lokwan,FAQ,31/08/2025,2506.0,2737.0,2596.0
Maharashtra,Pune,Pune,Wheat,Lokwan,FAQ,01/09/2025,2499.0,2687.0,2602.0
Maharashtra,Pune,Pune,Wheat,Lokwan,FAQ,02/09/2025,2533.0,2751.0,2635.0
Maharashtra,Pune,Pune,Wheat,Lokwan,FAQ,03/09/2025,2532.0,2733.0,2668.0
Maharashtra,Pune,Pune,Wheat,Lokwan,FAQ,04/09/2025,2561.0,2747.0,2656.0
Maharashtra,Pune,Pune,Wheat,Lokwan,FAQ,05/09/2025,2520.0,2772.0,2634.0
Maharashtra,Pune,Pune,Wheat,Lokwan,FAQ,06/09/2025,2558.0,2791.0,2650.0
Maharashtra,Pune,Pune,Wheat,Lokwan,FAQ,07/09/2025,2622.0,2784.0,2674.0
Maharashtra,Pune,Pune,Wheat,Lokwan,FAQ,08/09/2025,2597.0,2811.0,2675.0
Maharashtra,Pune,Pune,Wheat,Lokwan,FAQ,09/09/2025,2577.0,2766.0,2694.0
Maharashtra,Pune,Pune,Wheat,Lokwan,FAQ,10/09/2025,2619.0,2763.0,2672.0
Maharashtra,Pune,Pune,Wheat,Lokwan,FAQ,11/09/2025,2559.0,2785.0,2689.0
Maharashtra,Pune,Pune,Wheat,Lokwan,FAQ,12/09/2025,2566.0,2787.0,2677.0
Maharashtra,Pune,Pune,Wheat,Lokwan,FAQ,13/09/2025,2594.0,2749.0,2672.0
Maharashtra,Pune,Pune,Wheat,Lokwan,FAQ,14/09/2025,2592.0,2791.0,2696.0
Maharashtra,Pune,Pune,Wheat,Lokwan,FAQ,15/09/2025,2557.0,2750.0,2679.0
Maharashtra,Pune,Pune,Wheat,Lokwan,FAQ,16/09/2025,2606.0,2767.0,2676.0
Maharashtra,Pune,Pune,Wheat,Lokwan,FAQ,17/09/2025,2598.0,2780.0,2685.0
Maharashtra,Pune,Pune,Wheat,Lokwan,FAQ,18/09/2025,2552.0,2726.0,2656.0
Maharashtra,Pune,Pune,Wheat,Lokwan,FAQ,19/09/2025,2563.0,2717.0,2617.0
Maharashtra,Pune,Pune,Wheat,Lokwan,FAQ,20/09/2025,2483.0,2694.0,2588.0
Maharashtra,Pune,Pune,Wheat,Lokwan,FAQ,21/09/2025,2495.0,2701.0,2570.0
Maharashtra,Pune,Pune,Wheat,Lokwan,FAQ,22/09/2025,2436.0,2645.0,2581.0
Maharashtra,Pune,Pune,Wheat,Lokwan,FAQ,23/09/2025,2495.0,2634.0,2551.0
Maharashtra,Pune,Pune,Wheat,Lokwan,FAQ,24/09/2025,2487.0,2672.0,2551.0
Maharashtra,Pune,Pune,Wheat,Lokwan,FAQ,25/09/2025,2477.0,2659.0,2528.0
Maharashtra,Pune,Pune,Wheat,Lokwan,FAQ,26/09/2025,2462.0,2641.0,2530.0
Maharashtra,Pune,Pune,Wheat,Lokwan,FAQ,27/09/2025,2467.0,2608.0,2549.0
Maharashtra,Pune,Pune,Wheat,Lokwan,FAQ,28/09/2025,2441.0,2582.0,2513.0
Maharashtra,Pune,Pune,Wheat,Lokwan,FAQ,29/09/2025,2475.0,2602.0,2551.0
Maharashtra,Pune,Pune,Wheat,Lokwan,FAQ,30/09/2025,2432.0,2645.0,2534.0
Maharashtra,Pune,Pune,Wheat,Lokwan,FAQ,01/10/2025,2439.0,2643.0,2536.0
Maharashtra,Pune,Pune,Wheat,Lokwan,FAQ,02/10/2025,2402.0,2678.0,2545.0
Maharashtra,Pune,Pune,Wheat,Lokwan,FAQ,03/10/2025,2447.0,2623.0,2523.0
Maharashtra,Pune,Pune,Wheat,Lokwan,FAQ,04/10/2025,2384.0,2608.0,2508.0
Maharashtra,Satara,Satara,Wheat,Lokwan,FAQ,07/06/2025,2222.0,2432.0,2353.0
Maharashtra,Satara,Satara,Wheat,Lokwan,FAQ,08/06/2025,2231.0,2440.0,2347.0
Maharashtra,Satara,Satara,Wheat,Lokwan,FAQ,09/06/2025,2248.0,2486.0,2386.0
Maharashtra,Satara,Satara,Wheat,Lokwan,FAQ,10/06/2025,2310.0,2516.0,2391.0
Maharashtra,Satara,Satara,Wheat,Lokwan,FAQ,11/06/2025,2243.0,2502.0,2380.0
Maharashtra,Satara,Satara,Wheat,Lokwan,FAQ,12/06/2025,2264.0,2425.0,2354.0
Maharashtra,Satara,Satara,Wheat,Lokwan,FAQ,13/06/2025,2259.0,2451.0,2327.0
Maharashtra,Satara,Satara,Wheat,Lokwan,FAQ,14/06/2025,2234.0,2404.0,2309.0
Maharashtra,Satara,Satara,Wheat,Lokwan,FAQ,15/06/2025,2224.0,2371.0,2313.0
Maharashtra,Satara,Satara,Wheat,Lokwan,FAQ,16/06/2025,2253.0,2421.0,2312.0
Maharashtra,Satara,Satara,Wheat,Lokwan,FAQ,17/06/2025,2189.0,2337.0,2282.0
Maharashtra,Satara,Satara,Wheat,Lokwan,FAQ,18/06/2025,2217.0,2419.0,2319.0
Maharashtra,Satara,Satara,Wheat,Lokwan,FAQ,19/06/2025,2219.0,2361.0,2294.0
Maharashtra,Satara,Satara,Wheat,Lokwan,FAQ,20/06/2025,2157.0,2438.0,2303.0
Maharashtra,Satara,Satara,Wheat,Lokwan,FAQ,21/06/2025,2217.0,2387.0,2288.0
Maharashtra,Satara,Satara,Wheat,Lokwan,FAQ,22/06/2025,2214.0,2383.0,2266.0
Maharashtra,Satara,Satara,Wheat,Lokwan,FAQ,23/06/2025,2219.0,2415.0,2285.0
Maharashtra,Satara,Satara,Wheat,Lokwan,FAQ,24/06/2025,2157.0,2349.0,2286.0
Maharashtra,Satara,Satara,Wheat,Lokwan,FAQ,25/06/2025,2187.0,2338.0,2262.0
Maharashtra,Satara,Satara,Wheat,Lokwan,FAQ,26/06/2025,2149.0,2346.0,2255.0
Maharashtra,Satara,Satara,Wheat,Lokwan,FAQ,27/06/2025,2178.0,2378.0,2242.0
Maharashtra,Satara,Satara,Wheat,Lokwan,FAQ,28/06/2025,2184.0,2381.0,2265.0
Maharashtra,Satara,Satara,Wheat,Lokwan,FAQ,29/06/2025,2143.0,2366.0,8972.0
Maharashtra,Satara,Satara,Wheat,Lokwan,FAQ,30/06/2025,2235.0,2411.0,2294.0
Maharashtra,Satara,Satara,Wheat,Lokwan,FAQ,01/07/2025,2209.0,2393.0,2303.0
Maharashtra,Satara,Satara,Wheat,Lokwan,FAQ,02/07/2025,2225.0,2390.0,2289.0
Maharashtra,Satara,Satara,Wheat,Lokwan,FAQ,03/07/2025,2161.0,2363.0,2287.0
Maharashtra,Satara,Satara,Wheat,Lokwan,FAQ,04/07/2025,2168.0,2415.0,2266.0
Maharashtra,Satara,Satara,Wheat,Lokwan,FAQ,05/07/2025,2192.0,2410.0,2283.0
Maharashtra,Satara,Satara,Wheat,Lokwan,FAQ,06/07/2025,2239.0,2355.0,
Maharashtra,Satara,Satara,Wheat,Lokwan,FAQ,07/07/2025,2149.0,2369.0,2284.0
Maharashtra,Satara,Satara,Wheat,Lokwan,FAQ,08/07/2025,2143.0,2379.0,2258.0
Maharashtra,Satara,Satara,Wheat,Lokwan,FAQ,09/07/2025,2114.0,2306.0,2222.0
Maharashtra,Satara,Satara,Wheat,Lokwan,FAQ,10/07/2025,2186.0,2393.0,2244.0
Maharashtra,Satara,Satara,Wheat,Lokwan,FAQ,11/07/2025,2122.0,2320.0,2237.0
Maharashtra,Satara,Satara,Wheat,Lokwan,FAQ,12/07/2025,2162.0,2327.0,2251.0
Maharashtra,Satara,Satara,Wheat,Lokwan,FAQ,13/07/2025,2109.0,2332.0,2231.0
Maharashtra,Satara,Satara,Wheat,Lokwan,FAQ,14/07/2025,2052.0,2250.0,2196.0
Maharashtra,Satara,Satara,Wheat,Lokwan,FAQ,15/07/2025,2107.0,2304.0,2249.0
Maharashtra,Satara,Satara,Wheat,Lokwan,FAQ,16/07/2025,2144.0,2386.0,2251.0
Maharashtra,Satara,Satara,Wheat,Lokwan,FAQ,17/07/2025,2209.0,2384.0,2261.0
Maharashtra,Satara,SATARA,wheat,Lokwan,FAQ,18/07/2025,2111.0,2370.0,2254.0
Maharashtra,Satara,Satara,Wheat,Lokwan,FAQ,19/07/2025,2101.0,2340.0,2243.0
Maharashtra,Satara,Satara,Wheat,Lokwan,FAQ,20/07/2025,2188.0,2360.0,2241.0
Maharashtra,Satara,Satara,Wheat,Lokwan,FAQ,21/07/2025,2149.0,2276.0,2220.0
Maharashtra,Satara,Satara,Wheat,Lokwan,FAQ,22/07/2025,2112.0,2331.0,2219.0
Maharashtra,Satara,Satara,Wheat,Lokwan,FAQ,23/07/2025,2110.0,2358.0,2246.0
Maharashtra,Satara,Satara,Wheat,Lokwan,FAQ,24/07/2025,2195.0,2366.0,2246.0
Maharashtra,Satara,Satara,Wheat,Lokwan,FAQ,25/07/2025,2162.0,2362.0,2277.0
Maharashtra,Satara,Satara,Wheat,Lokwan,FAQ,26/07/2025,2096.0,2301.0,2238.0
Maharashtra,Satara,Satara,Wheat,Lokwan,FAQ,27/07/2025,2146.0,2304.0,2233.0
Maharashtra,Satara,Satara,Wheat,Lokwan,FAQ,28/07/2025,2110.0,2313.0,2219.0
Maharashtra,Satara,Satara,Wheat,Lokwan,FAQ,29/07/2025,2088.0,2338.0,2219.0
Maharashtra,Satara,Satara,Wheat,Lokwan,FAQ,30/07/2025,2096.0,2338.0,2218.0
Maharashtra,Satara,Satara,Wheat,Lokwan,FAQ,31/07/2025,2128.0,2338.0,2205.0
Maharashtra,Satara,Satara,Wheat,Lokwan,FAQ,01/08/2025,2051.0,2298.0,2199.0
Maharashtra,Satara,Satara,Wheat,Lokwan,FAQ,02/08/2025,2157.0,2359.0,2215.0
Maharashtra,Satara,Satara,Wheat,Lokwan,FAQ,03/08/2025,2092.0,2320.0,2179.0
Maharashtra,Satara,Satara,Wheat,Lokwan,FAQ,04/08/2025,2082.0,2306.0,2193.0
Maharashtra,Satara,Satara,Wheat,Lokwan,FAQ,05/08/2025,2095.0,2322.0,2209.0
Maharashtra,Satara,Satara,Wheat,Lokwan,FAQ,06/08/2025,2092.0,2343.0,2215.0
Maharashtra,Satara,Satara,Wheat,Lokwan,FAQ,07/08/2025,2078.0,2287.0,2215.0
Maharashtra,Satara,Satara,Wheat,Lokwan,FAQ,08/08/2025,2114.0,2348.0,2215.0
Maharashtra,Satara,Satara,Wheat,Lokwan,FAQ,09/08/2025,2104.0,2305.0,2198.0
Maharashtra,Satara,Satara,Wheat,Lokwan,FAQ,10/08/2025,2075.0,2320.0,
Maharashtra,Satara,Satara,Wheat,Lokwan,FAQ,11/08/2025,2121.0,2296.0,2187.0
Maharashtra,Satara,Satara,Wheat,Lokwan,FAQ,12/08/2025,2102.0,2312.0,2164.0
Maharashtra,Satara,Satara,Wheat,Lokwan,FAQ,13/08/2025,2082.0,2244.0,2171.0
Maharashtra,Satara,Satara,Wheat,Lokwan,FAQ,14/08/2025,2070.0,2295.0,2181.0
Maharashtra,Satara,Satara,Wheat,Lokwan,FAQ,15/08/2025,2102.0,2300.0,2161.0
Maharashtra,Satara,Satara,Wheat,Lokwan,FAQ,16/08/2025,2033.0,2218.0,2129.0
Maharashtra,Satara,Satara,Wheat,Lokwan,FAQ,17/08/2025,1975.0,2254.0,2111.0
Maharashtra,Satara,Satara,Wheat,Lokwan,FAQ,18/08/2025,1998.0,2269.0,2126.0
Maharashtra,Satara,Satara,Wheat,Lokwan,FAQ,19/08/2025,2043.0,2226.0,2118.0
Maharashtra,Satara,Satara,Wheat,Lokwan,FAQ,20/08/2025,2083.0,2240.0,2134.0
Maharashtra,Satara,Satara,Wheat,Lokwan,FAQ,21/08/2025,2039.0,2205.0,2123.0
Maharashtra,Satara,Satara,Wheat,Lokwan,FAQ,22/08/2025,2031.0,2277.0,2142.0
Maharashtra,Satara,Satara,Wheat,Lokwan,FAQ,23/08/2025,2074.0,2252.0,2150.0
Maharashtra,Satara,Satara,Wheat,Lokwan,FAQ,24/08/2025,2039.0,2261.0,2145.0
Maharashtra,Satara,Satara,Wheat,Lokwan,FAQ,25/08/2025,2035.0,2268.0,2144.0
Maharashtra,Satara,Satara,Wheat,Lokwan,FAQ,26/08/2025,2068.0,2240.0,2130.0
Maharashtra,Satara,Satara,Wheat,Lokwan,FAQ,27/08/2025,2055.0,2190.0,2132.0
Maharashtra,Satara,Satara,Wheat,Lokwan,FAQ,28/08/2025,2081.0,2286.0,2164.0
Maharashtra,Satara,Satara,Wheat,Lokwan,FAQ,29/08/2025,2009.0,2206.0,2123.0
Maharashtra,Satara,Satara,Wheat,Lokwan,FAQ,30/08/2025,2023.0,2242.0,2137.0
Maharashtra,Satara,Satara,Wheat,Lokwan,FAQ,31/08/2025,2111.0,2282.0,2162.0
Maharashtra,Satara,Satara,Wheat,Lokwan,FAQ,01/09/2025,2042.0,2283.0,2174.0
Maharashtra,Satara,Satara,Wheat,Lokwan,FAQ,02/09/2025,2096.0,2241.0,2171.0
Maharashtra,Satara,Satara,Wheat,Lokwan,FAQ,03/09/2025,2084.0,2265.0,2164.0
Maharashtra,Satara,SATARA,wheat,Lokwan,FAQ,04/09/2025,2055.0,2270.0,2122.0
Maharashtra,Satara,Satara,Wheat,Lokwan,FAQ,05/09/2025,2001.0,2217.0,2123.0
Maharashtra,Satara,Satara,Wheat,Lokwan,FAQ,06/09/2025,2028.0,2225.0,2141.0
Maharashtra,Satara,Satara,Wheat,Lokwan,FAQ,07/09/2025,2054.0,2262.0,2154.0
Maharashtra,Satara,Satara,Wheat,Lokwan,FAQ,08/09/2025,2041.0,2207.0,2120.0
Maharashtra,Satara,Satara,Wheat,Lokwan,FAQ,09/09/2025,2055.0,2246.0,2115.0
Maharashtra,Satara,SATARA,wheat,Lokwan,FAQ,10/09/2025,2059.0,2229.0,2113.0
Maharashtra,Satara,Satara,Wheat,Lokwan,FAQ,11/09/2025,2028.0,2207.0,2126.0
Maharashtra,Satara,Satara,Wheat,Lokwan,FAQ,12/09/2025,2016.0,2206.0,2118.0
Maharashtra,Satara,Satara,Wheat,Lokwan,FAQ,13/09/2025,1948.0,2191.0,2098.0
Maharashtra,Satara,Satara,Wheat,Lokwan,FAQ,14/09/2025,2016.0,2222.0,2101.0
Maharashtra,Satara,Satara,Wheat,Lokwan,FAQ,15/09/2025,2028.0,2245.0,2123.0
Maharashtra,Satara,Satara,Wheat,Lokwan,FAQ,16/09/2025,2053.0,2249.0,2114.0
Maharashtra,Satara,Satara,Wheat,Lokwan,FAQ,17/09/2025,2032.0,2179.0,2097.0
Maharashtra,Satara,Satara,Wheat,Lokwan,FAQ,18/09/2025,1963.0,2187.0,2111.0
Maharashtra,Satara,Satara,Wheat,Lokwan,FAQ,19/09/2025,2011.0,2208.0,2101.0
Maharashtra,Satara,Satara,Wheat,Lokwan,FAQ,20/09/2025,1955.0,2202.0,2100.0
Maharashtra,Satara,Satara,Wheat,Lokwan,FAQ,21/09/2025,2050.0,2186.0,2104.0
Maharashtra,Satara,Satara,Wheat,Lokwan,FAQ,22/09/2025,2023.0,2276.0,2131.0
Maharashtra,Satara,Satara,Wheat,Lokwan,FAQ,23/09/2025,2051.0,2193.0,2123.0
Maharashtra,Satara,Satara,Wheat,Lokwan,FAQ,24/09/2025,1991.0,2268.0,2133.0
Maharashtra,Satara,Satara,Wheat,Lokwan,FAQ,25/09/2025,2023.0,2219.0,2123.0
Maharashtra,Satara,Satara,Wheat,Lokwan,FAQ,26/09/2025,2075.0,2251.0,2150.0
Maharashtra,Satara,Satara,Wheat,Lokwan,FAQ,27/09/2025,2064.0,2258.0,2156.0
Maharashtra,Satara,Satara,Wheat,Lokwan,FAQ,28/09/2025,2078.0,2289.0,2165.0
Maharashtra,Satara,Satara,Wheat,Lokwan,FAQ,29/09/2025,2057.0,2249.0,2179.0
Maharashtra,Satara,Satara,Wheat,Lokwan,FAQ,30/09/2025,2110.0,2291.0,2194.0
Maharashtra,Satara,Satara,Wheat,Lokwan,FAQ,01/10/2025,2134.0,2281.0,2217.0
Maharashtra,Satara,Satara,Wheat,Lokwan,FAQ,02/10/2025,2112.0,2350.0,2202.0
Maharashtra,Satara,Satara,Wheat,Lokwan,FAQ,03/10/2025,2120.0,2270.0,2213.0
Maharashtra,Satara,Satara,Wheat,Lokwan,FAQ,04/10/2025,2087.0,2306.0,2186.0
Maharashtra,Kolhapur,Kolhapur,Wheat,Lokwan,FAQ,07/06/2025,2243.0,2381.0,2322.0
Maharashtra,Kolhapur,Kolhapur,Wheat,Lokwan,FAQ,08/06/2025,2178.0,2410.0,2322.0
Maharashtra,Kolhapur,Kolhapur,Wheat,Lokwan,FAQ,09/06/2025,2268.0,2472.0,2350.0
Maharashtra,Kolhapur,Kolhapur,Wheat,Lokwan,FAQ,10/06/2025,2293.0,2436.0,2357.0
Maharashtra,Kolhapur,Kolhapur,Wheat,Lokwan,FAQ,11/06/2025,2291.0,2485.0,2363.0
Maharashtra,Kolhapur,Kolhapur,Wheat,Lokwan,FAQ,12/06/2025,2212.0,2459.0,2356.0
Maharashtra,Kolhapur,Kolhapur,Wheat,Lokwan,FAQ,13/06/2025,2232.0,2413.0,2315.0
Maharashtra,Kolhapur,Kolhapur,Wheat,Lokwan,FAQ,14/06/2025,2247.0,2506.0,2357.0
Maharashtra,Kolhapur,Kolhapur,Wheat,Lokwan,FAQ,15/06/2025,2240.0,2496.0,2356.0
Maharashtra,Kolhapur,Kolhapur,Wheat,Lokwan,FAQ,16/06/2025,2287.0,2522.0,2376.0
Maharashtra,Kolhapur,Kolhapur,Wheat,Lokwan,FAQ,17/06/2025,2290.0,2556.0,2411.0
Maharashtra,Kolhapur,Kolhapur,Wheat,Lokwan,FAQ,18/06/2025,2308.0,2507.0,2382.0
Maharashtra,Kolhapur,Kolhapur,Wheat,Lokwan,FAQ,19/06/2025,2219.0,2452.0,2347.0
Maharashtra,Kolhapur,Kolhapur,Wheat,Lokwan,FAQ,20/06/2025,2234.0,2432.0,2350.0
Maharashtra,Kolhapur,Kolhapur,Wheat,Lokwan,FAQ,21/06/2025,2307.0,2467.0,2397.0
Maharashtra,Kolhapur,KOLHAPUR,wheat,Lokwan,FAQ,22/06/2025,2244.0,2491.0,2390.0
Maharashtra,Kolhapur,Kolhapur,Wheat,Lokwan,FAQ,23/06/2025,2292.0,2469.0,2378.0
Maharashtra,Kolhapur,Kolhapur,Wheat,Lokwan,FAQ,24/06/2025,2318.0,2513.0,2409.0
Maharashtra,Kolhapur,Kolhapur,Wheat,Lokwan,FAQ,25/06/2025,2342.0,2505.0,2405.0
Maharashtra,Kolhapur,Kolhapur,Wheat,Lokwan,FAQ,26/06/2025,2400.0,2530.0,2467.0
Maharashtra,Kolhapur,Kolhapur,Wheat,Lokwan,FAQ,27/06/2025,2354.0,2560.0,2470.0
Maharashtra,Kolhapur,Kolhapur,Wheat,Lokwan,FAQ,28/06/2025,2343.0,2598.0,2484.0
Maharashtra,Kolhapur,Kolhapur,Wheat,Lokwan,FAQ,29/06/2025,2325.0,2603.0,2471.0
Maharashtra,Kolhapur,Kolhapur,Wheat,Lokwan,FAQ,30/06/2025,2362.0,2564.0,2497.0
Maharashtra,Kolhapur,Kolhapur,Wheat,Lokwan,FAQ,01/07/2025,2401.0,2614.0,2478.0
Maharashtra,Kolhapur,Kolhapur,Wheat,Lokwan,FAQ,02/07/2025,2405.0,2516.0,2458.0
Maharashtra,Kolhapur,Kolhapur,Wheat,Lokwan,FAQ,03/07/2025,2368.0,2571.0,2441.0
Maharashtra,Kolhapur,Kolhapur,Wheat,Lokwan,FAQ,04/07/2025,2322.0,2479.0,2428.0
Maharashtra,Kolhapur,Kolhapur,Wheat,Lokwan,FAQ,05/07/2025,2329.0,2508.0,2390.0
Maharashtra,Kolhapur,Kolhapur,Wheat,Lokwan,FAQ,06/07/2025,2240.0,2482.0,2360.0
Maharashtra,Kolhapur,Kolhapur,Wheat,Lokwan,FAQ,07/07/2025,2230.0,2469.0,2375.0
Maharashtra,Kolhapur,Kolhapur,Wheat,Lokwan,FAQ,08/07/2025,2301.0,2509.0,2411.0
Maharashtra,Kolhapur,Kolhapur,Wheat,Lokwan,FAQ,09/07/2025,2322.0,2559.0,2451.0
Maharashtra,Kolhapur,Kolhapur,Wheat,Lokwan,FAQ,10/07/2025,2310.0,2595.0,2451.0
Maharashtra,Kolhapur,Kolhapur,Wheat,Lokwan,FAQ,11/07/2025,2396.0,2531.0,2448.0
Maharashtra,Kolhapur,Kolhapur,Wheat,Lokwan,FAQ,12/07/2025,2331.0,2576.0,2435.0
Maharashtra,Kolhapur,Kolhapur,Wheat,Lokwan,FAQ,13/07/2025,2336.0,2516.0,2439.0
Maharashtra,Kolhapur,Kolhapur,Wheat,Lokwan,FAQ,14/07/2025,2282.0,2565.0,2422.0
Maharashtra,Kolhapur,Kolhapur,Wheat,Lokwan,FAQ,15/07/2025,2352.0,2564.0,2440.0
Maharashtra,Kolhapur,Kolhapur,Wheat,Lokwan,FAQ,16/07/2025,2338.0,2498.0,2436.0
Maharashtra,Kolhapur,Kolhapur,Wheat,Lokwan,FAQ,17/07/2025,2311.0,2521.0,2434.0
Maharashtra,Kolhapur,Kolhapur,Wheat,Lokwan,FAQ,18/07/2025,2397.0,2509.0,2449.0
Maharashtra,Kolhapur,Kolhapur,Wheat,Lokwan,FAQ,19/07/2025,2406.0,2609.0,2489.0
Maharashtra,Kolhapur,Kolhapur,Wheat,Lokwan,FAQ,20/07/2025,2368.0,2608.0,2488.0
Maharashtra,Kolhapur,KOLHAPUR,wheat,Lokwan,FAQ,21/07/2025,2406.0,2600.0,2505.0
Maharashtra,Kolhapur,Kolhapur,Wheat,Lokwan,FAQ,22/07/2025,2435.0,2586.0,2505.0
Maharashtra,Kolhapur,Kolhapur,Wheat,Lokwan,FAQ,23/07/2025,2432.0,2587.0,2507.0
Maharashtra,Kolhapur,Kolhapur,Wheat,Lokwan,FAQ,24/07/2025,2372.0,2582.0,2499.0
Maharashtra,Kolhapur,Kolhapur,Wheat,Lokwan,FAQ,25/07/2025,2359.0,2549.0,2486.0
Maharashtra,Kolhapur,Kolhapur,Wheat,Lokwan,FAQ,26/07/2025,2380.0,2576.0,2475.0
Maharashtra,Kolhapur,Kolhapur,Wheat,Lokwan,FAQ,27/07/2025,2365.0,2550.0,2496.0
Maharashtra,Kolhapur,Kolhapur,Wheat,Lokwan,FAQ,28/07/2025,2445.0,2603.0,2525.0
Maharashtra,Kolhapur,Kolhapur,Wheat,Lokwan,FAQ,29/07/2025,2435.0,2618.0,2516.0
Maharashtra,Kolhapur,Kolhapur,Wheat,Lokwan,FAQ,30/07/2025,2384.0,2588.0,2500.0
Maharashtra,Kolhapur,KOLHAPUR,wheat,Lokwan,FAQ,31/07/2025,2403.0,2586.0,2482.0
Maharashtra,Kolhapur,Kolhapur,Wheat,Lokwan,FAQ,01/08/2025,2455.0,2565.0,2507.0
Maharashtra,Kolhapur,Kolhapur,Wheat,Lokwan,FAQ,02/08/2025,2397.0,2578.0,2519.0
Maharashtra,Kolhapur,Kolhapur,Wheat,Lokwan,FAQ,03/08/2025,2382.0,2640.0,
Maharashtra,Kolhapur,Kolhapur,Wheat,Lokwan,FAQ,04/08/2025,2451.0,2613.0,2541.0
Maharashtra,Kolhapur,Kolhapur,Wheat,Lokwan,FAQ,05/08/2025,2448.0,2654.0,2549.0
Maharashtra,Kolhapur,Kolhapur,Wheat,Lokwan,FAQ,06/08/2025,2451.0,2736.0,2596.0
Maharashtra,Kolhapur,Kolhapur,Wheat,Lokwan,FAQ,07/08/2025,2486.0,2754.0,2624.0
Maharashtra,Kolhapur,Kolhapur,Wheat,Lokwan,FAQ,08/08/2025,2488.0,2724.0,2623.0
Maharashtra,Kolhapur,Kolhapur,Wheat,Lokwan,FAQ,09/08/2025,2464.0,2653.0,2589.0
Maharashtra,Kolhapur,KOLHAPUR,wheat,Lokwan,FAQ,10/08/2025,2540.0,2691.0,2606.0
Maharashtra,Kolhapur,Kolhapur,Wheat,Lokwan,FAQ,11/08/2025,2511.0,2672.0,2587.0
Maharashtra,Kolhapur,Kolhapur,Wheat,Lokwan,FAQ,12/08/2025,2463.0,2629.0,2569.0
Maharashtra,Kolhapur,Kolhapur,Wheat,Lokwan,FAQ,13/08/2025,2467.0,2685.0,2598.0
Maharashtra,Kolhapur,Kolhapur,Wheat,Lokwan,FAQ,14/08/2025,2553.0,2762.0,2624.0
Maharashtra,Kolhapur,Kolhapur,Wheat,Lokwan,FAQ,15/08/2025,2529.0,2734.0,
Maharashtra,Kolhapur,Kolhapur,Wheat,Lokwan,FAQ,16/08/2025,2542.0,2757.0,2626.0
Maharashtra,Kolhapur,KOLHAPUR,wheat,Lokwan,FAQ,17/08/2025,2519.0,2766.0,2639.0
Maharashtra,Kolhapur,Kolhapur,Wheat,Lokwan,FAQ,18/08/2025,2585.0,2745.0,2674.0
Maharashtra,Kolhapur,Kolhapur,Wheat,Lokwan,FAQ,19/08/2025,2552.0,2813.0,2665.0
Maharashtra,Kolhapur,Kolhapur,Wheat,Lokwan,FAQ,20/08/2025,2540.0,2761.0,2657.0
Maharashtra,Kolhapur,Kolhapur,Wheat,Lokwan,FAQ,21/08/2025,2485.0,2745.0,2619.0
Maharashtra,Kolhapur,Kolhapur,Wheat,Lokwan,FAQ,22/08/2025,2515.0,2766.0,2630.0
Maharashtra,Kolhapur,Kolhapur,Wheat,Lokwan,FAQ,23/08/2025,2577.0,2723.0,2638.0
Maharashtra,Kolhapur,Kolhapur,Wheat,Lokwan,FAQ,24/08/2025,2575.0,2762.0,2633.0
Maharashtra,Kolhapur,Kolhapur,Wheat,Lokwan,FAQ,25/08/2025,2505.0,2705.0,
Maharashtra,Kolhapur,Kolhapur,Wheat,Lokwan,FAQ,26/08/2025,2546.0,2781.0,2648.0
Maharashtra,Kolhapur,Kolhapur,Wheat,Lokwan,FAQ,27/08/2025,2573.0,2734.0,2665.0
Maharashtra,Kolhapur,Kolhapur,Wheat,Lokwan,FAQ,28/08/2025,2563.0,2797.0,2666.0
Maharashtra,Kolhapur,Kolhapur,Wheat,Lokwan,FAQ,29/08/2025,2500.0,2737.0,2629.0
Maharashtra,Kolhapur,Kolhapur,Wheat,Lokwan,FAQ,30/08/2025,2561.0,2753.0,2616.0
Maharashtra,Kolhapur,Kolhapur,Wheat,Lokwan,FAQ,31/08/2025,2570.0,2703.0,2628.0
Maharashtra,Kolhapur,Kolhapur,Wheat,Lokwan,FAQ,01/09/2025,2474.0,2692.0,2612.0
Maharashtra,Kolhapur,Kolhapur,Wheat,Lokwan,FAQ,02/09/2025,2595.0,2726.0,2646.0
Maharashtra,Kolhapur,Kolhapur,Wheat,Lokwan,FAQ,03/09/2025,2505.0,2746.0,
Maharashtra,Kolhapur,Kolhapur,Wheat,Lokwan,FAQ,04/09/2025,2491.0,2709.0,2632.0
Maharashtra,Kolhapur,Kolhapur,Wheat,Lokwan,FAQ,05/09/2025,2532.0,2827.0,2677.0
Maharashtra,Kolhapur,Kolhapur,Wheat,Lokwan,FAQ,06/09/2025,2568.0,2765.0,2642.0
Maharashtra,Kolhapur,Kolhapur,Wheat,Lokwan,FAQ,07/09/2025,2543.0,2694.0,2642.0
Maharashtra,Kolhapur,Kolhapur,Wheat,Lokwan,FAQ,08/09/2025,2518.0,2716.0,2637.0
Maharashtra,Kolhapur,Kolhapur,Wheat,Lokwan,FAQ,09/09/2025,2534.0,2692.0,2601.0
Maharashtra,Kolhapur,Kolhapur,Wheat,Lokwan,FAQ,10/09/2025,2539.0,2715.0,2612.0
Maharashtra,Kolhapur,Kolhapur,Wheat,Lokwan,FAQ,11/09/2025,2547.0,2730.0,2613.0
Maharashtra,Kolhapur,Kolhapur,Wheat,Lokwan,FAQ,12/09/2025,2459.0,2645.0,2584.0
Maharashtra,Kolhapur,Kolhapur,Wheat,Lokwan,FAQ,13/09/2025,2459.0,2645.0,2569.0
Maharashtra,Kolhapur,Kolhapur,Wheat,Lokwan,FAQ,14/09/2025,2464.0,2669.0,2567.0
Maharashtra,Kolhapur,Kolhapur,Wheat,Lokwan,FAQ,15/09/2025,2461.0,2659.0,2569.0
Maharashtra,Kolhapur,Kolhapur,Wheat,Lokwan,FAQ,16/09/2025,2440.0,2713.0,
Maharashtra,Kolhapur,Kolhapur,Wheat,Lokwan,FAQ,17/09/2025,2508.0,2734.0,2601.0
Maharashtra,Kolhapur,Kolhapur,Wheat,Lokwan,FAQ,18/09/2025,2459.0,2660.0,2591.0
Maharashtra,Kolhapur,Kolhapur,Wheat,Lokwan,FAQ,19/09/2025,2490.0,2650.0,2570.0
Maharashtra,Kolhapur,Kolhapur,Wheat,Lokwan,FAQ,20/09/2025,2467.0,2663.0,2590.0
Maharashtra,Kolhapur,Kolhapur,Wheat,Lokwan,FAQ,21/09/2025,2480.0,2632.0,2578.0
Maharashtra,Kolhapur,Kolhapur,Wheat,Lokwan,FAQ,22/09/2025,2404.0,2673.0,2551.0
Maharashtra,Kolhapur,Kolhapur,Wheat,Lokwan,FAQ,23/09/2025,2432.0,2640.0,2527.0
Maharashtra,Kolhapur,Kolhapur,Wheat,Lokwan,FAQ,24/09/2025,2439.0,2573.0,2504.0
Maharashtra,Kolhapur,Kolhapur,Wheat,Lokwan,FAQ,25/09/2025,2408.0,2633.0,2496.0
Maharashtra,Kolhapur,KOLHAPUR,wheat,Lokwan,FAQ,26/09/2025,2392.0,2592.0,2508.0
Maharashtra,Kolhapur,Kolhapur,Wheat,Lokwan,FAQ,27/09/2025,2375.0,2651.0,2506.0
Maharashtra,Kolhapur,Kolhapur,Wheat,Lokwan,FAQ,28/09/2025,2398.0,2682.0,2541.0
Maharashtra,Kolhapur,Kolhapur,Wheat,Lokwan,FAQ,29/09/2025,2399.0,2615.0,2496.0
Maharashtra,Kolhapur,Kolhapur,Wheat,Lokwan,FAQ,30/09/2025,2362.0,2571.0,2500.0
Maharashtra,Kolhapur,Kolhapur,Wheat,Lokwan,FAQ,01/10/2025,2428.0,2568.0,2489.0
Maharashtra,Kolhapur,KOLHAPUR,wheat,Lokwan,FAQ,02/10/2025,2371.0,2612.0,2482.0
Maharashtra,Kolhapur,Kolhapur,Wheat,Lokwan,FAQ,03/10/2025,2436.0,2556.0,2487.0
Maharashtra,Kolhapur,Kolhapur,Wheat,Lokwan,FAQ,04/10/2025,2444.0,2590.0,2504.0
Maharashtra,Kolhapur,Kolhapur,Soybean,Yellow,FAQ,02/02/2026,4079.0,4232.0,4164.0
Maharashtra,Kolhapur,Kolhapur,Soybean,Yellow,FAQ,03/02/2026,4049.0,4260.0,4164.0
Maharashtra,Kolhapur,Kolhapur,Soybean,Yellow,FAQ,04/02/2026,3852.0,4069.0,3998.0
Maharashtra,Kolhapur,Kolhapur,Soybean,Yellow,FAQ,05/02/2026,3885.0,4111.0,3987.0
Maharashtra,Kolhapur,Kolhapur,Soybean,Yellow,FAQ,06/02/2026,3944.0,4128.0,4032.0
Maharashtra,Kolhapur,Kolhapur,Soybean,Yellow,FAQ,07/02/2026,3979.0,4149.0,4038.0
Maharashtra,Kolhapur,Kolhapur,Soybean,Yellow,FAQ,08/02/2026,3886.0,4093.0,3990.0
Maharashtra,Kolhapur,Kolhapur,Soybean,Yellow,FAQ,09/02/2026,3902.0,4080.0,3960.0
Maharashtra,Kolhapur,Kolhapur,Soybean,Yellow,FAQ,10/02/2026,3792.0,4011.0,3889.0
Maharashtra,Kolhapur,Kolhapur,Soybean,Yellow,FAQ,11/02/2026,3814.0,4007.0,3917.0
Maharashtra,Kolhapur,Kolhapur,Soybean,Yellow,FAQ,12/02/2026,3833.0,4094.0,3977.0
Maharashtra,Kolhapur,Kolhapur,Soybean,Yellow,FAQ,13/02/2026,3824.0,3977.0,3881.0
Maharashtra,Kolhapur,Kolhapur,Soybean,Yellow,FAQ,14/02/2026,3850.0,4036.0,3942.0
Maharashtra,Kolhapur,Kolhapur,Soybean,Yellow,FAQ,15/02/2026,3805.0,4045.0,3918.0
Maharashtra,Kolhapur,Kolhapur,Soybean,Yellow,FAQ,16/02/2026,3854.0,4008.0,3923.0
Maharashtra,Kolhapur,Kolhapur,Soybean,Yellow,FAQ,17/02/2026,3812.0,3994.0,3897.0
Maharashtra,Kolhapur,Kolhapur,Soybean,Yellow,FAQ,18/02/2026,3788.0,3906.0,3853.0
Maharashtra,Kolhapur,Kolhapur,Soybean,Yellow,FAQ,19/02/2026,3737.0,3979.0,3834.0
Maharashtra,Kolhapur,Kolhapur,Soybean,Yellow,FAQ,20/02/2026,3767.0,4015.0,3882.0
Maharashtra,Kolhapur,Kolhapur,Soybean,Yellow,FAQ,21/02/2026,3902.0,4063.0,3963.0
Maharashtra,Kolhapur,Kolhapur,Soybean,Yellow,FAQ,22/02/2026,3874.0,4064.0,4007.0
Maharashtra,Kolhapur,Kolhapur,Soybean,Yellow,FAQ,23/02/2026,3989.0,4211.0,4108.0
Maharashtra,Kolhapur,Kolhapur,Soybean,Yellow,FAQ,24/02/2026,3905.0,4156.0,4017.0
Maharashtra,Kolhapur,Kolhapur,Soybean,Yellow,FAQ,25/02/2026,3847.0,4079.0,3947.0
Maharashtra,Kolhapur,Kolhapur,Soybean,Yellow,FAQ,26/02/2026,3839.0,3950.0,3895.0
Maharashtra,Kolhapur,Kolhapur,Soybean,Yellow,FAQ,27/02/2026,3794.0,3966.0,3882.0
Maharashtra,Kolhapur,Kolhapur,Soybean,Yellow,FAQ,28/02/2026,3886.0,4013.0,3941.0
Maharashtra,Kolhapur,Kolhapur,Soybean,Yellow,FAQ,01/03/2026,3916.0,4098.0,
Maharashtra,Kolhapur,Kolhapur,Soybean,Yellow,FAQ,02/03/2026,3886.0,4101.0,3972.0
Maharashtra,Kolhapur,Kolhapur,Soybean,Yellow,FAQ,03/03/2026,3797.0,3961.0,3898.0
Maharashtra,Kolhapur,Kolhapur,Soybean,Yellow,FAQ,04/03/2026,3784.0,3948.0,3860.0
Maharashtra,Kolhapur,Kolhapur,Soybean,Yellow,FAQ,05/03/2026,3849.0,4033.0,3949.0
Maharashtra,Kolhapur,Kolhapur,Soybean,Yellow,FAQ,06/03/2026,3863.0,4042.0,3915.0
Maharashtra,Kolhapur,Kolhapur,Soybean,Yellow,FAQ,07/03/2026,3762.0,3883.0,3829.0
Maharashtra,Kolhapur,Kolhapur,Soybean,Yellow,FAQ,08/03/2026,3770.0,4000.0,3901.0
Maharashtra,Kolhapur,Kolhapur,Soybean,Yellow,FAQ,09/03/2026,3870.0,4065.0,3941.0
Maharashtra,Kolhapur,Kolhapur,Soybean,Yellow,FAQ,10/03/2026,3738.0,3938.0,3878.0
Maharashtra,Kolhapur,Kolhapur,Soybean,Yellow,FAQ,11/03/2026,3779.0,4063.0,3927.0
Maharashtra,Kolhapur,Kolhapur,Soybean,Yellow,FAQ,12/03/2026,3829.0,4020.0,3951.0
Maharashtra,Kolhapur,Kolhapur,Soybean,Yellow,FAQ,13/03/2026,3867.0,4018.0,3961.0
Maharashtra,Kolhapur,Kolhapur,Soybean,Yellow,FAQ,14/03/2026,3959.0,4131.0,16192.0
Maharashtra,Kolhapur,Kolhapur,Soybean,Yellow,FAQ,15/03/2026,3898.0,4145.0,4008.0
Maharashtra,Kolhapur,Kolhapur,Soybean,Yellow,FAQ,16/03/2026,3935.0,4121.0,4001.0
Maharashtra,Kolhapur,Kolhapur,Soybean,Yellow,FAQ,17/03/2026,3909.0,4086.0,3970.0
Maharashtra,Kolhapur,Kolhapur,Soybean,Yellow,FAQ,18/03/2026,3772.0,3968.0,3916.0
Maharashtra,Kolhapur,Kolhapur,Soybean,Yellow,FAQ,19/03/2026,3784.0,3930.0,3878.0
Maharashtra,Kolhapur,Kolhapur,Soybean,Yellow,FAQ,20/03/2026,3810.0,3955.0,3892.0
Maharashtra,Kolhapur,Kolhapur,Soybean,Yellow,FAQ,21/03/2026,3583.0,3788.0,3671.0
Maharashtra,Kolhapur,Kolhapur,Soybean,Yellow,FAQ,22/03/2026,3572.0,3751.0,3681.0
Maharashtra,Kolhapur,Kolhapur,Soybean,Yellow,FAQ,23/03/2026,3691.0,3836.0,3770.0
Maharashtra,Kolhapur,Kolhapur,Soybean,Yellow,FAQ,24/03/2026,3620.0,3828.0,3722.0
Maharashtra,Kolhapur,Kolhapur,Soybean,Yellow,FAQ,25/03/2026,3534.0,3748.0,3678.0
Maharashtra,Kolhapur,Kolhapur,Soybean,Yellow,FAQ,26/03/2026,3638.0,3820.0,3744.0
Maharashtra,Kolhapur,Kolhapur,Soybean,Yellow,FAQ,27/03/2026,3698.0,3828.0,3774.0
Maharashtra,Kolhapur,Kolhapur,Soybean,Yellow,FAQ,28/03/2026,3783.0,3910.0,3838.0
Maharashtra,Kolhapur,Kolhapur,Soybean,Yellow,FAQ,29/03/2026,3666.0,3915.0,3787.0
Maharashtra,Kolhapur,Kolhapur,Soybean,Yellow,FAQ,30/03/2026,3809.0,3964.0,3898.0
Maharashtra,Kolhapur,Kolhapur,Soybean,Yellow,FAQ,31/03/2026,3783.0,3981.0,3873.0
Maharashtra,Kolhapur,Kolhapur,Soybean,Yellow,FAQ,01/04/2026,3648.0,3801.0,3749.0
Maharashtra,Kolhapur,Kolhapur,Soybean,Yellow,FAQ,02/04/2026,3673.0,3886.0,3754.0
Maharashtra,Kolhapur,Kolhapur,Soybean,Yellow,FAQ,03/04/2026,3563.0,3722.0,3642.0
Maharashtra,Kolhapur,Kolhapur,Soybean,Yellow,FAQ,04/04/2026,3677.0,3899.0,3765.0
Maharashtra,Kolhapur,Kolhapur,Soybean,Yellow,FAQ,05/04/2026,3672.0,3896.0,3761.0
Maharashtra,Kolhapur,Kolhapur,Soybean,Yellow,FAQ,06/04/2026,3697.0,3895.0,3790.0
Maharashtra,Kolhapur,Kolhapur,Soybean,Yellow,FAQ,07/04/2026,3732.0,3966.0,3835.0
Maharashtra,Kolhapur,Kolhapur,Soybean,Yellow,FAQ,08/04/2026,3657.0,3857.0,3785.0
Maharashtra,Kolhapur,Kolhapur,Soybean,Yellow,FAQ,09/04/2026,3754.0,3906.0,3839.0
Maharashtra,Kolhapur,Kolhapur,Soybean,Yellow,FAQ,10/04/2026,3827.0,3972.0,3877.0
Maharashtra,Kolhapur,Kolhapur,Soybean,Yellow,FAQ,11/04/2026,3853.0,4058.0,3922.0
Maharashtra,Kolhapur,Kolhapur,Soybean,Yellow,FAQ,12/04/2026,3725.0,3874.0,3801.0
Maharashtra,Kolhapur,Kolhapur,Soybean,Yellow,FAQ,13/04/2026,3716.0,3865.0,3788.0
Maharashtra,Kolhapur,Kolhapur,Soybean,Yellow,FAQ,14/04/2026,3505.0,3694.0,3572.0
Maharashtra,Kolhapur,Kolhapur,Soybean,Yellow,FAQ,15/04/2026,3438.0,3683.0,3559.0
Maharashtra,Kolhapur,Kolhapur,Soybean,Yellow,FAQ,16/04/2026,3588.0,3799.0,3652.0
Maharashtra,Kolhapur,Kolhapur,Soybean,Yellow,FAQ,17/04/2026,3553.0,3685.0,3622.0
Maharashtra,Kolhapur,Kolhapur,Soybean,Yellow,FAQ,18/04/2026,3591.0,3780.0,3655.0
Maharashtra,Kolhapur,Kolhapur,Soybean,Yellow,FAQ,19/04/2026,3619.0,3854.0,3744.0
Maharashtra,Kolhapur,Kolhapur,Soybean,Yellow,FAQ,20/04/2026,3616.0,3787.0,3735.0
Maharashtra,Kolhapur,KOLHAPUR,soybean,Yellow,FAQ,21/04/2026,3745.0,3849.0,3796.0
Maharashtra,Kolhapur,Kolhapur,Soybean,Yellow,FAQ,22/04/2026,3577.0,3830.0,3712.0
Maharashtra,Kolhapur,Kolhapur,Soybean,Yellow,FAQ,23/04/2026,3636.0,3846.0,3765.0
Maharashtra,Kolhapur,Kolhapur,Soybean,Yellow,FAQ,24/04/2026,3645.0,3842.0,3699.0
Maharashtra,Kolhapur,Kolhapur,Soybean,Yellow,FAQ,25/04/2026,3554.0,3780.0,3653.0
Maharashtra,Kolhapur,Kolhapur,Soybean,Yellow,FAQ,26/04/2026,3563.0,3712.0,3635.0
Maharashtra,Kolhapur,Kolhapur,Soybean,Yellow,FAQ,27/04/2026,3512.0,3720.0,3655.0
Maharashtra,Kolhapur,Kolhapur,Soybean,Yellow,FAQ,28/04/2026,3428.0,3720.0,3575.0
Maharashtra,Kolhapur,Kolhapur,Soybean,Yellow,FAQ,29/04/2026,3447.0,3686.0,3560.0
Maharashtra,Kolhapur,Kolhapur,Soybean,Yellow,FAQ,30/04/2026,3431.0,3648.0,3580.0
Maharashtra,Kolhapur,Kolhapur,Soybean,Yellow,FAQ,01/05/2026,3469.0,3629.0,3537.0
Maharashtra,Kolhapur,Kolhapur,Soybean,Yellow,FAQ,02/05/2026,3479.0,3704.0,3608.0
Maharashtra,Kolhapur,Kolhapur,Soybean,Yellow,FAQ,03/05/2026,3528.0,3730.0,3618.0
Maharashtra,Kolhapur,Kolhapur,Soybean,Yellow,FAQ,04/05/2026,3532.0,3708.0,3619.0
Maharashtra,Kolhapur,Kolhapur,Soybean,Yellow,FAQ,05/05/2026,3537.0,3768.0,3641.0
Maharashtra,Kolhapur,Kolhapur,Soybean,Yellow,FAQ,06/05/2026,3592.0,3722.0,3651.0
Maharashtra,Kolhapur,Kolhapur,Soybean,Yellow,FAQ,07/05/2026,3552.0,3729.0,3627.0
Maharashtra,Kolhapur,Kolhapur,Soybean,Yellow,FAQ,08/05/2026,3576.0,3703.0,3627.0
Maharashtra,Kolhapur,Kolhapur,Soybean,Yellow,FAQ,09/05/2026,3646.0,3904.0,3789.0
Maharashtra,Kolhapur,Kolhapur,Soybean,Yellow,FAQ,10/05/2026,3730.0,3964.0,3821.0
Maharashtra,Kolhapur,Kolhapur,Soybean,Yellow,FAQ,11/05/2026,3720.0,3901.0,3783.0
Maharashtra,Kolhapur,Kolhapur,Soybean,Yellow,FAQ,12/05/2026,3713.0,3948.0,3819.0
Maharashtra,Kolhapur,Kolhapur,Soybean,Yellow,FAQ,13/05/2026,3713.0,3965.0,3862.0
Maharashtra,Kolhapur,Kolhapur,Soybean,Yellow,FAQ,14/05/2026,3885.0,4079.0,3946.0
Maharashtra,Kolhapur,Kolhapur,Soybean,Yellow,FAQ,15/05/2026,3849.0,4115.0,3995.0
Maharashtra,Kolhapur,Kolhapur,Soybean,Yellow,FAQ,16/05/2026,3841.0,4047.0,3951.0
Maharashtra,Kolhapur,Kolhapur,Soybean,Yellow,FAQ,17/05/2026,3753.0,3992.0,3867.0
Maharashtra,Kolhapur,Kolhapur,Soybean,Yellow,FAQ,18/05/2026,3671.0,3859.0,3789.0
Maharashtra,Kolhapur,Kolhapur,Soybean,Yellow,FAQ,19/05/2026,3779.0,3981.0,3877.0
Maharashtra,Kolhapur,Kolhapur,Soybean,Yellow,FAQ,20/05/2026,3748.0,3991.0,3875.0
Maharashtra,Kolhapur,Kolhapur,Soybean,Yellow,FAQ,21/05/2026,3863.0,4079.0,3929.0
Maharashtra,Kolhapur,Kolhapur,Soybean,Yellow,FAQ,22/05/2026,3854.0,3967.0,3916.0
Maharashtra,Kolhapur,Kolhapur,Soybean,Yellow,FAQ,23/05/2026,3776.0,4030.0,3899.0
Maharashtra,Kolhapur,Kolhapur,Soybean,Yellow,FAQ,24/05/2026,3789.0,4074.0,3925.0
Maharashtra,Kolhapur,Kolhapur,Soybean,Yellow,FAQ,25/05/2026,3926.0,4079.0,3988.0
Maharashtra,Kolhapur,KOLHAPUR,soybean,Yellow,FAQ,26/05/2026,3792.0,4014.0,3927.0
Maharashtra,Kolhapur,Kolhapur,Soybean,Yellow,FAQ,27/05/2026,3818.0,4080.0,
Maharashtra,Kolhapur,Kolhapur,Soybean,Yellow,FAQ,28/05/2026,4034.0,4197.0,4090.0
Maharashtra,Kolhapur,Kolhapur,Soybean,Yellow,FAQ,29/05/2026,4028.0,4192.0,4086.0
Maharashtra,Kolhapur,Kolhapur,Soybean,Yellow,FAQ,30/05/2026,4071.0,4219.0,4154.0
Maharashtra,Kolhapur,Kolhapur,Soybean,Yellow,FAQ,31/05/2026,4015.0,4289.0,4158.0
Maharashtra,Kolhapur,Kolhapur,Soybean,Yellow,FAQ,01/06/2026,4111.0,4281.0,4230.0
Maharashtra,Kolhapur,Kolhapur,Soybean,Yellow,FAQ,02/06/2026,4008.0,4216.0,4149.0
Maharashtra,Kolhapur,Kolhapur,Soybean,Yellow,FAQ,03/06/2026,4051.0,4232.0,4130.0
Maharashtra,Kolhapur,Kolhapur,Soybean,Yellow,FAQ,04/06/2026,3970.0,4139.0,4080.0
Maharashtra,Kolhapur,Kolhapur,Soybean,Yellow,FAQ,05/06/2026,3983.0,4126.0,4039.0
Maharashtra,Kolhapur,Kolhapur,Soybean,Yellow,FAQ,06/06/2026,3973.0,4172.0,4065.0
Maharashtra,Kolhapur,Kolhapur,Soybean,Yellow,FAQ,07/06/2026,4082.0,4313.0,4169.0
Maharashtra,Kolhapur,Kolhapur,Soybean,Yellow,FAQ,08/06/2026,4039.0,4308.0,4178.0
Maharashtra,Kolhapur,Kolhapur,Soybean,Yellow,FAQ,09/06/2026,4086.0,4234.0,4154.0
Maharashtra,Kolhapur,Kolhapur,Soybean,Yellow,FAQ,10/06/2026,3996.0,4249.0,4127.0
Maharashtra,Kolhapur,Kolhapur,Soybean,Yellow,FAQ,11/06/2026,4018.0,4201.0,4141.0
Maharashtra,Kolhapur,Kolhapur,Soybean,Yellow,FAQ,12/06/2026,4066.0,4253.0,4199.0
Maharashtra,Kolhapur,Kolhapur,Soybean,Yellow,FAQ,13/06/2026,4217.0,4356.0,4269.0
Maharashtra,Kolhapur,Kolhapur,Soybean,Yellow,FAQ,14/06/2026,4138.0,4369.0,17120.0
Maharashtra,Kolhapur,Kolhapur,Soybean,Yellow,FAQ,15/06/2026,4077.0,4261.0,4211.0
Maharashtra,Kolhapur,Kolhapur,Soybean,Yellow,FAQ,16/06/2026,4190.0,4361.0,4250.0
Maharashtra,Kolhapur,Kolhapur,Soybean,Yellow,FAQ,17/06/2026,4139.0,4378.0,4234.0
Maharashtra,Kolhapur,Kolhapur,Soybean,Yellow,FAQ,18/06/2026,4164.0,4310.0,4217.0
Maharashtra,Kolhapur,Kolhapur,Soybean,Yellow,FAQ,19/06/2026,4117.0,4332.0,4195.0
Maharashtra,Kolhapur,Kolhapur,Soybean,Yellow,FAQ,20/06/2026,4188.0,4350.0,4291.0
Maharashtra,Kolhapur,Kolhapur,Soybean,Yellow,FAQ,21/06/2026,4284.0,4529.0,4379.0
Maharashtra,Kolhapur,Kolhapur,Soybean,Yellow,FAQ,22/06/2026,4243.0,4458.0,4340.0
Maharashtra,Kolhapur,Kolhapur,Soybean,Yellow,FAQ,23/06/2026,4183.0,4445.0,4320.0
Maharashtra,Kolhapur,Kolhapur,Soybean,Yellow,FAQ,24/06/2026,4177.0,4337.0,
Maharashtra,Kolhapur,Kolhapur,Soybean,Yellow,FAQ,25/06/2026,4108.0,4303.0,4209.0
Maharashtra,Kolhapur,Kolhapur,Soybean,Yellow,FAQ,26/06/2026,4243.0,4407.0,4332.0
Maharashtra,Kolhapur,Kolhapur,Soybean,Yellow,FAQ,27/06/2026,4274.0,4426.0,4341.0
Maharashtra,Kolhapur,Kolhapur,Soybean,Yellow,FAQ,28/06/2026,4276.0,4466.0,4393.0
Maharashtra,Kolhapur,Kolhapur,Soybean,Yellow,FAQ,29/06/2026,4332.0,4548.0,4441.0
Maharashtra,Kolhapur,Kolhapur,Soybean,Yellow,FAQ,30/06/2026,4514.0,4720.0,4613.0
Maharashtra,Kolhapur,Kolhapur,Soybean,Yellow,FAQ,01/07/2026,4437.0,4620.0,4559.0
Maharashtra,Kolhapur,Kolhapur,Soybean,Yellow,FAQ,02/07/2026,4467.0,4672.0,4524.0
Maharashtra,Kolhapur,Kolhapur,Soybean,Yellow,FAQ,03/07/2026,4402.0,4604.0,4548.0
Maharashtra,Kolhapur,Kolhapur,Soybean,Yellow,FAQ,04/07/2026,4370.0,4602.0,4469.0
Maharashtra,Kolhapur,Kolhapur,Soybean,Yellow,FAQ,05/07/2026,4309.0,4567.0,4454.0
Maharashtra,Kolhapur,Kolhapur,Soybean,Yellow,FAQ,06/07/2026,4444.0,4666.0,4525.0
Maharashtra,Kolhapur,Kolhapur,Soybean,Yellow,FAQ,07/07/2026,4288.0,4531.0,4425.0
Maharashtra,Kolhapur,Kolhapur,Soybean,Yellow,FAQ,08/07/2026,4301.0,4486.0,4354.0
Maharashtra,Kolhapur,Kolhapur,Soybean,Yellow,FAQ,09/07/2026,4198.0,4376.0,4293.0
Maharashtra,Kolhapur,Kolhapur,Soybean,Yellow,FAQ,10/07/2026,4311.0,4509.0,4373.0
Maharashtra,Kolhapur,Kolhapur,Soybean,Yellow,FAQ,11/07/2026,4226.0,4511.0,4366.0
Maharashtra,Satara,SATARA,soybean,Yellow,FAQ,02/02/2026,3933.0,4103.0,4020.0
Maharashtra,Satara,Satara,Soybean,Yellow,FAQ,03/02/2026,3922.0,4101.0,3990.0
Maharashtra,Satara,Satara,Soybean,Yellow,FAQ,04/02/2026,4004.0,4171.0,4057.0
Maharashtra,Satara,Satara,Soybean,Yellow,FAQ,05/02/2026,3927.0,4179.0,4053.0
Maharashtra,Satara,Satara,Soybean,Yellow,FAQ,06/02/2026,3930.0,4156.0,4073.0
Maharashtra,Satara,Satara,Soybean,Yellow,FAQ,07/02/2026,4007.0,4158.0,4107.0
Maharashtra,Satara,Satara,Soybean,Yellow,FAQ,08/02/2026,4022.0,4143.0,4090.0
Maharashtra,Satara,Satara,Soybean,Yellow,FAQ,09/02/2026,3922.0,4114.0,4063.0
Maharashtra,Satara,Satara,Soybean,Yellow,FAQ,10/02/2026,3881.0,4161.0,4022.0
Maharashtra,Satara,Satara,Soybean,Yellow,FAQ,11/02/2026,3935.0,4167.0,4050.0
Maharashtra,Satara,Satara,Soybean,Yellow,FAQ,12/02/2026,3835.0,4053.0,3974.0
Maharashtra,Satara,Satara,Soybean,Yellow,FAQ,13/02/2026,3946.0,4112.0,4052.0
Maharashtra,Satara,Satara,Soybean,Yellow,FAQ,14/02/2026,3945.0,4183.0,4071.0
Maharashtra,Satara,Satara,Soybean,Yellow,FAQ,15/02/2026,3908.0,4031.0,3981.0
Maharashtra,Satara,Satara,Soybean,Yellow,FAQ,16/02/2026,3831.0,4062.0,3971.0
Maharashtra,Satara,Satara,Soybean,Yellow,FAQ,17/02/2026,3951.0,4151.0,4053.0
Maharashtra,Satara,Satara,Soybean,Yellow,FAQ,18/02/2026,4039.0,4224.0,4142.0
Maharashtra,Satara,Satara,Soybean,Yellow,FAQ,19/02/2026,4049.0,4179.0,4125.0
Maharashtra,Satara,Satara,Soybean,Yellow,FAQ,20/02/2026,3974.0,4154.0,4039.0
Maharashtra,Satara,Satara,Soybean,Yellow,FAQ,21/02/2026,3947.0,4190.0,4065.0
Maharashtra,Satara,Satara,Soybean,Yellow,FAQ,22/02/2026,3980.0,4255.0,4124.0
Maharashtra,Satara,Satara,Soybean,Yellow,FAQ,23/02/2026,4010.0,4204.0,4124.0
Maharashtra,Satara,Satara,Soybean,Yellow,FAQ,24/02/2026,4052.0,4256.0,4108.0
Maharashtra,Satara,Satara,Soybean,Yellow,FAQ,25/02/2026,3916.0,4131.0,4025.0
Maharashtra,Satara,Satara,Soybean,Yellow,FAQ,26/02/2026,3969.0,4133.0,4022.0
Maharashtra,Satara,Satara,Soybean,Yellow,FAQ,27/02/2026,4030.0,4244.0,4152.0
Maharashtra,Satara,Satara,Soybean,Yellow,FAQ,28/02/2026,4033.0,4171.0,4105.0
Maharashtra,Satara,Satara,Soybean,Yellow,FAQ,01/03/2026,4062.0,4284.0,4149.0
Maharashtra,Satara,Satara,Soybean,Yellow,FAQ,02/03/2026,4016.0,4247.0,4125.0
Maharashtra,Satara,Satara,Soybean,Yellow,FAQ,03/03/2026,4119.0,4260.0,4193.0
Maharashtra,Satara,Satara,Soybean,Yellow,FAQ,04/03/2026,4050.0,4282.0,4198.0
Maharashtra,Satara,Satara,Soybean,Yellow,FAQ,05/03/2026,4097.0,4289.0,4217.0
Maharashtra,Satara,Satara,Soybean,Yellow,FAQ,06/03/2026,4140.0,4289.0,4222.0
Maharashtra,Satara,Satara,Soybean,Yellow,FAQ,07/03/2026,4043.0,4173.0,4119.0
Maharashtra,Satara,Satara,Soybean,Yellow,FAQ,08/03/2026,4056.0,4182.0,4115.0
Maharashtra,Satara,Satara,Soybean,Yellow,FAQ,09/03/2026,4168.0,4339.0,4228.0
Maharashtra,Satara,Satara,Soybean,Yellow,FAQ,10/03/2026,4189.0,4316.0,4241.0
Maharashtra,Satara,Satara,Soybean,Yellow,FAQ,11/03/2026,4081.0,4342.0,4220.0
Maharashtra,Satara,Satara,Soybean,Yellow,FAQ,12/03/2026,4183.0,4411.0,4293.0
Maharashtra,Satara,Satara,Soybean,Yellow,FAQ,13/03/2026,4142.0,4364.0,4291.0
Maharashtra,Satara,Satara,Soybean,Yellow,FAQ,14/03/2026,4195.0,4300.0,4249.0
Maharashtra,Satara,Satara,Soybean,Yellow,FAQ,15/03/2026,4319.0,4496.0,4381.0
Maharashtra,Satara,Satara,Soybean,Yellow,FAQ,16/03/2026,4428.0,4578.0,4481.0
Maharashtra,Satara,Satara,Soybean,Yellow,FAQ,17/03/2026,4463.0,4695.0,4605.0
Maharashtra,Satara,Satara,Soybean,Yellow,FAQ,18/03/2026,4554.0,4784.0,
Maharashtra,Satara,Satara,Soybean,Yellow,FAQ,19/03/2026,4580.0,4805.0,4716.0
Maharashtra,Satara,Satara,Soybean,Yellow,FAQ,20/03/2026,4621.0,4754.0,4699.0
Maharashtra,Satara,Satara,Soybean,Yellow,FAQ,21/03/2026,4595.0,4817.0,4725.0
Maharashtra,Satara,Satara,Soybean,Yellow,FAQ,22/03/2026,4541.0,4814.0,4681.0
Maharashtra,Satara,Satara,Soybean,Yellow,FAQ,23/03/2026,4531.0,4748.0,4636.0
Maharashtra,Satara,Satara,Soybean,Yellow,FAQ,24/03/2026,4351.0,4556.0,4493.0
Maharashtra,Satara,Satara,Soybean,Yellow,FAQ,25/03/2026,4367.0,4543.0,4459.0
Maharashtra,Satara,Satara,Soybean,Yellow,FAQ,26/03/2026,4169.0,4335.0,4271.0
Maharashtra,Satara,Satara,Soybean,Yellow,FAQ,27/03/2026,4162.0,4337.0,4263.0
Maharashtra,Satara,Satara,Soybean,Yellow,FAQ,28/03/2026,4125.0,4361.0,4238.0
Maharashtra,Satara,Satara,Soybean,Yellow,FAQ,29/03/2026,4210.0,4425.0,4328.0
Maharashtra,Satara,Satara,Soybean,Yellow,FAQ,30/03/2026,4121.0,4334.0,4235.0
Maharashtra,Satara,Satara,Soybean,Yellow,FAQ,31/03/2026,4016.0,4288.0,4151.0
Maharashtra,Satara,Satara,Soybean,Yellow,FAQ,01/04/2026,4025.0,4218.0,4138.0
Maharashtra,Satara,Satara,Soybean,Yellow,FAQ,02/04/2026,4075.0,4266.0,4127.0
Maharashtra,Satara,Satara,Soybean,Yellow,FAQ,03/04/2026,4115.0,4258.0,4185.0
Maharashtra,Satara,Satara,Soybean,Yellow,FAQ,04/04/2026,4130.0,4299.0,4232.0
Maharashtra,Satara,Satara,Soybean,Yellow,FAQ,05/04/2026,4101.0,4238.0,4167.0
Maharashtra,Satara,Satara,Soybean,Yellow,FAQ,06/04/2026,3968.0,4164.0,4097.0
Maharashtra,Satara,Satara,Soybean,Yellow,FAQ,07/04/2026,3953.0,4184.0,4101.0
Maharashtra,Satara,Satara,Soybean,Yellow,FAQ,08/04/2026,4022.0,4191.0,4084.0
Maharashtra,Satara,Satara,Soybean,Yellow,FAQ,09/04/2026,3978.0,4172.0,4090.0
Maharashtra,Satara,Satara,Soybean,Yellow,FAQ,10/04/2026,3995.0,4158.0,4099.0
Maharashtra,Satara,Satara,Soybean,Yellow,FAQ,11/04/2026,4022.0,4245.0,4169.0
Maharashtra,Satara,Satara,Soybean,Yellow,FAQ,12/04/2026,4173.0,4330.0,4225.0
Maharashtra,Satara,Satara,Soybean,Yellow,FAQ,13/04/2026,4213.0,4358.0,4282.0
Maharashtra,Satara,Satara,Soybean,Yellow,FAQ,14/04/2026,4221.0,4405.0,4322.0
Maharashtra,Satara,Satara,Soybean,Yellow,FAQ,15/04/2026,4187.0,4425.0,4317.0
Maharashtra,Satara,Satara,Soybean,Yellow,FAQ,16/04/2026,4258.0,4468.0,4385.0
Maharashtra,Satara,Satara,Soybean,Yellow,FAQ,17/04/2026,4249.0,4425.0,4354.0
Maharashtra,Satara,Satara,Soybean,Yellow,FAQ,18/04/2026,4302.0,4482.0,4400.0
Maharashtra,Satara,Satara,Soybean,Yellow,FAQ,19/04/2026,4279.0,4479.0,4427.0
Maharashtra,Satara,Satara,Soybean,Yellow,FAQ,20/04/2026,4275.0,4470.0,4395.0
Maharashtra,Satara,Satara,Soybean,Yellow,FAQ,21/04/2026,4245.0,4440.0,4389.0
Maharashtra,Satara,Satara,Soybean,Yellow,FAQ,22/04/2026,4251.0,4460.0,4360.0
Maharashtra,Satara,Satara,Soybean,Yellow,FAQ,23/04/2026,4312.0,4573.0,4429.0
Maharashtra,Satara,Satara,Soybean,Yellow,FAQ,24/04/2026,4367.0,4553.0,4499.0
Maharashtra,Satara,Satara,Soybean,Yellow,FAQ,25/04/2026,4274.0,4450.0,4355.0
Maharashtra,Satara,Satara,Soybean,Yellow,FAQ,26/04/2026,4226.0,4407.0,4314.0
Maharashtra,Satara,Satara,Soybean,Yellow,FAQ,27/04/2026,4200.0,4445.0,4312.0
Maharashtra,Satara,Satara,Soybean,Yellow,FAQ,28/04/2026,4275.0,4454.0,4361.0
Maharashtra,Satara,Satara,Soybean,Yellow,FAQ,29/04/2026,4113.0,4389.0,4256.0
Maharashtra,Satara,Satara,Soybean,Yellow,FAQ,30/04/2026,4119.0,4241.0,4180.0
Maharashtra,Satara,Satara,Soybean,Yellow,FAQ,01/05/2026,4014.0,4190.0,4126.0
Maharashtra,Satara,Satara,Soybean,Yellow,FAQ,02/05/2026,4015.0,4168.0,4117.0
Maharashtra,Satara,Satara,Soybean,Yellow,FAQ,03/05/2026,4087.0,4333.0,4185.0
Maharashtra,Satara,Satara,Soybean,Yellow,FAQ,04/05/2026,3977.0,4200.0,4114.0
Maharashtra,Satara,Satara,Soybean,Yellow,FAQ,05/05/2026,4026.0,4241.0,4167.0
Maharashtra,Satara,Satara,Soybean,Yellow,FAQ,06/05/2026,3969.0,4191.0,
Maharashtra,Satara,Satara,Soybean,Yellow,FAQ,07/05/2026,4029.0,4199.0,4127.0
Maharashtra,Satara,Satara,Soybean,Yellow,FAQ,08/05/2026,4116.0,4306.0,4237.0
Maharashtra,Satara,Satara,Soybean,Yellow,FAQ,09/05/2026,3994.0,4193.0,4140.0
Maharashtra,Satara,Satara,Soybean,Yellow,FAQ,10/05/2026,4091.0,4235.0,4161.0
Maharashtra,Satara,Satara,Soybean,Yellow,FAQ,11/05/2026,3975.0,4211.0,4074.0
Maharashtra,Satara,Satara,Soybean,Yellow,FAQ,12/05/2026,3925.0,4154.0,4046.0
Maharashtra,Satara,Satara,Soybean,Yellow,FAQ,13/05/2026,3995.0,4191.0,4062.0
Maharashtra,Satara,Satara,Soybean,Yellow,FAQ,14/05/2026,3953.0,4120.0,4028.0
Maharashtra,Satara,Satara,Soybean,Yellow,FAQ,15/05/2026,4021.0,4191.0,4084.0
Maharashtra,Satara,Satara,Soybean,Yellow,FAQ,16/05/2026,3997.0,4181.0,4061.0
Maharashtra,Satara,Satara,Soybean,Yellow,FAQ,17/05/2026,3953.0,4195.0,4052.0
Maharashtra,Satara,Satara,Soybean,Yellow,FAQ,18/05/2026,4003.0,4204.0,4105.0
Maharashtra,Satara,Satara,Soybean,Yellow,FAQ,19/05/2026,4149.0,4342.0,4210.0
Maharashtra,Satara,Satara,Soybean,Yellow,FAQ,20/05/2026,4159.0,4310.0,4253.0
Maharashtra,Satara,Satara,Soybean,Yellow,FAQ,21/05/2026,4160.0,4333.0,4220.0
Maharashtra,Satara,Satara,Soybean,Yellow,FAQ,22/05/2026,4158.0,4435.0,4296.0
Maharashtra,Satara,Satara,Soybean,Yellow,FAQ,23/05/2026,4158.0,4379.0,4268.0
Maharashtra,Satara,Satara,Soybean,Yellow,FAQ,24/05/2026,4248.0,4475.0,4335.0
Maharashtra,Satara,Satara,Soybean,Yellow,FAQ,25/05/2026,3991.0,4240.0,4141.0
Maharashtra,Satara,Satara,Soybean,Yellow,FAQ,26/05/2026,4091.0,4260.0,4159.0
Maharashtra,Satara,SATARA,soybean,Yellow,FAQ,27/05/2026,4063.0,4313.0,4192.0
Maharashtra,Satara,Satara,Soybean,Yellow,FAQ,28/05/2026,4155.0,4366.0,4230.0
Maharashtra,Satara,Satara,Soybean,Yellow,FAQ,29/05/2026,4163.0,4374.0,4226.0
Maharashtra,Satara,Satara,Soybean,Yellow,FAQ,30/05/2026,4094.0,4370.0,4231.0
Maharashtra,Satara,SATARA,soybean,Yellow,FAQ,31/05/2026,4123.0,4343.0,4238.0
Maharashtra,Satara,Satara,Soybean,Yellow,FAQ,01/06/2026,4243.0,4423.0,4298.0
Maharashtra,Satara,Satara,Soybean,Yellow,FAQ,02/06/2026,4330.0,4529.0,4430.0
Maharashtra,Satara,Satara,Soybean,Yellow,FAQ,03/06/2026,4368.0,4513.0,4435.0
Maharashtra,Satara,Satara,Soybean,Yellow,FAQ,04/06/2026,4264.0,4476.0,4411.0
Maharashtra,Satara,Satara,Soybean,Yellow,FAQ,05/06/2026,4307.0,4493.0,4384.0
Maharashtra,Satara,Satara,Soybean,Yellow,FAQ,06/06/2026,4190.0,4448.0,4319.0
Maharashtra,Satara,Satara,Soybean,Yellow,FAQ,07/06/2026,4266.0,4419.0,4340.0
Maharashtra,Satara,Satara,Soybean,Yellow,FAQ,08/06/2026,4218.0,4416.0,4310.0
Maharashtra,Satara,Satara,Soybean,Yellow,FAQ,09/06/2026,4255.0,4419.0,4324.0
Maharashtra,Satara,Satara,Soybean,Yellow,FAQ,10/06/2026,4097.0,4359.0,4225.0
Maharashtra,Satara,Satara,Soybean,Yellow,FAQ,11/06/2026,4201.0,4417.0,4283.0
Maharashtra,Satara,Satara,Soybean,Yellow,FAQ,12/06/2026,4116.0,4343.0,4257.0
Maharashtra,Satara,Satara,Soybean,Yellow,FAQ,13/06/2026,4309.0,4488.0,4388.0
Maharashtra,Satara,Satara,Soybean,Yellow,FAQ,14/06/2026,4146.0,4391.0,4265.0
Maharashtra,Satara,Satara,Soybean,Yellow,FAQ,15/06/2026,4096.0,4378.0,4231.0
Maharashtra,Satara,Satara,Soybean,Yellow,FAQ,16/06/2026,4196.0,4403.0,4285.0
Maharashtra,Satara,Satara,Soybean,Yellow,FAQ,17/06/2026,4128.0,4375.0,4226.0
Maharashtra,Satara,SATARA,soybean,Yellow,FAQ,18/06/2026,4141.0,4303.0,4216.0
Maharashtra,Satara,Satara,Soybean,Yellow,FAQ,19/06/2026,4244.0,4398.0,4296.0
Maharashtra,Satara,Satara,Soybean,Yellow,FAQ,20/06/2026,4352.0,4640.0,4499.0
Maharashtra,Satara,Satara,Soybean,Yellow,FAQ,21/06/2026,4473.0,4626.0,4539.0
Maharashtra,Satara,Satara,Soybean,Yellow,FAQ,22/06/2026,4297.0,4529.0,4427.0
Maharashtra,Satara,Satara,Soybean,Yellow,FAQ,23/06/2026,4258.0,4500.0,4365.0
Maharashtra,Satara,Satara,Soybean,Yellow,FAQ,24/06/2026,4225.0,4440.0,4346.0
Maharashtra,Satara,Satara,Soybean,Yellow,FAQ,25/06/2026,4283.0,4417.0,4362.0
Maharashtra,Satara,Satara,Soybean,Yellow,FAQ,26/06/2026,4154.0,4348.0,4229.0
Maharashtra,Satara,Satara,Soybean,Yellow,FAQ,27/06/2026,4090.0,4291.0,4217.0
Maharashtra,Satara,Satara,Soybean,Yellow,FAQ,28/06/2026,4053.0,4179.0,4128.0
Maharashtra,Satara,Satara,Soybean,Yellow,FAQ,29/06/2026,4118.0,4256.0,4192.0
Maharashtra,Satara,Satara,Soybean,Yellow,FAQ,30/06/2026,4022.0,4234.0,4125.0
Maharashtra,Satara,Satara,Soybean,Yellow,FAQ,01/07/2026,4067.0,4201.0,4147.0
Maharashtra,Satara,Satara,Soybean,Yellow,FAQ,02/07/2026,3965.0,4188.0,4095.0
Maharashtra,Satara,Satara,Soybean,Yellow,FAQ,03/07/2026,4068.0,4264.0,4163.0
Maharashtra,Satara,Satara,Soybean,Yellow,FAQ,04/07/2026,4041.0,4209.0,4103.0
Maharashtra,Satara,Satara,Soybean,Yellow,FAQ,05/07/2026,4077.0,4254.0,4160.0
Maharashtra,Satara,Satara,Soybean,Yellow,FAQ,06/07/2026,4043.0,4259.0,4155.0
Maharashtra,Satara,Satara,Soybean,Yellow,FAQ,07/07/2026,4163.0,4408.0,4287.0
Maharashtra,Satara,Satara,Soybean,Yellow,FAQ,08/07/2026,4269.0,4499.0,4406.0
Maharashtra,Satara,Satara,Soybean,Yellow,FAQ,09/07/2026,4337.0,4554.0,4428.0
Maharashtra,Satara,Satara,Soybean,Yellow,FAQ,10/07/2026,4246.0,4438.0,4385.0
Maharashtra,Satara,Satara,Soybean,Yellow,FAQ,11/07/2026,4268.0,4519.0,4393.0
Maharashtra,Sangli,Sangli,Soybean,Yellow,FAQ,22/06/2026,3982.0,4124.0,4065.0
Maharashtra,Sangli,SANGLI,soybean,Yellow,FAQ,23/06/2026,4073.0,4277.0,4179.0
Maharashtra,Sangli,Sangli,Soybean,Yellow,FAQ,24/06/2026,4070.0,4321.0,4194.0
Maharashtra,Sangli,SANGLI,soybean,Yellow,FAQ,25/06/2026,4002.0,4234.0,4143.0
Maharashtra,Sangli,Sangli,Soybean,Yellow,FAQ,26/06/2026,3999.0,4183.0,4093.0
Maharashtra,Sangli,Sangli,Soybean,Yellow,FAQ,27/06/2026,3956.0,4172.0,4064.0
Maharashtra,Sangli,Sangli,Soybean,Yellow,FAQ,28/06/2026,4008.0,4204.0,4068.0
Maharashtra,Sangli,Sangli,Soybean,Yellow,FAQ,29/06/2026,4086.0,4314.0,4167.0
Maharashtra,Sangli,Sangli,Soybean,Yellow,FAQ,30/06/2026,4103.0,4279.0,4158.0
Maharashtra,Sangli,Sangli,Soybean,Yellow,FAQ,01/07/2026,4008.0,4236.0,4143.0
Maharashtra,Sangli,Sangli,Soybean,Yellow,FAQ,02/07/2026,4039.0,4287.0,4152.0
Maharashtra,Sangli,Sangli,Soybean,Yellow,FAQ,03/07/2026,4115.0,4280.0,4195.0
Maharashtra,Nashik,Nashik,Maize,Yellow,FAQ,13/05/2026,1813.0,2053.0,1904.0
Maharashtra,Nashik,Nashik,Maize,Yellow,FAQ,14/05/2026,1802.0,2004.0,1899.0
Maharashtra,Nashik,Nashik,Maize,Yellow,FAQ,15/05/2026,1782.0,1980.0,1840.0
Maharashtra,Nashik,Nashik,Maize,Yellow,FAQ,16/05/2026,1720.0,1914.0,1850.0
Maharashtra,Nashik,Nashik,Maize,Yellow,FAQ,17/05/2026,1776.0,1942.0,1867.0
Maharashtra,Nashik,Nashik,Maize,Yellow,FAQ,18/05/2026,1770.0,2026.0,1906.0
Maharashtra,Nashik,Nashik,Maize,Yellow,FAQ,19/05/2026,1912.0,2068.0,1971.0
Maharashtra,Nashik,Nashik,Maize,Yellow,FAQ,20/05/2026,1931.0,2071.0,2000.0
Maharashtra,Nashik,Nashik,Maize,Yellow,FAQ,21/05/2026,1930.0,2091.0,2020.0
Maharashtra,Nashik,Nashik,Maize,Yellow,FAQ,22/05/2026,1912.0,2164.0,2027.0
Maharashtra,Nashik,Nashik,Maize,Yellow,FAQ,23/05/2026,1941.0,2170.0,2045.0
Maharashtra,Nashik,Nashik,Maize,Yellow,FAQ,24/05/2026,1992.0,2141.0,2056.0
Maharashtra,Nashik,Nashik,Maize,Yellow,FAQ,25/05/2026,1921.0,2201.0,
Maharashtra,Nashik,Nashik,Maize,Yellow,FAQ,26/05/2026,1927.0,2057.0,1990.0
Maharashtra,Nashik,Nashik,Maize,Yellow,FAQ,27/05/2026,1838.0,2089.0,1949.0
Maharashtra,Nashik,Nashik,Maize,Yellow,FAQ,28/05/2026,1776.0,2037.0,1922.0
Maharashtra,Nashik,Nashik,Maize,Yellow,FAQ,29/05/2026,1853.0,2026.0,1924.0
Maharashtra,Nashik,Nashik,Maize,Yellow,FAQ,30/05/2026,1856.0,2086.0,1962.0
Maharashtra,Nashik,Nashik,Maize,Yellow,FAQ,31/05/2026,1858.0,2090.0,1944.0
Maharashtra,Nashik,Nashik,Maize,Yellow,FAQ,01/06/2026,1812.0,2032.0,1906.0
Maharashtra,Nashik,Nashik,Maize,Yellow,FAQ,02/06/2026,1774.0,2020.0,1881.0
Maharashtra,Nashik,Nashik,Maize,Yellow,FAQ,03/06/2026,1810.0,2053.0,1908.0
Maharashtra,Nashik,Nashik,Maize,Yellow,FAQ,04/06/2026,1827.0,2058.0,1915.0
Maharashtra,Nashik,Nashik,Maize,Yellow,FAQ,05/06/2026,1857.0,2054.0,1950.0
Maharashtra,Nashik,Nashik,Maize,Yellow,FAQ,06/06/2026,1915.0,2067.0,2012.0
Maharashtra,Nashik,Nashik,Maize,Yellow,FAQ,07/06/2026,1822.0,2054.0,1960.0
Maharashtra,Nashik,Nashik,Maize,Yellow,FAQ,08/06/2026,1879.0,2004.0,1929.0
Maharashtra,Nashik,Nashik,Maize,Yellow,FAQ,09/06/2026,1816.0,1996.0,1936.0
Maharashtra,Nashik,Nashik,Maize,Yellow,FAQ,10/06/2026,1865.0,2003.0,1935.0
Maharashtra,Nashik,Nashik,Maize,Yellow,FAQ,11/06/2026,1886.0,2064.0,1937.0
Maharashtra,Nashik,Nashik,Maize,Yellow,FAQ,12/06/2026,1877.0,2025.0,1946.0
Maharashtra,Nashik,Nashik,Maize,Yellow,FAQ,13/06/2026,1876.0,2119.0,1974.0
Maharashtra,Nashik,Nashik,Maize,Yellow,FAQ,14/06/2026,1905.0,2079.0,1999.0
Maharashtra,Nashik,Nashik,Maize,Yellow,FAQ,15/06/2026,1876.0,2029.0,1972.0
Maharashtra,Nashik,Nashik,Maize,Yellow,FAQ,16/06/2026,1830.0,2010.0,1953.0
Maharashtra,Nashik,Nashik,Maize,Yellow,FAQ,17/06/2026,1829.0,2044.0,1975.0
Maharashtra,Nashik,Nashik,Maize,Yellow,FAQ,18/06/2026,1833.0,2078.0,1980.0
Maharashtra,Nashik,Nashik,Maize,Yellow,FAQ,19/06/2026,1863.0,2073.0,1986.0
Maharashtra,Nashik,Nashik,Maize,Yellow,FAQ,20/06/2026,1912.0,2127.0,1979.0
Maharashtra,Nashik,Nashik,Maize,Yellow,FAQ,21/06/2026,1879.0,2048.0,1939.0
Maharashtra,Satara,Satara,Soybean,Yellow,FAQ,23/02/2026,4010.0,4204.0,4124.0
Maharashtra,Satara,Satara,Soybean,Yellow,FAQ,12/03/2026,4183.0,4411.0,4293.0
Maharashtra,Satara,Satara,Tomato,Hybrid,FAQ,07/05/2026,2059.0,2198.0,2118.0
Maharashtra,Satara,Satara,Tomato,Hybrid,FAQ,24/12/2025,1387.0,1530.0,1449.0
Maharashtra,Pune,Pune,Potato,Local,FAQ,22/05/2026,843.0,1080.0,941.0
Maharashtra,Satara,Satara,Tomato,Hybrid,FAQ,06/02/2026,1091.0,1277.0,1160.0
Maharashtra,Kolhapur,KOLHAPUR,wheat,Lokwan,FAQ,21/07/2025,2406.0,2600.0,2505.0
Maharashtra,Satara,Satara,Tomato,Hybrid,FAQ,19/06/2026,1527.0,1727.0,1646.0
Maharashtra,Kolhapur,Kolhapur,Wheat,Lokwan,FAQ,14/06/2025,2247.0,2506.0,2357.0
Maharashtra,Nashik,Nashik,Tomato,Hybrid,FAQ,11/05/2026,1817.0,2018.0,1924.0
Maharashtra,Sangli,Sangli,Tomato,Hybrid,FAQ,23/01/2026,1388.0,1589.0,1516.0
Maharashtra,Pune,Pune,Potato,Local,FAQ,16/06/2026,556.0,665.0,611.0
Maharashtra,Pune,Pune,Onion,Local,FAQ,04/06/2026,2444.0,2653.0,2507.0
Maharashtra,Nashik,Nashik,Onion,Local,FAQ,06/12/2025,2371.0,2561.0,2434.0
Maharashtra,Sangli,Sangli,Onion,Local,FAQ,15/03/2026,2480.0,2676.0,2579.0
Maharashtra,Kolhapur,Kolhapur,Soybean,Yellow,FAQ,14/06/2026,4138.0,4369.0,4280.0
Maharashtra,Pune,Pune,Tomato,Hybrid,FAQ,07/02/2026,1060.0,1266.0,1185.0
Maharashtra,Kolhapur,Kolhapur,Onion,Local,FAQ,12/01/2026,2048.0,2271.0,2176.0
Maharashtra,Sangli,Sangli,Onion,Local,FAQ,10/02/2026,2293.0,2500.0,2401.0
Maharashtra,Satara,SATARA,wheat,Lokwan,FAQ,04/09/2025,2055.0,2270.0,2122.0
Maharashtra,Nashik,Nashik,Tomato,Hybrid,FAQ,18/05/2026,1798.0,1987.0,1914.0
Maharashtra,Satara,Satara,Onion,Local,FAQ,07/02/2026,2128.0,2396.0,2265.0
Maharashtra,Kolhapur,Kolhapur,Onion,Local,FAQ,06/03/2026,2153.0,2331.0,2211.0
Maharashtra,Satara,Satara,Tomato,Hybrid,FAQ,29/04/2026,2243.0,2440.0,2336.0
Maharashtra,Pune,Pune,Potato,Local,FAQ,20/06/2026,402.0,585.0,500.0
Maharashtra,Sangli,Sangli,Tomato,Hybrid,FAQ,29/04/2026,1316.0,1490.0,1434.0
Maharashtra,Pune,Pune,Potato,Local,FAQ,27/05/2026,766.0,977.0,866.0
Maharashtra,Nashik,Nashik,Tomato,Hybrid,FAQ,01/01/2026,1194.0,1470.0,1331.0
Maharashtra,Nashik,Nashik,Tomato,Hybrid,FAQ,06/04/2026,1566.0,1724.0,1665.0
Maharashtra,Kolhapur,Kolhapur,Wheat,Lokwan,FAQ,21/09/2025,2480.0,2632.0,2578.0
Maharashtra,Satara,Satara,Soybean,Yellow,FAQ,10/06/2026,4097.0,4359.0,4225.0
Maharashtra,Kolhapur,Kolhapur,Onion,Local,FAQ,23/01/2026,2130.0,2240.0,2181.0
Maharashtra,Kolhapur,Kolhapur,Soybean,Yellow,FAQ,19/03/2026,3784.0,3930.0,3878.0
Maharashtra,Pune,Pune,Onion,Local,Non-FAQ,09/12/2025,2198.0,2407.0,2346.0
Maharashtra,Pune Rural,Pune,Tomato,Hybrid,FAQ,27/12/2025,1234.0,1488.0,1367.0
Maharashtra,Pune,Pune,Onion,Local,FAQ,05/06/2025,-100.0,2000.0,1800.0
Maharashtra,Nashik,Nashik,Onion,Local,FAQ,10/06/2025,2500.0,2000.0,2200.0
Maharashtra,Satara,Satara,Potato,Local,FAQ,15/06/2025,900.0,1100.0,5000.0
Maharashtra,Sangli,Sangli,Tomato,Hybrid,FAQ,NOT_A_DATE,1200.0,1600.0,1400.0
Maharashtra,Kolhapur,Kolhapur,Soybean,Yellow,FAQ,01/01/2030,4000.0,4300.0,4150.0
